# 3D point list with one line of data per point:
#   POINT3D_ID, X, Y, Z, R, G, B, ERROR, TRACK[] as (IMAGE_ID, POINT2D_IDX)
# Number of points: 1920, mean track length: 3.2526041666666665
1 1.1383405319546325 -3.7313700862727579 33.301259796797787 163 153 135 0.82745195461563426 27 2126 20 1946
2 4.6462286222374356 -3.4613334101930393 32.978109981725098 27 24 21 0.41667065596522418 27 756 21 113 22 75
3 3.6957031455656102 -3.306065604448627 33.079976450760078 96 84 70 1.5777595448531707 27 764 21 125 22 1811 23 984
4 4.6228028079669317 -3.3389923189658091 33.036668449430046 95 89 78 0.7113609213944182 27 99 21 130 23 65
5 4.0121343556986551 -3.0923808036181275 33.2565738185193 121 114 104 0.47984983491577315 27 111 21 148 22 99 20 191
6 4.5003255750924902 -3.0475371489841865 33.155215476038613 197 188 180 0.48062613762926831 27 786 21 153 22 109 20 196 23 999
7 5.4955921225574187 -2.9368655854205867 32.986505101707557 108 97 92 0.51515146094952458 27 147 21 164 22 162 20 1282 23 1019
8 3.6915760587651327 -2.8758202854150428 33.268837240071655 150 146 135 0.56039043130049115 27 794 21 175 22 134 20 215
9 3.8843841657689535 -2.9641737122942029 33.215678935969741 86 82 71 0.52841170995360198 27 130 21 178 22 139 20 216 23 102
10 4.7321325412802313 -2.9715287939052333 33.281606044565464 182 176 164 0.55308072754662152 27 137 21 188 22 1228 23 111
11 4.5926296500834347 -2.7447536254096327 33.277982644602993 45 41 36 0.76551020678328485 27 810 21 208 22 1246 20 251
12 4.9437302514776436 -2.612606682325608 33.221867679188264 107 99 87 0.85349713194229515 27 159 21 215 20 260
13 3.6038291987300988 -2.2296863873564461 33.468863781043339 151 136 120 0.29833650258839689 27 172 21 234
14 3.4809862673519767 -2.1313328619643137 33.472423565000035 142 130 112 0.13297855294072913 27 177 21 241
15 3.8709199764915181 -1.1927435485897766 33.717750910340655 43 19 3 0.85342461584068174 27 181 21 268 22 226 23 166
16 3.4285777018378507 -0.50669523897155366 33.676458359425673 43 23 14 0.13464197092162195 27 873 21 328 22 1313 20 1400 23 1087
17 4.2411241526429677 -0.52431989128492706 33.762116573372744 136 66 69 0.85773520700709405 27 218 21 338 22 286 23 1093
18 3.160501957677694 -0.33337703611301001 33.70199966541071 130 55 46 0.11539758219367108 27 872 21 358
19 5.0494534851238813 -0.25122399657602384 33.59750269681637 31 33 29 0.1480986835554664 27 247 21 370
20 3.6069705226550703 -0.0012955981193414482 33.795949371456921 107 74 69 0.35141595980054169 27 256 21 393 22 353
21 3.779891626262772 -0.17092264889325165 33.644854642893655 127 67 62 0.6788005811105412 27 238 21 396 20 435
22 3.9078550523581543 -0.1570652711740935 33.732526064778519 141 52 61 1.1212555910510793 27 239 21 400 20 438 23 255
23 3.8156222806266586 0.0079792755095120273 33.734509535377569 43 1 0 0.90507448992345485 27 259 21 402 22 1369 20 1446 23 275
24 2.6708199037098184 0.78682083906880518 33.656184088286892 118 107 101 0.4654693860699915 27 924 21 447 22 384 23 301
25 4.5120376557748401 0.85146068782315498 33.45326906308086 73 55 53 0.76804764879403642 27 273 21 452 23 316
26 0.93913369687601 1.1679338541033273 33.991519245739347 154 133 112 0.047703387663218258 27 1374 21 456
27 2.7672473359902567 1.1489465089506123 33.724501174421839 174 130 96 0.25247791715255119 27 297 21 462 22 397 23 333
28 4.1194587508226519 1.0742139557245221 33.561198359898398 91 87 78 0.75169463718184137 27 285 21 467 22 405 20 527 23 341
29 4.0840631264603147 1.2265178998947084 33.563103237351157 45 40 36 0.98798152523893878 27 302 21 498 22 430 20 529
30 1.3505523537049915 1.4860808483698142 33.94017613522545 166 132 97 0.027160197141212442 27 328 21 510
31 3.3973502108927138 1.9367651904420924 33.663796327457241 74 59 42 0.26866796068137333 27 993 21 551 22 547 20 625 23 1206
32 3.565049247717067 1.6972541332641693 33.617267534159751 119 98 77 0.47293260405033311 27 339 21 552
33 3.9162693523596999 1.8659816981392023 33.606962986802564 152 136 120 0.35146087534538883 27 365 21 561 22 502 20 1550
34 3.9819297952454624 1.8299741574384423 33.598973538871668 158 141 122 0.63181177973965164 27 975 21 564 22 506 20 1549
35 4.2179095799066113 1.7547591125303432 33.505152352836568 77 75 20 0.29835653298440357 27 347 21 565
36 0.84385518126067394 1.9535294566660164 33.678833236731677 105 98 90 1.1106503610278873 27 1001 21 580 23 412
37 0.79911734619537411 2.0180329761418032 33.937085984078571 26 19 9 1.2330023982952714 27 371 21 581
38 0.79911734619537411 2.0180329761418032 33.937085984078571 26 19 9 1.2330023982952714 27 370 21 582
39 3.5108955913593416 2.1380778117062027 33.663814874025284 50 43 29 0.37980163236564723 27 1009 21 593 20 1579
40 4.4074902245141541 2.0895707742149421 33.643740942099051 54 51 46 0.91863513948401077 27 368 21 597 22 1459 20 694 23 1240
41 4.1278380264468852 2.296776623375345 33.591915217624873 56 46 38 1.1134164941048466 27 398 21 631 20 1594
42 4.1761332635701862 2.4129446447293392 33.802711297590811 61 51 41 0.72011997562089136 27 418 21 632 22 625 23 1275
43 4.9481421209777183 2.3115388685240732 33.89754747552886 76 75 72 0.59016462421457494 27 1017 21 638
44 0.60004993612786828 2.4024411945046693 33.696304553674516 18 12 0 0.35207509594945785 27 1468 21 652 20 1584
45 0.57520716193329624 2.449723277549325 33.860864913811092 132 125 105 0.26918509324675793 27 425 21 653 20 762 22 608
46 4.4551814105324548 2.4730763540342253 33.679980123762675 138 134 86 1.5895913390278644 27 419 21 670 22 1509 20 1623 23 1792
47 5.1505309262848904 2.4645840606749259 33.569284777280203 64 45 41 2.6763637920886336 27 421 21 674 20 1627
48 6.0218962312232298 2.4254548185236016 33.933895339821397 118 118 120 0.49526240239475794 27 407 21 676 22 630 23 590
49 0.40253360129368609 2.6375950211429195 33.806546181648478 52 56 59 0.53863187325599726 27 440 21 694 22 1530
50 3.6610562691480029 2.6827083318781364 33.588364034053363 149 75 48 0.56728645540820954 27 433 21 703 20 836
51 3.6835818687860873 2.7329486045940947 33.753773230750049 90 42 20 0.1514507974930904 27 434 21 704
52 5.9728273373143121 2.9553242353192992 33.810092501868738 90 70 63 1.5159324444027389 27 1068 21 741 23 1331
53 6.021407805880429 2.9071150833422852 33.711365788265482 90 80 78 0.76846320277932456 27 437 21 742
54 4.9317805586562127 3.2538388455554821 33.803670617704412 64 40 28 0.48929211426091385 27 453 21 765 22 731
55 5.964968072004055 3.2509961811205232 33.677004528399976 65 53 47 0.86268351081792805 27 455 21 771 22 737
56 5.8068693954736901 3.7975579766384797 33.629045082393148 122 103 89 1.0580258576746624 27 476 21 800 22 784 23 697
57 5.8068693954736892 3.7975579766384806 33.629045082393148 122 103 89 1.0580258576746504 27 477 21 801 22 785 23 696
58 3.6034487877258909 5.6512647349775564 32.972740624004992 47 40 34 0.33896028530417538 27 502 21 863 22 858 23 749
59 3.7557902064861972 5.6726834866288529 32.954554126521479 29 19 18 0.45564786223318532 27 1120 21 866 22 860 20 2218 23 756
60 3.8723418787645683 6.0287432648043193 32.820478647377278 154 150 148 0.48641729589832117 27 1142 21 906 22 910 20 1824 23 1888
61 2.8077179249028896 6.102587207136648 32.908924215328575 104 86 85 0.52089352494913987 27 562 21 914 22 929 20 1063 23 780
62 4.2590858276718482 6.0800350313754503 32.738267047205902 96 85 82 0.40131052457401034 27 553 21 930 23 823
63 2.783814146353234 6.3372029931154321 32.767591871098055 78 59 53 1.2482956549672537 27 585 21 932 22 969
64 3.4308923533743139 6.3340550625667227 32.817116863281868 17 18 22 0.24762087833093704 27 589 21 942 22 978 23 833
65 3.510585285307231 6.3992285667162898 32.733612452846209 20 19 25 0.30232168697065614 27 592 21 967 20 1119
66 3.6629491903517248 6.3932233923234332 32.743859393002218 122 121 127 0.26234952676204387 27 594 21 972 22 982 20 1122 23 837
67 4.2067246170909156 6.5903040328688585 32.461719905563562 42 39 50 0.07127110302482241 27 633 21 1000 22 1037
68 3.719629932135077 6.7124338656344467 32.64719363995254 32 34 40 0.4840489147026652 27 660 21 1017 22 1030
69 0.9086944500841958 -4.8968945560741641 32.920167282839515 113 85 61 0.97904538495494275 27 693 20 1188
70 1.0600419319645964 -4.9349609970000445 32.935953027554824 169 143 118 0.59644161657648631 27 17 21 1085
71 1.9102054626029683 -4.878252959564521 32.840505131855629 129 107 88 0.59553933364965406 27 34 21 1098 20 1197
72 2.3741297621547575 -4.7665363196932633 33.079737006640464 36 18 4 1.1753927220689011 27 737 21 1113 22 1790 23 1523
73 1.2362821676372335 -4.4035178113911853 33.007928839584928 66 57 48 1.0449216181932997 27 60 21 1117 20 1216 23 957
74 4.9345893828035434 -3.3689135201516849 33.053916526206933 70 65 59 0.9354728552722481 27 772 21 1151 22 1815 23 979
75 5.1230053059083414 -3.4588856771595387 32.72770014426164 81 73 63 0.75395737830494791 27 761 21 1152
76 5.3693603254194571 -3.4681339900072103 32.844627417638726 16 39 26 1.0650288681825122 27 1271 21 1154 22 2213
77 4.6989038759499691 -3.1930617980845963 33.22835434535628 70 94 72 0.38531213515671742 27 784 21 1160 22 1213
78 5.295297816384128 -3.290502031922125 32.909456757185303 15 24 7 0.51620304758239466 27 780 21 1166 20 1258 23 1974
79 4.6284042343246172 -3.1318249540584957 33.130107419128642 132 154 133 0.55470042962898192 27 785 21 1174 20 1278
80 5.1329630807983513 -3.0666418579117427 33.234076482002401 67 79 62 0.43711788721905798 27 121 21 1180 22 119
81 3.6296146665269315 -2.8611081877879254 33.303331804185085 138 129 119 0.3953043063681298 27 127 21 1185 22 1221 23 1581
82 3.9771029439787848 -2.9631732367167292 33.30589292942205 169 162 152 0.42039230288167617 27 131 21 1190 22 140 20 1287
83 3.8627946438767302 -2.8803221497783964 33.230885544170434 132 128 117 0.40340661778355308 27 133 21 1191 23 104
84 3.9145339273928226 -2.8495851833256634 33.219406984034009 165 161 150 0.73170253707049226 27 796 21 1192 22 1828 23 1582
85 4.8466831273801958 -2.7564658599531393 33.340080217388163 145 146 132 0.58351248094916208 27 812 21 1203 23 1584
86 4.8466831273801958 -2.7564658599531393 33.340080217388163 145 146 132 0.58351248094916208 27 811 21 1204 23 1585
87 5.5210968525678439 -2.736556618633756 33.101935554913744 83 65 52 0.7025751350864583 27 1291 21 1207 22 1247 20 1299 23 1588
88 3.6811936950028326 -2.4165169794138825 33.394104939152164 121 115 103 0.47697215006643007 27 815 21 1211 22 1841 23 1596
89 4.1806463175865503 -2.4123278275591837 33.366846644524088 77 65 53 0.4811494798169636 27 817 21 1214 22 1256 20 1329
90 4.9200775709662086 -2.5733139977361872 33.307930091959271 90 78 61 0.96755605243514786 27 820 21 1215 20 1979 23 1595
91 3.9345313391927861 -1.0911728393442979 33.622965973335347 172 152 105 0.61484687079975808 27 835 21 1236 22 1280 20 1353 23 1049
92 4.0483318964757196 -0.84620411713880506 33.645825610385792 147 103 48 0.63301125395701141 27 1308 21 1240 22 1297 20 1997 23 1059
93 4.239703129173388 -0.69790932389659666 33.578306371303633 116 66 59 0.56233191178661035 27 205 21 1243 22 1314 20 1388
94 4.1723197255167941 -0.60492380969138027 33.663742712638303 69 10 3 1.0997602590421107 27 868 21 1258 20 2016 23 1073
95 4.0117640049483354 -0.47247700564789857 33.710600894407705 150 150 138 0.7564304104840488 27 880 21 1261 22 1329 20 1402 23 1092
96 4.0117640049483354 -0.47247700564789857 33.710600894407705 150 150 138 0.7564304104840488 27 879 21 1262 22 1330 20 1401 23 1091
97 5.515110536796918 -0.54179315017073992 33.239836492521839 37 31 31 0.4384716730772471 27 207 21 1265 22 1318
98 5.6745175005249289 -0.55591443260712836 33.347365903448107 120 121 112 0.58421821202648649 27 210 21 1266 22 1320 20 1395 23 1080
99 3.2153244019787564 -0.32473536149118754 33.705790455204109 121 55 52 0.78252694133355383 27 891 21 1274 20 1419 23 1086
100 3.6133262796953556 -0.23531024779642373 33.716073349547031 70 4 5 1.3370756714215712 27 1345 21 1277 22 1895 20 1423 20 2030 23 1643
101 3.8789277476700774 -0.38465351526094027 33.756694254095095 79 14 18 0.19472664118067698 27 877 21 1278
102 4.4214794049941695 -0.248006368530822 33.774491881546986 157 114 94 0.46126451363476462 27 246 21 1280 22 1331
103 3.4267254891368291 -0.17184382620147193 33.811206782149007 76 43 11 0.19690934456695691 27 893 21 1293
104 3.5408194962797852 -0.18968657895915023 33.801161513679666 42 18 2 0.95556861647114033 27 894 21 1294 22 1354 20 430 23 1108
105 3.7450994994667655 0.031743096307661429 33.684198178659322 116 83 64 0.72757011161291052 27 902 21 1297 22 1368 20 1445
106 5.6195329532080365 0.20368376235455407 33.416531488320025 44 29 20 1.0416563354879584 27 265 21 1313 22 1905 20 1461
107 4.5013484960505261 0.9051721684440126 33.520646437311036 26 13 10 0.97223467004261399 27 928 21 1320 22 1386 20 2060 23 1678
108 4.6732184916636479 0.82381263231312563 33.592177168048927 33 26 20 0.63339845151473873 27 929 21 1321 20 1473
109 4.8607790360306344 0.93010539675139425 33.240618542458712 29 22 16 1.1842043193436507 27 1370 21 1322 22 1926
110 2.7799875196906934 1.0607802419929291 33.73573213626721 101 67 39 0.43640759434301851 27 1372 21 1326 20 2065
111 4.1516774344588123 1.1496496038260309 33.550849498000652 39 36 29 0.80141100919836172 27 1380 21 1330 22 1925 20 2068 23 1690
112 4.1338528772625223 1.2106408754391098 33.482389562506874 81 77 71 0.74779986438277457 27 945 21 1331 22 431 20 531 23 1141
113 2.7304127123439859 1.436696442941817 33.747741588888033 170 120 95 0.48592317611923691 27 1397 21 1340 22 1938 20 1512 23 1152
114 4.4530044740813937 1.4125022318735905 33.654043564997906 71 62 60 0.59836076755177148 27 319 21 1346 20 1517 23 1160
115 1.7856070698612514 1.5884129154814932 34.038971592056683 112 79 44 0.0066607755477370093 27 1403 21 1349
116 2.1042449270115733 1.5502641011919447 33.711103790929585 80 51 7 1.0234928548443527 27 967 21 1354 22 1411 20 1521
117 2.1082800937474904 1.5587133029961593 33.699440249744676 80 51 7 0.091175302236816663 27 968 21 1355
118 2.7227151113129957 1.5721575589155008 33.695325000447482 97 45 23 0.39281321886237297 27 971 21 1358 23 1153
119 2.7524827196043269 1.6326465002606858 33.711812489653923 93 32 7 0.43308190429050819 27 972 21 1359 22 1413 20 1524 23 1176
120 3.9077326912923418 1.5839435026029101 33.564069306511861 12 3 1 0.65191120625395982 27 314 21 1361 22 1417 20 1528 23 1179
121 3.9381046234445756 1.6014165324720158 33.396218304791773 112 100 88 0.28769031843550519 27 1746 21 1362
122 4.7937861203153744 1.6218340130315028 33.455656848404864 82 61 40 0.38656273415685566 27 961 21 1365 20 2084 23 403
123 0.81754273915702236 1.7860756190022611 33.862442582402288 65 45 37 0.32230015532845013 27 982 21 1368 22 1421 20 604
124 0.81483700526967351 1.7864403465228655 33.842392121953282 65 45 37 0.31961801496862424 27 983 21 1369 22 1420
125 2.5321549315829941 1.8180141232117506 33.76787678954188 30 28 21 0.68756342983360641 27 988 21 1371 20 617
126 2.569682998822103 1.837953223690765 33.697746341775748 118 83 77 0.58016552474212202 27 989 21 1372 22 493 20 1542 23 387
127 3.3802827688229189 1.7863372917473497 33.644090947551874 111 95 68 0.25383585169963657 27 1413 21 1374 22 1432 23 1713
128 4.1128925331079502 1.7355249233824872 33.637678739790267 155 139 116 0.51296133167560032 27 974 21 1379 22 504 20 1529 23 1182
129 4.1496626037503663 1.928651229912304 33.633687834132196 26 13 3 0.81272678520663166 27 1432 21 1380 22 1966 20 2094 20 2434 23 1209
130 4.1999306500187252 1.7843195262536804 33.652833138659766 138 134 82 0.88730687854062351 27 346 21 1382 20 634 23 444
131 2.7869446942500153 1.949094298710337 33.723709310176098 108 84 33 0.44368585578664554 27 991 21 1396 22 1457 20 1545 23 1204
132 3.8213633402712439 2.1831942306122585 33.642981257946978 58 49 45 1.0500001485207773 27 1012 21 1398 20 2103
133 3.8497944021578756 2.1862925063002208 33.763696198311003 58 49 45 1.5421686946312438 27 1011 21 1399 20 2102 23 1755
134 4.4189762322214143 2.1221495198061504 33.552244563931616 113 112 107 0.13625877910216908 27 996 21 1401 22 1461
135 4.3633681257922463 2.4073826535627991 33.632815440048198 87 86 83 1.0178659661059282 27 1028 21 1423 22 2013 20 1597 23 1276
136 5.1566898703128947 2.3011310130672653 33.832267543201141 100 99 98 0.13334373909485869 27 1018 21 1426
137 0.53832417861078952 2.4099516852340437 33.759918633132813 22 16 1 0.43117410061875033 27 424 21 1430 22 606 20 721 23 1259
138 5.4578708525307009 2.8423649970628562 33.942930101646425 112 62 58 0.85829525630602765 27 1047 21 1465 23 1809
139 1.5719418968257692 3.0053433668030429 33.823950181050016 232 224 221 0.81667083656248174 27 1487 21 1473 22 1555 20 1678 23 1309
140 4.4652510377675991 2.9053123716907798 33.73541463044856 152 137 124 0.80726009458489234 27 1062 21 1478 23 1821
141 5.4640188674688019 3.0289348497424355 33.902498229559278 183 119 110 0.80137845957008258 27 1065 21 1481 22 1566 23 1330
142 5.8031042344409132 3.1103692643174523 33.847381352485471 93 82 81 0.76073975941275007 27 446 21 1492 22 733
143 5.7597807833779298 3.1992987405108066 33.778218383668026 89 79 82 1.0258236475713574 27 1079 21 1494
144 2.3416103971361202 3.4738790272087448 33.754420117707511 108 88 70 1.6678371939876748 27 1829 21 1506 22 1589 20 2191 23 1829
145 5.51764399372244 3.4728192123025625 33.875473353778844 117 76 75 0.73349517135605036 27 1091 21 1516 23 1341
146 5.3451963076147209 3.5997100720273885 33.893957053918868 171 122 125 0.69782761851246189 27 1090 21 1524 22 1602 23 1347
147 5.3390229325868059 3.6379635899179341 33.814695895695102 62 47 48 0.72443338157259818 27 1093 21 1525 22 776 23 1348
148 0.63525815622659809 5.0097792714336462 33.435168224794488 73 41 22 1.258006129803495 27 1523 21 1543 22 1628 23 1362
149 3.4867820941911689 5.6381063929838353 32.980563292228275 125 117 120 0.49201770819707785 27 501 21 1550 22 853 20 1791 23 1390
150 3.9958173590055295 5.6163624698290091 32.96421487728901 36 26 29 0.57604737146696472 27 1526 21 1552 20 2219 23 1871
151 3.2437413716757475 5.7481307158772212 32.985130850465559 170 158 159 0.4049228048557208 27 1119 21 1557 22 875 23 1389
152 3.4600555629609802 5.8863917391789675 32.990400769767781 162 158 159 0.2592268146001247 27 523 21 1561 22 885 20 1044 23 1399
153 3.527502415861175 5.848682753987914 32.97092685723112 163 159 160 0.32117409171202232 27 522 21 1562 22 887 20 1806 23 1402
154 3.6369673773162976 5.7384871783210798 33.049379692625536 31 27 26 0.26174769570832546 27 1530 21 1563 22 1637 20 2217 23 1866
155 3.5818008203891361 5.7746961113642321 32.946056553175318 143 139 138 0.23991224392335034 27 503 21 1564 20 1024 23 753
156 3.1468288315181856 5.9703905062185312 32.930693556003305 117 103 103 0.29542501745249972 27 543 21 1576 22 1656 23 1396
157 3.2568195210900606 5.8972502798197777 32.97967606137798 71 69 75 0.56724029668005893 27 1131 21 1577 22 1647 20 2225
158 3.6244251181311364 6.0427191071011466 32.920336625959628 32 33 38 0.32400409166017602 27 1538 21 1581 22 2106 20 2234 23 1887
159 3.9015017588201428 6.0001244037610748 32.866492962349966 49 44 47 0.29997589489621873 27 1135 21 1582 20 1823
160 3.9673498145991171 5.9735799507336074 32.846021314577868 154 150 147 0.28924185881567732 27 1136 21 1583 22 912 23 798
161 4.1968492988653381 6.0338587065485756 32.756670615623641 54 49 48 0.6382298693678683 27 1144 21 1584 23 1419
163 3.455659158786395 6.3721809793770285 32.738596157056996 20 19 24 0.38231521892182574 27 1553 21 1605 23 835
164 3.5336728717180383 6.3596746684907099 32.749112131385772 74 71 80 0.44418775786392012 27 1165 21 1606 22 1687 20 1850 23 1435
165 3.6822260778611984 6.3148484455423377 32.76395593292775 156 152 151 0.43245497842434427 27 1545 21 1607 22 1686 20 2244 23 1438
166 4.351510644423966 6.3057154314926889 32.640516370693263 94 74 73 0.74469249545610683 27 1158 21 1609 20 1853 23 849
167 2.6009940548052333 6.4567467115295551 32.742758996588755 85 67 63 1.0462771985887716 27 1564 21 1615 22 1694 20 1840 23 1896
168 3.2279315550251195 6.5653578646101183 32.776888373003629 44 41 44 0.38344678578278679 27 1186 21 1618 22 1702 20 1863 23 1447
169 4.0294612081198595 6.4368951283655793 32.727294497271082 107 107 104 0.41065634469769252 27 1169 21 1622 22 1709 23 1455
170 3.2257668135287396 6.6059438658555125 32.780628114290195 137 131 133 1.4087392986684777 27 1187 21 1626 22 1704 21 988 23 1449
171 3.2476188416566596 6.6472895809064392 32.706450665218689 107 101 101 1.4056987837328221 27 1580 21 1627 20 2263 23 1450
172 3.2993451602757031 6.7092617482668064 32.699549700870087 153 143 152 0.47712853686830281 27 1198 21 1628 22 1024 20 1873 23 1465
173 3.4179032715081261 6.6459502086585198 32.674489524807996 136 137 140 0.09874088290093419 27 1199 21 1629 22 1717 23 1466
174 4.2935649789823653 6.5716875829246177 32.536994004667058 34 26 25 0.670460741404313 27 1191 21 1631 20 1880 23 885
175 3.8147444650820841 6.7401263745529096 32.624898078989645 39 43 51 0.70242862238536941 27 1200 21 1644 23 1472
176 4.2206328460724194 6.7647570958349519 32.448168166211204 105 98 94 0.80912815686181916 27 1202 21 1647 22 1737 23 906
177 6.1720559568856963 6.6322162203602479 31.8830066912824 144 112 106 0.6908331347289679 27 642 21 1664 22 1740
178 0.86621644904827444 -4.9131471085791567 32.825076583606084 173 147 124 0.69606207163693634 27 692 21 1673 23 932
179 0.82707582837804783 -4.8870475096932484 32.896892493988794 123 93 69 0.84212817919560834 27 689 20 1894 23 1503
180 0.82707582837804783 -4.8870475096932484 32.896892493988794 123 93 69 0.84212817919560834 27 688 20 1895 23 1504
181 1.6458259905874464 -4.7792654086062853 32.930332577462089 45 25 5 0.15273119957146133 27 1609 21 1685 22 1779
182 2.2407159696798931 -4.8558350047051011 32.935728157737685 58 50 33 0.78707635979920065 27 1241 21 1687 22 1139 23 1520
183 1.6289966523232684 -3.7965772563026583 33.14545315913751 42 26 11 1.2111568630342588 27 1265 21 1709 22 1804 20 1240
184 5.164117470073081 -3.4268117171986194 32.841169114268844 18 24 17 1.6709178644762126 27 762 21 1713 20 1254 22 1193 23 981
185 5.2848506060712612 -3.3442454668925046 32.911535666907135 110 118 109 0.74032574627813807 27 1274 21 1714 22 1817 20 1958 23 1556
186 4.4968897349953316 -2.9967347879495865 33.206810643639734 112 102 93 0.57779576134454036 27 1283 21 1725 23 1575
187 5.7529499482545168 -3.035703691103127 32.809337576532982 8 5 13 0.9326070620610406 27 790 21 1728 22 2229
188 3.6580170494221091 -2.965832459828011 33.284606708497492 146 137 128 0.50236530445062955 27 1281 21 1729 22 2230 20 2330 23 1987
189 3.6580170494221091 -2.965832459828011 33.284606708497492 146 137 128 0.50236530445062955 27 1282 21 1730 22 2231 20 2331 23 1988
190 4.5795492759976728 -2.9014244067441552 33.199165332368509 117 110 104 0.49698860303706111 27 800 21 1733 20 1295 23 1012
191 4.786449519262761 -2.9654854186771216 33.325831759508297 116 113 96 0.40377751864636441 27 801 21 1734
192 5.5000369872682571 -2.851179173987556 33.044808771788276 95 85 62 0.66638388797771886 27 1284 21 1735 22 1829 20 1971 23 1579
193 3.6494754036318953 -2.7713359956796957 33.279606344141129 148 138 126 1.0210992979221574 27 1649 21 1736 22 1242 20 1305 23 2298
194 4.4014709965692713 -2.5034087112630332 33.314415905197045 137 130 116 0.80885974318231058 27 1292 21 1740 22 1837 20 1975 23 1592
195 4.6823769885068032 -2.5643718022150499 33.40526415496327 105 98 88 0.60103426451150088 27 818 21 1741 22 1251 23 2005
196 4.8197492532000519 -2.555499085731276 33.325936019093952 55 46 29 1.0496156681954272 27 1659 21 1742 22 1840 22 2252 20 1978 23 2006
197 5.5967911747688444 -1.4358097364309135 33.098723496886038 71 61 57 0.31037095511640816 27 1303 21 1746
198 4.2543159274196283 -0.79559749474550423 33.552326322859223 45 8 3 0.44066956028505405 27 850 21 1761 22 2270 20 1999
199 4.2543159274196283 -0.79559749474550423 33.552326322859223 45 8 3 0.44066956028505405 27 849 21 1762 22 2269 20 2000
200 4.1871958428410663 -0.71992740340090455 33.612162039131256 66 14 0 0.5556554333687691 27 866 21 1763 22 1862 20 2014 23 1625
201 3.7413895366634282 -0.43270499612974883 33.703217103456545 95 66 60 0.73162961119451175 27 1322 21 1768 20 2371 23 1630
202 4.9927067601326254 -0.48555987739273976 33.461694330827513 62 55 49 0.33940189686537781 27 1325 21 1770 22 1876
203 5.4994068056215184 -0.49652235209810203 33.382284480160415 96 88 85 0.78406654843939161 27 1328 21 1771 22 1877 20 2367 23 2033
204 3.3125291073605854 -0.42452591679660867 33.710855989470524 157 149 147 0.75304661945845319 27 874 21 1775 22 1326 20 1399
205 3.4341925613287985 -0.094084374932117756 33.784843890626256 116 88 41 0.74682831047873766 27 1343 21 1783 20 2042 23 2039
206 3.6344770706112017 -0.17099790306862622 33.844168865535003 135 100 78 0.47450567878448952 27 1346 21 1784 22 1355 23 1644
207 3.6765232418444453 -0.055399236170101847 33.765773032011388 131 110 92 0.79499485709751383 27 901 21 1787 22 1896 20 2043 23 1654
208 0.44383330629103496 0.23137079126069943 33.840627420513428 187 180 170 0.6836323582642716 27 912 21 1794 22 1378 20 1459
209 0.45515187233735671 0.39791650230394993 33.882323514638095 145 135 123 0.83155249579038781 27 919 21 1795 22 1910 20 1466
210 2.7506758759933367 0.8981260512689716 33.608855806167981 63 40 30 1.7417024964975827 27 1999 21 1798 22 1913 20 1476 23 1128 23 2056
211 3.9970879131026531 0.89396692093190488 33.520524521386463 33 20 16 0.83261748845654804 27 1367 21 1799 22 1914 20 2058 23 2058
212 3.9407145664963017 0.94934558777116995 33.588419112097398 127 119 108 0.81495563718212216 27 1722 21 1800 22 2313 20 2397 23 1675
213 3.9497453286813529 0.95146695086681587 33.595300417032924 127 119 108 0.48505089996600464 27 1721 21 1801 20 2398
214 2.5768427920988777 1.1864016052128503 33.810755884845499 59 41 34 0.22473925879964721 27 939 21 1806 20 1487
215 3.6600741012495934 1.1715652783257184 33.636347591492232 126 116 104 0.6854295121617574 27 943 21 1807 22 1928 20 2067 23 1685
216 3.6484390978955483 1.1705093349803783 33.583455458026599 126 116 104 0.38104952237687467 27 944 21 1808 22 1929 23 1686
217 1.2539432721231207 1.4421174922633768 33.851546351114656 138 103 64 0.77778946429987283 27 1390 21 1810 22 1930 20 1501 23 1148
218 1.2653316186869412 1.4433908139106886 33.931054773989132 138 103 64 0.16913910136138166 27 1389 21 1811 22 1931
219 2.6418543466844659 1.4434398992496686 33.75331191145947 75 21 9 0.46304089557566658 27 1396 21 1815 22 1937 20 1510 23 1695
220 3.796762375815228 1.2379701182002936 33.57202009779099 47 48 46 0.35955238209679369 27 1376 21 1817 23 1687
221 3.8797947018262957 1.426133445004852 33.600596860651407 44 36 43 0.93963465943889823 27 958 21 1818 22 1940 23 1699
222 1.9268566781553775 1.6319873920294032 33.738008218952153 104 81 67 0.71036510382841955 27 1405 21 1822 22 1934 23 1165
223 1.9447163866114399 1.6342697760904681 33.846376598366895 104 81 67 0.29583581663370495 27 1406 21 1823 22 1933
224 2.1266060206417774 1.6261508164685265 33.889719708197156 103 81 62 1.0025661942943114 27 1407 21 1824 22 2328 20 2417
225 4.7495148734986179 1.6804545356218821 33.493334419732975 22 3 1 0.39368077832018578 27 1419 21 1826 22 1438 20 2085
226 1.3223297866017076 1.809941290743067 33.585087343434068 41 28 18 0.91571003163240294 27 1425 21 1828 22 1943 23 1705
227 2.7126461323992066 1.8012660225782648 33.738559452885688 93 34 20 0.43354646110801565 27 1428 21 1833 22 1946 23 1712
228 4.1426323109970333 1.7928474726072061 33.62825416313715 66 48 25 0.48867878636614587 27 976 21 1835 22 1951 20 1553 23 1726
229 4.1952306813101963 1.8713996594059887 33.643175266068134 132 127 82 0.61685787973185402 27 1418 21 1836 22 1952 20 2095 23 2113
230 1.2566975801766926 1.9762698915488366 33.845998933559642 92 87 81 1.1369126299835757 27 1771 21 1843 23 1195
231 2.5050667912104685 1.9961027864354506 33.68749977716211 41 26 9 0.8303484038764346 27 1774 21 1844 22 1456 20 2090 23 1721
232 0.65583102647538905 2.189420379137311 33.710166209583882 26 19 13 1.3378801350210328 27 1450 21 1859 22 1980 20 1568 23 1743
233 1.0670722926495029 2.3355084622247575 33.779386757556303 31 20 16 1.1173023530524939 27 1471 21 1861 22 2006 20 2124 23 1744
234 1.0770065802506323 2.3445342090887418 33.846046712885553 31 20 16 0.44963345527054394 27 1470 21 1862 22 2007
235 1.3869449359669637 2.2182874635707654 33.744748643983748 92 93 87 1.7737668869902734 27 1451 21 1863 22 1479 20 2445 23 483
236 2.0232572846655725 2.3608435184329717 33.780264097639403 49 44 41 1.3990819651276307 27 1455 21 1866 20 1587
237 2.9170514664413059 2.3092842294800175 33.455426827025654 72 55 26 0.34747950197501759 27 1458 21 1867 23 1771
238 3.8896361834452082 2.2630703679171162 33.903875234811402 80 75 72 1.4899480372648517 27 1440 21 1869 23 1773
239 4.0202000904114916 2.4681925816286943 33.832028315467632 92 92 82 0.685729767510593 27 1791 21 1895 22 2374 23 1774
240 3.9793409582591965 2.6024963934050529 33.680245786538563 88 88 78 1.2268065501013756 27 1475 21 1896 22 2012 20 2152 23 2153
241 5.2776841374964203 2.519783128170213 34.043894315494832 132 80 76 0.70010212284742135 27 1032 21 1898 22 2016
242 6.0941540782339985 2.391779995065884 33.855621127352265 78 76 79 0.38524278290696173 27 1021 21 1902 22 2017 23 1796
243 3.9967626653729025 2.9988618582186497 33.624746668263285 126 102 86 1.3705559319910894 27 1482 21 1927 22 2051 20 2179 23 1819
244 3.9967626653729025 2.9988618582186497 33.624746668263285 126 102 86 1.3705559319910894 27 1483 21 1928 22 2052 20 2180 23 1820
245 4.5492626752617422 2.8959927606914659 33.764747430139948 87 76 66 1.5931677218082683 27 1484 21 1929 22 2053 23 1806 23 1823
246 2.1270384007587015 3.1935555884805109 33.727602761233037 8 4 1 1.355077190223863 27 1496 21 1937 22 1576 20 1705 20 1706
247 2.8860268719806346 3.2560142508026968 33.708707483553297 35 23 27 0.66860647957161434 27 1818 21 1938 22 1578 20 1709 23 2174
248 2.9746036993769702 3.2315009159414418 33.687231205273534 148 134 124 0.31316680175364336 27 1820 21 1939 23 2175
249 5.0671290817002612 3.3373995047345217 33.939512855370005 119 105 104 0.91187228795629915 27 1492 21 1949 23 1834
250 5.3117417408689995 3.6980003027755037 33.820112241149957 112 97 88 0.86101514625113129 27 1507 21 1954 23 1842
251 3.7569850330929051 5.6229942186165527 32.998890946581511 110 102 103 0.58153724857208833 27 1524 21 1971 22 2094 20 2545 23 1868
252 3.9523952064080676 5.6577670020002406 32.936518274712682 109 105 106 0.45984527709472928 27 1525 21 1973 22 2097 20 2220 23 1872
253 4.0839091166152386 5.7181266807050166 32.908108645124365 113 104 102 0.5672027726387181 27 1533 21 1976 22 1639 20 2222 23 1393
254 3.3326427707399371 6.0113166276037138 32.949921206465064 117 117 125 0.52192738805869121 27 1537 21 1978 22 2104 20 2232 23 1418
255 6.6867403022596896 6.0704932010578565 31.807061181942437 196 134 102 1.2814464777949208 27 1540 21 1986 22 2117
256 2.9724118306534679 6.4181404520047973 32.794956274747726 104 89 86 0.18246735493225649 27 1565 21 1987 23 1897
257 3.0432285787672231 6.4366050296376009 32.79124900184555 134 123 125 0.52778266667452434 27 1566 21 1988 22 1700 20 1844 23 1898
258 3.0358976497016807 6.4975952161029706 32.769464555774512 105 94 94 1.3985571912336361 27 1567 21 1990 22 2118 23 1899
259 3.8625897908675548 6.5167777271872991 32.668821820207427 37 38 40 0.3293073439572749 27 1571 21 1993 22 2121 20 2576
260 4.0674778217293897 6.5203104415150221 32.602696648490188 28 24 31 0.37419587572030666 27 1559 21 1995 22 2124 20 2579 23 1458
261 4.2900947411366932 6.4445508250557433 32.571749142922954 135 127 125 0.80391628991642217 27 1887 21 1997 22 2125 20 2252 23 1911
262 4.2927796349263865 6.4471423886871015 32.575983504327986 135 127 125 0.76259445728745923 27 1888 21 1998 22 2126 20 2253
263 3.3495859706237781 6.5818053535376828 32.670248389594285 41 39 40 0.29431054078687668 27 1569 21 2003 23 1452
264 3.7047334809425303 6.6789970120809068 32.701659461246173 150 151 156 0.22356639971010656 27 1582 21 2009 22 2141 23 2246
265 3.7922831995686144 6.6136390530347002 32.643317263654275 32 30 35 0.15958391806824496 27 1572 21 2010
266 6.8147943007946497 6.2429121198626722 31.665498527891881 243 199 163 0.99531076806925078 27 1547 21 2013 22 2127
267 4.3099637602103309 6.7223579720755353 32.337284388492925 94 86 84 0.33978250222878126 27 1585 21 2020 22 1738
268 6.8489404447262219 6.4384147171791888 31.590188164486133 142 100 76 0.81029899543022765 27 1175 21 2024 22 1742
269 6.8489404447262219 6.4384147171791888 31.590188164486133 142 100 76 0.81029899543022765 27 1174 21 2025 22 1741
270 2.3280607192276124 -4.9850529696178016 32.815258229512118 128 111 90 0.095472762066005273 27 1603 21 2036
271 1.6144838120185441 -4.6592786396140786 32.862025478990915 92 73 56 0.76879198418485806 27 1240 21 2044 22 1146 23 1529
272 2.2995891460978442 -4.7187954261075742 32.999139126191977 49 37 23 0.62193275015936278 27 1614 21 2045 22 2188 23 1945
273 2.3719051928741681 -4.6906728503178892 32.930492262089196 127 109 87 1.0760363163525533 27 1615 21 2047 22 2191 23 1947
274 1.2028376293638139 -4.4247290994885349 32.940194734119409 161 154 138 1.4618127511977266 27 1616 21 2052 20 2294 23 1949
275 1.2127545871136631 -3.8996996043833323 33.172681446798649 116 98 74 1.3881586968123312 27 1627 21 2060 22 2508 23 2477
276 1.8331120273644874 -3.9335717117721463 33.152281193568122 46 30 14 1.0321170107880158 27 1629 21 2062 22 2206 20 2304
277 5.3926762100881414 -3.5833363642773763 32.836974208620255 22 32 17 1.1557560311624973 27 1632 21 2068 22 2208 20 2599 23 2284
278 4.5896016988493349 -3.4621846252746691 33.063970372102737 148 144 135 0.36823368735583734 27 1635 21 2071 22 2212
279 4.3830000248106211 -3.3091115492646659 33.108427376006354 207 200 192 0.57372329889045859 27 1638 21 2073 22 2217 20 2315 23 1972
280 4.2791929264847894 -3.2425694237319536 33.153246920811597 103 94 83 0.77983874667137798 27 1273 21 2074 22 2517 20 2314 23 1970
281 4.5233036985850408 -3.2909823141289478 33.123073030413728 36 33 21 0.53828712714726701 27 1639 21 2075 22 2219 20 2317 23 2290
282 5.2004751224702339 -3.3287292962148523 32.966501868158595 7 18 14 0.60178188156446333 27 1640 21 2076 22 1816 20 2312
283 4.0953288420365404 -3.0275931528352404 33.240497573755725 112 101 97 0.49848553722457006 27 1643 21 2079 22 2232 20 2334 23 1989
284 4.5960610337443528 -3.0761401095356091 33.153719653179856 69 80 64 0.71696717640005381 27 1277 21 2082 22 2225 20 2325 23 2294
285 5.4358886434961002 -2.9694712849678657 32.994341658073957 27 25 4 0.58629893423750834 27 1648 21 2085 22 2236 20 2329 23 1983
286 4.7658318264670552 -2.813708622352217 33.263622165957109 104 92 78 0.79789974317369405 27 1647 21 2087 22 1831 20 2336 23 1995
287 5.3673239772896899 -2.771329231007571 33.058034471867458 44 21 7 0.52956942153598574 27 1289 21 2088 22 2238 20 2337 22 1834 23 1997
288 5.3669151657979528 -2.7716413469985328 33.060472545130935 44 21 7 0.58222540091925756 27 1290 21 2089 22 2239 20 2338 23 1998
289 4.0469063980534976 -2.6372545763632225 33.35999433381992 98 89 82 0.72314291924145846 27 1651 21 2091 22 2250 20 2347 23 2003
290 4.0469063980534976 -2.6372545763632225 33.35999433381992 98 89 82 0.72314291924145846 27 1652 21 2092 22 2251 20 2348 23 2004
291 3.7528187024579722 -2.5523854465839881 33.343842985260011 100 94 82 0.39558551316132362 27 1655 21 2095 22 2246 20 2343 23 2002
292 3.7528187024579722 -2.5523854465839881 33.343842985260011 100 94 82 0.39558551316132362 27 1654 21 2096 22 2245 20 2344 23 2001
293 3.7620375385645026 -2.4790690219598885 33.385798580796092 172 166 154 0.61647640623965438 27 1943 21 2097 22 2247 20 2613 23 2300
294 5.8766080663742475 -1.2967341813373758 33.251359645372041 90 80 77 1.0740461404679946 27 1304 21 2100 20 2355 23 2311
295 1.5363123528971796 -1.0144001403255549 33.857737531679639 169 161 140 0.95655521948501165 27 1954 21 2104 22 1851 20 1996 20 2360
296 4.1839346376150619 -0.81450186924427115 33.61824041474582 122 82 62 0.61975284978542633 27 1672 21 2107 22 2268 20 2361 23 2019
297 4.3679732326355323 -0.67861506161193874 33.705918695631013 111 90 78 1.1274139143182844 27 1678 21 2108 22 2278 20 2632 23 2322
298 4.9710863265620775 -0.86817418499675691 33.507746295033336 43 36 30 0.47539255409916148 27 1313 21 2109 22 2271 23 2022
299 5.0498338581813922 -0.73278343030796755 33.450247239922113 48 41 35 0.82881015066600683 27 1318 21 2110 22 1867 20 2362
300 3.9297496532887872 -0.65831206729570202 33.684230790709506 174 147 136 0.74084803033035784 27 1966 21 2114 22 2276 20 2630 23 2321
301 3.9148519078394113 -0.65442474654255556 33.612300234564088 174 147 136 0.46382977373958723 27 1967 21 2115 22 2277 20 2631
302 4.2548951164908093 -0.43348682031872737 33.60899901406642 34 12 7 0.57029619443523405 27 1324 21 2116 22 2283 20 2372
303 4.3682303382269856 -0.3745330213833567 33.720762809281631 74 62 54 0.29605294726987114 27 1684 21 2122 22 2284
304 4.0370979418129744 -0.066554637587047771 33.747714871805435 86 29 25 0.96492184939751469 27 1704 21 2128 22 2291 20 2385 23 2046
305 3.9830398672977663 0.014738144743833028 33.738848676912099 134 100 80 0.86208017159514916 27 1705 21 2129 22 2298 20 2388 23 2338
306 6.3823822357330222 0.02092607197060899 34.162062886615807 60 40 29 0.66083257297406905 27 909 21 2135 22 2295
307 3.7595757588143028 0.090067642021884553 33.665611445746421 45 22 4 0.42036484042264854 27 1357 21 2136 20 2383
308 3.9286354780885131 0.089553740605148868 33.757504674202636 60 34 15 0.82086692839471387 27 1703 21 2137 22 2297 20 2386 23 2045
309 4.4001421731047747 0.054403397659942211 33.741219941109783 159 102 86 1.2398257614199202 27 1987 21 2138 22 2300 20 2645 23 2339
310 2.5936281898656177 0.97882005535705929 33.827921080365584 66 48 43 0.028409224507226313 27 1998 21 2146
311 3.5447861121846871 1.3459100927411389 33.79874200705688 50 55 87 1.2212111131661056 27 1732 21 2153 22 2318 23 2082
312 4.0523919009573781 1.2587105244869254 33.406718691812934 48 36 36 0.53730699115096503 27 1735 21 2154 22 2569
313 4.4274978737610384 1.4103414868957598 33.735692181246762 74 64 63 0.59104555872716869 27 1748 21 2155 22 2321 23 2085
314 1.0543175448278279 1.497471676669581 33.873228271286457 93 56 27 0.68990823188776529 27 1752 21 2158 22 2322 20 2410 23 2072
315 1.0498723771130565 1.4963127279473398 33.843477704213662 93 56 27 0.68893258000960367 27 1751 21 2159 22 2323 23 2073
316 1.2645876425582563 1.6112305446518187 33.801157377655095 139 106 55 0.93222741726989322 27 1755 21 2161 22 1932 22 2325 23 1692
317 1.354153149178456 1.5079458294948238 33.84941040319292 149 118 88 0.64284371552249475 27 1754 21 2162 22 2326 20 2411 23 2074
318 3.5542298999529045 1.5679150711767875 33.675805721591544 43 35 27 0.18748493116621645 27 1744 21 2163 20 2420 23 2089
319 3.8998413511434582 1.6515977208359423 33.631890841377917 161 143 122 0.47239473566368051 27 1757 21 2164 22 2332 20 2422 23 2092
320 2.5904716974720783 1.9307358928936387 33.745433531332161 117 88 75 0.56398623841893103 27 1767 21 2166 22 2346 20 2428
321 4.2803174579406109 1.8865955222573907 33.638206869172926 73 74 20 0.87876086698493128 27 1769 21 2168 22 2340 20 2436 23 2114
322 4.7318116255252392 1.7930016163947513 33.62115313953489 14 9 5 1.3177791105646874 27 1761 21 2169 22 1953 20 2437 23 2116
323 5.7707097614412799 1.7648158801760181 33.446591748345163 59 82 112 1.9016191678155994 27 1422 21 2170 22 1956 20 2440
324 5.5156597875095912 2.0481602701356136 33.921185927107935 61 86 132 1.3939152297220234 27 1770 21 2183 22 1970 23 1244
325 1.9707669880351457 2.2103246949355584 33.700266286078012 54 44 43 1.2191308265765575 27 1788 21 2191 22 2357 20 2449 23 1748
326 2.9079893312009628 2.2404142162954135 33.61573739160518 112 90 33 0.89935979252393916 27 1775 21 2192 22 2594 20 2691 23 2124
327 3.2320948295580685 2.2535433317754214 33.670045328893764 3 2 1 0.55327383615651571 27 1776 21 2194 22 2360 20 2462 23 2125
328 3.9472364411878291 2.2697197381405849 33.858999007992523 106 102 94 0.41434583001926623 27 1779 21 2195 23 2141
329 3.9074437596366072 2.388933439840208 33.649164045949782 107 95 94 0.95401116823760734 27 1459 21 2196 22 2011 20 2130
330 6.0488949740244067 2.4836334218066214 33.889395153057102 35 34 39 0.81743935660485645 27 1464 21 2209 23 2392
331 2.9718779868553789 2.7762405880171386 33.603921317739626 58 35 19 0.3663036112254322 27 1808 21 2213
332 5.2707204774486236 2.6801943135111541 34.040002513688769 140 76 72 1.2543444109327291 27 2045 21 2218 22 2617 23 2397
333 5.5639784244839534 2.6930487261601979 34.053716014969133 162 86 91 0.80182480114895449 27 1800 21 2219 22 2387 23 2160
334 1.906425317232326 2.8731598219604919 33.821152690905237 83 79 69 0.76064400580692237 27 1812 21 2225 22 2392 20 2490 23 2158
335 5.9853691508582694 2.8493190114139484 33.755330758963865 39 38 35 0.78751599515703663 27 1801 21 2229
336 5.7834615445126518 3.0056656189722308 33.715328307116685 72 69 68 0.71439896965844363 27 1810 21 2230
337 2.9247701217856061 3.1543858468216821 33.6757443735073 32 27 24 0.93013444732221751 27 2053 21 2231 22 2623 20 2721 23 2163
338 2.2894215307544683 3.4360671885468541 33.863783715638654 32 25 18 0.37654186233367654 27 1827 21 2235 23 2171
339 2.1047667084800397 3.4813216282190584 33.82704402953464 40 26 21 0.29459221454999934 27 1826 21 2236 23 2170
340 2.4626291448371549 3.434021686582394 33.733150396145319 114 77 51 1.3087404867677246 27 1505 21 2237 22 2405 20 2192 22 2063 23 2172
341 0.96798791960392305 3.5617146337041889 33.651713196684732 26 26 26 1.6418131824011519 27 2066 21 2240 22 2411
342 5.4449984647546215 3.6524428012570462 33.843634496302677 66 56 56 0.89839011470476149 27 1830 21 2242 22 2415 23 2416
343 5.7407173646828769 3.6445618451031789 33.653334005173875 81 77 79 0.48938108236180716 27 1831 21 2243 22 2416
344 5.9512288603772401 3.9256211033736688 33.629364212753394 93 59 47 1.4324269221263082 27 1837 21 2245 22 2639 23 2423
345 3.3861289125414502 5.710335130854884 32.984582957471254 182 173 174 0.39045667572419768 27 1855 21 2257 22 2435 20 2543 23 2213
346 3.8779755743475319 5.6368365527739606 32.977157843499512 36 32 32 0.29041919216004747 27 1849 21 2258 20 2546 23 2214
347 3.1119148480249175 5.7442260004616763 33.007719490729293 152 139 139 0.49612617183411301 27 1853 21 2260 20 2542 23 2211
348 3.1956367245176258 5.7155319708413028 33.002127148380467 35 19 20 0.66210962162495235 27 2079 21 2261 22 2434 20 2541 23 2210
349 3.8491635568580875 5.7165873257555111 32.936794839039486 117 115 117 0.31967190056154254 27 1856 21 2262 22 2436 20 2548
350 3.2126461578162204 6.0517390171764935 32.924533477458873 164 159 152 0.40373430092612367 27 1863 21 2263 22 2439 20 2769
351 4.0065618993996246 6.024453226975627 32.813552596677887 57 48 38 0.44498734897997821 27 1865 21 2264 22 2441 20 2555 23 2222
352 4.0065618993996246 6.024453226975627 32.813552596677887 57 48 38 0.44498734897997821 27 1866 21 2265 22 2442 20 2556 23 2223
354 2.9042804097213573 6.1810069087515611 32.907422030874521 126 120 115 0.40456366243421671 27 2085 21 2267 20 2559 20 2772
355 3.141200661317701 6.1399674516764078 32.94002828290796 123 116 123 0.41075881186394392 27 2087 21 2268 22 2447 23 2437
356 7.0050677625697357 5.6436512736241156 31.44924669421632 25 20 31 1.1681157436117111 27 2078 21 2270 22 2443
357 6.9616881366484833 5.7741324938676586 31.382008058833762 39 30 48 1.3588440562637902 27 2206 21 2271 22 2449
358 2.7858388256160604 6.2359496182431959 32.827144189798254 35 16 11 1.3029565509245569 27 1875 21 2274 22 2661 20 2237 23 2439
359 2.9002908208640927 6.3791322357125955 32.76304214330154 143 129 123 1.4027478052603559 27 1877 21 2275 22 2112 20 2240 23 2445
360 3.2606421647111445 6.383902864345659 32.75870200252443 22 26 27 0.22177170784992595 27 1880 21 2276 23 1900
361 3.3932296583043997 6.3848858251519189 32.786753001632668 111 113 117 0.16139234251560089 27 1881 21 2277 22 2452 20 2564 23 2230
362 3.7209711265972878 6.3701125688635187 32.767997299271606 27 25 30 0.32152912162338521 27 1883 21 2278 22 2453 20 2566 23 2231
363 3.9268229044027261 6.3590744393180509 32.735855446281121 46 46 46 0.35614974970615071 27 1885 21 2279 22 2454 20 2568 23 2233
364 3.2371629714392776 6.5078623171463112 32.740412174524131 128 129 130 0.17432169056867591 27 1892 21 2281 22 2458 20 2571 23 2237
365 3.4004740620899376 6.4458646697222379 32.693487414640849 31 30 35 0.30820217272552908 27 1555 21 2282 22 2119 20 2249
366 3.4793112461181193 6.4847207640033302 32.725399903467469 11 12 17 0.38062040606536485 27 1894 21 2283 20 2573 23 2238
367 3.6853843592821072 6.4362871149279135 32.741668183919721 123 123 131 0.29430631386238987 27 1884 21 2284 22 2459 20 2782 23 2232
368 3.5047507114204652 6.5791198083904003 32.684090766531064 135 139 138 0.23827895271408792 27 1896 21 2285 22 2460 20 2574 23 2240
369 3.5047507114204652 6.5791198083904003 32.684090766531064 135 139 138 0.23827895271408792 27 1895 21 2286 22 2461 20 2575 23 2239
370 4.2572982218516717 6.7173989129723859 32.437541749956466 39 31 29 0.97145069230557102 27 1903 21 2299 23 2259
371 2.2385021769713642 -4.5480311003306095 33.059086506735284 89 66 50 1.2736370518703437 27 1618 21 2308 22 2693 23 2472
372 2.0067881804561574 -3.9707064380126362 33.08284875604916 107 94 77 0.9038267607363365 27 1926 21 2313 22 2506 20 2597
373 5.6695781164663721 -3.8962057318508259 32.756949549559714 86 79 68 0.55601684600062506 27 1928 21 2316
374 4.3158653160491598 -3.4534837010553945 33.000418953965969 82 70 58 0.59217605003548091 27 1929 21 2320 22 2514 20 2601 23 2286
375 4.4592343282400018 -3.4794148447715427 32.942524565591263 71 61 51 0.61935377093144661 27 1634 21 2321 22 2516 20 2602 23 2288
376 4.8234256748033681 -3.2328503633506922 33.110614749925553 129 138 121 0.89938197737361314 27 1934 21 2323 22 2519 20 2800 23 2479
377 4.9287358513650199 -3.2634237063720932 33.054410923402273 58 80 63 0.88390461896649419 27 1935 21 2324 23 2291
378 4.7080558440772196 -3.0153385486044102 33.186184496710872 175 175 161 0.84202128093855266 27 1937 21 2326 22 2520 20 2604 23 2482
379 4.0837027415453768 -2.5607706184943679 33.297059581229767 169 163 151 0.77344692060084042 27 1656 21 2329 22 2521 20 2612 23 2485
380 4.5937157803737385 -2.5284254969758195 33.362713714797977 57 53 43 0.95307693322019271 27 1946 21 2330 22 2522 20 2805 23 2486
381 5.5376132707095218 -1.4898358072956697 33.181136503519511 22 13 8 1.2288955535562072 27 1667 21 2333 22 2255 20 2617 23 2304
382 3.7911834452320985 -1.2260275376139138 33.638802604732156 189 145 50 0.64355438762132722 27 1956 21 2337 22 2528 20 2621 23 2307
383 3.7911834452320985 -1.2260275376139138 33.638802604732156 189 145 50 0.64355438762132722 27 1957 21 2338 22 2529 20 2620 23 2308
385 5.8018307293461051 -1.0995363228786674 33.223977607815485 113 103 94 0.95117738298681187 27 1671 21 2340 22 2266 20 2623 23 2313
386 3.8791975092188866 -0.92838127914736612 33.632274342588623 188 156 56 0.70929236921015426 27 1960 21 2341 22 2534 20 2626 23 2315
387 4.757302766861808 -0.92385172240714264 33.50606437488333 65 56 51 0.65194080190331138 27 1962 21 2342 22 2264 20 2627
388 2.4734326679087917 -0.83652298732581087 33.573300688376086 138 133 114 1.3099174420322719 27 2145 21 2343 22 2532 20 2624 23 2492
389 4.4891827318551618 -0.69770187973417241 33.822059258135674 61 53 51 0.53863990572153908 27 1679 21 2344 22 2543 23 2498
390 5.1383916693341369 -0.81555534354497028 33.357907635939902 44 36 34 0.91317701604189983 27 1963 21 2347 22 2537 23 2316
391 5.6924895150914043 -0.710104320538823 33.285104222305797 120 113 97 1.0024607513472805 27 1973 21 2348 22 2541 20 2628 23 2323
392 4.7568085571133842 -0.49649846102085526 33.721638984958702 63 52 50 0.87081626773067777 27 1686 21 2352 23 2506
393 4.7267541513125435 -0.49945994255997694 33.588513033970351 63 52 50 0.93631676811184539 27 1687 21 2353 22 2720 20 2819
394 5.1545519908910356 -0.51616466078453416 33.462058825371258 65 57 55 1.3035112795193706 27 1977 21 2354 22 2544 23 2329
395 5.4902729631250553 -0.59694832054763447 33.352452749723518 89 81 78 0.65047910151753763 27 1972 21 2356 22 2547 20 2634
396 2.7737090909159239 -0.20934798967833038 33.706633251624226 8 7 14 0.47844061120783593 27 1980 21 2358 20 2641 23 2508
397 2.8841409122617714 -0.28392347897532855 33.716049696367641 145 141 116 0.18508360467567991 27 2155 21 2359 22 2551 20 2639 23 2333
398 3.1232210210847149 -0.20582129698398058 33.731849969073238 90 73 56 1.6381967999171396 27 1693 21 2361 22 2729 20 2375
399 3.6161707417221018 -0.32248550614078531 33.761614507106252 182 156 152 0.80921282941344364 27 1981 21 2363 22 2552 20 2642 23 2336
400 3.5434960613443152 -0.230563412524184 33.756036380116484 104 41 40 1.237854784176595 27 1982 21 2364 22 2557 20 2826 23 2335
401 5.5976048837167536 -0.30216183737909807 33.395990918159576 27 18 20 0.78029281831976027 27 1978 21 2365 22 2726 20 2820 23 2510
402 5.5976048837167536 -0.30216183737909807 33.395990918159576 27 18 20 0.78029281831976027 27 1979 21 2366 22 2727 20 2821 23 2511
403 6.3620796445547869 -0.21239160323491471 34.141509776851116 58 39 24 0.018603986294239039 27 1695 21 2367
404 5.2437293768087123 0.02254883867785425 33.737929721865868 79 70 65 1.9739705277246298 27 1708 21 2369 20 2646 23 2517
405 1.5823930133333615 0.60116508993196072 33.740563565873352 166 153 136 1.2009925731014279 27 1713 21 2373
406 4.351825664165033 0.89155262046981265 33.486654826620871 69 60 60 1.0195131652469829 27 1995 21 2374 22 2737 20 2650 23 2345
407 2.1531196573317102 1.0995827286451789 33.69011396367906 114 100 87 0.93147124606734677 27 2167 21 2375 22 2740 20 2653 23 2519
408 2.1369086091815199 1.0977240718868866 33.599888136741562 114 100 87 0.55615505064490922 27 2166 21 2376 22 2739 23 2520
409 4.3101918078076666 1.1807298421828212 33.615631782294834 16 10 4 0.56732900336795022 27 2007 21 2377 22 2744 20 2655 23 2523
410 2.28657693493053 1.2787990835706162 33.483353620502065 100 92 82 0.64716467398174027 27 2005 21 2380 22 2567 23 2348
411 1.4549106285238746 1.5161981432453229 33.850700536654088 133 93 53 0.73592716846498141 27 2015 21 2382 22 2571 20 2661 23 2075
412 1.4549106285238746 1.5161981432453229 33.850700536654088 133 93 53 0.73592716846498141 27 2014 21 2383 22 2570 20 2660 23 2076
413 2.618128903758473 1.5358267847015272 33.731119954353517 182 124 118 0.52455095480511693 27 2011 21 2385 22 2573 20 2663 23 2349
414 3.6352229644174505 1.5831012164982707 33.641305560753679 146 130 101 0.28030585431610044 27 1745 21 2387 20 2421 23 2352
415 4.2977044572888268 1.5400902198502924 33.69657748553594 67 62 59 0.63244029455904072 27 1747 21 2389 22 2574 20 2664 23 2353
416 5.2598248257848912 1.6182798756696164 33.275996006646579 26 16 6 1.2255677724870557 27 2173 21 2391 22 2575 23 2643
417 1.5125676052951904 1.8255799105399213 33.715436327519882 40 29 22 1.1778014924590059 27 2021 21 2392 22 2576 20 2668 23 2351
418 1.6187713069479608 1.9148253834355029 33.711469296694084 81 74 66 1.3568119102958907 27 2022 21 2394 22 2585 20 2670 23 2356
419 3.4606523349183891 1.8619939109428509 33.639802933021038 170 154 124 0.28664178752218056 27 2024 21 2395 22 2577 20 2674
420 1.5431685385752709 2.0168035066022991 33.698119291855804 50 47 42 1.5002461095805875 27 2025 21 2400 22 2345 20 2678 23 2103
421 1.7478654299995875 1.9975842704712301 33.699437792002065 35 26 21 1.6773540957783937 27 1773 21 2401 22 2586 20 2425 23 2536
422 1.7478654299995875 1.9975842704712301 33.699437792002065 35 26 21 1.6773540957783937 27 1772 21 2402 22 2587 20 2426 23 2537
423 1.4624026881875811 2.1653511766835374 33.538595142989415 81 78 73 1.0550823199990436 27 2183 21 2408 22 2356 23 2366
424 4.1088948515252746 2.2337281189645126 33.731133808637992 159 148 142 1.3324232090593948 27 2035 21 2411 22 2595 20 2692 23 2371
425 4.1088948515252746 2.2337281189645126 33.731133808637992 159 148 142 1.3324232090593948 27 2036 21 2412 22 2596 20 2693 23 2370
426 4.6027334246008875 2.2657434987471183 33.699583306726907 38 42 41 0.38083957514714895 27 1780 21 2414 22 2598
427 1.1928612074513563 2.4274433349926623 33.737833420927316 22 22 22 0.84886372409214661 27 2044 21 2417 22 2605 23 2140
428 1.1928612074513563 2.4274433349926623 33.737833420927316 22 22 22 0.84886372409214661 27 2043 21 2418 22 2604 23 2139
429 4.6257537081106399 2.5270964802856981 33.708336759202595 137 128 68 1.5910000273281208 27 2040 21 2419 22 2607 20 2702 23 2388
430 0.54629098153622446 2.8139716502361165 33.876195587895182 1 1 3 0.2424493965744946 27 2194 21 2427
431 1.9359244479524518 3.1006379097474364 33.588513305250423 35 22 22 1.2688108026371281 27 2060 21 2435 22 2622 23 2568
432 3.2603922917762929 3.1433166289423093 33.625326230833856 159 141 124 0.38811517548362995 27 2055 21 2436 22 2625 20 2722 23 2402
433 3.2603922917762929 3.1433166289423093 33.625326230833856 159 141 124 0.38811517548362995 27 2054 21 2437 22 2624 20 2723 23 2403
434 4.8256262389188969 3.4612896052014896 33.407403609517715 83 53 35 2.7437376725152296 27 2061 21 2447 22 2406 20 2730 20 2888
435 5.4978224195281653 3.5374941844142525 33.701607503279867 189 108 104 1.5034500508862445 27 1823 21 2450
436 5.7178151514409219 3.5494056446394699 33.802887627558817 105 100 107 0.90637139632358588 27 2062 21 2452 22 2635 23 2575
437 5.6047878770507413 3.6593933929382416 33.817035482342888 66 71 70 0.7439233358513857 27 2064 21 2453 22 2637 23 2577
438 6.1561898750996704 4.0078630242963662 33.615010086510694 89 54 41 0.94720227024201153 27 2067 21 2464 22 2648 23 2424
439 0.50826227082809283 4.2768484360370778 33.767422974707287 69 38 27 1.0673914701160154 27 2199 21 2466 22 2650 23 2422
440 3.3037434300930038 5.6785050487361861 33.001982926761976 38 20 19 0.16087631656638685 27 1854 21 2470 20 2763 23 2212
441 3.6612364905039199 5.853278472212267 32.916684401898529 45 41 42 0.42802867287148666 27 2084 21 2472 22 2655 20 2766 23 2434
442 3.9722926791001871 5.7973992404978105 32.873649896739117 110 109 107 0.50312620053794055 27 2082 21 2473 20 2902
443 4.0657402853441633 5.791960636615137 32.895131757840737 31 29 31 0.86566560511917667 27 1857 21 2474 20 2553 23 2435
444 4.0566629845817763 5.9716682523874081 32.740839477892969 160 153 147 0.25290725589152901 27 2209 21 2476 22 2658
445 2.6782808858898068 6.3137008327017501 32.787240848358877 112 93 87 0.21417595067139944 27 2216 21 2477 22 2664 23 2440
446 3.0122116505093244 6.2382881585202288 32.868869282702882 27 22 20 0.53111018613360106 27 1870 21 2480 22 2663 20 2773 23 2442
447 3.0100003187871249 6.2355847896888914 32.864092910881787 27 22 20 0.61498037396128968 27 1869 21 2481 22 2662
448 4.2183125353020579 6.2582822844227275 32.704986100764991 19 10 15 0.55214442665652252 27 2088 21 2483 22 2669 20 2778 23 2447
449 6.7722140651270397 5.9529343354354127 31.746627445210439 216 152 117 0.86370184538453021 27 1861 21 2484 22 2457
450 2.5160012435880388 6.4933816872136427 32.749706463569261 163 148 141 1.1101369212381316 27 2098 21 2487 22 2790 20 2906 23 2444
451 3.6010408552846958 6.4308229032052413 32.751945171557715 10 10 18 0.17605272375195063 27 2093 21 2488 22 2667 20 2781
452 3.8782756772922546 6.6383666929567546 32.681550313043878 152 150 155 0.39510393495599444 27 2099 21 2490 22 2671 23 2456
453 4.1777208979160481 6.5400666087403021 32.574887837434687 29 27 33 0.81254262834615831 27 2100 21 2491 20 2788 23 2452
454 6.7128389799754515 6.4343170349758356 31.695425800710264 199 152 129 0.22738960262759694 27 2095 21 2494
455 6.6939125493086742 6.5332702881621376 31.575842971709442 245 206 159 0.59680429953037328 27 1889 21 2501 22 2678
456 1.4869914625977168 -4.3804499088448408 32.99148961638975 117 96 68 0.78173622482611438 27 2122 21 2505 22 2694 20 2792 23 2471
457 4.4577465107505931 -3.5768650699883962 33.092426176369443 127 123 113 0.75482783141447685 27 2127 21 2508 22 2513 23 2287
458 4.8414325570566827 -3.4431881379173435 33.08876850394492 125 122 117 0.022243667322747025 27 1931 21 2510
459 4.7147701341654606 -3.304653307217317 33.054406872367004 91 101 86 0.85596783982312696 27 2128 21 2512 20 2799 23 2478
460 4.7304243139489861 -3.3158022329396171 33.126773591811897 91 101 86 0.15310155818840898 27 2129 21 2513
461 4.5592126348393469 -2.8158988993524554 33.270068993387213 53 46 40 0.60291081878169583 27 1939 21 2515 22 2701 20 2610 23 2483
462 4.6725584294040878 -2.7605877956602045 33.259367202301561 176 171 159 0.758297139784194 27 2132 21 2519 22 2702 20 2803
463 5.0343226611617267 -2.616401327872218 33.209509559952586 53 49 40 0.68675543422426533 27 1941 21 2520 22 2703 20 2804 23 2487
464 5.9172838642740322 -1.205225308502426 33.429142216682415 55 45 36 1.1235959599706955 27 1958 21 2522 22 2711 20 2807 23 2488
465 2.5586961910721588 -0.95662901515287757 33.644409858736218 36 30 29 1.0059853848054299 27 2143 21 2524 22 2717 20 2813 23 2491
466 3.7734480010100011 -1.0533280142675472 33.633221770923114 178 147 74 0.93166684635407293 27 2139 21 2525 22 2830 20 2809 23 2691
467 5.2826122953015018 -0.87206996356427846 33.40003984259873 55 45 41 0.65049165870546533 27 2149 21 2528 22 2718 20 2816 23 2496
468 5.1600951145144895 -0.6556448856756264 33.44164940455461 66 58 56 0.71201097469638541 27 1970 21 2532 20 2940 23 2499 23 2625
469 5.5857488264329493 -0.73305811310080926 33.350533094258026 22 7 10 0.86979697439064663 27 2150 21 2533 22 2719 20 2817 23 2628
470 6.3873486655467167 -0.54185615092400508 34.271662376587273 56 35 32 0.74776394663253265 27 2153 21 2536 22 2722
471 6.3873486655467167 -0.54185615092400508 34.271662376587273 56 35 32 0.74776394663253265 27 2154 21 2537 22 2723
472 3.3873934843116831 -0.38576203338324055 33.869356814664116 158 149 147 0.23437441935086528 27 2251 21 2538 22 2724 23 2503
473 6.0121481154349139 -0.26145739160797382 33.588212951248302 92 70 59 0.0089997741841201101 27 1984 20 2822
474 1.5493658364038823 -0.021327874528422653 33.848376203508501 165 156 141 1.4923824544623094 27 2255 21 2540
475 2.7485179948770799 -0.029059705006480013 33.755862092935246 17 12 12 0.34996185178749467 27 2158 21 2542 22 2733 23 2516
476 2.7485179948770799 -0.029059705006480013 33.755862092935246 17 12 12 0.34996185178749467 27 2159 21 2543 22 2734 23 2515
477 4.3786662191930716 -0.18727973510470003 33.698038893095251 158 113 97 1.1653886827952125 27 2156 21 2544 22 2730 20 2827 23 2633
478 6.2229630650826415 0.59637104322563717 33.798613565415124 66 59 53 2.8794641703195474 27 2259 21 2547 22 2849 20 2396
479 2.6779491271004794 0.94926189703164188 33.738007465934309 193 176 168 0.55182811413603594 27 2163 21 2548 22 2742 20 2835 23 2521
480 2.6779491271004794 0.94926189703164188 33.738007465934309 193 176 168 0.55182811413603594 27 2162 21 2549 22 2741 20 2834 23 2522
481 2.4144229031100162 1.0797491628495584 34.140903087993941 98 86 70 0.30739673183036076 27 2265 21 2550
482 1.5546943284649142 1.4297587549662365 33.843894723335247 192 153 93 0.69308282793520459 27 2266 21 2551 22 2746 20 2839 23 2526
483 2.3408661397913737 1.4473407241824499 33.681570088964897 123 94 81 1.2130444535871292 27 2267 21 2552 22 2747 20 2840 23 2527
484 3.4792115234204353 1.4488237106527009 33.65790009544925 70 90 132 0.32794869432245682 27 2169 21 2554 22 2749 20 2842 23 2529
485 3.4747973589879266 1.4473393137416741 33.637026992591153 70 90 132 0.20949998255092711 27 2170 21 2555 22 2750 23 2528
486 0.74100062119859555 1.5213033912393699 33.843927966738882 135 104 81 0.82323052166185706 27 2013 21 2556 22 2745 20 2659 23 2525
487 4.4830514809680162 1.5239829603823232 33.538437491744254 29 25 22 0.24070365265179094 27 2172 21 2557 20 2846
488 1.7246517073732914 1.7999780824507396 33.748218185960077 33 24 19 1.5645285016562924 27 2176 21 2558 22 2751 20 2671 23 2532
489 3.7074909433576515 1.8327342795065762 33.623868070743733 159 133 106 0.30058251777884015 27 2175 21 2559 22 2753 20 2850 23 2538
490 1.6266047028555068 2.1107344014036817 33.517432313972151 77 71 65 0.94748074371201718 27 2274 21 2562 22 2759 23 2545
491 4.5393288182575384 2.4047875380838946 33.696760836743088 9 10 11 1.4758343564412957 27 2185 21 2569 22 2766 20 2872 23 2552
492 3.198575345259377 2.5288824421299463 33.597668578267246 14 7 5 0.90111767392088304 27 2280 21 2571 22 2764 20 2699 23 2556
493 4.092011711102078 2.4381239379065085 33.710843821315699 157 144 136 1.3913854592499568 27 2184 21 2572 22 2765 20 2871 23 2655
494 0.56081008573537938 2.591201014290164 33.757048736480151 6 13 17 0.74599680132544577 27 2189 21 2577 22 2769 20 2869 23 2551
495 3.6542147910409 2.8181129954708677 33.653621813775295 109 91 75 0.85416378051032193 27 2048 21 2578 22 2616 20 2877 23 2562
496 3.7812055735139598 2.7626547576584879 33.674119871739684 40 40 32 0.91261257082769665 27 2188 21 2579 22 2864 20 2969 23 2564
497 4.1153626424318857 3.0276850956280783 33.656519357255078 119 97 82 1.3737555021395556 27 2191 21 2585 22 2774 20 2882 23 2570
498 4.1153626424318857 3.0276850956280783 33.656519357255078 119 97 82 1.3737555021395556 27 2192 21 2586 22 2773 20 2881 23 2569
499 4.5634310128752142 3.037281252262614 33.734962568100663 13 7 7 0.87098596654642735 27 2193 21 2587 23 2571
500 5.0287301058835254 3.5189763499640501 33.761509686397837 110 90 83 0.57665407063171659 27 2196 21 2592 22 2779
501 3.7900357753125213 5.8113801280347275 32.878890133912599 124 123 122 0.022633960145262959 27 2204 21 2595
502 3.0676882176183056 5.9463867571441016 32.947714391454078 137 122 117 0.40760956353736705 27 2210 21 2596 22 2783 20 2900 23 2580
503 3.1574831734329636 6.4526093500341801 32.796092326565919 45 44 50 0.34783803423701321 27 2221 21 2601 22 2791 20 2904 23 2582
504 3.1574831734329636 6.4526093500341801 32.796092326565919 45 44 50 0.34783803423701321 27 2220 21 2602 22 2792 20 2905 23 2583
505 4.2864074491339164 6.5037605226674549 32.554742836107494 130 123 118 0.85756001611786703 27 2293 21 2604 22 2795 20 2996 23 2587
506 6.7577747468858993 6.0974409684863113 31.64577306007682 233 229 225 1.0362564887098686 27 2211 21 2606 22 2788
507 4.0320242606930785 6.734255880182225 32.54067391033567 149 137 140 0.54630069566116379 27 2226 21 2612 22 2672 23 2461
508 6.9525398363422228 6.2908514719526076 31.451086879797188 245 206 162 0.75030385967499924 27 2214 21 2614 22 2798
509 2.2416523105454567 -4.6565932735779851 33.123201061137436 140 113 84 1.1000760082964016 27 2230 21 2622 22 2688 23 2601
510 1.7229669335530264 -4.5563615644822324 33.008478857303963 123 98 78 0.91641105260401434 27 2229 21 2623 22 2692 23 2600
511 5.3233942407026165 -3.5059588222974085 32.960391268510342 20 38 24 0.57881453199965927 27 2236 21 2627 20 2920
512 4.1496034086972777 -3.114745407503769 33.186754767853195 162 154 146 0.68714234451562439 27 2238 21 2628 22 2819 20 2924 23 2607
513 4.1281060640763396 -2.9230644944385489 33.205170979023904 166 159 149 1.335116312770223 27 2130 21 2629 22 2700 20 2925 23 2481 23 2608
514 5.3393173597092902 -2.8968159330721752 33.03216506018714 86 74 42 0.49696888055715782 27 2239 21 2630 22 2821 20 3004 23 2688
515 5.5857125488209176 -2.7229843601854329 32.962870872794745 24 14 8 1.1850636377181005 27 2133 21 2631 22 2706 22 2823 20 2802 20 2926 23 2484
516 7.4608308830245988 -1.4923029420014031 33.136713306728083 226 187 176 0.82717839699750795 27 2242 21 2636
517 4.9613435100950589 -1.0110930334267918 33.503894351977472 33 18 15 0.87921735647602384 27 2246 21 2639 22 2832 20 2935 23 2618
518 6.1647797706291536 -1.0452872888855711 33.527250407684114 72 63 53 2.2269899005818758 27 2142 21 2640 22 2903 20 2937
519 4.0657666178677765 -0.71516933850341668 33.65075252629962 77 10 19 0.66396191555092265 27 2249 21 2643 22 2840 20 3007 23 2621
520 4.0753454141074954 -0.71601151337977209 33.692254380752004 77 10 19 0.55234184254592278 27 2248 21 2644 22 2841 23 2620
521 5.638051870156227 -0.47165234810611939 33.356610458699365 33 31 26 0.84747963384899594 27 2152 21 2649 20 2944 23 2631
522 4.0915019164300981 -0.35432464261054558 33.67704872306939 46 19 16 0.80727873088174251 27 2252 21 2650 22 2843 20 2943 23 2630
523 4.1487018124756236 0.88422222794231242 33.545316302386453 34 14 15 0.5663481497192171 27 2260 21 2653 22 2850 20 2948 23 2635
524 4.1989116902041159 1.0394941219360168 33.574049924569863 129 122 112 0.54437294822735061 27 2262 21 2654 22 2851 20 2949 23 2636
525 4.5026044110233938 1.0998935426851741 33.795635714353629 14 26 17 0.10621734819686812 27 2263 21 2656
526 3.1036100738977934 1.4155352699842232 33.679541229658319 79 92 126 0.38847328265099623 27 2268 21 2658 22 2852 20 2950 23 2639
527 3.1036100738977934 1.4155352699842232 33.679541229658319 79 92 126 0.38847328265099623 27 2269 21 2659 22 2853 20 2951 23 2640
528 1.3036459627172374 1.8680039904020853 33.603896069782913 50 46 41 0.78862547921283155 27 2330 21 2660 22 2856 23 2531
529 4.0757274208220542 1.9050993964002396 33.587301293631796 35 18 12 0.43511706160867852 27 2177 21 2661 22 2756 20 2852
530 3.1861803249858762 2.1297689188399689 33.646980614790692 145 132 116 1.0913406324401707 27 2275 21 2662 22 2920 20 2959 23 2710
531 3.1812922897662084 2.166094871696536 33.771349325502591 145 132 116 1.7339286337917741 27 2181 21 2663 20 2862 20 2960 23 2711
532 0.77522235515079541 2.2896758604862497 33.904668292991829 102 93 88 1.6041456003856946 27 2186 21 2666 22 2858 20 2962 23 2647
533 2.1165859498281567 2.2356326854693731 33.654094249026969 39 22 15 1.5024280460969335 27 2337 21 2667 20 2964 23 2650
535 4.4806062098586015 3.1665800261265926 33.596411461778466 127 106 85 1.5942420585106594 27 2285 21 2676 22 2870 20 2983 23 2671
536 4.4500838533303142 3.1595759449656611 33.459247171989475 127 106 85 1.2857502119776016 27 2284 21 2677 22 2871 20 2984
537 5.1691710196957859 3.4616919789578056 33.783886460589109 48 54 50 0.6414464740237068 27 2289 21 2680 22 2877
538 3.913037082503473 5.5403363764255884 32.803632643420841 50 36 32 0.62891810285882699 27 2352 21 2682 22 2879 23 2672
539 3.2048226392740444 5.934364231017569 32.942993620780392 59 51 57 0.3550119659025503 27 2291 21 2683 22 2784 27 2208 20 2994 23 2673
540 3.4192959284555897 5.9969288999715111 32.777577253153005 46 47 52 0.67133819835890784 27 2357 21 2684
541 3.2963432268025259 6.4810344687082901 32.733589997619312 107 106 104 0.16382724787289143 27 2295 21 2686 22 2882 23 2675
542 3.5945676357349887 6.6566855643179252 32.720235430036887 65 65 68 0.39638962313828224 27 2224 21 2688 23 2677
543 1.1763178181727028 -4.3051314007468022 33.01059693580661 68 54 41 1.1882848329410434 27 2299 21 2692 22 2895 20 2999 23 2685
544 1.0791465601781751 -4.0004816440539566 32.941628723241045 108 90 69 1.0381106648242431 27 2362 21 2694 22 2897 23 2686
545 3.8352309455132825 -3.4093149130386662 33.129041148944985 74 64 52 0.60514864669987145 27 2237 21 2695 22 2950 20 3003 23 2743
546 4.6919152604352261 -3.5293595713479533 32.91238462349515 32 33 31 0.87332445204251918 27 2300 21 2696 22 2898 20 3002 23 2687
547 5.4268674418498568 -3.1591634213074342 32.95396061502607 140 108 57 0.47965189516335549 27 2301 21 2697 22 2899 20 3055 23 2744
548 6.24186515398846 -2.5972800253325192 33.803136566399921 65 56 48 1.0535477575689896 27 2241 21 2698 22 2900
549 2.9013037988797814 -0.48415631952203919 33.721994921261647 16 15 20 0.44261183189044795 27 2309 21 2703 20 3010
550 4.238806457726751 -0.338584651172333 33.735557456025838 43 39 36 1.1507538717502268 27 2310 21 2704 22 2907 20 3063 23 2753
551 4.1077222470089083 -0.15339482425541826 33.733646846359932 154 145 146 0.94474780414891413 27 2311 21 2707 22 2908 20 3011 23 2694
552 4.2454052839469973 0.046316486517814441 33.75867021559467 31 5 6 0.97435310918738316 27 2314 21 2708 22 2910 20 3014 23 2697
553 4.620021542235575 0.97471819709268848 33.489873383148634 57 57 49 0.73769452302947081 27 2320 21 2710 22 2913 20 3016
554 1.4510654815152488 1.2195955568505785 33.779424131737493 119 99 86 0.23491867811218659 27 2322 21 2711
555 2.5330067623031094 1.4413974340743803 33.788308185791905 21 44 33 0.96992745052950369 27 2325 21 2712 20 3019
556 0.85915089899295749 1.6424936249539259 33.815586400328513 154 115 76 1.0157435679409967 27 2326 21 2715 22 2855 20 2952 23 2638
557 2.3003254541081342 1.6662728885858664 33.646968651577545 129 102 57 1.2844429383811762 27 2327 21 2716 22 2916 20 3020 23 2706
558 2.3003254541081342 1.6662728885858664 33.646968651577545 129 102 57 1.2844429383811762 27 2328 21 2717 22 2917 20 3021 23 2705
559 4.8690408884621759 1.792463339469466 33.785325545012491 18 12 11 1.1887691849928763 27 2271 21 2718 22 2919 20 3075 23 2766
560 4.8690408884621759 1.792463339469466 33.785325545012491 18 12 11 1.1887691849928763 27 2272 21 2719 22 2918 20 3074 23 2765
561 4.6031021266971939 1.9883449473799302 33.677544083629414 19 20 21 1.4188644036068054 27 2331 21 2720 22 2921 20 3024 23 2712
562 1.1076579193457949 2.2129373580606635 33.825595937571961 106 102 91 0.6080121359372499 27 2336 21 2723 22 2923
563 1.3173027920660469 2.1599961974993964 33.732179412066493 115 112 103 1.2089214742195158 27 2388 21 2724 22 2922 20 3023 23 2648
564 2.3354749657615752 2.1636511748465326 33.692543936015852 94 79 60 1.3265325518682198 27 2335 21 2725 20 2958
565 2.7058910881134444 2.3104253618313479 33.675655697180574 139 122 87 0.5058369558662823 27 2338 21 2726 22 2924 20 3027 23 2714
566 3.0162614490328798 2.4600743726327523 33.700468791131215 126 108 86 0.30435790843400667 27 2340 21 2727 22 2925 20 3030 23 2715
567 3.0162614490328798 2.4600743726327523 33.700468791131215 126 108 86 0.30435790843400667 27 2339 21 2728 22 2926 20 3029 23 2716
568 4.8238841472008103 2.5727511397005491 33.854692700850904 33 18 16 0.45300632957604359 27 2277 21 2729 22 2927
569 5.2131816203494248 2.4515890892620358 34.065452327331052 50 49 53 1.04336222388247 27 2278 21 2731 22 2929 23 2717
570 3.4355480333561692 2.6826555963721264 33.594352591966569 116 97 75 0.70087816921923696 27 2342 21 2732 22 2930 20 3034
571 5.2451856465009969 2.8145825575126806 33.988744898516735 65 55 57 1.2931483958885872 27 2281 21 2733 22 2865 23 2720
572 0.66683568251783321 2.9289326120979586 33.790331697411872 33 29 28 0.45846396098622971 27 2349 21 2737 22 2868
573 4.2653537848466678 3.0515831321188851 33.644465537878347 116 99 81 1.255928461155549 27 2348 21 2738 22 2933 20 3037 23 2724
574 5.883161910394465 3.0907981563982947 33.783901565638232 159 135 123 0.9686038451286858 27 2282 21 2739 22 2872 23 2726
575 3.3349756997060709 3.3550070379701746 33.543358165301669 66 37 23 1.4915396589729042 27 2396 21 2740 20 3131 23 2782
576 2.9302389515557374 6.0263880606356084 32.901880981424036 37 18 14 0.55434677041928115 27 2356 21 2742 22 2881 20 3048 23 2674
577 3.857821553141751 5.9482800612401823 32.869364320835103 22 20 29 0.40798909645463599 27 2353 21 2743 22 2942 20 3049 23 2733
578 3.4121501188888135 6.2761280574048088 32.897687996581027 9 9 13 0.35699121841017661 27 2358 21 2746 22 2944 20 3051 23 2735
579 4.5844303899959806 -2.6145282134034202 33.350737064377718 85 86 78 1.1257140464996893 27 2303 21 2752 22 2952 20 3058 23 2746
580 5.2334769981579843 -2.7325778265920153 33.185659941473268 35 25 15 0.87539083164846476 27 2365 21 2753 22 3007
581 3.5830935502828245 -2.5478833906193885 33.383724255846438 100 87 71 0.62821208463964573 27 2366 21 2754 22 2951 20 3057 23 2745
582 2.8732079899272929 -1.0968294237371294 33.706192211556541 41 41 47 0.66452894694251718 27 2306 21 2756 22 2956 20 3006 23 2793
583 5.2275182448711766 -1.0123608324467828 33.474244351486426 23 10 7 0.69116774110601131 27 2307 21 2757 22 2902 23 2748
584 1.4357886284070474 -0.71517725442110602 33.519552615906242 165 157 138 1.4371509048227931 27 2370 21 2758 22 3009 23 2749
585 3.7171552805486905 -0.76736942462462965 33.579723667160685 61 47 46 1.4355046952102946 27 2372 21 2759 22 2957 20 3061 23 2796
586 3.7192269703647316 -0.78526909479144158 33.615244396549272 61 47 46 0.43450676803488669 27 2371 21 2760 20 3062
587 3.8565648811713946 -0.29986549961251086 33.737553518548559 91 20 24 1.2962784619232046 27 2376 21 2761 22 2958 20 3065 23 2797
588 5.3164497281285223 -0.33031118146681498 33.439255765569769 40 32 24 0.7207129687390661 27 2375 21 2762 22 2959 20 3064
589 5.2146791060819169 -0.12041675556621821 33.852622261708461 149 141 136 0.35555427116863075 27 2312 21 2763 22 2961 23 2756
590 4.9602268133407881 0.053264379403925956 33.708852967876297 35 16 9 1.2873486669986369 27 2315 21 2764 22 2963 20 3067 23 2759
591 2.9402562284687348 1.2247222211254634 33.751234012409675 51 38 29 0.40083664362612514 27 2380 21 2765
592 2.1502616404204189 1.856181147453706 33.721812303949328 62 33 27 0.81840508512770571 27 2384 21 2767 22 2915 20 3073
593 4.0273985727028299 1.7208378539656655 33.607691798186856 115 99 73 0.46212734304144343 27 2383 21 2768 22 2965 20 3070 23 2760
594 4.6037822723780328 1.7171153333632725 33.592234542366782 121 117 105 0.7191491071813787 27 2329 21 2770 22 2967 20 3071 23 2762
595 4.549876954750645 2.6006475414934469 33.668519937271761 131 121 34 1.5077083395167228 27 2341 21 2772 22 2970 20 3081 23 2773
596 5.7030888816021648 2.4888259720120591 34.036673539513934 51 50 58 1.0806045025664504 27 2389 21 2773 22 2971 23 2774
597 4.2812075952911863 2.6786519905617903 33.648098892070223 16 12 9 1.5580544440631676 27 2390 21 2779 22 2974 20 3125 23 2812
598 5.4590959145357072 2.6776895365134443 34.084216866299705 160 79 77 0.88760397074753439 27 2391 21 2780 22 2976 23 2813
599 5.4590959145357072 2.6776895365134443 34.084216866299705 160 79 77 0.88760397074753439 27 2392 21 2781 22 2977 23 2814
600 3.3194452541121167 2.8864728028063524 33.641791824623127 79 46 31 0.42905004647971967 27 2394 21 2785 22 2981 20 3090 23 2777
601 5.6911457119927578 3.0029107965936697 33.826241261603265 45 45 57 0.98561959067877147 27 2345 21 2788 22 2935
602 5.7087603267057911 3.0067612286229521 33.894567631866643 45 45 57 0.81271078994471457 27 2344 21 2789 22 2934 23 2781
603 6.1058356564031167 3.1298685307157315 33.821196116830073 39 30 35 0.92617525724861427 27 2346 21 2791 22 2987
604 3.3490903023577832 5.8006969008056197 33.010676932666115 183 177 179 0.19757460895576578 27 2399 21 2793 22 2989 20 3101 23 2784
605 3.883908993036179 5.759479479409447 32.925339604689732 79 77 78 0.43775349360704857 27 2398 21 2794 22 2990 20 3102 23 2785
606 3.1824295733132768 6.1027206086819774 33.006870139148127 143 131 134 0.80656014396058706 27 2402 21 2795 22 2992 20 3103 23 2732
607 3.1609643639278464 6.0835393739745651 32.928112684972326 143 131 134 0.48325334955345972 27 2401 21 2796
608 1.3361585714308688 -3.5617591395574273 33.271349195508982 149 140 125 1.7333242302824579 27 2439 21 2802 22 3003 20 3139
609 5.142736747220086 -3.2154668962967885 33.000654800092654 38 46 31 0.93788542518133844 27 2407 21 2803 22 3004 20 3141 23 2789
610 4.379879426855374 -3.1319422147736344 33.08309084999788 95 86 71 0.20709002212531433 27 2406 21 2804 20 3106
611 4.0482046894843018 -2.8132080671091515 33.354060845764877 168 159 152 0.55225796283173145 27 2442 21 2807 22 3006 20 3109 23 2791
612 1.4410130665500129 -1.1721477144456423 33.715855681366598 169 160 145 0.68917396878172765 27 2413 21 2809 20 3110
613 4.4837802888512703 -0.80911759765386382 33.542468764224083 98 89 90 1.1114190895811364 27 2414 21 2810 22 3008 20 3111
614 3.9402307797829494 1.0825215464867981 33.518898530942536 131 126 120 0.75490746971044353 27 2419 21 2811 22 3012 20 3114 23 2800
615 1.8969340180671983 1.4137954433632154 33.778478327035479 94 64 46 0.80028017722681122 27 2449 21 2812 22 3014 20 3115 23 2802
616 1.538522631467103 1.5248467631237135 33.812961605293388 160 123 71 0.80081621581851969 27 2423 21 2813 22 3013 20 3118 23 2801
617 3.9767854406150889 1.442516048486685 33.613764713755621 16 5 13 0.57985055406809238 27 2422 21 2814 22 3015 20 3116 23 2803
618 0.77457215257896472 1.8904594553227121 33.776125759105149 91 91 73 1.2883967220337016 27 2424 21 2816 22 3016 20 3119 23 2806
619 5.9284190232590879 2.2577751780318693 34.066238789550248 89 131 206 0.80205230221338752 27 2425 21 2817 22 3018 23 2842
620 5.9249838290731445 2.2558121411394914 34.055647139938678 89 131 206 0.95172750790426575 27 2426 21 2818 22 3019
621 3.1577345377668355 3.0924208677124061 33.622482612970209 142 121 102 0.37509080569303327 27 2428 21 2819 22 3020 20 3126 23 2815
622 4.689933779951752 3.187364276334987 33.433713473494926 107 80 58 1.4702747371144986 27 2429 21 2820 22 3021 20 3127
623 6.0286721594842509 3.5276891003904103 33.652747118254297 34 29 33 0.81654195965741494 27 2431 21 2823 22 3024
624 3.6127166113764506 5.9487221254453271 32.881262573091973 40 42 47 0.3724071950914174 27 2432 21 2825 20 3132 23 2823
625 4.1757636346295879 5.8732329408100759 32.744924584722497 32 24 29 0.40826355814260795 27 2400 21 2826 22 3025
626 3.6010715917893341 6.414793139362561 32.823975594239585 25 25 33 0.60460308330057833 27 2436 21 2827 22 3028
627 1.3766269834529095 -3.8526635498398458 33.125917300195795 71 40 25 0.93371098073537984 27 2438 21 2831 22 3054 20 3162 23 2849
628 4.1503325953169385 -3.329041240685036 33.191186114311009 154 147 137 0.52992243798241701 27 2441 21 2832 22 3031 20 3140 23 2830
629 6.2039834502196287 -2.406730285302316 33.962952652728134 64 51 46 1.0588746931169803 27 2444 21 2833 22 3055
630 3.9503594168399276 -2.3871268586406837 33.418889943818179 156 144 132 0.6025353477763965 27 2443 21 2834 22 3032 20 3142
631 2.7959895071848182 -0.58095577417254685 33.731904678586666 17 16 21 0.2307975662813479 27 2446 21 2836 22 3035 20 3144 23 2854
632 4.5933594889652278 -0.2013976287299131 33.731437696662162 156 103 91 1.1839099782401459 27 2416 21 2837 22 3036 20 3145 23 2831
633 2.9752718286788093 -0.016314787954832651 33.794577401252994 98 88 79 1.0576494467307569 27 2417 21 2838 22 3038 20 3146 23 2833
634 5.1475713737284492 2.1003980085622844 33.989995734727849 77 108 168 0.74792735381039732 27 2452 21 2840 22 3042 23 2838
635 5.1475713737284492 2.1003980085622844 33.989995734727849 77 108 168 0.74792735381039732 27 2453 21 2841 22 3043 23 2839
636 3.4706896934711837 2.3874729104270807 33.634105385931043 16 23 29 0.40986320000682336 27 2456 21 2843 22 3047 20 3168 23 2841
637 4.7075485434294695 2.2507928133208379 33.970238450158284 17 21 20 0.96121624960242569 27 2455 21 2844 22 3044 23 2858
638 4.7075485434294695 2.2507928133208379 33.970238450158284 17 21 20 0.96121624960242569 27 2454 21 2845 22 3045 23 2859
639 1.9665282016141856 3.329437210780982 33.680208680778463 16 17 21 1.1014757496154868 27 2458 21 2847 22 3050 20 3158 23 2843
640 4.5816293037262987 -1.2410848734824074 33.403856085372084 22 13 16 1.5623138028013095 27 2470 21 2853 22 3057 20 3165 23 2851
641 4.2393778563995097 0.65311457221254898 33.494221541248059 57 47 38 0.36362497969207158 27 2472 21 2856 22 3059
642 3.3949845599744686 1.877769890508564 33.690043143388699 146 130 105 0.29654872123377907 27 2475 21 2857 22 3061 20 3167 23 2856
643 5.9972442758669153 1.7838733023232141 33.535035125400128 75 68 80 3.0100020616650758 27 2450 21 2858 22 3060 20 3185
644 3.908331813105391 6.1988963737725156 32.836800592002433 175 165 163 0.39677491852204805 27 2477 21 2861 22 3064 20 3174 23 2861
645 3.8943853356973208 6.1891656696352557 32.771188789945711 175 165 163 0.09131812323975208 27 2476 21 2862 22 3065
646 1.367262510856138 -4.5604039403310432 32.874087765504932 55 43 29 0.67437035157655378 27 2479 21 2863 20 3175 23 2862
647 1.3609971354573149 -4.5517925340171885 32.843961940816918 55 43 29 0.50179850515707802 27 2480 21 2864 22 3067 23 2863
648 5.1782132468463784 -1.4019728507610338 33.285761068477761 86 76 67 0.86221635099733018 27 2469 21 2868 22 3068 20 3180
649 5.9725685766066468 -1.5273376771148139 33.411973745928115 14 13 21 1.6318047924297148 27 2468 21 2869 22 3069 20 3179
650 3.868098050872733 -0.42471963693571446 33.648523044139203 72 38 36 0.61583803552254779 27 2482 21 2871 20 3181
651 5.4892048132172739 3.2944016695872382 33.864915468419362 175 88 78 1.483198050000907 27 2484 21 2874 22 3076
652 2.5012108199115981 2.9927111325269711 33.808931774037568 20 19 14 1.6259805378538932 27 2486 21 2877 22 3081 20 3190 23 2870
653 2.5012108199115981 2.9927111325269711 33.808931774037568 20 19 14 1.6259805378538932 27 2487 21 2878 22 3082 20 3191 23 2871
655 3.1641516689027571 0.73517381168978657 33.544124106597302 48 38 29 1.0028588923995569 27 2491 21 2883 23 2879
656 3.1661049871059332 0.73403947337731801 33.544396470250369 48 38 29 0.89599336971668042 27 2492 21 2884 22 3079 23 2880
657 2.5489818173755436 6.0750824622668596 32.966288486929876 45 25 14 1.8131653008482229 21 2885 22 3088 20 3195 23 2882
658 3.9551075194985423 -2.9054877772298546 33.455671375431088 147 143 132 0.59701076310032664 27 2498 21 2890 22 3091 20 3198
663 1.0415007671488117 -4.2969134929876196 33.035233517403903 156 147 132 1.5054901361024264 27 58 22 28 20 85
664 1.0634200765894577 -4.2993440540430772 32.922185699047425 111 99 85 0.35386658525417286 27 59 22 29
665 1.7177511814530617 -4.3553189070482707 33.094299022110604 142 120 96 0.54520596446031333 27 744 20 94 21 63 23 31
673 4.0390686678525318 -3.0582827536936201 33.222973134436359 168 161 151 0.28296254274803911 27 113 22 100
675 4.8965203347835011 -3.1844197525550011 33.199183180324972 72 93 70 0.57380292261174526 27 787 22 115 23 1000
683 4.8803475861759269 -2.8547280039002274 33.223276138123559 108 131 103 0.8448654057524988 27 802 22 154 20 230 23 119
684 5.3138583429811295 -2.8155553113988407 33.094427671089953 92 80 54 0.43889698383990683 27 144 22 159 20 1298
688 3.9395795533093856 -2.5471242700574526 33.303184800460087 170 163 153 0.47775748826596415 27 161 22 190 23 135
694 1.5082345133806718 -0.94684607531775333 33.666078174030737 127 116 99 0.25261194053314079 27 184 22 234
704 4.0761796176156384 -0.57122358794535089 33.729034637234577 57 3 6 0.40223337389550023 27 201 22 279 23 203
707 5.6978892135260413 -0.60388026027451369 33.348227502181452 75 71 65 0.79633855123952058 27 208 22 291 23 1079
709 2.2945525816330594 -0.30758326802461944 33.688396982018205 26 17 4 0.2165716418581117 27 887 22 295 23 243
710 2.3010186092057547 -0.30826205622096758 33.718984275413035 26 17 4 0.42197516035513682 27 886 22 296 20 421 23 242
711 3.3404533063996555 -0.35531995814920952 33.89548251057164 180 153 151 0.04018797693326423 27 875 22 301
713 4.2258738710266934 -0.30069541487345408 33.725488755192679 20 4 5 0.11676651282042105 27 242 22 307
728 1.0190370298773459 1.1326695530339466 33.886387669764758 149 136 112 0.23378538155686679 21 1324 27 293 22 395 20 515
731 3.7501502781522649 1.0479559168412351 33.407081535668496 125 121 109 0.85861298246347573 27 284 22 400 20 524 23 1130
735 2.7109537428060211 1.3828301473051929 33.738895957189364 91 38 12 0.1887666457199389 27 309 22 422 20 1511 23 362
738 4.4370098789650925 1.3682058787571427 33.649637005944392 36 32 28 0.30978013939676391 27 305 22 437
751 1.8581056411905517 1.8144334958514856 33.679470765727011 81 70 64 0.17043900518386862 27 358 22 486
752 2.6945899085229934 1.7043551917832611 33.761289673295657 96 22 12 0.34354747225337551 27 338 22 491 20 580
755 3.8655449072653298 1.7692616582466216 33.567352082978886 71 50 29 0.0067105311960511203 27 344 22 501
756 4.0074845912216954 1.7513461963966412 33.644376166896613 167 149 129 0.43948196360268721 27 345 22 503 23 397
759 4.6970008808451382 1.7889724351014207 33.715309337667513 114 108 96 0.47922345483788803 27 350 22 513 23 453
760 0.84698277777775888 1.905369588972845 33.698368179761623 41 32 15 0.4600279486003484 27 372 22 518 23 415
761 0.87102346659347707 1.9100378694522711 33.842385106797266 41 32 15 0.59543386471577897 27 373 22 519 20 607
765 1.0365184552235323 2.2881908769752992 33.741791056775931 112 98 93 0.74977556974410875 27 1025 22 568 23 475
768 6.0454590342409249 2.378641762054166 33.919044047283158 64 60 64 0.23345902433297772 27 406 22 589 23 589
770 5.9851522911937654 2.3911439844551148 33.961217625428027 93 94 98 0.20747256709731132 27 405 22 629 23 588
775 4.1029400256827699 2.6713347067333224 33.596734308349895 67 60 54 0.55869960090238024 27 1044 22 664 20 1660
776 4.7151775678850676 2.8134567405626703 33.776458066356419 35 34 13 0.26082652645575832 21 708 27 435 22 666
781 2.0920501871255155 2.9495662271210015 33.760210344091668 5 2 0 0.82528656584221183 27 1073 22 690 20 871 23 619
782 3.0528895132127309 3.0200970226836268 33.64634620190585 116 106 94 0.61092421745056957 21 731 27 1077 22 694 20 873 23 1327
786 2.3397992248730413 3.4255584681435849 33.827014676508917 29 23 14 0.25960261826955627 27 473 22 754
794 3.2213010357284486 5.8346733153049257 33.015852792496993 58 57 55 0.68402379741378694 27 518 22 876 20 1038
796 3.2929957719224556 5.8536774042623128 32.969296171388478 188 184 185 0.36572360146748756 27 520 22 878 23 766
801 3.8534166703642616 5.7618003525026298 32.869355426335815 72 67 73 0.15694033271745592 21 882 27 1125 22 890
802 3.8883067535786258 5.7972776970578295 32.920129215964209 117 112 118 0.43068355940487291 27 508 22 893 20 1052 23 776
803 3.7935437763995976 5.8826995937973745 32.904302056195753 35 30 36 0.32237898935319143 27 528 22 894 20 1810 23 1881
804 3.9839338056740705 5.8707888682832783 32.835958328405503 98 90 90 0.46083871883136157 27 531 22 897 20 1056 21 888 23 778
807 3.5119317924506444 5.9676629188085162 32.93323912837856 78 78 86 0.20099460752586285 27 524 22 906
808 4.1300656209459943 5.9621267213819324 32.726691747358224 44 40 41 1.2629878954953648 21 907 27 535 22 913 23 800
813 3.070325312145274 6.2259778360898608 32.932000453883809 29 23 27 0.27851723556349384 27 567 22 939
820 6.9846536569682538 5.7375136826159627 31.492479163647527 31 25 15 1.1057784207428114 21 1591 27 1127 22 961
824 3.6750695252699805 6.291480761973899 32.840670753565561 87 87 89 0.2362876976022435 27 572 22 981 20 1120 23 1429
826 4.0413928042641256 6.3169570613362804 32.731105398552934 173 164 166 0.50429990507011491 27 1156 22 984 20 1125 23 841
832 3.5889897458555673 6.652996528547348 32.644078053214777 71 66 73 0.19555822921931509 27 658 22 1026
840 3.8654654328837639 6.781120873569515 32.555583598420824 78 73 79 0.21556307025954169 27 662 22 1057
845 1.3240496514605991 -3.9901073561487794 33.153251186767299 128 103 83 0.39909021330396649 21 82 27 749 22 1174
846 1.3488540433480298 -3.7282506622211473 33.009751104061912 78 61 47 0.39400200010003306 27 1264 22 1178
847 5.1351962850734436 -3.3631295947843447 32.97525366890406 65 72 60 1.01059794365936 27 776 22 1194 20 1957
849 4.3132350418627121 -3.3264748900559611 33.041647257903549 99 88 82 0.80233265794214714 21 1156 27 765 22 1202 20 1261
855 4.0291316220260454 -2.9280912349853088 33.295908036720469 138 131 121 0.68079631532250129 27 797 22 1224 20 1290 23 1010
857 5.0495566993139978 -2.993699400201991 33.239705970820026 46 67 46 0.69023401853026645 27 138 22 1230 23 1013
858 5.3246464677697682 -2.9591601590111392 33.046452892745599 120 109 79 0.64841999695658992 21 160 27 807 22 1231 23 1578
859 5.3904205363825799 -2.9112232891624723 32.939904588419282 91 84 55 0.59376715500016042 27 148 22 1236 23 1018
862 4.7557029106379787 -2.5944671312754095 33.333991001433148 124 115 103 1.0332737627437818 27 819 22 1252 20 1977 23 1594
866 3.8875731506009576 -1.2616668210252857 33.537185645068455 28 12 0 0.22619301862674954 27 831 22 1270 20 1343
868 2.4491938525308727 -0.98743203065689 33.470465745078307 72 63 48 0.45196393984360017 27 844 22 1278 23 176
870 4.037053676684935 -1.0059615293207473 33.529694472535184 133 112 50 0.50328145433960281 21 281 27 1307 22 1281 20 1988
877 3.9935733081361389 -0.79308632544602498 33.672747255178272 70 15 0 1.0220666143163935 21 1241 27 198 22 1300 20 364 20 1998 23 1614
878 4.5283136425562844 -0.92217418596112666 33.781784243003877 65 56 54 0.42555248058593637 27 852 22 1302 23 1060
885 2.3227354837533203 -0.33966656390547173 33.575576937063701 90 81 66 0.87273966329135022 21 351 27 1319 22 1322 23 215
889 3.5356182143724935 -0.27830364660968343 33.751924751039525 93 21 28 0.96002674467546001 21 362 27 1344 22 1327 20 1422
891 4.5277107498282581 -0.37267975426876082 33.72568634782737 89 67 60 1.5969541732980557 27 882 22 1332 20 1407 23 1098
894 6.2701970406156802 -0.36060410995400743 34.079977967937126 56 36 23 0.49055764302525001 21 381 27 228 22 1343
895 6.2062883313386932 -0.32808690699037674 33.66277307280081 69 48 30 0.32971931492996859 27 885 20 419
896 0.40883404783870902 -0.063348334264388295 33.730100795008973 149 140 125 0.41054330332327554 27 1700 22 1347 23 1639
903 5.3448620351716247 -0.064514306255518628 33.567798095091312 89 82 72 1.4148842899471938 27 250 22 1363 20 468
907 0.43617001266650185 0.28022261577294783 33.809404116056008 124 114 104 0.99102820206300724 27 913 22 1379 20 1460
908 2.6218314734604942 0.86990885661012174 33.75978554635563 58 45 36 0.59760037134114818 27 932 22 1383 20 1475 23 1127
915 0.64402158428036549 1.6739276794071025 33.793630997381094 108 93 75 0.54487459548325057 27 981 22 1419
916 1.9165088617701389 1.7032980317530586 33.774886746372594 53 37 21 0.94396425147705543 21 1353 27 966 22 1422 20 569 23 378
920 3.9557552932527122 1.7191824539270046 33.623831225209557 80 62 43 0.72710020832979383 27 1416 22 1434 23 1180
931 2.6261818212484833 2.2859488844507885 33.671217166178472 92 75 46 0.6954031210174797 21 1414 27 1027 22 1485 20 728 23 1235
934 0.3917828491948373 2.3282237761922304 33.836448357866523 56 52 49 0.34263118651663954 21 612 27 1465 22 1500
939 5.7485881534832366 2.4068109462154315 33.983577259985623 49 52 59 0.26374089105688259 27 403 22 1519 23 1795
947 4.6936404047560449 2.6484111427888721 33.852732762990563 96 94 47 0.23899095117749516 27 1045 22 1541
952 2.0613645616164007 2.9099101917557109 33.801173479922959 104 101 94 0.60430830613072384 27 1488 22 1557 23 1312
962 7.6039092036958653 3.1672945918374134 32.240682560536307 255 236 221 0.64758103952044177 27 457 22 1598
967 3.1251234527831877 5.8046078946331541 32.985577554517185 39 32 30 0.20223663048809706 27 517 22 1641 20 1020
969 3.9177803697973719 5.8586100993297503 32.903347852471931 103 98 104 0.44378749992970162 21 884 27 1134 22 1650 23 1407
970 4.0344405348341654 5.7350532923164312 32.91598288169083 34 24 32 0.33666297380332333 21 1567 27 1124 22 1651 20 1795 23 1882
973 4.2074332426217902 6.1299818366804084 32.627980373022858 181 167 166 0.05924007220524128 27 1146 22 1671
974 3.0922802479215892 6.2840938391421064 32.837557804630784 10 11 14 0.80449178496422225 27 1162 22 1676 23 1425
975 3.1303142371938013 6.3050145217410734 32.838833394321853 80 80 85 0.79731078077697137 27 1164 22 1679 20 1108 23 1426
978 3.4800656978126003 6.4285602612935397 32.738907609503443 141 141 145 0.17610535051112317 27 1166 22 1684 23 1437
980 4.0834927868301429 6.3189201000734982 32.724232590362213 45 36 41 0.40504276214510138 21 949 27 1546 22 1689 20 2247
982 2.5014103637922847 6.5658053126357698 32.781808600863812 142 124 120 1.4856083978170114 21 2000 27 655 22 1695 20 1856
990 3.9462968806294794 6.6276595208428084 32.637747292710948 6 0 6 1.1063589443214452 21 993 27 1573 22 1723 20 2267
991 4.1253459855774084 6.6323596966673719 32.524824999944997 128 123 129 0.95803513131050744 27 1575 22 1725 23 1919
992 4.1253459855774084 6.6323596966673719 32.524824999944997 128 123 129 0.95803513131050744 27 1576 22 1726 23 1920
993 4.2528434271674644 6.6066130085091723 32.501771960796184 100 96 98 0.92332445169373578 21 997 27 634 22 1727
995 7.0839375415281332 6.2710514186763904 31.379076490130345 235 196 172 0.87442801793820246 27 1159 22 1729
1001 4.1537364519174531 6.7574381414166522 32.338774446993156 52 42 43 0.381123146708367 27 1203 22 1736
1002 6.0758859776303318 6.6820729304213016 32.118701788750201 216 166 149 1.2180977561572204 21 1660 27 639 22 1739
1003 6.981430333574477 6.619611485220795 31.260269981205223 230 190 168 0.9652791579900567 27 650 22 1760
1014 3.7494924040509692 -3.2720486333919054 33.144176939056024 145 133 126 1.1867830208159382 27 1637 22 1812 20 2603 21 2322 23 1561
1015 4.2983096300458943 -3.390185644218477 33.148728811620934 157 149 138 0.6522871944444647 27 1272 22 1813 20 1961
1022 4.8896003391139882 -2.6234509579610243 33.326729825336663 148 140 131 1.0218231397078066 27 1286 22 1838 20 1310 21 214 23 140
1024 7.5533078269463401 -1.5571371681295283 33.025758012734769 255 237 223 1.6035806466758376 27 2135 22 1845
1025 4.5826321514147343 -0.94450766739655256 33.776469391301482 91 74 72 0.77188372855278331 27 1309 22 1853 23 1617
1026 5.1413484908984435 -1.0699344017812198 32.780347903633022 86 76 67 1.4444603400314531 27 1306 22 1856
1034 3.0381174371174557 -0.42126189713330264 33.751119535582042 143 131 100 0.83809931505234447 21 1273 27 1682 22 1884 20 2020 23 2031
1038 3.2768523156015799 -0.19542814130531919 33.672413014095362 124 85 52 1.4026197007582457 21 1275 27 1342 22 1894 20 1421 23 1642
1045 3.5994438665133068 1.8297883692464332 33.657111409917881 121 100 73 0.30246199967220172 27 1415 22 1949 23 1723
1046 3.5994438665133068 1.8297883692464332 33.657111409917881 121 100 73 0.30246199967220172 27 1414 22 1950 23 1724
1049 2.3871376105302935 1.9604060946463597 33.606278404709855 82 69 53 0.088271392807856564 27 1427 22 1961
1051 3.6567657048095503 1.949126945544204 33.682000466845928 118 92 66 0.56487591078413579 27 1429 22 1963 23 2110
1055 6.0385184421009255 2.0704101528017178 34.140154310103675 52 76 121 0.28790893617138352 27 1434 22 1971
1061 2.5749729531385959 2.3271671920907919 33.6437522912139 126 106 82 1.1371357777380848 21 1415 27 1790 22 1986 23 1770
1065 5.7697109592530609 2.3511511005168866 33.881188372943086 118 121 128 0.012949613580935482 27 1445 22 1992
1069 4.3444321369711449 2.403567548449542 33.550212342139957 79 78 75 0.71976615455030823 21 1424 27 1029 22 2014 20 1598
1073 0.5903934382847672 2.7513553859572939 33.784925867706903 8 8 19 1.1629088911454755 27 1486 22 2028 20 2164 23 1784
1075 3.7377540291126476 2.6577580050128402 33.60782454859141 37 30 24 0.7549704927415668 27 1043 22 2033 20 837
1081 5.8322869388961101 3.2474219979891665 33.770707514280026 151 130 119 0.12960373535959041 27 1494 22 2058
1082 5.5404093424845957 3.3952249437140085 33.796722861724255 166 92 90 1.0908986247301882 27 1499 22 2066
1083 5.8735759562449497 3.5037465512921999 33.687411067323858 105 100 102 0.39737090361003319 27 1500 22 2069 23 2187
1086 3.1442590580779441 6.038497546020194 32.945563233331747 88 78 70 0.41923284485660234 27 1140 22 2103 20 2230
1090 4.1354875643924487 6.2814329453508488 32.702360722666633 180 172 170 0.20731680553497589 27 1871 22 2116 20 2569
1103 6.9235471593582476 6.4427426382739066 31.585575391759289 244 202 158 0.91674248182349982 21 2026 27 1560 22 2156
1104 5.8667037222881282 6.7697207098040266 31.986556401417477 50 14 16 0.64089165257543712 27 1587 22 2163
1108 2.3473152047188113 -4.6262193697609506 33.157276054543189 87 67 43 1.050546888151092 27 1250 22 2197 23 1948
1109 1.3482652735757521 -4.2960829573792481 33.036926084308163 110 97 81 0.39937254487255758 27 1620 22 2200
1110 1.0221304954484269 -4.1330677622361662 32.904358174788548 106 91 78 0.34933818886132145 27 1258 22 2201 23 1954
1111 1.0625642550054604 -4.0488232933354462 33.052731695004148 104 85 68 1.3827112300858009 27 1262 22 2202 20 2300 23 1957
1112 1.4424975374970022 -4.0622171776573897 33.07108353252351 130 105 85 0.17703469270665823 27 1623 22 2203
1113 1.704359962093166 -3.8479501404753207 32.885834260023977 41 28 11 0.49971455460146164 27 1630 22 2205 23 1545
1116 3.7685927811821975 -3.0651717676013219 33.214978546614837 145 139 124 0.64545407872355698 27 1642 22 2223 20 2332 23 1985
1119 4.5299206756277286 -2.9405748624668711 33.17379911134978 203 198 191 0.65147368479847634 27 1646 22 2235 20 2335 23 2296
1120 3.6828266788467694 -2.5275072451458827 33.313414756945335 122 113 96 0.18603542589638242 27 1653 22 2243 23 2000
1123 5.6645492672682218 -1.209039595360079 33.187394736507088 92 84 73 1.3484487235665357 27 1670 22 2259 20 2619 23 2309
1126 4.9468779414556288 -0.39393750642120962 33.554036138258567 34 26 24 0.75093440749510498 27 1689 22 2286 20 2373 23 2328
1131 4.3681095197048023 0.79630706045709632 33.437207504522988 18 8 6 1.0585666329002403 21 1803 27 1714 22 2309 20 2057 23 2052
1132 1.5605621998019095 1.036531913920717 33.607799156403864 147 134 119 0.77220873278629509 27 2002 22 2311 23 2344
1133 1.6520950191522215 1.0661721692914288 33.605561280142666 101 84 68 0.43654095779587854 27 2003 22 2312 23 2053
1135 4.6914263557031148 1.1727284300472096 33.691667282091551 20 13 11 0.72237975750170336 27 1737 22 2315 20 2837
1137 4.0369162724261738 1.3442930479871349 33.638315350667497 62 42 47 1.1960856063742542 27 2006 22 2319 20 2413
1139 2.1369015722004159 1.4970301873987315 33.651118065905194 118 82 12 0.3608611345268567 27 1742 22 2327
1140 2.8148655355967929 1.4593488388955969 33.729726360970979 90 32 21 0.39276822351688662 27 2012 22 2329 20 2657
1144 1.5657187813943716 1.7344840252385396 33.873150128176214 146 121 106 0.11134791904329581 27 1766 22 2336 20 2415
1145 3.8800227324049339 1.7615140569225922 33.62463794161291 72 51 30 0.6310227773212167 27 1758 22 2337 20 2430 23 2090
1146 4.4292920680936012 1.6927606279469174 33.644220016203043 54 47 42 0.63798565150865649 27 1760 22 2339 23 2093
1147 1.1507277945349086 1.8819066581672204 33.841164115841529 138 116 88 0.75053822250372038 27 2019 22 2343 23 2087
1153 0.37771197897059328 2.2435028073277112 33.791967072497165 139 139 131 0.63590970010190973 27 2039 22 2355 20 2459 23 2365
1154 1.9682495998651508 2.2088496377531768 33.699986147150007 47 39 37 1.3548403431740064 27 1789 22 2358 20 2450 23 1749
1155 3.570163273992466 2.2180333006673405 33.648243431696336 21 17 12 0.10457903274977383 27 2034 22 2361 23 2369
1166 0.37164089707095055 2.5977502177700917 33.908112112682325 12 17 11 0.032464930893137567 27 1805 22 2379
1168 0.50285059433049684 2.7116493135890627 33.707572445130644 96 98 96 0.3804159319617188 27 2052 22 2381 23 2149
1173 1.3344911795951768 3.18152078283569 33.693614570322346 37 34 29 0.2674904167522118 27 2059 22 2397 20 2720
1176 1.7436673382328869 3.4580456735780301 33.588166793455585 48 48 48 1.9382111748103208 27 1824 22 2403 20 2511 23 2169
1177 2.0138236394147593 3.4578265060173683 34.23129360727421 37 41 45 1.2009066400012005 21 2443 27 1825 22 2404
1179 1.360035707089766 3.5648789008267228 33.686794666102188 54 57 63 0.86338655050709046 27 1834 22 2413 20 2518
1181 5.7402089914951393 3.6394042901932195 33.651879365130874 73 74 78 0.39004544275362729 27 1832 22 2417
1183 0.5952318378802518 4.9676942472792476 33.44655679720676 55 36 31 1.4187578104940683 27 2200 22 2428 23 2428
1187 2.9671470048398541 6.3205556726099701 32.868047818990462 116 103 102 0.48847407577857876 27 2092 22 2451 20 2776
1189 4.3123004455503793 6.2388186640456711 32.681106714202322 118 107 105 0.52782268954841416 21 2280 27 2089 22 2456 20 2779 23 2234
1192 3.5971568191787151 6.7350925093413361 32.654328486912959 106 102 103 0.23204992184051468 27 1583 22 2466 23 2247
1194 7.0110145968698641 6.2345723647774527 31.385294342442311 236 193 146 0.85706853447966935 27 1548 22 2470
1198 6.5520634278594372 6.7148421704205328 31.692974868743946 204 158 134 0.67344214932481894 27 1906 22 2489
1200 1.5782717782624927 -4.1668341727014129 33.041460145529847 131 109 88 1.3825568212056412 27 1925 22 2504 23 2279
1203 5.6093040503605591 -3.6728636449620771 32.568679896288103 62 66 43 0.77233655761728803 27 1633 22 2512
1204 4.3177479934896423 -3.4540461199783525 33.012655851385766 87 77 67 0.51396851803692511 27 1930 22 2515
1205 4.1906467174114148 -2.4315970867076717 33.381040267090526 95 82 73 0.68368510879279487 27 1944 22 2523 20 2614 23 2302
1206 4.1906467174114148 -2.4315970867076717 33.381040267090526 95 82 73 0.68368510879279487 27 1945 22 2524 20 2615 23 2301
1219 4.7987164084620577 -0.38442667566378086 33.523180590185682 123 80 58 0.53136660232243971 21 2123 27 1976 22 2553 20 2638
1220 1.6408260436836093 -0.083800606855162579 33.797840790516453 122 109 92 1.4485554859255731 27 2157 22 2555 20 2382 21 2126
1224 0.97847548783508465 1.1992638985333453 33.826519351759565 77 57 32 0.74841795927761723 27 1728 22 2566 20 2652 23 2064
1227 4.0090863019810277 1.7931625571497294 33.623532984429964 149 130 110 0.49764826906352944 27 2017 22 2578 20 2851 23 2539
1230 2.7136096164551509 2.1192341816370437 33.658899756373089 112 84 68 0.49783167832665925 27 2030 22 2589 20 2681
1231 2.70123327649002 2.1167655834119437 33.601849999211304 112 84 68 0.86803808398065063 27 2031 22 2590 20 2680 23 2368
1233 0.30868237926146525 2.1593110134469833 33.696391818699773 25 22 17 0.61725765013208256 21 2568 27 2038 22 2593 20 2856 23 2364
1244 3.653998316001692 2.8186513194025329 33.654490270457565 117 102 75 1.0249015919855935 27 2049 22 2615 20 2878 23 2563
1249 1.3012862566796879 3.4118795357345579 33.084599743807466 19 19 22 0.72823728842217683 27 1835 22 2633
1251 5.5977964542096954 3.6515834181086442 33.780211747142921 69 67 72 0.39512779032337764 27 2063 22 2636 23 2418
1253 3.5610171778026496 5.577459160675807 33.083552797763453 44 23 25 0.76749357351123426 27 2201 22 2652 20 2897 23 2578
1254 3.5264753746297162 5.6640391735420828 33.002913858425558 89 91 91 0.41388081797487569 27 2080 22 2653 20 2899 23 2579
1258 2.857453265668247 6.3362178113747767 32.801680975818961 77 53 51 0.99943059909216314 21 2479 27 1876 22 2666 20 2775 23 2441
1266 5.9347839391585362 6.7253520781709115 31.92578493580281 205 159 126 0.9782117441059619 27 2105 22 2681
1268 1.5232328632792245 -4.2529137291123931 33.003217293230257 84 62 42 0.77049254931178224 27 1924 22 2695 23 2277
1269 5.6105372311323238 -3.5651906961781803 32.827928075928504 60 69 38 2.0110652036207246 27 1933 22 2697 20 2922
1276 2.4510180375884709 -0.8285125528807602 33.46636970724068 153 145 136 0.22821541571313961 27 2144 22 2715 23 2493
1279 3.86097604465873 1.248314009363664 33.493447537924887 60 53 52 1.1840842606327366 27 2168 22 2743 20 2836
1282 3.1583486831236232 2.2020434891594185 33.694054554296436 150 139 117 0.92260670779813614 27 2032 22 2760 20 2861 27 2180
1290 4.9453142711598952 3.5102308620647369 33.447472206473371 107 90 88 2.7123893046419769 27 2197 22 2780 20 2890
1294 4.1163253272549598 6.352498362327931 32.650281655909168 42 33 34 0.19511053654745558 27 2213 22 2787
1300 6.1619913652064531 6.6626076656976947 31.850589081971538 144 121 118 0.54961072750609652 27 2223 22 2801
1301 6.6288051876283678 6.6523297462307331 31.765118975244153 235 189 146 1.1851415340427609 27 2102 22 2809
1305 1.5334060912483274 -3.4847014687022506 33.080370722080225 112 98 85 0.3445483876759069 27 2235 22 2818
1309 3.6571020594176438 -1.2260806273181839 33.599331340352947 68 30 26 0.5277572062501813 27 2137 22 2827 20 2808 23 2615
1311 1.4509985033396742 -1.0698439679808773 33.556439146330199 170 161 144 1.2569332772632678 27 2305 22 2829 23 2614
1319 5.373415386613817 0.020246455229148773 33.473156880876907 77 69 66 0.29082168681116477 27 2256 22 2848 20 2946
1320 2.8671455054441886 1.9742740807967141 33.692642711903467 169 134 52 0.49404077677754343 27 2273 22 2857 20 2849 23 2644
1322 0.77382641631393623 2.4153941169528488 33.505293200996114 23 24 20 0.26483106961586589 27 2279 22 2860 23 2654
1330 2.2407134597033518 3.5503319232205532 33.836091670572962 128 80 57 1.5658099964415262 27 2397 22 2878 20 3044 23 2727
1339 3.3543746186361934 -0.0068528660906721564 33.711547031345596 43 30 23 0.32421391913133735 27 2313 22 2909 20 3013
1341 1.9017216814520934 1.1057915703991925 33.872002603453261 113 100 83 1.3123425315189279 27 2323 22 2912 20 3017
1342 4.7420599022500616 1.062800577572597 33.144072055071824 26 22 19 0.37089295050097321 21 2657 27 2321 22 2914
1347 4.8418158481127715 -1.1878933009473551 33.020688632826754 76 66 57 0.23921857580114986 27 2369 22 2954
1350 3.9770211838401575 2.0108585280781357 33.781604601977818 40 32 29 1.1218853122682233 27 2385 22 2968 20 3122 23 2809
1362 2.6542234301574998 -0.15917666194827804 33.768850947554867 9 9 9 1.484205275774503 27 2415 22 3010 23 2754
1363 6.2769797217176189 0.21135663440894323 34.161173251656955 50 30 19 2.0633141907353685 27 2316 22 3011
1368 2.991282631004454 1.122762736162731 33.196630898720535 50 40 31 0.7567520061777897 27 2474 22 3040
1380 4.5315936417300433 0.065163847690625026 33.704783939117654 154 96 83 1.7618052314756472 27 2485 22 3073 20 3182 23 2868
1391 0.87923148738417711 -4.9247478609133504 32.893869964461501 174 150 124 1.0858821270827015 27 691 20 26
1392 0.95510069820967181 -4.9378126782491201 33.022183712195194 167 141 116 0.070662339412023004 21 1081 20 29
1393 0.95510069820967181 -4.9378126782491201 33.022183712195194 167 141 116 0.070662339412023004 21 1080 20 30
1394 0.091130147080254353 -4.7514072639038529 33.202068143683441 167 153 138 0.43930626332884531 21 20 22 0 20 52
1395 0.11789950206024266 -4.7175917060339758 33.143833785141666 178 165 148 0.68362951094477831 21 1095 20 53
1396 0.10639175562646661 -4.6976118669862581 33.206658926554596 141 131 114 0.85075746609272429 21 22 22 2 20 55
1397 1.5393887591422197 -4.7686985695261983 33.06092889472675 79 63 51 0.070061799029347727 21 24 20 61
1398 1.7900631008325449 -4.613657089951082 32.971045086103395 60 40 15 0.16222860815752727 21 1110 20 72
1399 1.2324455242570032 -4.480373320512105 33.280453392852856 158 148 138 0.081056027043341722 22 1152 20 79
1400 1.0328156631822276 -4.2419908391203185 32.990518172631532 92 81 63 1.5967729872648553 21 48 27 1257 20 87 23 1535
1401 1.3986920589235288 -4.3426963802650116 33.148358710329617 58 47 25 0.13583750647380491 21 54 22 1162 20 89
1402 2.1952023191772279 -4.1696627631971133 33.182217300835212 43 30 13 0.18351745782732143 21 74 20 109
1403 1.5659600507141198 -3.7863860490469028 33.49230733372449 56 39 24 0.34317131550761565 21 94 22 57 20 125
1404 4.5151952454418911 -3.6168474379316011 33.061762025767038 57 49 39 0.31175453300002881 21 98 20 130
1406 4.4160400994900213 -3.3977478191902368 33.072578224353734 88 81 73 0.41026821816203707 21 112 27 766 20 149 23 63
1407 5.2784281558793884 -3.3854617331815349 32.857684720483874 18 28 19 0.9600427539806986 21 118 22 82 20 156 23 982
1408 5.3252072650533488 -3.3982345318768901 32.883144399729389 109 120 109 1.1349757969213883 22 83 20 157 23 983
1409 4.2358677304178833 -3.2932903677671628 33.187361738620545 150 142 134 0.74947005571652414 21 128 20 163
1410 4.3111275860242451 -3.2867095031771645 33.026380267289305 202 195 187 0.043332439343638583 27 767 20 165
1411 4.8711623314712602 -3.2715744266734101 33.05956694027158 74 88 70 0.3778328786645283 27 775 20 175
1412 4.8912423743993205 -3.3296118800580579 32.923931336434329 92 96 90 0.32247222644297724 22 93 20 176
1413 5.4937623319346978 -3.1075255539082067 32.970757588370653 134 119 90 0.46229798782466097 21 162 22 1216 20 183
1414 5.6981590458807982 -3.0940601476804344 32.996485201298093 26 22 26 0.95447220277949318 22 126 20 184 21 1182
1415 5.5110806929857015 -3.0656302265952848 32.90673723953109 25 18 5 0.91409057798828408 22 1217 20 204 23 1001
1416 3.7345061497531669 -3.0040043606607649 33.397502573459711 76 68 57 0.38513083915387136 22 131 20 212
1417 3.7345061497531669 -3.0040043606607649 33.397502573459711 76 68 57 0.38513083915387136 22 130 20 213
1418 3.6131004225052408 -2.998623804847135 33.399667561072746 95 84 67 0.63478374285204464 22 128 20 214 21 1184 23 98
1419 3.9317096726954657 -2.9819805927378615 33.197405991805233 93 87 76 0.6455747873008848 21 179 22 138 20 217 23 1008
1420 3.9140310137473837 -2.8988025685879695 33.234552957882016 130 123 115 1.1132423021299849 27 132 20 220 23 105
1421 4.672893768900634 -2.9731384515561201 33.16754319104701 130 126 115 1.0877712442315062 22 149 20 225 23 110
1422 4.7630745617793275 -2.8805413899837031 33.142308651905793 91 89 69 0.89246561502027477 21 190 22 153 20 228 23 115
1423 5.5489700101134183 -2.8530086336731175 33.030427760498227 24 16 5 0.82300758565327126 22 164 27 151 20 240
1424 4.4685659937666804 -2.7923411345554747 33.176848063272857 102 94 81 0.88649685545233869 21 186 20 249 22 1245 23 130
1425 4.541118534842659 -2.7485437682367264 33.156511440867426 86 79 69 0.16088421651540594 21 206 20 250 22 171
1426 4.6735457638029247 -2.6803730979298956 33.075038777607425 75 86 71 0.075043025889305143 21 210 20 253
1427 4.8227257236198531 -2.7442564959373179 32.944994316773652 130 141 125 0.15769081886011566 22 174 20 256
1428 4.9294468501758191 -2.6018694077404527 33.055869437173705 104 99 85 0.14639732662297228 21 216 20 261
1429 4.1365419575364335 -2.51446283539449 33.270005135695065 102 90 77 0.26931138542096034 22 191 20 274
1430 4.3806964572178355 -2.5493780235642602 33.20682049162064 97 88 73 0.59575432031815445 21 226 22 193 20 277 23 137
1431 4.5517897437246573 -2.5853441167176707 33.166914635253612 96 90 74 0.30780972092360048 21 211 22 195 20 280
1432 3.5736293095866873 -2.15260446664659 33.472496290347166 139 122 102 1.4124798879936624 21 242 27 824 20 300 23 1034
1433 5.6534950034435481 -1.5591063595985817 33.42852011166778 39 33 34 0.19758049178990822 21 253 20 313
1434 5.5591438346250621 -1.3809405819999605 33.25059279079079 52 41 34 2.0731872317459223 21 255 20 317 23 1043
1435 5.5006206495448611 -1.3443081899858962 33.298538965421336 54 41 32 1.4272394043537326 21 1229 20 319 23 1042
1436 3.7722367652606343 -1.3488433496981758 33.62059519395148 42 22 17 0.30401815143207989 21 262 20 324 22 1269 23 1039
1437 3.7482626357821083 -1.2469134811283762 33.560565515062812 201 158 107 0.16153657676649155 22 225 20 326
1438 4.5914854460921797 -1.0016021407057774 33.651462275777838 44 33 24 1.6681072756344697 22 1283 20 338 23 1051
1439 5.3329942738878557 -1.0784963381228656 33.406781923901988 79 68 61 0.35405958206041066 21 292 20 344
1440 5.8935121398483927 -0.98744958858922649 33.260677437600584 158 149 145 0.24205401389475806 22 247 20 352
1441 1.5949661042247831 -1.051120371460009 33.966360970730285 122 109 92 1.3650519049258334 21 1234 20 357
1442 2.5593994086316374 -0.87479163169885743 33.544779335452446 81 80 70 1.374000988200357 22 255 27 845 20 358 23 1058
1443 3.7604973165497722 -0.88612669568586855 33.604940123035924 141 109 115 0.677981345469856 22 256 20 359
1444 4.0652146658996999 -0.60727921567627519 33.468918294823624 111 46 41 0.47014376551017023 21 333 20 388
1445 4.233102737646381 -0.63971343058894914 33.480397220084889 55 10 0 0.21041677406657119 21 334 22 1315 20 389
1446 4.2536121852206072 -0.64815637376667024 33.669855953969055 55 10 0 0.82846723436576486 21 335 20 390 23 205
1447 4.2431247256119002 -0.57959594544311122 33.502685765014562 106 52 45 0.24922677303324484 21 337 22 283 20 391
1448 5.7846607949182252 -0.62637067957802306 33.463337974608692 54 53 59 0.50599275324872173 21 321 22 290 20 396 23 1081
1449 5.8905651480494567 -0.58205101082727273 33.221420176431074 127 129 87 0.69523354252122738 21 346 22 293 20 401
1450 3.5479422893265857 -0.37312548289915509 33.552342055779548 77 17 22 0.23742514571543358 21 361 22 303 20 406
1451 4.6980047730239383 -0.41100373952703784 33.572759353991721 132 101 96 0.5878807044245089 27 221 20 411
1452 5.7244113061817528 -0.39326185750429343 33.438845028405837 120 112 109 0.40113648129482538 27 226 20 414
1453 2.9215616714182628 -0.32257159974072713 33.715174085776411 145 144 138 0.18781616579929911 22 297 20 425
1454 3.3070425541174147 -0.30704981068276871 33.810093101887979 116 59 55 0.35593907990401341 27 232 20 428 23 1105
1455 3.6083927584154578 -0.10811127082327976 33.708004248005814 63 23 2 1.0206936223700056 21 392 22 327 20 432 23 1109
1456 3.5854562285178861 -0.1076642281170489 33.536880260710952 63 23 2 0.1889357488560536 21 391 22 328 20 433
1457 3.6573379009077427 -0.31377944194765706 33.457581272092462 74 17 17 0.50270957282439654 22 306 20 434
1458 3.7548834088034178 -0.13936024210473294 33.791527771249214 88 17 11 1.285719617242769 21 397 20 436 23 253
1459 4.3665733799077397 -0.27961630350128763 33.739566557153559 77 52 47 1.3731062461453603 21 367 20 440 23 1111
1460 4.4522747615265796 -0.30570642938876713 33.421641049573672 139 98 90 0.37591594825247893 21 368 20 441
1461 4.6670670565450623 -0.27271211858785865 33.458421050269742 117 68 54 0.09489584904495825 21 1284 20 443
1462 4.6943204800224532 -0.22173369463061188 33.660994038919959 119 76 60 1.2205585769956853 21 369 22 1360 20 444 23 1647
1463 2.5358146995029114 -0.11083857967868782 33.728326654839968 47 46 41 0.92151193919877483 21 1291 20 453 23 1640
1464 2.8276629468671794 0.044742251059987685 33.734825370854622 69 55 39 0.26472210537630214 27 255 20 455
1465 3.1103443187765372 0.061018853711845594 33.609785985547184 89 68 51 0.25159605784721667 21 1309 22 352 20 456
1466 3.4364033941610375 -0.022768139582997272 33.536058979688065 34 20 0 0.071721886591835052 21 390 20 459
1467 3.9226905715905862 0.047629103483492072 33.730123391631402 58 20 1 1.2623994546624975 22 355 20 461 23 276
1468 5.1126307132723454 -0.001615305490787491 33.354322061197593 115 111 102 0.47481314883387338 21 407 20 465
1469 5.0814700530656181 0.10471319147598589 33.551711436878385 104 97 89 0.80273364379826251 21 433 22 361 27 1359 20 466
1470 -0.15715286479151011 0.29369768719061229 33.794525774251973 93 86 76 0.7638472398996925 21 1302 22 1376 20 474 23 286
1471 -0.15715286479151011 0.29369768719061229 33.794525774251973 93 86 76 0.7638472398996925 21 1301 22 1377 20 475 23 287
1472 -0.11066815094060334 0.13826255320769179 33.920254868780553 43 30 24 0.20355417119252187 21 414 20 476
1473 -0.11484625234473822 0.13610953654706598 33.963198400451326 43 30 24 0.36314159334665702 21 413 22 345 20 477
1474 -0.00049286736791200384 0.26628361518746185 33.949260843594544 197 184 175 0.29410668427582976 21 417 20 479 22 368
1475 1.9530494146600537 1.2325501441814837 33.97947969597746 91 72 51 0.16655848977944038 22 414 20 517
1476 2.5562668963140007 1.2321370640910416 33.819132027322858 179 154 141 0.38949610794522965 21 491 22 417 20 518
1477 2.7338103236845726 1.0753678252507264 33.769320334562018 165 128 102 0.77942518095142788 21 461 22 396 20 519
1478 2.7254469979179712 1.1565895159175708 33.77436620821063 126 77 49 0.39969092160437736 22 1389 20 520 21 1325 23 1136
1479 4.060509818501842 1.2016634960175629 33.765639770405116 104 97 91 0.050048630348152573 22 429 20 528
1480 4.3094363086685794 1.0685237884216936 33.697479908494223 40 41 33 0.45010722188652635 21 1332 20 532 23 1139
1481 4.4116789881732892 1.2408749863601525 33.741381764116412 93 93 93 0.82389232564978276 22 435 20 533 21 1344 23 1142
1482 0.92868985448019226 1.3165123965406278 33.92984947607922 98 69 38 0.069838731778786189 22 1395 20 539
1483 1.2836017028601057 1.4876006170157152 33.842226825382355 99 65 29 0.20134124411498291 21 509 20 541
1484 1.4389180517913942 1.4891909695529346 33.706172745319087 102 69 35 0.35866087920249401 21 513 20 543
1485 1.8556711113253219 1.4389060125130047 33.875371493384705 55 28 9 0.36662629120532858 21 481 22 447 20 551
1486 1.8845519966725799 1.4114544020299753 33.754603297618935 105 80 66 0.64196164753389973 21 482 22 448 20 552 23 355
1487 1.9817466169721114 1.3879905065704876 33.826382216818885 83 67 58 0.54588562018129305 21 485 22 415 27 950 20 553
1488 2.5378864066827007 1.3689279054105596 33.684376284244692 60 39 33 0.80770010820906391 22 421 20 555 23 360
1489 2.8688991444683016 1.3492067682444602 33.73089764259354 62 21 2 0.13219944478857593 27 956 20 556
1490 2.7851215171031534 1.4040827800029212 33.713853888615837 68 34 8 0.28874831486036145 22 424 27 311 20 557 23 365
1491 1.2974297790346141 1.5465441206248887 33.812646685219619 85 54 13 0.27458976060748325 21 511 22 443 20 567
1492 2.7282033904508487 1.7003391149116027 33.764420301677667 168 101 83 0.61905462773531894 22 492 20 581 23 386
1493 3.4248460247683674 1.6285087427625291 33.842826431947238 112 105 98 0.28946493933965711 21 525 22 461 20 584
1494 4.1673801887137616 1.7185722197017781 33.72720842050667 84 69 46 0.53992814869088024 22 505 20 592 23 1183
1495 0.86843049283678986 1.8047245958215288 33.75540337914201 128 104 81 0.70688349374001247 22 475 20 605 23 1163
1496 1.1607462458220354 1.766559635764781 33.849097827032743 142 112 88 0.080956984332473739 21 535 20 611
1497 1.7682979794798024 1.8624477139171589 33.665356344210871 44 37 29 1.93329658520494 22 529 20 615 23 427
1498 2.6582290965504756 1.9941953789026308 33.722492053813788 110 70 56 0.45425075841494766 21 589 20 618
1499 2.794729126808333 1.8871323058815737 33.774262122100673 124 94 54 0.031799440865323395 21 1373 20 619
1500 3.5093797978572754 1.7780287959550101 33.705325576899973 108 88 61 0.23871740507115358 21 555 22 498 20 623 23 392
1501 3.7505982223189323 1.8529453511060128 33.506886979159702 157 131 107 0.58157986818497942 21 558 20 628
1502 3.7537417953413512 1.8981357084873911 33.618337173464262 66 41 18 0.64550413691509401 21 560 22 549 27 363 20 631 23 1208
1503 3.9744865338050941 1.8752209507826569 33.608115633396878 39 21 7 0.44793029721169986 27 366 20 633 23 442
1504 4.2377454463268371 1.8350472641382758 33.69997527545128 77 70 17 1.150416810105461 22 509 20 635 23 447
1505 4.4332029388046985 1.7655890533198642 33.689040757428707 163 161 151 0.86257492799153768 21 566 20 636 23 1210
1506 4.5082182254265746 1.8578349629590531 33.445034491162438 99 97 86 1.0972585793204666 21 567 20 637 22 511
1507 1.1603715899058715 2.0599887484714103 33.837846807501343 57 54 45 0.27094174053667242 22 526 20 668
1508 1.4254594860581868 2.2256198380159016 34.058480004792465 94 91 86 0.56479294911157663 21 1411 20 672
1509 1.749506591544925 2.1201802803518772 34.082963507889431 31 24 14 0.44517551269789279 22 1480 20 679
1510 2.1421689166953954 2.0403083323464957 34.181616265139354 68 56 44 0.29097310293874307 21 587 20 681
1511 2.5944585448681852 2.2011608147357014 33.774884244984555 127 109 86 0.33730745635746978 21 624 22 581 20 686
1512 3.3260717254517433 2.1894685626358728 33.666728462411733 18 9 4 0.066551486212936134 27 393 20 690
1513 4.3572895377172154 2.1240395689775013 33.419684749468281 105 101 101 0.51378143613149718 21 599 22 552 20 693
1514 4.3770888529038308 2.1748709284222758 33.560363582592089 24 20 18 0.77055193880668915 27 399 20 695
1515 -0.78101050944355366 2.2779800213047872 33.579768158781832 127 121 116 0.92470671618300271 22 597 20 701 23 1220
1516 -0.51015299919954349 2.1808953745164734 33.750018884029664 138 134 126 1.0855423311051569 21 1854 22 1468 20 703 22 1973 23 1732
1517 -0.50950131139033927 2.1828618855118389 33.748394893363304 138 134 126 1.5169992388759186 22 1469 20 704 23 1733
1518 -0.53067783894712828 2.2162562700934214 33.576579431769439 24 21 13 0.59059536002672808 21 606 20 705 23 461
1519 -0.39282374488939531 2.179229669443612 33.707990671672853 143 139 128 1.2655449251285311 22 1472 20 706 23 463
1520 0.090286459948617059 2.2429667831710058 33.756490994928306 11 10 6 0.17982454320291474 21 610 20 713
1521 0.13824724097519506 2.3713269033595776 33.802884156755866 89 85 82 0.33196836789614392 22 603 20 716
1522 0.69100482405935315 2.2206981260826457 33.787522138247873 107 100 91 1.8497817389397007 22 1478 20 722 23 1228
1523 2.6891627080965166 2.3881779107140839 33.726044731200453 130 109 85 0.10555418053698117 22 619 20 733
1524 -1.4768223833476377 2.3928477734166811 33.57285602205932 115 112 107 0.061948463463523729 22 594 20 751
1525 -0.61859407125975852 2.4114796189014593 33.741677524581561 78 80 77 0.0090063500749116374 22 599 20 753
1526 0.55342246934182249 2.5126905074598174 33.7878239599222 76 71 59 0.098603908189953543 27 441 20 760
1527 3.7016810012835997 2.5975206086389266 33.680095566114069 24 0 0 1.0184356743676461 21 667 20 777 23 584
1528 3.7012811594934192 2.6400959529282728 33.651076128108421 82 50 40 1.2215034963053217 27 431 20 778 23 2152
1529 -0.28436232133035144 2.6359007519858859 33.717770543578943 21 22 14 0.5494875050855621 21 1453 22 647 20 813 23 518
1530 -0.0098001765542766808 2.7187417553019113 33.72017630275888 55 55 55 0.48812488273857868 21 1454 20 821 23 1291
1531 0.056772504357959247 2.6677957196518998 33.740012342449937 2 2 2 0.0075295942822863546 21 691 20 822
1532 3.4815713933259369 2.8087306804232517 33.451303435420584 59 39 15 0.23768300630531686 21 1462 20 835
1533 3.6767148571709072 2.7686565870419031 33.510418193350667 104 81 68 0.083889899053326611 21 705 20 841
1534 -0.96457895691990159 2.7788644587271101 33.457334642566636 16 1 6 0.29507576492871473 22 678 20 862 21 716
1535 0.10652554136902467 2.8649677554954049 33.71668956279867 56 60 63 0.86315885327758934 22 685 20 867 21 724 23 1294
1536 0.10366473668164632 2.8547177598097524 33.581178022264858 56 60 63 0.3469230697784389 21 723 22 686 20 868
1537 0.24245059413092498 2.907790130550862 33.83224227096369 2 6 5 0.49220269907389258 22 687 20 869 23 611
1538 3.2104962548456308 3.0331459253512789 33.646922482441489 138 116 98 0.29758533213451838 21 1475 20 875 23 1328
1539 4.5792294950979535 2.980257758309921 33.767505073977759 112 114 109 2.1670017588958181 22 703 20 882 23 667
1540 -0.70001536930655783 3.1409376983656925 33.411769722702566 1 4 3 0.39327624065065619 22 747 20 895
1541 -0.23076286220259246 3.2188961654622514 33.472999964633516 47 51 50 0.73885767335094632 22 1588 20 897
1542 1.1665332378905056 3.156363746961762 33.429423193226746 62 59 54 0.42837485051927443 21 1488 20 901
1543 3.1555707633807573 3.1446248133451054 33.6328363926836 92 74 57 0.50990765197135579 21 756 20 905 23 656
1544 3.2722238909825161 3.2071831719105766 33.59683460079772 78 52 33 0.33277718880237717 27 462 20 906
1545 -0.0079230102260975464 3.3605257480683544 33.307153369900632 42 41 37 0.388875789523908 22 753 20 928
1546 4.8210050651218728 3.2160605177163375 33.119786533413752 60 37 23 1.6704726896165838 21 766 22 730 20 935
1547 2.5668743934793952 5.4096377602175973 33.198834372316107 120 91 75 0.21530771140263169 27 1111 20 1000
1548 2.5521635236215809 5.390119755987608 33.056599454179988 120 91 75 1.0656296193940817 21 1546 20 1001 23 1376
1549 3.6700874772745546 5.590730824330139 33.031313196706385 90 79 83 0.15177833340809438 21 860 20 1006
1550 3.8352858333567297 5.60215513968972 32.985214627514289 96 89 94 0.24582212845219389 21 868 20 1008 22 863
1551 3.0746031333869577 5.7517707969723881 33.106146368151116 42 23 16 0.05422030168005261 21 1555 20 1018
1552 3.0542540477831581 5.7877108833396287 32.990816825762792 34 15 9 0.60137633627717502 21 872 20 1019 23 1388
1553 3.4125229291079813 5.7629623684400242 33.021469971132028 92 81 79 0.15198649331531891 21 876 22 881 20 1021
1554 3.4127446662912937 5.7608719627524598 33.015055039378971 92 81 79 0.07691448308861662 21 875 20 1022
1555 3.6023826467846058 5.6513927794540919 32.985781767844728 47 38 41 0.15220468472117732 21 864 20 1023 23 750
1556 3.8344699987356505 5.6771804744004202 33.014110279430376 93 91 92 0.16920500538584271 22 864 20 1029
1557 3.8466027728296219 5.7199672332036622 33.009584223539342 125 123 124 0.17216287637878896 22 866 20 1030
1558 4.0203738781043263 5.6835429884452182 32.976592575820092 107 103 101 0.27470857436432772 22 869 20 1033
1559 3.1623198020025645 5.8835714613035499 32.980204757436837 15 9 6 0.066116075360094589 22 1642 20 1039
1560 3.1598510575123631 5.879474739898102 32.952362421631932 15 9 6 0.17238525552135422 22 1643 20 1040 23 1875
1561 3.4741598357909527 5.9073334897080088 32.928841209477987 31 26 30 0.092231361881072949 21 897 20 1047
1562 3.7355738106291803 5.8320776003863521 32.98173643217865 111 111 109 0.34176864476537039 21 878 20 1048 22 889 23 771
1563 2.8109137728554443 6.1042052042433372 32.919957280212081 110 96 96 0.27259627148764237 21 915 22 930 20 1064
1564 2.9045128780133189 6.1237936798661687 32.869730361685285 39 30 34 0.11627727357160832 21 916 20 1065
1565 3.102359228266903 6.117041159704578 32.891658840007054 161 153 150 0.33229705981556645 21 922 22 941 20 1066 23 787
1566 3.3288577977966276 6.0504229736927542 32.902151976741095 59 59 61 0.0067757998014043204 22 907 20 1068
1567 3.2764850687931042 6.1099329870686923 32.917093520051168 75 77 72 0.67242655707842658 27 545 20 1070 23 791
1568 3.3039105978226591 6.1207352684886773 32.842528545776602 145 145 145 0.13305681834121039 21 926 22 1667 20 1071
1569 3.3708145101652707 6.0677149022376389 32.934189515616531 99 97 103 0.52765484340076074 27 546 20 1072 23 790
1570 4.1688255404962415 5.9433043356540107 32.778226266502671 73 69 73 1.032958598206571 27 534 20 1078 23 801
1571 2.8471153194190881 6.1679638755444239 32.807616869486374 27 17 23 1.0215795520607174 21 919 20 1083 23 782
1572 2.8362187706619348 6.2749625581753046 32.870987540145784 110 94 84 0.013064098892552951 27 584 20 1085
1573 3.0669990711212969 6.2652267337419136 32.864890710621843 77 77 79 0.67783372382137286 21 934 20 1089 22 940 23 808
1574 3.2816114875956521 6.1633128549682779 32.910052827261872 35 34 39 0.12675658180802082 21 927 20 1091
1575 3.4411219067932755 6.1816678806449001 32.700287478451308 35 30 36 0.74626290800790718 21 929 22 949 20 1095
1576 3.4604308934958583 6.2450009493148446 32.850239187617994 86 81 87 0.51136086931126823 22 950 27 570 20 1096 23 817
1577 2.6362984717164797 6.3801342561187271 33.005297701135625 19 8 4 0.59066695423439508 21 1595 20 1103 22 2109
1578 3.5882667229766367 6.3020140285411586 32.840713178314843 164 163 168 0.95494995395993398 21 944 22 980 20 1117 23 1428
1579 3.4489781299871982 6.4283699838345978 32.810388949036543 18 17 22 0.29241971299108549 21 966 20 1118
1580 2.4668073900330363 6.6072900286370677 32.965774422274272 79 62 55 1.6024955779520615 22 1012 20 1129
1581 3.5439981269133418 6.5443663225277557 32.700548345711169 25 24 29 0.44814420063553534 21 974 22 1000 20 1135 23 861
1582 3.6567651395027356 6.438267746230899 32.682343227543448 122 121 126 0.22218985889992793 22 998 20 1136
1583 2.6651544341475084 6.7305114652585907 32.816777956420502 169 157 153 0.099134452031785045 21 1637 22 1018 20 1143
1584 0.066815734730416604 -4.8451809876129195 33.097470922630748 215 210 201 0.29435704905762849 21 1074 20 1176
1585 0.13056120818649658 -4.9137855713527268 33.381589741034333 218 209 200 0.13758589557734202 21 1073 20 1177
1586 1.0869354843787498 -5.0078923911107101 32.930335239531459 164 135 108 0.92113572250273246 27 16 20 1185
1587 0.9063126852408252 -4.8842228612494374 32.895716748703279 109 83 58 0.28416183063326578 21 1077 20 1189 23 935
1588 0.87719563112404719 -4.8648477794112326 32.984583408932728 160 135 109 0.12572621324803013 21 9 20 1190
1589 1.0449548031499161 -4.8928152393923012 32.962508942231196 121 95 70 0.085451475315566822 21 1088 20 1192
1591 1.1200558358803916 -4.3980943273959552 33.115258498320415 154 140 134 0.083862137353124339 27 1254 20 1215
1592 2.1266642340682518 -4.109706738725885 33.046191027882749 39 26 10 0.66266609624184292 21 75 20 1230 22 43 23 970
1593 1.2213177773329942 -3.8597756187488828 33.447216343893324 74 47 36 0.23180728819405433 21 1136 20 1239
1594 4.5081365762303731 -3.5690077194307399 33.022857903744686 124 115 106 0.87205213242432089 22 74 20 1242
1595 4.2067822271797208 -3.5413260700487053 32.9790366954254 46 39 29 0.93444715761241082 22 1188 20 1247 23 50
1596 4.8155911923076582 -3.3723157352112296 33.030615935420023 97 89 89 1.1465914610717354 27 771 20 1251 23 989
1597 5.2279076300697778 -3.3624576760798628 32.855425407730685 16 27 16 1.2656430740164144 27 779 20 1256 23 1555
1598 5.7208608097816871 -3.2897505604503769 32.934556971372224 78 78 80 0.90964692032974015 21 1720 20 1260
1599 4.4450638748681914 -3.3594156756202902 33.006699453166078 192 183 174 0.60997104068642094 21 1149 22 1203 20 1262 23 986
1600 5.126646746349695 -3.238738477638162 33.137605269588569 44 61 45 0.04878354675501051 21 1165 20 1265
1601 5.7766384308295562 -3.1306259713391333 32.8819236985331 13 13 13 1.5547414543256672 21 142 20 1268 22 1219 23 1565
1602 4.6945657685155444 -3.136087119909535 33.021086844803797 121 150 122 0.40580106670186183 21 1175 22 113 20 1279
1603 5.4811215317795963 -3.0351625811020795 32.926724441155763 92 89 62 0.51959965755747772 22 1218 20 1281 21 163 23 93
1604 3.7079172417856716 -3.0294510885848545 33.251567867647559 131 123 110 1.0866179483994289 21 1169 20 1284 23 1004
1605 3.6644165440386467 -2.9105263558809824 33.302307720200204 79 69 59 0.48100181983416462 21 174 22 129 20 1286 23 1005
1606 4.2115879703228067 -2.905579318441581 33.141362684174304 99 89 77 2.0645754330332071 22 1226 20 1291 21 1732 23 1992
1607 3.7191089757072575 -2.8449554612738552 33.32642222477147 124 116 103 0.49369775305184938 21 176 22 167 20 1303 23 127
1608 3.6604251177705471 -2.8173565047553959 33.245244318611206 116 106 94 0.76162373141637596 22 165 20 1304 23 128
1609 4.868287271611603 -2.6153363681383777 33.16862997211004 123 128 110 0.5556686525993636 22 1839 20 1311
1610 6.0641771058368157 -2.5765546473126713 32.645429677532356 69 54 35 0.48331782242919163 21 1738 22 1248 20 1318
1611 4.5183454756219614 -2.6204799657826525 33.199341126440544 60 54 39 0.31016950219918998 21 1202 22 194 20 1323
1612 4.9848092328668825 -2.5717612282298448 33.037342630162598 58 42 29 0.46258190692470641 21 217 20 1325 23 141
1613 3.6015859835875093 -2.2737248102015468 33.44450065476795 70 58 32 0.40628137608545273 21 233 22 1254 20 1332 23 1598
1614 5.5976383801368792 -1.5786280092347156 33.24245761479839 31 23 21 1.4515924851554951 27 179 20 1336 23 1036
1615 3.907017325222911 -1.2724877453481247 33.675281256727651 23 12 0 0.739014784293752 21 265 22 1271 20 1342 23 161
1616 5.8933172287141771 -0.91194465238186739 33.383555684709059 86 78 70 0.35989750402805848 21 300 27 194 20 1358
1617 5.962553445118794 -1.0098063012377367 33.322845762612573 81 71 61 0.89841187425560753 21 1238 22 1287 20 1359 23 1054
1618 1.5482278811346102 -0.91023073086942408 33.95632132582849 171 160 142 0.28417908330859221 21 276 22 251 20 1360
1619 4.2369345540146561 -0.92670915714281155 33.63202347447546 22 10 0 0.64651017492244622 21 285 22 260 20 1366 23 184
1620 4.0889831306593809 -0.85860713749020656 33.498492818891961 75 43 20 0.081089376471661562 21 313 22 1298 20 1367
1621 4.0889831306593809 -0.85860713749020656 33.498492818891961 75 43 20 0.081089376471661562 21 312 22 1299 20 1368
1622 5.702780537153922 -0.84708968310363764 33.361228525648038 51 47 0 0.40374824835088929 21 1253 22 265 20 1377 23 1065
1623 5.6716426121623122 -0.80274724355587446 33.381032006461048 98 93 61 0.59698656129479999 21 1252 22 1309 20 1378 23 1066
1624 5.7626289306546576 -0.84666262091642208 33.351300897101638 57 54 1 0.37586609689717054 27 195 20 1379
1625 3.9704785570704684 -0.73130222770751241 33.597157440164835 121 56 64 0.20256104681953691 27 199 20 1387
1626 4.1910978181696805 -0.5728814393247359 33.478647929260866 64 6 4 0.16199758272325115 22 282 20 1389
1627 3.9610267940613038 -0.41552927951256557 33.696865716522375 36 9 5 0.67996416687520655 21 1279 22 1328 20 1403 23 1090
1628 4.271910381070283 -0.54359936392004726 33.676713596990005 68 3 1 1.4196592276030193 22 284 20 1404 23 1095
1629 4.4071401959734668 -0.32484578209269943 33.406766889306347 46 29 26 0.1988562471841942 21 1281 20 1406
1630 4.7269948024249056 -0.33719587436288917 33.764687106657867 161 106 93 1.4843214866415166 21 1283 22 1334 20 1408 23 1100
1631 5.697083405809833 -0.44168560716855904 33.424479282147793 25 17 14 0.54024664520081533 22 1878 20 1409 23 1101
1632 5.7688824189416481 -0.45669858723909135 33.339035258950631 35 35 23 0.70201297562745912 21 1772 22 1879 20 1411 23 1632
1633 5.8197769364812046 -0.33399473321829293 33.42555251342889 19 16 7 0.062582802715374017 21 1287 22 1340 20 1412
1634 5.8055484587040338 -0.27813066854363255 33.296597974297192 132 128 119 0.14240711104582274 21 378 22 317 20 1414
1635 2.3811398106353594 -0.28942705286370318 33.986459718669913 21 12 5 0.28689153532139372 21 353 20 1417
1636 2.3794606680452661 -0.28460050403795545 33.747298214318903 21 12 5 0.83059856407812116 21 354 27 1336 20 1418
1637 3.3898505931637373 -0.21774887582973212 33.543297706775839 155 110 91 0.39200103571528289 21 1276 20 1424
1638 3.4611783779148233 -0.20912233937154248 33.734481535454641 136 101 81 1.1513349659848151 21 360 22 1353 20 1425 23 1106
1639 3.4611783779148233 -0.20912233937154248 33.734481535454641 136 101 81 1.1513349659848151 21 359 22 1352 20 1426 23 1107
1640 5.3733282821606254 -0.22774849334391378 33.336351726134986 60 84 78 1.4033454515400947 22 1338 20 1431 23 1114
1641 2.497473190713865 -0.087228434895505608 33.930725612213415 24 20 9 0.54568122780495754 21 1781 22 1893 20 1442
1642 2.5303492031507142 0.0037281846405312429 33.756105450524537 70 60 42 0.085448578174779966 21 387 20 1443
1643 3.545653190184638 -0.075400091211030792 33.623624154708935 138 107 79 0.4580610218297117 22 1356 20 1444 21 1785
1644 4.0426488370765474 0.059824986169358857 33.722370975430501 61 17 2 1.2284775907878376 27 260 20 1448 23 278
1645 4.7724755969203523 0.10694160039159736 33.53286943016915 112 60 47 0.603894204801663 21 1310 20 1452
1646 -0.12650723903334593 0.23928439630597056 33.882288314477982 199 189 180 0.093165935616465495 21 1303 20 1454
1647 -0.12650723903334593 0.23928439630597056 33.882288314477982 199 189 180 0.093165935616465495 21 1304 20 1455
1648 -0.040937039709546624 0.27974025910058298 33.765149447946598 94 81 72 0.98023609270409884 21 415 20 1456 23 289
1649 -0.045439310531366711 0.27861547428965994 33.802855549683372 94 81 72 0.89389151350562168 21 416 22 367 20 1457 23 288
1650 3.8613130946253125 0.94347227813564227 33.672565553378249 53 46 30 0.55665354682748858 21 1319 27 933 20 1477
1651 3.9730339334351155 0.89780596781857025 33.658370491059365 26 14 2 0.71169058107756389 22 387 20 1478 23 310
1652 4.2662086698162005 0.93604016714748883 33.7027454472668 23 6 2 0.16319296838761374 22 1384 20 1480
1653 4.1169039053729417 0.94416624036429397 33.531899230655071 37 20 13 0.016884668057606265 27 934 20 1481
1654 3.9451135425841373 1.1735472912959257 33.727598169242874 123 116 107 0.67730576065126025 21 1329 20 1488 23 1688
1655 4.4899555184027378 1.2399816265645609 33.773384572956289 49 47 48 1.0091013358066319 22 1402 20 1492 23 1143
1656 0.97623557635655966 1.2889228974830247 34.044635076797483 132 101 71 0.60856289148213227 22 1396 20 1493 21 1337
1657 0.94785353923504201 1.4541293652539189 33.907378355869149 104 73 50 0.46126436051930475 22 1406 20 1496
1658 1.9381129454352057 1.4286007453636098 33.924470976327832 47 27 16 0.57418787388673975 21 486 22 450 20 1502
1659 2.1631400902487683 1.4081337987249267 34.158798893207397 111 93 39 0.58878890360412961 22 1936 20 1506
1660 2.1972505641228768 1.3519166181749236 33.629021500529966 67 54 33 1.3488638517497917 21 489 27 1395 20 1507 23 1683
1661 3.1322782106628413 1.3330161896319526 33.778846800491529 25 45 69 0.11760664826354356 22 1400 20 1513
1662 3.5169797199159789 1.5094704478676173 33.628606941756551 90 91 98 0.045072548124790515 21 1360 20 1514
1663 4.2112557952875118 1.2951763650511607 33.534973940356984 34 14 18 0.18297759146677786 27 304 20 1516
1664 4.6575766043924629 1.4738067833640207 33.435745780339488 4 0 0 0.40820829602328051 21 1364 22 469 20 1518
1665 6.1238428222255861 1.2839347252731328 33.030893477859046 70 48 41 0.29907262074441604 21 1348 20 1519 22 1403
1666 0.92036307871800327 1.5192679253842885 33.916169848187685 140 110 82 0.65441102502023429 21 506 20 1520 22 1408
1667 3.6181083844875528 1.5733161546252263 33.74663286890766 155 138 121 0.31730031965061134 22 462 20 1527
1668 5.7466526972613474 1.6460486018680305 33.368827601447599 34 19 5 0.87693345246542531 22 471 20 1533 21 1367
1669 1.1356515238040172 1.8032182592242425 33.854637934627455 114 82 57 0.097077686726048995 21 536 20 1535 22 476
1670 1.4653352182415935 1.9652133669239753 33.848545479935225 87 78 72 0.68513410422070586 27 1005 20 1539
1671 3.4955945081419264 1.9089908595279228 33.647172503311076 148 129 102 0.01693511372785414 21 1375 20 1546
1672 3.5465035622659355 1.883969144311757 33.551674818843097 159 139 112 0.33302186351855606 21 1376 22 1433 20 1547
1673 3.8452698804659371 1.9283859346836043 33.557467168248301 35 17 3 0.22320623703242257 21 1378 27 994 20 1551 22 1964
1674 4.7472074550189731 1.9054774300965096 33.56191647770887 67 59 54 0.77807621173908359 21 1839 22 1441 20 1556
1675 -0.35775710698715896 2.1435051422273994 33.67975101404037 27 19 8 1.1195163444549154 21 607 22 1471 20 1565 23 1188
1676 -0.039729970156510454 2.1510315175965027 33.721447505007056 136 128 125 1.0162015711368328 21 1406 22 1473 20 1567 23 1189
1677 1.6306251279716386 2.1891460567154111 34.082259253792706 86 78 76 0.60592291254287456 21 616 22 1982 20 1571
1678 2.2909087541096285 2.1933242113312037 33.739725223394878 93 77 61 0.59916155652031733 21 621 20 1574
1679 2.713184551821628 2.2119210198436474 33.898753672403423 127 108 97 0.29009527279424069 22 1484 20 1576
1680 1.9245822574884732 2.2507361915518453 33.622444952039736 23 12 17 1.7826598702419041 21 1865 22 1983 20 1586 23 1750
1681 2.8374792663027635 2.3068326606984821 33.610717114890576 101 61 4 0.73953459510649144 22 583 20 1592 23 1267
1682 4.9009059848548144 2.2984353995991325 33.348330624571723 56 52 42 2.7724310552070177 21 639 20 1601
1683 -1.5143858431184092 2.4432488803143708 33.60136765872803 26 25 21 0.025728165914872342 22 2020 20 1603
1684 -1.0619581525816704 2.369010910628023 33.751043466368714 55 54 49 0.10933003582277095 21 1428 20 1604
1685 -0.50922446492194973 2.5886893301391409 33.633599872403373 15 16 10 0.4421904527643587 21 1452 22 1525 20 1607
1686 0.020951620887482994 2.5464481149963381 33.710561705528605 55 57 54 0.58213746996426863 21 1883 20 1608 23 1764
1687 0.24873621253036074 2.4292991665996442 33.80691894773237 12 8 2 0.071353339046130893 22 1501 20 1609
1688 0.41570598637906009 2.5902864464516919 33.815922288779738 8 9 2 0.74811126111394088 27 1050 20 1610 23 1260
1689 0.81480931721669314 2.6368315754770197 33.883812110993055 31 18 7 0.073292167417660092 21 696 20 1612
1690 2.9329439122633589 2.4963470491168538 33.681283681140606 136 123 101 0.43038434905506356 21 665 22 2009 20 1619
1691 2.9282247608048628 2.5421786126072994 33.581455555996747 48 31 11 0.201123692206719 21 1893 20 1620 23 1787
1692 4.4124754083517397 2.4620473117884702 33.396171985094924 136 127 84 1.2159643679319092 21 669 22 1510 20 1622
1693 -0.93308740749951746 2.7372412947078111 33.556072423173639 142 47 57 0.47619689693444917 22 1547 20 1641 21 717 23 1286
1694 -0.85886075432287146 2.6693997907290052 33.563646930169767 81 6 8 0.45861748540236058 22 1522 20 1642 21 1906 23 1287
1695 -0.82802381385722768 2.7196322044368992 33.56572484869077 209 186 184 0.61654246932258161 22 1548 20 1644 21 1448 23 1288
1696 -0.44083836990254649 2.6284846672497846 33.664727300767346 64 63 58 0.30341432730540818 21 685 22 643 20 1645
1697 -0.32667533662501652 2.6109354189343539 33.652691892834596 65 65 60 0.57985887286611637 21 689 22 1526 20 1646 23 517
1698 -0.24639830788014913 2.6774252848722164 33.780479925683281 57 57 54 0.8359191050964172 21 1909 22 648 20 1648 23 1782
1699 0.4683843132542212 2.6663975429805338 33.667447227320721 6 7 9 0.32245057706111796 21 1457 20 1651 23 1295
1700 2.8678731270855988 2.8517794607197224 33.71237626415725 18 14 6 0.49888535998785732 21 1914 22 692 20 1655 23 620
1701 3.3193621561283391 2.7339453557074904 33.574273351409843 60 37 17 0.68483457787859137 22 1536 20 1656
1702 4.8091003816121392 2.6286680235222075 33.142940495522602 36 25 21 1.4953505890722196 22 667 20 1663
1703 0.39025290572743188 2.9334307747107342 33.753351556443072 33 37 36 0.50728282273632497 21 1471 20 1675 23 613
1704 0.39025290572743188 2.9334307747107342 33.753351556443072 33 37 36 0.50728282273632497 21 1472 20 1676 23 612
1705 1.573614598451873 2.994268583252425 33.710987876243927 220 215 211 0.69819005194986783 21 1474 22 1556 20 1679 23 1310
1706 2.0077345248435137 3.0032250221826646 33.806507410964741 58 54 45 0.46154255026451874 27 1072 20 1680 23 618
1707 2.1416893850868401 2.9067903239377584 33.741471721555151 63 62 58 0.17961840581659605 27 1074 20 1681 23 1314
1708 2.1416893850868401 2.9067903239377584 33.741471721555151 63 62 58 0.17961840581659605 27 1075 20 1682 23 1313
1709 4.0447398886365562 2.9045649162715641 33.619989527459069 109 101 90 1.4431644501714997 21 1476 22 1561 20 1685 23 1317
1710 4.8207339875025799 2.924313732987863 33.177080569310512 41 31 28 0.76929226416140184 21 1480 22 2055 20 1687
1711 -0.70671279855138636 3.1842454447939059 33.45622951953105 53 57 56 0.27163799516780873 22 748 20 1702 21 1503
1714 5.3023003648372171 3.5572392036937996 32.812930307334767 174 80 93 1.5782871122051016 21 793 20 1736
1715 3.6165391073516115 5.5621265226212664 33.004450481757274 38 21 12 0.11291657906607092 27 1112 20 1785
1716 3.6264681382912718 5.6978914810146657 33.047454220870009 111 105 106 0.27669959036794911 21 865 22 859 20 1792 23 1391
1717 2.9894533235182763 5.9606439199506518 33.012163936526306 39 15 5 0.051093714428871187 21 1573 20 1800
1718 3.1985960637992057 5.8684841289212191 32.974628679711067 110 107 104 0.61448911718798815 22 877 27 1130 20 1801 21 874 23 1395
1719 3.3535786177380218 5.8875190469288867 32.964953219712079 177 172 173 0.12320293631485404 21 1560 22 1648 20 1802 23 768
1720 3.4016858099461764 5.9231123785477262 32.914417864390565 164 154 162 0.36379874122775563 27 1132 20 1804
1721 3.4694018551472521 5.8389632923960448 32.948616687253121 40 28 30 0.27450792054608453 22 884 20 1805 23 769
1722 3.5398060260812771 5.8161225269906529 33.044565867617827 82 72 71 0.45407510377453142 21 1558 22 883 20 1807 23 1400
1723 3.0738972779645164 6.0472076248899054 32.877513074365119 129 114 110 0.43206487391164222 21 1575 22 905 20 1816 23 784
1724 3.5529146763682755 6.0458408477604175 32.859314078693302 44 43 48 0.42353798365075607 27 1539 20 1819
1725 3.983380958066816 6.0544065511725229 32.766578040519221 151 137 134 0.48384915931583422 27 551 20 1825 23 799
1726 4.0355494328844266 5.9677390854214485 33.013751669137683 150 144 152 1.29386236091577 22 911 20 1826 23 797
1727 2.7980664297090985 6.188562522668918 32.921448439377166 77 63 61 0.52254132621299521 27 1152 20 1828 23 1408
1728 2.9665489196506756 6.1649894787942738 32.914094428141297 34 23 36 0.39552045181521567 21 923 22 935 20 1829 23 1414
1729 2.9665489196506756 6.1649894787942738 32.914094428141297 34 23 36 0.39552045181521567 21 924 22 936 20 1830 23 1413
1730 2.9223896142070993 6.2833307135382244 32.849834419472138 126 108 103 0.58808380783785275 21 1598 22 971 20 1831 23 1422
1731 2.9223896142070993 6.2833307135382244 32.849834419472138 126 108 103 0.58808380783785275 21 1599 22 972 20 1832 23 1423
1732 3.4124312480552241 6.2553153333206719 32.826077038913581 5 1 6 0.1711216692379964 22 1668 20 1834
1733 3.536859672682529 6.2470911675753209 32.850658077053488 43 38 44 0.26560510393691178 27 1154 20 1835 23 818
1734 4.2260500826635257 6.118601789454762 32.815059804661239 63 56 48 0.48831233144682407 21 1589 22 955 20 1836 23 821
1735 4.3042411461268815 6.1394770030995902 32.814126201030483 43 27 11 0.36467757760745456 22 1672 20 1837
1736 3.2531054115709419 6.4221503080765299 32.716533014472766 104 102 107 0.48058812601113771 21 960 20 1845 23 831
1737 3.5112754291777 6.2975880578156787 32.789370492213301 23 22 27 0.4497487775579449 22 1680 20 1846 23 1892
1738 3.4810523042060044 6.3416284027864975 32.790243716499546 82 81 86 0.25969941777892919 21 1604 22 1681 20 1847
1739 3.4824213712359002 6.4306353995147987 32.754197216528723 134 134 138 0.24282142557911041 21 1621 22 1685 20 1848 23 1436
1740 4.0635403087205901 6.3747102059118328 32.725013056202677 103 105 110 0.52323843153072191 22 985 20 1852
1741 4.3183259863048891 6.3564905345882208 32.730864026679164 16 14 17 0.29610506315178947 21 1610 22 1690 20 1854
1742 2.4405108293221152 6.6076271593635623 32.690571705544777 85 68 61 1.0878217490441717 21 1625 22 1715 20 1857 23 1444
1743 3.0102321212641505 6.4592113015566808 32.748834306267128 85 81 82 0.50266337251500126 22 1699 20 1858 23 1433
1744 3.1774070526945333 6.4891732229809964 32.745888242617916 60 63 62 0.16883953513196623 21 1617 20 1860 22 993 23 830
1745 3.3303053856196176 6.4683431048676852 32.740282579122344 186 180 182 0.89619769214516309 21 1620 22 1705 20 1861 23 1434
1746 3.3167029498929623 6.5053162143287588 32.73682581556708 60 56 56 0.3586302462558365 22 996 20 1862 21 963 23 1448
1747 3.2314838555028231 6.5734237041860881 32.817300455043345 33 27 29 0.19263685967626021 21 1619 22 1703 20 1864
1748 3.3396896577791799 6.5482514005089962 32.704659424770753 155 151 152 0.31000660315170403 22 1706 20 1865 23 854
1749 3.6718092836934231 6.4973079245181005 32.743208856102747 108 107 112 0.51949700592699444 21 975 22 999 20 1867 23 862
1750 3.4022866083467855 6.5866737612256552 32.599591300204068 48 44 43 0.23785541076261016 22 1022 20 1874
1751 4.1245899208123644 6.5850735249703964 32.586751984973013 123 118 122 1.0901940271038348 22 1724 20 1877
1752 4.3382346411758439 6.5695656960255855 32.645404447276263 139 132 133 0.8585372721440927 21 1001 22 1711 20 1878 23 1475
1753 4.3380411983266702 6.5746385986084652 32.677023784997246 139 132 133 0.89461823936793083 22 1712 20 1879 23 1476
1754 3.5141580355839963 -4.9676026007120369 32.520989961712878 82 68 45 0.39307683291344053 21 1681 20 1884
1755 0.69638154542679898 -4.8831302505395859 32.924564937239587 99 72 43 0.41639589253506942 21 1671 20 1892 23 1501
1756 0.69638154542679898 -4.8831302505395859 32.924564937239587 99 72 43 0.41639589253506942 21 1672 20 1893 23 1502
1757 1.1077973626572104 -4.8843739472713761 32.862003332345282 132 101 83 0.88644698967046287 21 1087 27 1229 20 1897 23 1511
1758 0.12724952167408227 -4.8453879528928088 33.196720760360876 151 140 130 1.7400383703272171 21 1668 20 1906 23 928
1759 0.09382147747814272 -4.7968739248815586 33.208568312193826 213 197 183 0.13872658068756044 21 1684 20 1907
1760 0.09382147747814272 -4.7968739248815586 33.208568312193826 213 197 183 0.13872658068756044 21 1683 20 1908
1761 0.5910331824846512 -4.7610695594591554 32.969095171312013 54 35 17 0.27319346512155973 21 2042 20 1909
1762 1.58646254966445 -4.6859802950134846 32.79464313700165 47 33 22 1.1368463103464901 21 1696 22 1784 20 1911 23 1943
1763 2.2546166346725487 -4.7675201714125723 32.812777372860154 62 49 42 1.2199252173677848 21 1688 20 1912 22 1781 23 1521
1764 2.3367213562623239 -4.8210662801174511 32.864462133356383 58 45 36 0.89914341260372521 21 1692 20 1913 22 1780 23 1522
1765 2.3075499560565462 -4.7561508531135344 32.844050597285907 136 125 119 1.1593552689463147 21 1689 20 1914 22 1148 23 953
1766 1.7740816551009702 -4.2973744576886137 32.995790922054567 127 106 77 0.090193712859595307 22 1796 20 1929
1767 1.385112785170004 -4.0546058822280768 33.278548239888629 124 104 80 0.54239214627892796 21 1706 22 1173 20 1934
1768 1.4427138826979313 -4.0538637441949179 33.052432329740888 123 101 80 1.1100408655557412 22 1801 20 1935 23 969
1769 1.9970838296442079 -4.0448918826893774 33.115411161852258 45 27 15 1.0519344737950536 21 1707 22 2204 20 1937 23 1542
1770 1.27181937637956 -3.9858228520775874 33.382637417199732 116 95 74 0.52830135847023263 21 1705 22 1800 20 1938
1771 1.934575754255895 -3.9758832064206557 33.145188974480334 54 43 25 0.076989659545558711 27 1263 20 1940
1772 1.5110164261693839 -3.7584346645523352 33.486133950110734 55 40 27 0.13037843500897231 21 1708 20 1949
1773 5.282678066340238 -3.3412506006307958 32.884149812095586 123 133 122 0.78199117661849171 21 1715 22 1818 20 1959 23 1557
1774 4.2971045901027924 -3.3928330691337147 33.173726853742757 151 147 136 0.80410491978969001 21 2070 22 1814 20 1960
1775 4.3663391296283915 -3.3697677557931498 33.15286030106909 74 70 59 0.5634622808452795 21 1157 22 1201 20 1962
1776 5.048204338274811 -3.1608320451157286 33.083853082878626 26 44 25 0.49729993878566869 27 788 20 1965
1777 3.9915987243294624 -3.0127139108263798 33.298575226657441 94 87 80 0.3209034393232269 21 1722 22 1827 20 1968
1778 5.3582578662210558 -2.8645136477326423 33.066324505458056 124 108 72 0.5104008076949752 22 1232 20 1969 23 1015
1779 3.8396070962699906 -2.8387578531812308 33.258547715692735 162 155 145 0.56606155304520944 27 795 20 1972 23 1022
1780 2.6140764031371169 -1.0635030883696097 33.918474434716323 64 56 41 0.070480574662145801 22 2262 20 1984
1781 3.5751614726126983 -1.1872513238914111 33.637657930500801 103 84 69 0.88478558219614656 21 1749 27 1955 20 1985 23 2013
1782 3.9568647299395563 -1.148212439917683 33.657546379050238 29 16 0 0.67651555168846345 22 1852 20 1986 23 1604
1783 4.0091950178508062 -1.0555564096245575 33.640970736209503 30 5 0 0.51825755693377495 27 837 20 1987
1784 4.3136338554945448 -0.97861014160707738 33.460902813335004 40 26 18 0.70265171610948196 22 1282 27 848 20 1990
1785 4.8926900913878333 -1.1169452424994388 33.534609259930441 70 59 55 1.3132930314268814 22 1855 20 1991 23 2015
1786 4.3679790872327073 -0.92016654793483721 33.518979932676714 137 127 118 0.29302349162463132 21 1754 22 1864 20 2001
1787 4.6324844892986974 -0.94721530259334019 33.590031741538063 75 67 64 1.4346305658698419 21 1757 22 1284 20 2002 23 1619
1788 4.9205483522596127 -0.84432992975519383 33.666789178325821 72 65 59 1.1636605065866961 21 1764 22 1306 20 2003 23 1061
1789 5.1284537929918308 -0.84071440242234274 33.574972402174318 40 33 27 0.55870626391770617 21 1248 22 1308 20 2004
1790 4.9855767924007708 -0.77663943871211738 33.450754232476413 78 71 65 0.97125069867316294 21 1247 22 1307 20 2006
1791 5.9300463363141995 -0.75706124222306448 32.980515552548916 164 134 56 0.41823400012750922 21 1766 20 2009
1792 4.1913168616570626 -0.72372917974892503 33.719381687524667 55 10 3 0.28742293122237128 22 1863 20 2015 23 1626
1793 4.1723197255167941 -0.60492380969138027 33.663742712638303 69 10 5 1.0997602590421107 21 1259 27 867 20 2017 23 1072
1794 5.4536831459480446 -0.54942616034805358 33.475429387566507 42 34 32 0.30686087040438931 21 1264 22 1317 20 2019
1795 5.778970108111543 -0.39480642043696834 33.45129943822748 118 115 106 0.61242229582528307 22 1890 20 2022 23 1634
1796 5.7782895933768588 -0.39386837603542135 33.432070776443332 118 115 106 0.5371871776165692 21 1778 22 1889 20 2023 23 1633
1797 2.5217765489148483 -0.21044790987639964 33.736508179928215 36 31 29 0.77795701534906903 22 1349 20 2026 21 1270 23 1104
1798 3.0255294508558213 -0.26545521723673787 33.684495848078491 151 133 108 0.51653272746764856 27 1692 20 2027
1799 3.7309960534199034 -0.19384549103067419 33.634551749825 85 7 7 0.72823915747423362 21 1295 27 1347 20 2031 22 1357
1800 0.42252955199008657 -0.011334024042680028 34.043518088819368 177 168 153 0.014269380776242475 22 1366 20 2036
1801 0.41560811823588606 0.092816330979034967 33.967778151243067 193 183 174 0.46830336613273271 21 1792 22 1901 20 2037
1802 2.6558915721105762 -0.097048794513448514 33.647268234815179 28 32 35 0.1826766180406611 22 2288 20 2038
1803 2.6558915721105762 -0.097048794513448514 33.647268234815179 28 32 35 0.1826766180406611 22 2287 20 2039
1804 2.9709356683950716 -0.02450694849182454 33.720003168368805 92 82 71 0.51115021813187322 27 1356 20 2040
1805 2.9711582274627415 -0.014543355430911342 33.64429825978506 92 82 71 0.80263502677724841 21 1292 20 2041 23 1120
1806 3.6761797037442943 -0.0557435405735855 33.758634935097163 120 95 73 0.97144996313433163 21 1788 22 1897 20 2044 23 1653
1807 3.7074996816700931 0.088297433027009542 33.524024297062127 34 16 5 0.42549048534691203 22 1902 20 2045
1808 5.6718928963535982 0.073471800529408951 33.593679552932166 79 68 62 0.92056229962897607 21 1312 27 908 20 2051 23 1662
1809 0.40129160391779128 0.34359043337413636 33.745253256285764 173 163 151 1.4525214884271291 22 1909 20 2054 23 1668
1810 5.9713659681439539 0.93204002712107026 33.451497201955483 14 9 5 1.3209807527887265 21 1805 20 2064 23 1681
1811 0.99687072612395455 1.4255828469623062 33.835257696650849 135 103 66 0.67532552271139357 27 1738 20 2069 23 2070
1812 1.6721089197971284 1.4795704760544315 33.805571317404912 100 67 54 0.71687344752206672 27 2010 20 2070 23 1693
1813 3.8577491384593894 1.3658433394686782 33.581762102078976 23 26 41 0.30802155225387251 21 1343 27 1378 20 2074 23 1698
1814 4.3278971499297629 1.3171107506398969 33.689135804350023 12 7 6 0.88580737768913298 22 2320 20 2075 21 2381
1815 2.6496457294874234 1.7486131327911638 33.764108027252625 147 75 72 0.23273808996247547 21 1831 22 1945 20 2077
1816 3.6252765529005666 1.7125221137046729 33.706220762336294 144 119 97 0.49747611154667398 22 1948 20 2081 23 1178
1817 4.2096769376709382 1.7069165197080978 33.569188550813728 163 152 130 0.36834857952290923 27 1417 20 2082
1818 2.8376506515073014 1.8509214518269028 33.720203085545535 84 32 2 0.44591134509663205 27 990 20 2091 23 1722
1819 3.6627620667878742 1.9697252234287976 33.626130423345863 114 92 68 0.22822217494899416 21 1847 20 2093
1820 0.010590445037646027 2.1705495707250861 33.735463870576183 13 5 5 1.4585739476317858 21 1855 22 1977 20 2098 23 1225
1821 3.6367783725688261 2.1954642282944876 33.707435998543652 132 125 105 0.25978854735781098 21 1418 22 1487 20 2101 23 1753
1822 4.2159505440416112 2.0297189276731968 33.585283412993995 50 47 42 0.53585827176086409 27 1433 20 2104
1823 -0.7579786569343544 2.2480485592612043 33.68423501013276 19 14 7 0.56905742184366281 21 1403 22 1467 20 2111 23 1219
1824 -0.5143449598231109 2.3433153869354109 33.666487140554807 5 7 3 0.53319352701691314 21 1878 22 1997 20 2114 23 1737
1825 -0.084581305386495914 2.2277531968646413 33.762655819513533 28 23 20 0.36200568626299268 21 1857 20 2115
1826 -0.033201384713928181 2.3723204644330904 33.794151123262857 13 9 6 0.22288635550132069 21 1882 20 2116
1827 0.58706160006910124 2.3638787543365378 33.904651776041611 105 104 96 1.4041905825708316 22 607 20 2119
1828 0.72569152208393817 2.33519963663226 34.013089032498158 102 98 95 0.43005076401958497 21 2189 20 2120
1829 2.7905716967656464 2.4218956352746415 33.64611597055174 131 110 92 0.95687666222279877 21 1891 22 1508 20 2126 23 1269
1830 3.1409309304676079 2.2751015501671445 33.758031622559706 133 115 105 0.69204999055744043 21 2193 20 2127 23 2546
1831 3.9693283713390044 2.2402267523935406 33.588092523067516 79 76 69 1.0020700263112459 27 1015 20 2129
1832 4.1132607106161245 2.3897405044077189 33.73656152376239 154 146 138 1.927380765276576 21 1420 20 2132 23 1274
1834 4.9144497194450407 2.2502486586015094 33.022583299555158 98 101 87 1.7674670095692893 21 1425 20 2135
1835 -0.9394978124774942 2.4394479902939077 33.56080714431311 103 100 95 0.54432607968744184 21 1873 20 2141 22 2364 23 1762
1836 -0.8985308982738538 2.5533400403614146 33.57866816359418 117 113 107 0.33296839521145194 22 2376 20 2142 21 2210 23 2131
1837 -0.56550659921859403 2.597095926514307 33.694533740252794 13 12 10 0.10476494735985059 22 2025 20 2143
1838 -0.49077183518389833 2.4178304150991408 33.741426463697024 101 102 97 0.074249367491870347 21 1881 22 1998 20 2144
1839 0.27724484088665347 2.4754608029775134 33.717008480138396 129 126 112 0.41101714865230088 22 2001 20 2145 23 1766
1840 0.27724484088665347 2.4754608029775134 33.717008480138396 129 126 112 0.41101714865230088 22 2002 20 2146 23 1767
1841 3.0946503977966748 2.5720429998030174 33.472864200038067 108 92 72 0.32762792959531617 22 623 20 2151
1842 5.6246710893749503 2.3651378822618478 34.124375794465969 89 97 100 0.6415770855776961 27 1020 23 1775
1843 6.0128637671755909 2.3449833885493443 33.942482193145196 135 139 140 0.7052810799652699 21 1870 22 1493 23 1776
1844 -1.3943601352596635 2.6630956909343153 33.603819157558654 8 7 12 0.38989456547326157 22 2041 20 2162 21 1445
1845 3.632462836591873 2.7334873790521934 33.757557421889409 88 40 9 0.92148437503897318 21 1461 22 2031 20 2166 23 1789
1846 4.5286453258273278 2.8388613703565482 33.670112986763115 141 133 53 2.2678992661602835 22 2036 20 2167 23 1805
1848 -1.2914247771403513 2.7682700596142213 33.44849993143842 13 13 11 1.0673998725564171 22 2043 20 2173 21 2222 23 1780
1849 -1.2888589735221192 2.7694038811217414 33.437645121579457 13 13 11 1.1621185443053745 22 2042 20 2174 23 1779
1850 3.9292071142463656 2.8974412404583676 33.648631613215571 99 95 86 1.5178668149598376 22 1560 20 2178 21 734 23 1804
1852 5.9385297366669176 3.2826198285667183 33.849769909596873 123 112 100 0.51953871552527475 21 1944 22 1583 23 1837
1853 5.2720366211738456 3.538748962717019 33.95872460546402 138 78 77 0.49257796916010599 21 1515 22 1594 23 1340
1854 3.7122398745313561 5.5894378209524067 32.993771133357122 38 27 31 0.30458509044057197 27 1115 20 2214 23 1381
1855 3.9598706666957866 5.7499404899839721 32.915790106106513 111 112 115 0.52383357100061889 21 1975 22 2437 20 2221
1856 3.0756512615914526 5.8437971460117355 32.926175397256401 123 103 100 0.45729677120591833 21 1974 20 2224 23 2217
1857 3.7016991225986584 5.798227777067761 32.981542788903283 68 66 64 0.42504709802324453 21 1565 20 2226 23 1404
1858 3.0007530667210847 6.0132291553306292 33.001663242340975 37 17 18 0.32547630435719443 21 1574 20 2229
1859 3.0138194599988553 6.1289674691637437 32.889114173418484 133 124 122 0.032558207203062559 21 1979 20 2231
1860 3.3943164791157474 5.9897414192055356 32.952968139446838 28 29 34 0.48508107388715782 22 2105 20 2233 23 1878
1861 2.6595566956401822 6.3317060675693657 33.00415850336308 118 99 92 0.29933276544832266 21 1593 20 2236
1862 3.303815380435696 6.4119608947742215 32.763544062289121 36 34 39 0.57821463320611977 22 1683 20 2243
1863 4.0873880671145999 6.3275889830177983 32.781135581486176 45 38 37 0.37498081931181054 22 1688 20 2246 23 1440
1864 3.6180260565171842 6.4994482840187233 32.679931317352434 26 25 30 0.14558389687846277 21 973 22 1707 20 2251 23 1909
1865 2.349462994683158 6.6743165652838652 32.544941158729664 49 25 15 2.5505972106586632 21 1634 20 2255 23 1904
1866 2.4014327332792567 6.6558672692913792 32.662539201880811 110 96 87 1.6421806585506298 21 1999 22 2129 20 2256 23 1905
1867 2.3989487085296219 6.7026652793542629 32.633548921662928 108 94 85 1.9004271294130912 21 1635 20 2257 23 1906
1868 2.4947915863441454 6.7019931239994905 32.59257167735845 97 82 77 2.1060075302636641 22 2132 20 2258 23 2242
1869 2.5980226183300963 6.6698867411386997 32.791492903306469 116 101 98 0.96402314475593742 21 2002 22 2130 20 2259
1870 3.334039478575793 6.6388007744975068 32.754205094005094 98 98 98 0.35396830573489857 21 2004 22 2136 20 2264 23 858
1873 3.9054790326073099 -5.0039182806581373 32.625750234473969 82 69 52 0.95722850351672029 21 2040 20 2275
1874 2.2090440952032675 -4.9174862342900676 32.928823261231223 117 100 86 0.91342036464009124 27 1917 20 2276 23 2269
1875 1.6883440495344966 -4.738974588803778 32.896940700049342 99 80 65 1.0312130240651352 22 1785 20 2278 21 27 23 1519
1876 2.288977384419788 -4.710101636556054 32.905910958406075 45 36 27 1.024810428448494 21 2046 20 2279 22 2187 23 1944
1877 1.6146417782409335 -4.4693754329844015 32.829461639667819 110 90 66 0.83388889337265737 21 2307 20 2295
1878 1.9518880815287796 -4.3566029310796601 33.080785134653944 84 63 34 0.27511439782668901 21 2057 20 2296
1879 5.7692749517864996 -3.9290241696599844 32.735366339639931 43 33 31 0.69512450679070947 21 2065 20 2298
1880 2.1486860572249671 -4.0554133969410762 33.026039201392322 100 88 74 0.51955523265973758 21 2064 20 2301 23 1958
1881 1.5988172162130645 -3.9878899723788428 33.439490307601659 64 31 16 0.17568737385325173 21 2312 22 2505 20 2302
1882 4.6659229383634369 -3.4871071983805795 32.985756419774589 37 30 22 0.61557707049515653 27 1636 20 2310 23 2289
1883 4.5711474368243401 -3.4451594284715306 32.907136410680515 159 156 139 0.44080910215157448 21 2072 20 2311 23 1968
1884 4.390009294845683 -3.3188415032298981 33.17274084952895 207 200 190 0.75676872721940491 22 2218 20 2316
1885 5.3230433572296825 -3.1875293001540679 32.984359672504098 91 82 57 0.65500815087202635 21 1719 22 2221 20 2319 23 1975
1886 5.4721692672160911 -3.2381193782853157 32.905501861870938 147 132 95 0.86588997184263283 21 1718 22 1820 27 1936 20 2320 23 2292
1887 5.7256430558322666 -3.104033971529041 32.850080070262003 82 81 84 0.74087642771406825 21 1721 27 1645 20 2321 23 2295
1888 3.717544024599289 -3.1222537690473202 33.278485390812811 108 94 85 0.9925684009350848 22 1821 20 2322
1889 4.2331993683237803 -3.0579795713674947 33.103857851089955 97 87 75 1.375515750389291 21 1724 20 2324 23 1572
1890 5.0732368605618019 -3.0007665460651398 33.047723408650803 28 46 32 0.55224041995244466 21 2083 22 2226 20 2326 23 1980
1891 5.2590338326880408 -3.0094663343000554 32.903077743594864 40 31 14 0.66254330771121517 21 2084 20 2327 23 1982
1892 4.8537246738486131 -2.6147961871810459 33.254968340855378 124 126 108 0.62298778885915618 27 1287 20 2340
1893 3.7326313013138268 -2.6279873651847199 33.454436886007549 157 149 136 0.39737070981164396 21 2094 20 2342 23 2299
1894 3.9610714240040958 -2.6067134776493859 33.202526737578097 96 90 76 0.04101181601145213 22 2248 20 2345
1895 3.9610714240040958 -2.6067134776493859 33.202526737578097 96 90 76 0.04101181601145213 22 2249 20 2346
1896 3.5019486889631937 -2.2374581271415797 33.258979384740513 110 89 70 0.64249715032586374 21 1743 20 2350 23 1597
1897 3.484748426025928 -2.0359228750492857 33.562256594218262 111 99 83 0.32520388033637876 21 2098 22 2253 20 2352 23 2008
1898 6.2472124123867747 -1.4210365101493201 32.734360270756795 131 108 97 0.71123326690564004 21 2101 20 2353
1899 2.9403212370832668 -1.2431756717217504 33.654600098668162 41 30 25 0.30951665568867326 22 2258 20 2357 21 2102 23 2306
1900 5.804919675991882 -0.72231604611804923 33.252944246542562 145 144 114 0.14276327418349097 21 2112 22 2273 20 2363
1901 5.9391096028466528 -0.86787216238234743 33.258598798350484 137 140 124 0.57982519011806077 21 1759 22 1869 20 2364 23 1067
1902 6.0675846393611419 -0.76001222896629073 33.049255826997502 163 127 54 0.60570283314484274 21 2113 22 2274 20 2365
1903 3.4719794472475698 -0.44716797218458598 33.767769793914887 151 123 115 1.6008406803211335 21 1767 22 1885 20 2369 23 1088
1904 -0.099724680611613672 0.071297709887076746 34.065225468449775 202 195 185 0.44485264641637412 22 2296 20 2381
1905 3.855488526380892 -0.052403534905089047 33.726108357185375 123 86 65 0.90454863275709863 21 2127 22 2289 20 2384 23 2044
1906 3.9540101559666803 0.016721948893044982 33.508398077832489 131 88 67 0.25646596110109066 22 2299 20 2387
1907 4.6634010739729241 0.068248300696897163 33.766666278783902 164 115 101 0.76770877669610416 22 2301 20 2390 21 2139 23 2047
1908 4.8190850959237039 0.062623785317141772 33.799154324505672 117 65 52 1.5819117459827705 22 2302 20 2391 23 2340
1909 -0.13109902257899253 0.36713309452448523 34.043709719836102 194 185 170 0.92692248535398214 21 2140 20 2394 23 2049
1910 4.2690992921620294 0.83350820982067098 33.670743957740463 20 6 2 0.72694810365538398 21 2147 22 1917 20 2399 23 2060
1911 4.270056760632353 0.83768666161562622 33.771369223801912 20 6 2 0.34370872220035409 22 1916 20 2400 23 2059
1912 2.0717069533217014 1.1238271451490853 34.042905561406798 82 70 54 1.0660259290381178 22 1920 20 2403
1913 2.1842029754861971 1.2062486864325315 33.831990274035839 80 70 61 0.80667639975450789 21 2148 22 2317 20 2404 23 2065
1914 2.2524300653560259 1.2846239312830319 33.729715350261095 99 89 80 0.54948185928845017 27 1739 20 2405
1915 4.0241852371099744 1.2594416117926357 33.616229692922552 47 38 37 0.15189596018866638 27 1734 20 2406
1916 4.5192071262730913 1.0774680330586415 33.580146158059932 12 13 7 0.45738672167932098 21 2149 22 2314 20 2408
1917 2.8268943190360973 1.5966037507178632 33.769958334856575 119 80 50 0.31681550769375733 22 2330 20 2419
1918 2.912495275320965 1.7736063781277858 33.814358356830603 119 91 51 3.1218733587597898 27 2016 20 2429
1919 3.8742721719989652 1.7679334145949499 33.653127890190795 75 50 31 0.02479840224821192 22 2338 20 2431
1920 3.9132496387535185 1.8527875883757055 33.623031235293134 143 122 103 0.20963446537477445 27 1759 20 2432 23 2112
1921 4.0390760597780195 1.8753043945636765 33.607623966139876 23 5 1 0.55042848869165595 27 1431 20 2433 23 1725
1922 4.2063692890931881 1.954456381342017 33.551704367289751 133 130 100 0.56748296324023983 21 1848 20 2435
1923 4.8817985959167043 1.8486308606482169 33.598084309861747 0 3 7 0.40241130833533423 21 1841 20 2438 22 1954
1924 -0.45860223566879138 2.1237711043637661 33.692574367935016 27 18 9 0.9990038019166998 21 2403 22 2352 20 2441 23 2100
1925 0.015618794080643449 2.075826148934246 33.680741279357143 17 10 3 1.2885448072771974 21 2173 22 2353 20 2442 23 2101
1926 0.015618794080643449 2.075826148934246 33.680741279357143 17 10 3 1.2885448072771974 21 2174 22 2354 20 2443 23 2102
1927 0.075493862207011833 2.1207359972622384 33.8128222606354 147 140 132 1.3042423597095403 22 1975 20 2444 21 1858 23 1719
1928 2.0225708411861536 2.1325214707489493 33.916474157379668 32 22 16 0.47028507729417918 21 2177 20 2447
1929 2.0361123198834434 2.1411346053631934 33.656273814096778 32 22 16 2.010624322825648 27 2028 20 2448
1930 3.7323900182306486 2.0073057728356969 33.70301073696249 154 138 116 0.55590447965591849 21 2179 22 2347 20 2451 23 2358
1931 0.20156203860815966 2.2946331661795258 33.759778772046609 23 19 18 0.87887005935921203 21 2188 22 2367 20 2458 23 1740
1932 0.92273926554412844 2.3595916847756442 33.661652980914013 33 11 1 1.2828575092976018 21 2190 22 2370 20 2461 23 2379
1933 4.0129810370267629 2.3539011326242645 33.763334854511847 73 70 63 1.4950878744104636 22 2363 27 1460 20 2463 23 2142
1935 -0.40701560262763958 2.4448749900477069 33.726636994611027 4 5 1 0.097254723680989003 22 2365 20 2472
1936 0.085759330310873683 2.5302509423054631 33.720497217075518 4 4 2 0.51817043158883203 21 2200 22 2378 20 2473 23 1765
1937 0.18362657375723612 2.5718691332240908 33.694343127910166 66 61 60 0.022737704227943783 21 2211 20 2475 23 1768
1938 0.69864555960231445 2.593235000029853 33.628406417302614 101 64 40 0.17513254177981152 21 2428 22 2613 20 2476 23 2136
1939 0.91626970070821789 2.5924562277237366 33.559356458129542 26 8 11 1.2071208999447467 22 2382 20 2479 23 2150
1940 1.4650408317236394 2.5215966436416042 33.757878971328658 36 37 32 1.2482530139634733 21 2204 22 2371 20 2481
1941 -0.64720907225420643 2.716624240674375 33.395242928247228 68 60 56 0.062961387267523539 22 2045 20 2486
1942 0.081689683421454662 2.7708105261395954 33.691284093425729 23 23 22 0.87104680798311185 21 2212 20 2487 23 1783
1943 0.15133348403187066 2.7646342499525414 33.764967737881875 51 51 51 1.2042243486551727 21 2424 22 2047 20 2488 23 2386
1944 0.50365466586944385 2.715648648539422 33.694028514380229 82 84 84 0.35896389482239471 21 2426 22 2380 20 2489 23 2148
1945 2.9861359596810888 2.8561228919351098 33.691993675348627 116 103 91 0.46303125366261633 22 1558 20 2491
1947 -1.3325944281906181 2.8475486080057157 33.539207487501521 57 59 58 0.20888174584774452 22 2389 20 2498
1948 4.869657323730852 2.8699550054301044 33.149778508677393 97 90 83 1.2659869896909752 22 2054 20 2503
1951 3.6428555016985538 5.609274787963721 32.999504923232195 98 85 92 0.049802138128830338 27 1848 20 2537 23 1867
1952 3.0028822976681759 5.9060427836541427 33.005711231473512 40 16 6 0.77646124339753331 22 2100 27 2083 20 2551 23 1873
1953 3.2043511786821663 6.3174587862377587 32.86538712146335 35 35 38 0.67243795687690566 22 2113 20 2562 23 2227
1954 3.3214659492999341 6.3037386571141729 32.781923557784914 24 25 29 0.59670339414871498 27 1879 20 2563
1955 3.6040896954533288 6.3467986233929583 32.772382496339091 17 13 21 0.072218261158893154 27 1882 20 2565
1956 3.8797644957685127 6.4034609625081877 32.729763263039359 161 158 165 0.087121067210975942 21 1991 22 2115 20 2567
1957 4.0747630891161943 6.5337282951099667 32.675330429531478 17 16 21 0.37257936396240582 21 1996 22 2123 20 2578
1958 1.8640230007113616 -4.2998005424852401 33.109824806889385 88 67 41 0.15002881626452425 22 2501 20 2594
1959 2.2719885411372127 -4.1230641187961607 32.922887231732552 108 94 81 1.6961362839269931 21 2311 27 1626 20 2595
1960 1.6283602443543865 -3.927758268038517 33.529273977356944 78 61 45 1.1447274683159934 21 2317 22 2509 20 2596
1961 1.7138356213589778 -3.8257607386084325 33.555860926070565 85 72 55 0.96715477752593582 22 2511 20 2598
1962 1.4344488780844449 -3.6713654203080184 33.054202724263554 125 115 103 2.4149000117469481 27 752 20 2600 23 2282
1963 5.9017555759729792 -2.7714308011161561 33.05497088412509 32 20 12 0.76224222815227882 21 2090 20 2608
1964 3.605415628818025 -2.19111471964586 33.510782009601151 142 127 103 0.38734287605068268 27 1950 20 2616
1965 5.8714478526999052 -1.4031990002851047 33.180174596509815 72 66 68 0.67418178452020794 21 2334 22 2526 20 2618 23 2305
1966 5.74377137763378 -0.80697890901808278 33.366414792640917 70 65 33 0.65015458117514302 21 2349 22 2539 20 2629 23 2318
1967 4.3103691312605861 -0.49284844448088905 33.392367511816985 94 71 65 0.75028643576576093 21 2351 22 2542 20 2637
1968 2.8841698836424836 -0.28513108411878518 33.727317763018149 145 141 132 0.11038069292292568 21 2360 22 2550 20 2640 23 2332
1969 5.5231003015853437 0.26051376465225223 33.681469034642802 100 85 67 1.6432911064961147 21 2370 20 2647 22 2561
1970 3.7497195104135521 1.5161327613406024 33.659743953752589 33 35 32 0.40355639586612513 21 2388 22 2331 20 2658 23 2350
1971 1.5374462129908555 1.5944805798636881 33.764135977149081 178 146 63 0.64785644012279708 21 2384 22 2572 20 2662 23 2077
1972 4.5125014112155686 1.6413139932277216 33.751166357844966 121 114 104 0.55884007580163464 21 2165 22 2333 20 2665 23 2094
1973 0.83142466051014752 1.9198604510395858 33.932820131511654 63 53 47 0.29186653777421323 21 2399 22 2583 20 2666
1974 0.82380543550463659 1.911834961227793 33.709756969807934 63 53 47 1.0955964102934914 21 2398 22 2582 20 2667 23 2354
1975 1.6425105592825096 1.923121708141692 34.035431049367155 84 75 70 0.17415531778283136 21 2393 20 2669
1976 2.7313241222383242 1.8889666311950688 33.669230972614869 114 92 63 0.62528281370004024 27 1768 20 2673 23 2107
1977 4.6279494543214437 1.8386708057217336 33.507216836134148 103 101 87 0.84883110495629632 22 2579 27 1762 20 2676
1978 -1.5261358858807199 2.061089825516516 33.481183369773262 172 165 149 0.79935532891724848 22 2592 20 2677 21 2566 23 2535
1979 -0.23584364201203967 2.2663702248847506 33.859524720795498 35 31 32 0.051422613309783101 21 2406 20 2683
1980 0.098212401139280411 2.2894978841285218 33.714275239910783 16 12 10 0.42884651234016269 21 2407 22 2603 20 2684 23 2363
1981 0.29685842549547159 2.405079741662727 33.831654795572597 20 17 11 0.29539893778025006 21 2416 22 2368 20 2686
1982 1.642939511280769 2.2391813829569589 33.770875162053869 22 18 18 0.7373743944410871 27 1787 20 2690
1984 6.0499463225859147 2.1619105438070241 32.93814477141256 25 40 73 1.8616895954428569 21 2198 20 2695 22 2601
1985 -0.74338806180915507 2.518205607550656 33.702817576670192 59 58 56 0.3739661467993507 22 2377 20 2697
1986 -0.39143208856025147 2.5893738406474522 33.656801011739198 5 6 2 0.39816608866238778 21 2421 22 2612 20 2698 23 2132
1987 3.5778170228278521 2.6507119752778436 33.677548631901487 104 70 53 0.81856493512494 21 2215 22 2383 20 2700 23 2151
1988 3.631136195792537 2.4710101108671259 33.681243032832505 46 27 18 0.33495003229377868 21 2206 22 2606 20 2701
1989 4.7841000639277897 2.551281440121357 33.187326278197332 33 22 18 1.5366490434533029 21 2420 22 2608 20 2703
1990 -0.75390514971748546 2.7811292380525439 33.466236674487639 26 31 32 0.32593606948101655 22 2770 20 2707 21 2582
1991 -1.4229763836685867 2.8512008338792358 33.469488574108645 58 58 58 0.86995979777622534 22 2394 20 2713 23 2156
1992 1.3122042608352358 3.0507318041843638 33.57295063337596 44 44 34 0.19364772105980146 21 2432 20 2714
1993 2.9864131869888846 2.9573470599240714 33.602041705098152 39 32 27 0.46635921273940467 21 2434 22 2619 20 2715 23 2396
1994 -0.059145385032656275 3.2508117150980671 33.624096472524187 7 9 5 1.6219683831805032 22 2628 20 2719 21 2442 23 2162
1995 4.7009219870887948 3.0905448862294165 33.730557265292376 129 105 91 0.47190041655998499 27 2057 23 2404
1996 4.7567742411672791 3.150312600991946 33.225968547948099 133 105 91 1.7608676079775698 21 2439 22 2400 20 2725
1997 5.4158766806638248 3.07511928480494 33.042981172448457 167 87 89 2.0980865036035929 21 2232 20 2726
1998 5.3988773362420819 3.4661916569595848 33.877466429894646 95 68 69 0.73856025451367513 27 1821 23 2411
2000 5.5463457420594651 3.7571829015988953 32.895467549810945 77 48 35 2.4302714341776586 21 2458 20 2749 22 2424
2001 5.9507946806758847 3.8260942060882877 33.676216369332032 119 95 82 0.25190573401675154 27 2065 23 2421
2002 4.089733154499652 5.9002362898404961 32.92781096347985 23 22 30 0.53374179536127142 22 2656 20 2767 23 2436
2003 4.0051573722331861 6.3252290371092661 32.810536765239441 167 159 158 0.33126317232134783 21 2482 22 2668 20 2777 23 2446
2004 4.0463132272128233 6.380798036444066 32.644852538243413 95 95 101 0.84861127945308912 22 2455 20 2783 21 1984
2005 3.3629516744723742 6.6874368895453316 32.672616397970877 35 37 36 0.55354025015373787 27 2103 20 2784
2006 3.7883124632719678 6.6396300447187544 32.695748465896393 47 41 43 0.3203386428186013 22 2467 20 2786 21 2289 23 2454
2007 3.5102735405918901 -5.0491829409182154 32.548743350852625 25 17 11 1.1097168589957482 21 2503 20 2790
2008 5.8201664405333089 -3.7692564075730006 32.637919458542044 76 72 60 1.0853946651042188 21 2507 20 2794 22 2816
2009 5.2414123683272367 -3.4456498515723979 32.889500816736309 29 40 26 1.1857681847745265 21 2511 22 2698 20 2798 23 2606
2010 3.8516272488610217 -2.9865971163623009 33.195038996670995 128 122 110 0.59815760216555425 21 2514 22 2699 20 2801 23 2480
2011 3.7536576377026205 -1.0563441526203379 33.542180291381648 161 134 60 0.041354600660115495 21 2526 20 2810
2012 5.8152117093684854 -0.94667420887818399 33.281827120237175 147 142 113 0.28078881474276024 21 2529 22 2713 20 2811
2013 5.8152117093684854 -0.94667420887818399 33.281827120237175 147 142 113 0.28078881474276024 21 2530 22 2714 20 2812
2014 5.0515444244207357 -0.85743013809819646 33.448931944721139 78 71 65 0.51390416094414182 27 2148 20 2815 23 2495
2015 5.7177291678323856 -0.10763371848640169 33.566275748035345 96 87 78 1.1635620342542403 21 2545 22 2731 20 2828 23 2512
2017 6.0981559020674574 0.33387424182884035 32.822536891648006 40 26 26 1.0435344573173595 21 2143 20 2833 22 2305
2018 3.3076487365252238 1.4426639448751732 33.712118149340263 67 93 141 0.13042825680555661 22 2748 20 2841
2019 2.5160904797526848 1.6373680092279197 33.772488663208044 28 44 44 0.66889053554622602 27 2270 20 2843
2020 3.4391679036419851 1.6827573832513214 33.691919488221224 138 124 113 0.30234719222416723 27 2174 20 2844
2021 4.3022213210361491 1.537920836462126 33.55795140476441 59 56 51 0.45733106957290809 27 2171 20 2845
2022 4.3748174653624545 1.793639754544899 33.738918430599007 152 147 140 1.3824355864510214 21 2396 20 2853 23 2540
2023 6.0729557326360721 1.7307531803371816 32.995718985744816 78 38 10 0.85592669057281456 21 2397 20 2855 22 2755
2024 1.6749266710216968 2.1308906429177856 34.070541820374473 79 72 65 0.64166099616248917 21 2561 22 2758 20 2858
2025 2.1362835470361339 2.1025383766131505 34.150651340652026 70 57 47 0.3133792999952334 22 2588 20 2859
2026 -0.22789236643899236 2.2681070220175532 33.873336839571401 35 31 31 0.010870787726682141 21 2567 20 2863
2027 4.596326767661421 2.2709776958588055 33.674890156629125 33 37 36 1.8474540050666646 21 2413 22 2597 20 2865 23 2382
2028 -0.89769534372122917 2.3670867097706387 33.628395235837296 54 50 47 0.48074447874332571 21 2570 22 2762 20 2868 23 2361
2029 -1.3367017204124518 2.6006129616076987 33.505748268248432 64 65 61 0.60218585493202681 22 2767 20 2873 21 2573 23 2549
2030 -1.3377398349554366 2.6058586400276629 33.57329731965838 64 65 61 0.34211575820129209 22 2768 20 2874 21 2574
2031 -0.47944751619185522 2.6621552632543395 33.570152881941105 61 60 56 0.081102492422945566 21 2422 20 2875
2032 -0.49062010392812172 2.6671868329365491 33.646258041132207 61 60 56 0.10170301699372658 22 2610 20 2876 23 2385
2033 3.0822317574194691 2.9262776240996713 33.651541989289697 144 128 106 0.87166010261322047 21 2583 22 2771 20 2880 23 2561
2034 2.3770645167089195 3.4011851878276493 33.699182712864165 22 24 14 1.3511827525013862 21 2444 20 2886 23 2408
2035 4.7286579204458494 3.3184728685054119 33.205964823370465 112 89 71 1.5482684421387733 21 2446 20 2887
2036 5.9512960426391626 4.10135535913889 32.688379328060734 92 51 32 2.7464826132502216 21 2467 20 2894
2037 3.3583843930237518 5.9231542838356281 32.955019157746364 117 111 115 0.056841261821561843 21 2597 22 2785 20 2901
2038 3.6121454381789944 6.5460163157647804 32.752190698329599 30 29 34 0.53299255796305589 21 2603 22 2793 20 2907 23 2585
2039 3.7254775180591864 6.5766917314108948 32.761696133386828 148 143 148 0.52224787924388649 21 2607 22 2794 20 2908 23 2586
2040 4.050153931401737 6.441313468845566 32.631916209461437 78 77 82 0.92297326124770451 27 2217 20 2909 23 2451
2041 2.0534745233791138 -4.9186272642005306 32.660920221314363 90 69 64 0.62295997507707646 21 2620 20 2910
2042 0.20498745476563193 -4.6923019475409067 32.971473751046823 140 125 104 0.92188558301611978 21 2621 20 2911 23 2598
2043 1.6455232977573826 -4.2273352250983329 32.974032734906409 129 107 82 0.45057117524791696 21 2625 22 2814 20 2917 23 2602
2044 5.7461412532618725 -3.8410181153486431 32.872044581542951 26 20 21 1.4973438430524595 21 2626 22 2815 20 2919
2045 5.3585931692982918 -2.6941891937747942 33.077569606587524 40 24 8 0.52763994712434137 21 2633 22 2705 20 2927 23 2612
2046 5.4626565097174851 -1.4564353372791197 33.243653704625103 83 74 59 1.7567631219659612 27 1951 20 2929
2047 6.014268546270241 -1.1791284519740317 33.0605799421295 131 122 113 0.16507346662476266 21 2637 22 2828 20 2930
2048 4.3782654033804027 -1.0332677280047791 33.292679282813815 43 28 21 0.61476415370885584 21 2700 22 2901 20 2934
2049 4.7226255433837334 -0.77477880896223739 33.527561420769707 47 39 37 1.4681806698385673 21 2646 22 2834 20 2938 23 2624
2050 5.4119710302696307 -0.73703941795615158 33.495441595734178 27 15 15 0.56928620211805558 21 2647 22 2835 20 2939 23 2626
2051 5.7491008033607258 -0.33985297385663521 33.423522458106341 123 115 110 0.6801297939111729 21 2651 20 2945 23 2632
2052 -1.3620428652954122 2.7331636402837649 33.506846661423964 18 16 20 0.15850007345554848 22 2867 20 2968 21 2673
2053 -0.39275733856326933 3.2166308909962589 33.514675368257315 30 39 38 1.1914122922356316 22 2873 20 2981 21 2679 23 2667
2054 -0.39275733856326933 3.2166308909962589 33.514675368257315 30 39 38 1.1914122922356316 22 2874 20 2982 21 2678 23 2666
2055 -0.099741134516831101 3.3229979931488329 33.574427091359539 152 148 136 1.5695033664237872 22 2875 20 2985 23 2668
2056 -0.099741134516831101 3.3229979931488329 33.574427091359539 152 148 136 1.5695033664237872 22 2876 20 2986 23 2669
2057 -0.15840536354209941 3.4651969666230142 33.536802713050378 4 1 4 1.1418503962353439 22 2940 20 2987 23 2725
2058 3.471531835428463 6.1583956482071178 32.925195920695579 174 169 175 0.42315713501303209 21 2685 20 2995 23 2581
2059 0.97410945520805059 -3.8366175474199244 33.085603090680927 165 156 141 1.7986730032348457 27 2234 20 3000
2060 5.5768660517206685 -1.7439142830614283 33.239861329239638 72 65 54 1.7241089638525833 21 2699 22 2953 20 3005 23 2747
2061 4.6065809771477984 -0.60632429931214737 33.657897532340741 97 90 84 1.4306640069160153 21 2648 22 2842 20 3008 23 2622
2062 6.0001159731773042 -0.66131834712286863 33.038092015652275 176 125 36 0.47209881091316169 21 2702 22 2904 20 3009
2063 4.9338930218733452 -0.25104335192957578 33.580622676588057 36 24 31 1.3336717875508191 21 2706 22 2845 20 3012 23 2695
2064 0.40288510184700599 0.35178237479623825 33.760853031441542 169 160 145 1.3047719078747932 21 2709 22 2911 20 3015 23 2698
2065 0.46923697130067726 2.2526451838513828 33.921440006242626 137 129 115 0.0090628878312872131 21 2722 20 3026
2066 0.19002241574881915 2.795466532878955 33.731593671208365 57 57 57 0.57044731800003801 21 2736 22 2932 20 3033 23 2659
2067 5.9439086885347443 2.6394404716870854 33.954313289701766 90 90 90 0.43555962954905231 21 2672 22 2866 23 2721
2068 5.029126980418523 3.2187968576489694 33.499255643558861 64 55 56 1.2823423966553005 27 2286 20 3042
2069 4.2616070602542999 6.0172002362482226 32.863027937147685 48 31 23 0.23145778845428958 21 2744 22 2943 20 3050
2070 1.4724082095821376 -4.113897080908913 33.030284863568305 110 88 65 1.3065077493342678 22 2949 27 2363 20 3054 23 2788
2071 4.6636584711576505 1.4722105692137986 33.796998198503154 10 6 4 1.0204192532055709 21 2766 22 2964 20 3069
2072 4.6072871962770519 1.7220602304888433 33.640143421604158 118 112 95 0.70483361787001553 21 2769 22 2966 20 3072 23 2761
2073 -0.24352312093373793 2.0942174388247832 33.748529094500128 143 137 121 0.75985303196650178 21 2771 22 2969 20 3076 23 2763
2074 -0.13477190816491702 2.5399620530601998 33.674480408156946 45 44 39 1.034424239566581 21 2776 22 2972 20 3079 23 2770
2075 -0.12778703643572853 2.5315087904040592 33.609164897320426 45 44 39 0.92741026307378738 22 2973 20 3080 23 2771
2076 -1.1722350444046801 2.6955877737720071 33.445968370243932 64 65 60 0.61931509287739561 22 2978 20 3082 21 2782 23 2772
2077 1.8233902046503372 2.7404852341101522 33.75244786176534 17 13 10 0.44093864050158288 21 2778 20 3085
2078 1.9032407862507139 2.9835507965984647 33.648911974613924 167 158 153 0.95894421815754882 21 2784 20 3087 23 2775
2079 1.9032407862507139 2.9835507965984647 33.648911974613924 167 158 153 0.95894421815754882 21 2783 20 3088 23 2776
2080 4.8285991531307415 2.8847207699347694 33.934789848729629 37 27 25 0.56509763212209452 21 2786 22 2982 23 2817
2081 4.8285991531307415 2.8847207699347694 33.934789848729629 37 27 25 0.56509763212209452 21 2787 22 2983 23 2816
2082 -0.20429897766198493 3.0708939208568897 33.385008705521443 0 3 2 0.58091046745108577 22 2984 20 3093
2083 -0.20429897766198493 3.0708939208568897 33.385008705521443 0 3 2 0.58091046745108577 22 2985 20 3094
2084 -0.32539898086294 3.6351808971985244 33.422572765965668 44 44 44 0.90491920083467192 22 2988 20 3098 21 2792 23 2783
2085 4.2239447591940618 6.3585842586638242 32.762100556726253 16 9 16 0.3050563923909736 21 2798 20 3104
2086 3.7082846194017787 -3.0160005687319074 33.655333573406132 113 105 92 1.0088832233415743 21 2805 20 3107
2087 4.6537788235488708 -2.9244900053028307 33.079060921939636 162 159 150 1.0908893639254016 21 2806 22 3005 20 3108 23 2790
2088 2.9800653377164097 1.1958937856561922 33.829322560844602 52 42 33 1.2194562568970619 27 2420 20 3113 23 2799
2089 4.43291184639539 1.878189701586312 33.948915060666678 143 140 125 0.65356475804771563 21 2815 22 3041 23 2835
2090 4.6803617744523196 3.2007813291705989 33.421865400848681 97 70 52 1.605358960448275 27 2430 20 3128
2091 5.451400671260398 3.1250143338033309 34.048102055725195 164 98 92 0.47288576619859207 21 2822 22 3023 23 2819
2092 5.451400671260398 3.1250143338033309 34.048102055725195 164 98 92 0.47288576619859207 21 2821 22 3022 23 2818
2093 3.6756577057267998 6.178132097987552 32.880855316667393 175 171 172 0.54997051519665652 27 2434 20 3133 23 2824
2094 3.6756577057267998 6.178132097987552 32.880855316667393 175 171 172 0.54997051519665652 27 2435 20 3134 23 2825
2095 0.69006100606978715 -4.6926948711510468 33.096729070716556 101 83 60 0.8117134353526213 21 2828 20 3135 22 2998 23 2826
2096 0.69006100606978715 -4.6926948711510468 33.096729070716556 101 83 60 0.8117134353526213 21 2829 20 3136 22 2997 23 2827
2097 1.8638568080186215 -4.4557484999105679 32.870004208644183 125 100 70 1.3751960891643218 27 2463 20 3137 23 2828
2098 5.8819977719409815 -0.78232916512325446 33.409195586326199 131 120 66 1.1555144178908741 21 2835 22 3034 20 3143
2099 2.9666479616258234 0.0022268088743528747 33.744166681213777 92 83 66 0.0073589908150581522 27 2418 20 3147
2100 6.0554308043618095 0.95818032494802752 33.149255796085136 18 14 13 0.35150184310374016 21 2839 22 3039 20 3148
2101 1.0348494689246444 1.3031868380449592 33.880550657690179 122 94 67 1.2633946274602084 27 2448 20 3149 23 2834
2102 0.091018925816964691 2.2825984284661529 33.638101491629776 20 16 13 0.93132095961751893 21 2842 22 3046 20 3152 23 2807
2103 3.2430097578093564 6.3022079513731013 32.771954460656019 31 32 36 0.21258593586737776 21 2849 22 3052 20 3161 23 2847
2104 4.6024603641553909 -1.2278553993186054 33.410680687114144 21 12 13 1.2188565984862967 27 2471 20 3164
2105 6.001509819610944 0.097429039413306703 33.616581461610146 50 30 19 1.0887317438478599 27 2447 20 3166
2106 -0.52327972725414251 2.3684260635673504 33.669355504318794 10 12 7 0.72153969006190377 21 2859 22 3062 20 3171 23 2837
2107 5.2784458489535337 -3.8291262931759564 32.693768668372144 79 70 55 0.20474344450265577 21 2865 20 3177
2108 5.2784458489535337 -3.8291262931759564 32.693768668372144 79 70 55 0.20474344450265577 21 2866 20 3178
2109 5.2836334250572676 0.23698592833963367 33.402447102366175 105 88 73 0.70823261931092796 21 2873 22 3075 20 3183
2110 5.9546260098640662 0.015612621168409524 33.111283434503029 53 33 22 1.8472720522304469 21 2872 20 3184 22 3074
2111 4.2428413223537058 -4.049571443400442 32.991883326417188 43 36 26 1.6642997154706543 21 2887 22 3089 20 3196
2112 2.9051595013944076 3.021470790041247 33.629847129699179 28 26 27 2.1039206426572798 27 2347 21 2675 20 3089 27 2395 22 2980 23 2723 23 2780
2113 5.1694633817639168 2.2196526610133707 33.697220090147319 59 92 170 2.961112854898361 27 1442 20 2136
2114 5.7593041489134942 -3.241816451179218 32.709398711056615 17 17 17 0.58722292669402021 21 2881 22 3084 20 3192
2115 2.2668922964595786 -4.9333017221365338 32.80669594734038 56 43 29 1.1144582235746139 20 1899 21 1092 23 2
2116 0.22425549412098539 -4.7534319294797305 32.674064102377024 222 212 190 1.3091829306386513 21 2 23 16
2117 1.5631275673716769 -4.7428505188051719 32.899927946039213 82 66 48 0.010616917743584925 21 25 23 24
2118 1.3913515558947207 -4.3205168398248031 33.00857386392078 66 50 35 0.041930263811281135 21 55 23 28
2119 1.3905893393208584 -4.3226763086652547 32.994763581350739 66 50 35 0.27217985251962201 27 61 23 29
2120 4.2162111449958903 -3.5102116033398865 33.043721152319435 133 124 117 0.036524200758242711 22 68 23 51
2122 5.0032337891580765 -3.2290127493285561 32.82301791350563 80 103 85 0.85925813846686871 20 180 21 139 23 70
2123 3.8835863694231443 -2.9225069635838175 33.155805316046056 168 162 146 0.35203876226281539 21 180 22 1223 23 103
2124 5.5340063029239923 -2.9377503652231534 32.973262559558961 14 11 2 0.70305153262670761 20 207 27 149 23 123
2125 4.6624508815036858 -2.5022529011897556 33.290446154728521 88 74 56 0.35831337946339292 22 197 23 139
2126 3.7247946178580209 -1.3717577679816895 33.688702722744686 100 75 61 1.2052562512680536 21 1226 22 223 23 158
2127 3.7241311715179117 -1.1575662526320369 33.711034106732399 67 28 6 0.045299232888336156 21 267 22 238 23 165
2128 1.5557798963632365 -0.97713771350571088 33.490173867080472 114 106 85 0.25547782801063001 22 236 23 173
2129 4.0931098130641468 -0.91930566407110093 33.635585660428909 110 71 20 0.69714840094140929 27 187 23 181
2130 4.2767047071702393 -0.95098467432741174 33.643320656109097 162 148 139 0.36590658578669283 22 242 23 183
2132 2.6189752160568425 -0.74872752647891339 33.534194654170115 18 16 17 0.52605335677672027 21 307 23 194
2134 4.2713318894767989 -0.51408973996498386 33.855659750535295 115 53 52 0.23118417585487352 22 285 23 230
2135 4.7655830633085907 -0.42749779091426782 33.877675071121431 126 94 83 0.37552361776902082 21 340 22 311 23 235
2136 5.6264433007645067 -0.40437182145731287 33.375947978723282 33 23 21 0.45108342919275168 21 344 23 236
2137 3.7753679316422293 -0.14263868558087486 33.913544242309001 87 23 17 0.14661106839675175 21 398 23 252
2138 3.939312968189387 -0.1092809770063975 33.931906452150749 114 25 28 0.22371605887307985 22 332 23 256
2139 0.17709120882918572 0.19779117806246646 33.633111663210677 174 168 154 0.22174096991354458 21 418 23 266
2140 3.6296530850780506 -0.046424513036150215 33.865224050212319 57 26 5 0.43944872410249031 21 395 22 329 23 271
2141 3.6296530850780506 -0.046424513036150215 33.865224050212319 57 26 5 0.43944872410249031 21 394 22 330 23 272
2142 3.7535420017757302 -0.033715134507499057 33.816663043683029 71 41 13 0.40080858382615703 27 257 23 274
2143 4.0055379259611561 0.10437843562733638 33.909029245019347 58 32 13 0.19642639878551355 22 356 23 277
2146 3.9365381306636356 1.0691888945857559 33.68774405268514 129 127 114 0.33793721479888722 21 464 22 401 23 313
2147 4.5724439581427854 0.86156057709995304 33.468761275151735 40 25 24 0.52787503152864157 27 274 23 318
2148 4.9191522698328862 0.88678048723634706 33.758022516179373 61 50 44 1.3312204570914727 20 513 22 391 23 322
2149 2.2417894447879947 1.3520292439871424 33.526743558077193 76 61 49 0.36441472616476028 27 953 23 329
2150 3.6058916544625705 1.1353517417243628 33.557711075053994 63 49 36 0.34936933349447735 21 463 22 398 23 335
2151 3.6164236342487834 1.2094758453302834 33.442106514346378 34 39 46 0.57908224345373049 27 301 23 336
2152 3.9631195971513291 1.2314688800298923 33.794674196306751 57 48 39 1.0482690570421023 20 526 22 427 23 338
2153 3.9042597398801759 1.2438705220458233 33.63795773578164 78 67 65 0.1115191960558771 21 497 23 339
2154 4.1119629301321217 1.0659592350047262 33.508942474056106 97 94 87 0.2279946988438093 27 286 23 340
2155 4.226086880769067 1.2642348849805949 33.504572349257408 80 64 65 0.30131661633423201 21 500 23 343
2156 4.4633161881706176 1.1956334724827262 33.799674495776273 15 14 9 0.072504441476589729 21 1336 23 344
2157 0.98228288699670874 1.4442871279277913 33.627373775005253 140 108 70 0.48867891439601047 21 503 22 1405 23 347
2158 0.98233751273643988 1.4850237616470459 33.648060685350856 136 102 67 0.14796502068638903 22 440 23 349
2159 1.6896337250554911 1.6169715086830423 33.893254799062397 116 82 40 0.50383866380918452 27 964 23 354
2160 2.2255169927469449 1.5107559393610481 33.414495571998522 92 66 9 1.0894998016043915 21 519 23 357
2161 2.2255169927469449 1.5107559393610481 33.414495571998522 92 66 9 1.0894998016043915 21 520 23 358
2162 2.5731315696974066 1.4272924667649405 33.645494101502216 107 59 54 0.39455379238810362 21 493 23 361
2163 2.7949688791463592 1.5263956982228244 33.558656195975068 112 72 36 0.86317616243812334 21 524 23 366
2165 1.810437435882849 1.7759242696735613 33.511246311002516 49 37 26 0.21097013932357184 22 484 23 379
2166 2.2123758333670853 1.7240488799552021 33.398362017350301 99 86 37 0.43395269495654964 21 545 23 383
2168 4.5090059887117793 1.5726182977023546 33.761369053514059 22 19 11 0.21831087478901656 21 529 22 467 23 401
2170 1.1994859014495949 1.9180873980051985 33.663111242384737 50 41 30 0.00028841563317670273 21 584 23 416
2171 1.09702898907922 2.0937458799657089 33.736224187933011 127 126 121 0.19764217171726275 27 1003 23 419
2172 1.5070915137156067 1.8912348642906032 33.431421971284514 40 37 32 0.16604839246837438 22 527 23 423
2173 1.6076372082561707 1.9917826794228422 33.504371554683935 48 41 33 0.047324931318869015 27 1006 23 429
2174 2.3076681799774028 1.819481509831826 33.319586726978002 71 35 27 0.67716750375742063 21 548 23 434
2175 2.5454810643626655 1.9890412170858278 33.604296634256833 97 74 56 0.24436309682623453 22 539 23 436
2176 -0.71296020331635512 2.3809438204248217 33.623521294132971 48 53 49 0.28770615166013191 22 598 23 460
2177 -0.44728537472530699 2.4012285690618493 33.683202396862818 9 9 4 0.30612252588607769 22 602 23 465
2178 1.2779322175674299 2.3122776010457575 33.7380487568524 127 127 122 0.51076311960973264 27 1026 23 480
2179 2.7678081619369559 2.2151210594856563 33.527817023642328 126 92 45 0.11064982747183599 21 628 23 494
2180 -1.3725216381313829 2.5025894181464849 33.305147264617887 12 11 9 0.36024296744330764 22 636 23 508
2181 0.19926952181688015 2.6287123225049447 33.698417445740269 6 5 7 0.019814533099022064 22 1527 23 523
2182 -1.456178559959483 2.70096524122757 33.531222783148984 10 9 7 1.1549559366112303 20 1639 22 676 23 552
2183 0.10717570113545258 2.8240955289086056 33.764916167131098 6 7 9 0.12805489818670482 21 722 22 684 23 569
2184 0.22527742159738634 2.6772607258204206 33.79889567087487 44 45 47 0.20986493080753643 22 1529 23 570
2185 0.80371570807409587 2.715780384251798 33.547591164387953 49 47 43 0.058876090793258881 22 653 23 571
2186 3.0511478193212169 2.5670483720738999 33.700026923182556 116 91 69 0.26733547015544901 22 621 23 581
2187 -1.3935643219722047 2.9171943364010118 33.095196548284342 47 47 47 0.92575330864367644 21 746 23 605
2188 -1.6484536406187376 3.2077793053797738 33.220310896239809 55 59 58 0.83880164838972515 20 1720 22 743 23 639
2189 -0.58457397598631122 3.1495207247533252 33.612100592221793 37 45 42 0.042804655012159479 21 750 23 646
2190 3.1949841134096131 3.174606976474998 33.608070791692221 134 107 86 0.16017644252299953 21 757 23 657
2191 4.2864917758607897 3.146260640413002 33.861810149962913 125 100 77 0.2542319606391944 21 759 23 665
2192 5.8370599006087653 2.9453992123120996 33.775247741333892 119 93 99 0.55467848726417235 22 710 23 668
2193 0.19822741195092783 3.9468329240642848 33.131890911744023 0 0 0 1.0519016586734051 20 1748 21 808
2194 6.10445456117652 4.0607241225378461 33.604919446570825 147 114 99 1.0177469246667745 22 798 23 709
2195 6.119296868767865 4.0917387105614678 33.766499070064192 147 114 99 1.3097854186569287 21 814 23 710
2196 0.35260309836708331 5.0727053210624264 33.176896196764268 136 101 76 0.88317076089942093 20 1775 21 1544 23 718
2197 3.4560096370224835 5.6934348988126828 33.105387078929979 73 67 69 0.50870043331996373 21 859 22 1636 23 747
2198 3.5569123370569979 5.6667907124921753 33.031527463479868 115 111 112 0.1117260436946062 22 855 23 748
2199 3.7533217673827339 5.6761570593809481 32.966766982583145 26 22 19 0.38125221726887037 21 867 22 861 23 755
2200 4.0182875352176888 5.6750400264097909 32.982306102211226 99 90 91 0.80427984222445381 21 1553 23 759
2201 3.8888559552502158 5.7648373636522976 32.931946640639062 62 63 58 0.57574103061965798 22 892 23 775
2202 3.0421999520403959 6.0876945311055932 32.900127992388299 67 48 48 0.30254749700044192 22 1655 23 783
2203 3.0749485913751085 6.1939133030499756 32.928722601280988 126 120 125 0.58220072445076765 20 1087 27 565 23 786
2204 3.1671158367555949 6.1422160510899779 32.953935853453558 159 150 155 0.12232584204229699 22 942 23 788
2205 3.2634335235973384 6.0245586301509499 33.014364460888103 74 69 66 0.11798251779204463 21 896 23 789
2206 2.7366669866756759 6.3099557708012091 32.52920712432033 90 74 67 0.10461395698895309 21 1597 23 804
2208 3.1066783085981227 6.2762168122121604 32.90763508846873 22 20 23 0.66631051302455602 22 944 27 1163 23 810
2209 3.1484068915329115 6.2505468073264101 32.821649637910497 66 67 71 0.7491504953399416 20 1833 22 947 23 811
2210 3.5794202730159994 6.215239680323478 32.774489290886628 188 184 187 0.59878381134685155 20 1097 21 1588 22 952 23 819
2211 4.3035924322850629 6.0884725621233233 32.84091145630201 54 33 27 0.99324237105444468 21 1590 23 824
2212 2.6726674275779847 6.374103738302245 32.651327931573341 82 67 60 0.55006041142408235 21 1613 23 825
2213 3.0833623187665853 6.4887467772137875 32.75263897989317 121 115 115 0.55322062034569708 21 958 23 829
2214 3.4316662692902762 6.3373474340834601 32.822883464776183 8 8 18 0.30588290650881994 22 979 23 832
2215 3.428949716351033 6.7316073357238553 32.674294497668207 41 37 38 0.27373695512234952 21 1640 23 875
2216 3.5836768561641836 6.6873623050506295 32.669372870036973 43 38 42 0.13742883054385596 21 991 23 877
2217 3.576131998428993 6.8124831899912959 32.721733983857447 103 98 99 0.32325762383184453 21 1016 22 1052 23 878
2218 3.8651054050436642 6.7367776253219356 32.708641756953519 67 67 72 0.42570422204615987 22 1034 23 882
2219 4.0290571335455541 6.6661773885514402 32.555067914606951 131 125 125 1.1807060552407396 21 996 23 883
2220 4.1694579409265744 6.6437659030631577 32.576093520830995 47 41 42 0.36056372779548751 21 998 23 884
2221 2.5194837216417585 6.9355248018588567 32.557687842088775 194 182 184 0.16557622051309456 21 1656 23 892
2222 3.75790816600579 6.8201533099242191 32.675593153109162 43 38 44 0.40031837215913785 21 1022 23 896
2223 3.730792084795798 6.8335383341265219 32.655679683819137 180 174 176 0.22371700025575433 21 1021 22 1056 23 897
2224 3.9012400258805817 6.8888103295680816 32.610348789454065 198 188 187 0.63215923705985266 21 1658 22 1734 23 903
2225 4.2221522885854403 6.8390735849277444 32.462913633044792 33 20 19 0.35015920045463811 21 1053 23 907
2226 3.7274084342428608 6.9686424570310912 32.550735109449988 132 117 122 0.33091509174555755 22 1083 23 917
2227 2.309789262556833 -4.8986713115353933 32.908858150996139 57 43 32 0.99991736435375356 21 1100 23 942
2228 2.2916393328447064 -4.8431079526744405 32.931913960137031 96 87 69 1.0623786352526472 21 1102 23 950
2229 2.3169867107729427 -4.7658394428592619 32.979281891287933 120 111 94 1.1707675071211763 21 1690 23 954
2233 5.4178702629598128 -3.5050929717278123 32.783368846065109 86 104 80 1.1198175441433531 20 134 22 1195 23 976
2234 4.7940907379832236 -3.4591457237621777 32.73357934325967 29 26 21 0.78198837690413747 21 1150 22 77 23 977
2236 3.6594890583516628 -2.9067378136387285 33.257469213127408 83 74 59 0.2687785093331781 21 173 23 1006
2237 4.000291221198732 -2.8759983582633835 33.292939809328026 169 164 146 0.38348565040699123 22 1225 23 1009
2238 5.3083612346805822 -2.8128639533721245 33.074036678346232 91 77 52 0.52537773930714238 20 1297 27 145 23 1017
2239 3.770004797281032 -2.8152579710820191 33.334024723967254 158 152 136 0.36458447323742166 21 1187 23 1021
2240 4.1551916132763722 -2.5488529739638399 33.300230003302971 117 105 89 0.87366824658760489 21 1213 22 1250 23 1025
2241 5.1473685356980816 -2.6109562974819536 33.163785347571896 49 44 27 0.63067032340513962 21 1205 23 1027
2242 3.5918178556342362 -2.3291773615942568 33.442090192688589 87 74 56 0.66551633807793065 21 232 22 204 23 1030
2243 3.6373284767586984 -1.3244939117606398 33.563657043485115 107 78 67 0.610185414133112 21 261 22 220 27 830 23 1038
2244 3.8510778197517039 -1.2502280862179835 33.656441651507429 161 134 41 0.55244075190543585 20 327 21 264 23 1040
2245 5.4988378867396621 -1.3459300782748032 33.28105025738008 62 52 40 1.3114525966395127 20 318 22 1847 23 1041
2246 3.7283499141888568 -1.2131969710353971 33.727705745576607 65 14 4 0.21289695844129528 21 266 22 1268 23 1047
2248 1.5633687593885603 -0.90965139163150266 33.500976663179181 110 102 81 0.36627975975235172 21 277 22 252 23 1055
2249 2.5155034452558631 -0.9874241192352744 33.450328251042912 20 16 13 0.39768077287389048 21 280 22 1279 23 1057
2250 4.9610269080941851 -0.80212509795145892 33.585962087555608 43 36 30 0.069043503160843817 21 1245 23 1063
2252 5.6299844646888193 -0.59597099714607493 33.389866949432978 42 34 31 0.87850899047061648 21 341 23 1078
2253 3.0732149125926118 -0.35841916197777729 33.961221991501539 95 40 20 0.51983045053720511 22 298 23 1085
2254 5.0064194740398618 -0.095125326226639731 33.827268758107273 41 27 16 0.67236261654437435 22 335 23 1122
2255 6.056046200959508 0.80003062149847914 33.556988756768021 17 13 10 0.33433278548340328 22 392 23 1132
2256 1.032034423011976 1.2224074595383621 33.644234415103917 126 104 83 0.13033910956340544 21 1338 23 1134
2259 3.1072421516759596 1.5084563310314398 33.594598975132286 68 61 53 0.34087672285131032 22 1414 23 1156
2260 3.8366070571149069 1.3053419203540118 33.595203408057181 60 60 76 0.28171094548323383 20 2073 22 1401 23 1159
2261 -1.6065044827272739 1.9046425188949769 33.242677837165779 115 107 97 1.0312003258301794 21 1387 23 1161
2262 2.0809784426229818 1.6635146510884578 33.408958039152147 82 54 15 0.92215047515219994 21 1356 23 1169
2263 2.2759125588765516 1.7010984586654392 33.569919855321878 111 80 26 0.098706628979816843 22 1427 23 1172
2264 2.4550284051063298 1.7688982268134323 33.504740694086905 55 68 51 0.56237940401554087 21 547 23 1173
2265 4.2800767114674363 1.7193986655606419 33.715124297237281 167 161 133 0.30939121747672482 21 1381 22 1436 23 1184
2266 4.9943295341586289 1.6935953427878339 33.598227649530202 17 1 0 0.50886105229540857 20 1531 22 514 23 1187
2267 0.77772134114026559 1.9704455447519225 33.681791952161475 42 38 29 0.30565990454834513 27 999 23 1190
2268 0.80055604963034621 1.9647036059189942 33.788727517703535 42 38 29 2.0289273585028118 20 608 27 1000 23 1191
2269 0.68890849062679593 2.079763575442946 33.533725586863646 38 31 19 0.67008873534847635 27 997 23 1192
2270 0.70635100028423814 2.0801801298971996 33.400474530605834 38 31 19 0.46212397406642614 21 1391 23 1193
2271 1.6147555363825739 1.8478210733748348 33.383949846112969 87 80 72 0.75185270959189687 21 1370 22 1450 23 1197
2272 4.726876072956288 1.8671192236064236 33.861621422398841 103 99 90 0.14033989530743884 22 1439 23 1211
2273 4.7275615813189642 1.8677044206193971 33.850513516066144 103 99 90 0.22131110874132828 21 569 22 1440 23 1212
2274 -0.50457705908036732 2.2521363402888572 33.551780449483395 76 73 70 0.21580584386259738 22 1499 23 1222
2275 -0.27181615962853339 2.2436331800696352 33.667650738282738 29 24 16 0.36067277942834103 22 1974 23 1223
2276 0.0049154533629621518 2.1651476008321078 33.552492480631422 17 14 10 0.46753024753732159 21 1856 22 1976 23 1224
2277 0.59509438494281508 2.1686384060735824 33.311861045580969 115 109 93 0.27806544692887047 21 613 23 1227
2278 1.322394732265969 2.2919199313736152 33.748115178776509 21 18 11 0.220140270785045 27 412 23 1229
2279 2.553048923044829 2.2284926982055189 33.603573736419918 83 62 45 0.4582289885150117 21 623 22 580 23 1234
2280 3.308979543077696 2.1346311449967561 33.527558780898985 140 131 120 0.13207506036972072 27 390 23 1237
2281 4.5143106844163814 2.0862290251926163 33.816664875307019 33 32 27 0.8138326334955035 22 553 23 1241
2282 4.436211880697666 2.1313361674265239 33.65464830719052 108 105 96 0.16952031910043486 21 1400 23 1242
2285 -1.5702323251568018 2.4630288329720877 33.230734894180245 60 60 58 0.83236464306560598 21 1443 23 1251
2286 -0.93906594595163662 2.5898427109680164 33.490382364353593 37 11 5 0.42589276205067378 21 1447 22 2024 23 1252
2287 -0.64097063473969496 2.4624665621449275 33.514275724855352 4 5 3 0.21769044578661409 21 1877 23 1254
2288 -0.64097063473969496 2.4624665621449275 33.514275724855352 4 5 3 0.21769044578661409 21 1876 23 1255
2289 -0.54185071717198841 2.5371178574848128 33.582149972701799 51 51 49 1.1378476261067521 21 1451 22 1524 23 1258
2290 4.525109450729806 2.450347213636149 33.981391804039283 6 6 0 0.92502409067915647 21 1440 23 1277
2291 -1.0211832811548847 2.7991469253677637 33.548572674758951 55 66 58 0.08060735922542886 21 1923 23 1284
2292 0.094854540668105378 2.7074418679722472 33.761127627137007 44 45 47 0.37404824270281822 21 1455 22 1528 23 1292
2293 4.3292316161532458 2.7676957231037562 33.678375331909756 43 36 28 1.3223753743546947 20 1661 21 1917 23 1318
2294 5.2474972023107771 3.6294656302449608 33.836995074078885 68 46 54 0.1528716594810032 22 774 23 1344
2295 5.2474972023107771 3.6294656302449608 33.836995074078885 68 46 54 0.1528716594810032 22 775 23 1345
2296 5.8843905331794435 3.717687530146331 33.415475431692713 57 52 40 1.0947896894306586 22 2076 23 1353
2297 3.4959332280411126 5.5923526887380399 32.959214264761712 36 20 14 0.2125010109011306 21 1549 23 1379
2298 3.5361140031908938 5.8112196385955945 33.016885787311942 85 82 78 0.44418022833862159 21 1559 22 882 23 1401
2299 2.9557918819955313 6.1222910608670285 32.928822436290211 109 99 95 0.0064080278427219115 22 934 23 1412
2300 3.027859195450334 6.1486624766938194 32.986934958870258 160 148 150 0.32652194844505306 21 1980 22 2108 23 1416
2301 3.0295208578732629 6.1496930332228485 32.98352877833058 160 148 150 0.26388188942199287 22 2107 23 1417
2302 3.088785901338591 6.3505061101770828 32.848403888050029 23 21 20 0.42430707005555324 22 1677 23 1424
2303 3.2003902423273325 6.2417634622077376 32.897970920786484 19 18 25 0.063360822218223381 22 945 23 1427
2304 3.1473824672904969 6.3725079561213072 32.783214636411905 69 70 75 0.33231869565224631 20 1842 27 1551 23 1432
2305 2.5716817528953935 6.5334636781209197 32.636597621042526 148 133 126 0.299861562538143 22 1698 23 1445
2306 3.3066730849248498 6.5872109477793028 32.742403735573212 37 38 33 0.15826519336266415 27 1188 23 1451
2307 4.246853603021969 6.4487839006394001 32.66747633798618 36 32 30 0.21832590442405431 22 1710 23 1459
2308 2.3242559047627238 6.8714553888510839 32.530531476553577 88 73 66 0.36300244961357475 22 1748 23 1463
2309 3.0177959846470919 6.7159018587754691 32.611607624095193 163 153 154 0.20211392567774622 22 2134 23 1464
2310 3.4501789674374495 6.7521948257772788 32.647955369824544 48 44 45 0.1467161360356555 21 1013 22 1719 23 1467
2311 3.6584609097298415 6.7130923749803513 32.700547765409276 21 16 21 0.18867827642746401 21 1630 22 1028 23 1469
2312 3.778704033857835 6.7722714613057144 32.750414800490994 86 81 87 0.64109064052854636 21 1020 23 1470
2313 3.8175608737701081 6.7457272510421884 32.665735018248476 38 37 42 0.13697784721001022 22 1722 23 1473
2314 2.412987642581149 6.9801975417352535 32.402761926301913 127 116 111 0.5701953803659866 22 1749 23 1481
2315 3.3054771998696055 6.8191592153279652 32.618140054362108 48 42 44 0.19186015069134923 21 1641 22 1731 23 1482
2316 3.3054771998696055 6.8191592153279652 32.618140054362108 48 42 44 0.19186015069134923 21 1642 22 1732 23 1483
2317 3.6213223021411252 6.805207570536612 32.687802387458319 42 38 39 0.27452421585559944 21 1643 22 1053 23 1485
2318 3.9378703771482355 6.889155647533447 32.583009552183171 106 96 95 0.26242565365706111 21 1052 22 1735 23 1489
2320 1.106561628205678 -4.8865079758178842 32.915632067500532 141 114 85 0.81033221534919975 20 1898 23 1512
2321 -0.1317609960259174 -4.7228214668985062 32.717053808212995 214 208 196 1.2943466874129679 21 1667 23 1515
2322 2.5873721223823485 -4.8295171130417085 33.028101760324382 137 116 85 1.3734024111727516 21 1693 27 1611 23 1525
2323 0.19669897917217435 -4.3783246812040435 32.863233189121679 137 128 113 1.0740801126401949 21 1700 23 1533
2324 0.19669897917217435 -4.3783246812040435 32.863233189121679 137 128 113 1.0740801126401949 21 1699 23 1534
2327 4.3123277228918662 -3.4260181647399834 33.068257939325598 78 69 57 0.37797100930065447 22 1189 23 1552
2328 4.3123277228918662 -3.4260181647399834 33.068257939325598 78 69 57 0.37797100930065447 22 1190 23 1553
2330 4.5212427683366787 -3.1370628857644083 33.089805310614324 123 116 109 0.096836804275768268 22 1212 23 1568
2331 4.5212427683366787 -3.1370628857644083 33.089805310614324 123 116 109 0.096836804275768268 22 1211 23 1569
2333 4.4718985131381022 -2.9192053384197996 33.229886802185007 104 94 85 0.031339575640294694 27 799 23 1577
2334 4.6478188051575779 -2.7184401539215282 33.26782098155347 166 168 155 0.52967117798835373 21 209 22 1832 23 1583
2335 5.2237475377477498 -2.6228716110924486 33.091457043467891 25 11 3 0.072722490960909755 22 1835 23 1586
2336 3.6398179472190986 -2.5746561768363745 33.506961449711817 144 135 120 0.22783934838717432 22 187 23 1590
2339 2.4443340380671965 -0.9290579287459978 33.571414190507774 29 23 8 0.48928648115462714 21 1751 22 1858 23 1609
2340 3.9962608469080281 -0.90523295067442666 33.788215610098398 125 84 9 0.22180525455102118 21 1753 22 1861 23 1612
2341 4.5625970767824544 -0.88011868249717751 33.748429810370112 95 87 83 0.031891883774429503 22 1304 23 1618
2342 5.920233199089628 -0.93281070426167656 33.325640541144971 98 86 86 0.094382823327478965 21 1758 23 1622
2343 2.5747312764972561 -0.15735448193158005 33.762765367398202 2 1 0 0.79068260880226038 21 1782 22 1350 23 1641
2344 4.7382427480362326 -0.27936727747797085 33.891737218489695 124 68 53 0.47388110386700522 22 1888 23 1646
2345 1.9115173502690477 -0.039595303305003798 33.575189311235718 99 82 62 0.021796147112728356 22 1892 23 1651
2346 5.1501366071105199 0.049215149324872851 33.953262024663545 99 87 83 0.37914453626096828 21 1311 22 1372 23 1660
2347 0.54375285006259011 0.38331566362979375 33.784906593107955 152 142 130 0.53517483673345057 27 1711 23 1670
2348 2.5001446402264809 1.0394546328515479 33.615839720388358 83 74 57 0.44145223806984563 22 1388 23 1672
2349 2.5652934461510957 1.0792620456325279 33.710817832474966 49 34 19 0.1677155257996224 22 1922 23 1674
2350 3.9903387635494236 0.98218277083226668 33.493013024429445 59 49 39 0.52658669336244701 27 935 23 1676
2351 1.2754844741629354 1.5217979097026684 33.742013470697017 103 68 30 0.61661908759985984 22 2324 23 1691
2352 -0.29462796817115589 2.3906868277505575 33.676651029109486 22 21 17 0.27019409175088138 21 2199 22 2366 23 1738
2353 0.54552169757603441 2.3245576591995722 33.464389454256349 117 115 104 0.48198675375891364 22 2004 23 1742
2354 1.0972460624924303 2.2755883172107221 33.721600521554244 140 140 131 0.072912401005743643 27 1785 23 1745
2355 1.2202996778706643 2.3102179148700226 33.705286608088237 25 20 14 0.18117937455818806 27 1452 23 1746
2356 4.382151653781146 2.1827983218293783 33.855463923764169 15 10 4 0.6044648804612387 22 1488 23 1756
2357 -1.5246464629311132 2.496921784881994 33.475609227638898 62 62 65 1.6094889027619113 20 2140 21 1904 22 2021 23 1760
2358 3.5966587495497526 2.4600049958645718 33.682736912989029 41 28 32 0.15150027603655969 21 1894 23 1772
2359 1.4287436583687256 2.6108117686758612 33.614343384135651 6 7 2 0.24605758531777128 22 2030 23 1785
2360 3.6949938944265837 2.5334078207638426 33.693299324870445 49 31 19 0.040844828097558301 22 624 23 1790
2361 4.6596228397479322 2.5143276083989945 33.940888105307181 138 125 70 0.61745458779873663 21 1897 22 1511 23 1793
2362 3.7461065012821528 5.6132514630286128 32.939426151812718 109 105 102 0.37536713018915902 21 1972 23 1869
2363 3.4782404916497986 5.9474825421593254 33.008469846671737 23 23 25 0.43929104095044624 27 1536 23 1879
2364 3.6425095251336188 5.8018707766801443 32.96264841666229 168 161 162 0.27795537031928913 22 888 23 1880
2365 4.1440901928883536 5.8164704985699638 32.960952062287674 54 53 50 1.7126430297906623 21 1977 22 2101 23 1884
2366 2.7556600624121264 6.1238909138206532 32.809421712075938 38 14 4 0.064649313845845505 22 1663 23 1885
2367 2.8448028721182772 6.1392516845194365 32.93843164434643 34 26 23 1.0282745139848821 22 1664 27 1150 23 1886
2368 3.4036079428364419 6.4996325971449833 32.683439763704648 87 89 88 0.97876535646082397 20 2250 27 1570 23 1908
2369 2.3884133530010172 6.7534114672069885 32.564031390399258 76 62 59 0.57193245635934231 21 1636 22 1047 23 1914
2370 4.0816576186753526 6.6766936426902266 32.586043847758155 36 30 30 0.42565726496280543 21 2012 22 2143 23 1918
2371 2.4804155633149634 6.9336657930505545 32.588341816551214 146 135 133 0.080956335377261171 22 2158 23 1923
2372 3.507484734604212 6.8866156685481901 32.631358822352531 136 128 126 0.6991353952626056 21 2028 23 1924
2373 3.9543124322960508 6.8279818631225702 32.633730675738228 76 67 73 0.39905631899503352 21 1645 23 1926
2374 4.3390449101488189 6.7048168566220605 32.587133116907069 18 6 9 0.11500424227928535 22 1728 23 1928
2375 2.5218417156782347 7.0978797263948579 32.568221376599091 200 192 190 0.7115233740396909 22 2172 23 1933
2376 3.9306347833154818 6.9662564029499592 32.533287601800055 75 59 59 0.097284346897845181 22 2161 23 1938
2377 3.9306347833154818 6.9662564029499592 32.533287601800055 75 59 59 0.097284346897845181 22 2162 23 1939
2378 4.2739234983536365 6.8786825803946918 32.484060347119105 127 116 114 0.55187170019056175 21 2030 22 2152 23 1940
2380 4.2800024989381393 -3.2285981825155754 33.086101899154329 102 94 79 0.047086733871699094 22 2518 23 1971
2381 4.2498844093218713 -3.143792022665211 33.138899172122713 97 92 73 0.45075677861131236 20 2323 21 1723 22 2224 23 1977
2383 4.0935268419835316 -3.0214976476923057 33.176491958027846 116 110 94 0.40554749495804804 21 2080 23 1990
2384 4.1786969344953784 -3.0258534830976829 33.231934592886383 170 164 148 0.54701940312465935 27 1275 23 1991
2385 4.2293190387665947 -2.9645139043024535 33.193378969369725 104 97 78 0.42549791400434867 21 1731 23 1993
2386 5.2191621757448958 -2.6329877502023926 33.079123886702888 26 11 5 0.57951682995597387 21 2093 23 1996
2387 3.7393862720926823 -1.3135390486606418 33.603014309084394 81 36 28 0.070524842740048083 21 2103 23 2010
2388 4.9607240721263723 -1.0533892893957968 33.486620910282106 25 15 5 0.22125479156315739 22 2265 23 2016
2389 2.8925244361391229 -0.69658870198336909 33.702239010251226 33 35 34 0.10098720788527743 21 2106 23 2026
2390 4.4943416522654838 -0.35301352067792396 33.857545685456962 61 40 45 0.53765590024088405 27 1685 23 2032
2391 5.49641525600763 -0.49682751735110575 33.356229930503829 93 88 84 1.1761091577557328 27 1329 23 2034
2392 3.5661376706087884 -0.084540675358624556 33.836585983877853 140 106 72 0.11425681808881195 21 1786 27 1702 23 2043
2393 5.7697637726485169 0.019328204694517979 33.706603307910093 21 11 1 0.099117361795802994 21 2132 22 2304 23 2048
2394 4.6295566474554439 1.0896624606175265 33.685652637321795 56 55 50 0.079214989369427682 21 2378 22 2564 23 2068
2397 3.6557656718017721 1.9483959900280137 33.681081573297234 116 95 68 0.77076864978328863 27 1430 23 2109
2398 0.69808077620449982 2.5914235020433556 33.614079947723233 115 69 43 0.15558322963136295 21 2429 22 2614 23 2137
2399 0.84645919215774812 2.5696003412439472 33.936410257418437 113 69 42 2.0979176598721536 20 2477 21 2202 23 2138
2400 -1.4961972220726991 2.7248580776068576 33.452298120796947 51 50 48 1.2315968817395184 20 2485 21 2431 23 2146
2401 -1.4962392052315361 2.7050518632686962 33.292311679482857 51 50 48 0.40608441104761384 22 2388 23 2147
2402 5.552988102916661 2.592789738677661 34.060395742745065 114 58 58 0.6051947128150067 21 2208 27 1462 23 2154
2403 -1.420864346900397 2.8358454188276347 33.343601570438956 70 70 69 0.19915487414021316 22 2395 23 2157
2404 4.8948942746308441 3.081764998289382 33.940100595599212 100 80 71 0.0948848506972369 22 2393 23 2166
2405 0.21603434275436567 3.8100102332289301 34.195397353047795 26 27 22 0.82663913565395086 21 2244 23 2178
2406 4.6569659418393696 3.3651963777316314 33.869824673961517 86 54 32 0.34531443965499442 21 1947 23 2180
2407 5.4843884822840998 3.4167892772274637 33.913081491929255 160 117 100 0.65832225642880904 27 1822 23 2181
2408 6.0451086425137248 3.211407752485671 33.661750687088038 59 55 53 0.47465035205011141 22 2401 23 2182
2409 -0.93592876607646436 4.5247017743037254 33.380679756791686 85 54 37 0.68774326578151657 21 2468 23 2191
2410 0.38193567448133126 5.0213700423376393 33.184176312604329 49 23 1 0.9568470203723014 20 2531 21 2469 23 2192
2412 -0.5102760730742657 5.2601760190311238 32.98343164057907 143 98 72 0.22772497410174136 21 2253 23 2197
2413 4.0703267560004646 5.6533902639269575 32.92077271066664 43 27 21 0.33975394101846046 27 1850 23 2216
2414 3.6347041316763056 5.8019110019908506 32.99134692818523 164 158 158 0.14438601661441022 27 2081 23 2218
2415 3.218212278495288 6.0570887166039578 32.948922181416968 167 162 158 0.18973979623427439 22 2438 23 2220
2416 3.3254359771878432 6.7687484374650921 32.619187144638396 42 40 41 0.19214714306787672 21 2296 22 2475 23 2244
2417 3.4949511384806904 6.6638800350664411 32.79797191380559 38 34 34 1.0506714142854936 21 2005 23 2245
2418 3.1857123102256586 6.8336373818653833 32.581321666011199 114 103 107 0.4244292166433869 21 2294 22 2149 23 2253
2419 3.1857123102256586 6.8336373818653833 32.581321666011199 114 103 107 0.4244292166433869 21 2295 22 2148 23 2254
2420 3.2175740185781589 6.9475249320141845 32.543908500767891 140 129 133 0.25921647187942509 22 2483 23 2256
2421 3.6283974397267369 6.8641734408845689 32.690649871295456 171 163 166 0.23513539361801519 21 2297 22 2476 23 2257
2422 3.6284749852705827 6.8581801348140186 32.667100675362768 171 163 166 0.1504882638166794 22 2477 23 2258
2423 3.6556456554537595 6.9664627271864594 32.570499151332662 195 182 189 0.14960366621544691 21 2304 22 2484 23 2265
2424 0.1341601487099508 -4.5073267323762112 32.9103719235491 148 142 122 0.9408752003906603 20 2287 21 2043 23 2272
2425 1.8151316134560975 -4.5626741650729894 32.992678423964016 133 107 83 0.5246874005021136 27 1613 23 2273
2426 4.3254522029371971 -3.535515475374476 33.04754247352124 137 130 119 0.050035971857139511 22 2211 23 2285
2427 5.6807352763222259 -3.2550195156329482 32.752789906854247 64 66 64 0.67730468322567516 21 2077 22 2222 23 2293
2428 5.7903766630586802 -1.1962360103254583 33.370842812322046 46 37 31 0.65951363203744484 22 2260 23 2310
2429 5.7383791552149885 -0.806183582824328 33.340781205168717 71 72 31 0.70956448969902952 21 2350 22 2540 23 2317
2430 2.3411503764303814 -0.75903446564035115 33.331844322253659 76 63 46 1.6342310918886553 22 2533 23 2319
2431 2.9665730494346771 -0.74917367320061301 33.729785797230747 11 11 4 0.015114207435959127 22 2267 23 2320
2433 4.0787102112441129 -0.51315104122986954 33.732548196153346 161 139 133 0.44020119523523438 27 1974 23 2326
2434 3.3656713620477068 -0.26656003221237418 33.893014992523824 147 78 66 0.2837272209318078 21 2362 23 2334
2435 2.205039480143907 -0.062896233785363076 33.247280385582734 84 69 50 0.72254667580643039 20 2644 21 2541 23 2337
2436 -0.0050862946453135273 0.3520605646903075 33.523099443775465 177 171 157 0.12859927938331306 21 2372 23 2341
2438 5.2941671997502073 1.7423094343798506 33.562992590045774 63 70 96 1.514479624084424 21 2560 22 2342 23 2359
2439 5.3359516771439202 2.2918017185498374 34.205213971519022 98 114 131 0.74205745410942803 27 2037 23 2383
2440 -0.48578144086161923 2.6638874621286233 33.602240678426931 66 68 63 0.3602850133638098 21 2423 22 2611 23 2384
2441 0.15697704794551584 2.7562690036220925 33.818154865965873 52 53 55 0.37005221565168467 21 2425 23 2387
2442 4.7747614563521683 2.5785493747589259 33.927366685829405 28 16 17 0.33842694645873828 22 2375 23 2389
2443 5.3277561326172869 2.5697169540750413 34.2979691204701 141 75 69 0.86395406076005576 21 2207 23 2391
2444 3.3315679972092611 3.0536060718103397 33.61339128026119 77 48 30 0.22635135246956989 22 2620 23 2401
2445 5.0369523927843964 3.1138176921456293 34.06168915340762 100 92 84 0.72525877825753138 21 1931 22 2626 23 2405
2446 -0.14256103231172876 3.4265043448081016 33.82484707179794 12 8 7 0.52662632254581976 21 2441 23 2407
2447 -0.83454680030619588 4.0896288569323378 33.983274625079247 58 67 62 2.5034300559718941 20 2743 21 2465 23 2420
2448 2.7644242581005627 6.2326634246139934 32.779036300297186 34 11 5 0.24559057890738425 22 2660 23 2438
2449 3.5129971609237409 6.7941937207890311 32.670558140517024 33 29 29 0.38938246950166128 21 2493 22 2677 23 2453
2450 3.7932012990968245 6.6507707805181751 32.749075712970885 38 34 41 0.068246616457697432 21 2290 23 2455
2451 3.393302500814102 6.8899144028990316 32.562838536563397 82 72 73 0.052331553161877729 21 2498 22 2676 23 2460
2452 4.3434910058995815 6.8131295268666276 32.390884732935781 20 10 7 0.24459284165024486 21 2613 23 2466
2455 5.0576115554396068 -0.85447820284617315 33.56029296336056 95 84 82 0.6209615015378519 20 2814 21 2346 22 2536 23 2494
2456 3.3893354607964659 -0.38530008915293279 33.882690457021859 152 151 141 0.24382017820706081 22 2725 23 2504
2457 4.5077916008461063 -0.5312063894684852 33.880189675236657 56 46 44 0.49249484558565371 27 1975 23 2505
2459 -0.25551048005614702 0.33211173108012476 33.557737074344658 197 191 179 0.47177715167523726 22 2735 23 2518
2460 -0.64037359267919636 2.5470922883172062 33.518127631030175 7 11 11 0.33900707132096186 21 2671 22 2863 23 2550
2461 3.7999199228085736 2.7804393809378158 33.843554660903628 42 40 28 0.4414671790873862 21 2580 23 2565
2462 2.8980617977560055 6.8140735424623067 32.554226531931128 57 49 47 0.091596072479791776 21 2610 22 2799 23 2588
2463 3.3580985198893871 6.6835619056092845 32.593151188008854 50 48 51 0.54833473453150128 21 2489 22 2797 23 2589
2464 2.3134033944761585 6.8942313858087703 32.332285142059156 66 56 46 0.55235211292340813 22 2679 23 2592
2465 2.6839776849735411 6.8491548429959854 32.518168446692904 151 141 142 0.21203456361801373 21 2615 22 2673 23 2593
2466 3.4128768204922864 6.8169334226729754 32.639066946182496 185 179 179 0.048681815210279006 21 2611 22 2675 23 2594
2467 3.6066657799972557 6.9216625887547627 32.612809978580621 48 36 40 0.12831154783992302 21 2616 22 2800 23 2595
2468 5.4707797844857433 -2.799743211220572 32.961828797347053 84 64 39 0.14773498524905065 21 2518 23 2609
2469 4.2323168327659237 -2.7371708393217604 33.24692479263495 118 109 92 0.63765705849176013 27 2240 23 2610
2470 5.2162219609132219 -2.6614863671767237 33.070199513616188 35 20 16 0.38145583544487377 21 2632 22 2822 23 2611
2471 4.8030610081849474 -1.0494909565887851 33.637100613759984 27 10 4 0.11403837530188109 21 2638 22 2831 23 2616
2472 5.4162175031517918 -0.73800871489766917 33.490647393533955 18 11 5 0.48943519435918442 22 2836 23 2627
2473 4.5278602823838563 1.112967049452755 33.930290466074545 14 17 8 0.70432456295796642 21 2655 23 2637
2474 3.9261392840398313 1.4978931130919342 33.5960548939101 5 4 2 0.10163991259000368 22 2854 23 2641
2476 3.4952365316763681 2.5252229545518832 33.739889176235259 1 2 3 0.64386921194035651 21 2670 22 2861 23 2660
2477 3.2129088517891344 6.7376595081021664 32.665901024847358 184 179 175 0.80823689284110667 21 2747 22 2884 23 2676
2478 3.9213406304581406 6.7282117397346939 32.619961671103844 30 29 34 0.20521992929504684 21 2690 22 2885 23 2678
2479 0.12750599034473259 -4.4293678334536128 32.965233581942918 162 153 136 0.96927540030178849 21 2749 23 2683
2480 1.866902009033671 -4.4102205834306538 33.130277655951723 137 112 82 0.44969516016809369 21 2693 23 2684
2481 3.1799829162896924 1.2229145709779512 33.478808615876318 36 38 37 0.34767364601198991 21 2714 23 2701
2482 2.4828899770261224 1.4492590982891056 33.331482238866954 21 36 33 0.49064438625693441 21 2713 23 2702
2483 -0.27169422486029188 2.8745857826070926 33.562691967450661 47 49 48 1.11426511853123 21 2735 22 2931 23 2719
2484 5.666772626999105 3.3162514316083933 33.844695611430886 71 68 76 0.094073888202827777 22 2938 23 2729
2485 5.666772626999105 3.3162514316083933 33.844695611430886 71 68 76 0.094073888202827777 22 2939 23 2730
2486 2.4977455824452677 6.3114077804984472 32.556436129036904 42 19 5 0.1073343177932838 21 2745 23 2734
2487 2.4158206915997429 6.839467924627944 32.599889376185679 189 181 178 0.27155072073100944 21 2691 22 2886 23 2736
2488 3.8280725029590461 6.891642297423914 32.62788576166249 177 167 166 0.1399080182293726 21 2748 23 2737
2489 5.7847676978793849 -0.67119730806400246 33.465004840126092 107 105 93 0.61405001293759798 21 2701 22 2905 23 2750
2490 4.2714318718729825 -0.34042697928252458 33.937613952079886 42 26 27 0.42180647859973536 21 2705 22 2906 23 2752
2491 2.9563997346583109 -0.19558962766759883 33.808363589743003 103 95 81 0.99119038386812841 22 2960 23 2755
2492 1.3113115260863695 3.1780477085686498 33.790154432289015 42 40 26 0.30542149014762582 21 2790 22 2986 23 2778
2493 1.2877387665307174 3.2109400078618342 34.093523592529422 42 40 26 0.60146420378786081 27 2287 23 2779
2494 4.5396941940204574 -2.1766503804663166 33.036927582190671 39 28 22 0.74255304771784747 27 2410 23 2792
2495 0.39801957320439396 4.4657759267339774 33.440011976194306 129 83 60 1.8931741795663628 20 3160 21 2848 23 2822
2496 4.6249625329138642 -0.20360528974823081 33.942664020185667 153 102 89 0.018385787054466821 22 3037 23 2832
2497 4.3827395746193627 6.7433623992115015 32.488162388375336 38 22 12 0.5902284438317561 21 2851 22 3053 23 2848
2498 4.5745595704303836 -1.2514492492662563 33.456346050567312 19 9 18 1.069620917848656 21 2854 22 3058 23 2852
2499 -0.010286657498275958 3.7668201296060904 33.837381746601814 32 33 28 0.67115120942373263 21 2860 23 2860
2500 2.0956017522540056 6.634145004741276 32.317320406997808 56 30 13 0.15484498557663084 22 3077 23 2877
2501 4.404147300173114 6.5656804840290555 32.694638719142056 50 28 16 1.1275328741152215 21 2879 23 2878
2502 4.0024120176065612 6.584962568104797 32.621873878424488 87 82 89 1.8822378252638554 27 1190 20 2268 23 1916 21 2011 20 2270 22 2142
2503 4.3966823707279756 -3.4241807211853441 33.090002871610125 170 161 152 1.8420012227164286 21 111 27 91 22 72 20 147 20 1249 23 53 23 54 22 73
2504 2.2330136349886764 -4.7049971114470299 32.990866566361341 129 110 90 1.4068836718789322 27 1249 22 1789 23 952 21 1112 20 1204
2505 5.342324624310872 2.1994718082479263 34.189320313724842 62 95 176 1.4246755128568012 27 1784 23 2127 27 1443 22 1990
2506 3.858615629849282 -1.150575052602038 33.504787930757338 40 33 33 2.2618961906541157 27 2138 21 2339 22 2263 20 2622 23 2312 20 2933 22 2710
