# 3D point list with one line of data per point:
#   POINT3D_ID, X, Y, Z, R, G, B, ERROR, TRACK[] as (IMAGE_ID, POINT2D_IDX)
# Number of points: 5400, mean track length: 5.7750000000000004
1 1.5170897266586656 -28.379178071368706 41.581551876633583 226 218 209 0.73814235812690765 10 1217 6 3 1 1
2 6.5928679194379818 -23.706081896199048 39.872905729510165 40 22 12 0.95314999920196153 10 83 6 47 1 26 2 1233 5 35
3 9.0703960523038756 -18.483757550034174 35.15830610001008 133 127 123 1.0767291599321511 10 154 6 73 8 123 9 162 11 156 1 56 2 1248 5 68 4 1104 3 61
4 8.5557000961666017 -17.031980490144019 32.949367612665462 164 160 149 1.2364153940204767 10 172 6 75 1 68 4 1114
5 8.5879816922527432 -16.605443062660278 33.251404016266036 162 154 129 0.75770687528004266 10 174 6 88 1 73 4 1115
6 9.13739309483692 -17.446375607617885 34.908619531192208 195 188 172 1.2200148780471152 10 173 6 90 8 142 11 1241 1 71 2 1255 4 83 5 77 3 77
7 11.705746502228569 -14.542957716976609 30.476503834117061 56 48 25 1.0627438614558038 10 224 6 111 2 116
8 3.08735287759928 -17.141282135977079 43.55300636842135 69 39 13 0.55142656262579359 10 238 6 161 1 164
9 2.9464050297126563 -15.023423781022066 41.158011215498234 73 41 11 0.68207530815572126 10 1388 6 180 8 250 9 279 1 172
10 2.9124527704473637 -13.741901452134346 42.379527617126669 137 116 78 0.70184416194101795 10 1401 6 229 8 276 9 316 2 231
11 7.4529242767650716 -12.994302930086546 40.996458809363418 82 68 65 1.2683888516140465 10 1418 6 238 5 1171
12 8.3744467874586501 -7.0388141157772113 33.60494319951836 73 73 73 0.76870021498941465 10 415 6 302 1 1384 2 1394 5 1239 3 312
13 15.925794110306171 -4.9586389329397331 28.75234990966571 182 167 162 0.83862707733570785 10 430 6 356 8 389 9 446 7 313 1 336
14 15.97313511703695 -4.846560819177502 29.049987314156688 65 44 43 0.86806854658983357 10 432 6 357 8 422 7 318 11 433
15 11.378076021033554 -2.3861740344578863 56.870565689549281 75 65 67 1.787558001490219 10 1575 6 486 11 1465 1 1524 3 1255
16 11.533258237731065 -0.61751372546407624 30.61574448148157 181 169 154 0.91028470084850654 10 1604 6 489 9 1730 11 2069 1 1548 2 1541 12 1738 4 1306 3 1281 11 522
17 0.87026001138128406 -0.74842887800165747 40.028466696228989 108 77 58 0.7252681940565241 10 1596 6 525 7 401
18 15.824592801814928 -0.3873363882437475 28.437489043877545 105 112 111 0.26895580359206062 10 529 6 531 11 527 1 522 12 307
19 15.740552408492848 -0.38939666491373898 28.295537666432786 105 112 111 0.46980678702101519 10 530 6 532 8 533 11 526 1 521 12 308
20 15.980602721854682 -0.49084341376257923 28.494012903865531 23 32 28 0.46680400325811577 10 531 6 533 7 419 1 519
21 -0.48608065965584429 2.4232698270512971 44.760713092303071 158 152 144 1.2454304349174752 10 630 6 572 8 585 9 634 1 614 2 574 4 508 3 511
22 0.32558112804475259 1.7800387701489975 48.109441776229858 51 42 43 1.7684850004641379 10 1636 6 573 5 1397 8 549 4 487
23 -1.5827083818315997 3.8400479056931052 49.242345125128857 153 38 33 1.3131945213858931 10 2259 6 619 4 540
25 4.2412636254735645 3.0313259892378754 45.443244004530598 130 121 111 1.1287589164465959 10 1657 6 623 8 589 9 637 7 518 1 619 2 626 5 518 4 1339 3 554
26 14.83198166963526 2.4360038562983379 37.17966800119482 151 144 134 0.44839813539798978 10 607 6 628 5 521
27 4.3294983966822471 4.1737098512862989 42.384983396894107 143 127 152 0.81097477147952335 10 1671 6 659 8 700 7 1493 1 1610 2 1608 5 1436 4 1355 3 1320
28 4.9265145073884664 3.5716719046704943 41.840472965101085 50 28 50 0.79510961569785144 10 655 6 660 5 546 4 577
29 4.912681393496479 4.6522690026865243 46.047392738045552 70 51 71 0.89167388196131714 10 659 6 663 1 702 2 660
30 9.0907364216259161 3.6732843761666278 35.876360179790751 112 106 100 1.0233472254187426 10 1674 6 664 9 689 7 1977
31 14.910617151932845 4.5449450337343693 39.993160525962807 238 234 233 0.69945474758190695 10 2266 6 685 8 1737 9 2409 1 1614 2 1624 5 1455 4 1858
32 15.877649236573388 4.7073633110329052 41.898542324516654 234 230 228 1.1160719688921088 10 1676 6 687 8 661 9 691 11 1550 1 1615 2 1625 5 565 12 1093
33 4.3754206412749435 7.2814797926524726 49.138396602438895 28 27 33 0.61287811177546792 10 1740 6 699 1 760 4 622
34 13.253287417477162 6.9051645828392489 50.29163396308811 43 39 38 1.2380620813199186 10 1704 6 703 9 727 7 592 5 595
35 15.91343931408125 4.9877730091374897 28.266802436198883 139 133 119 0.94241896846178363 10 710 6 748 9 809 8 1828 7 637 1 1645 13 914
36 15.897387446541936 4.9858901949216765 28.240304169446297 139 133 119 1.0217063776760491 10 711 6 749 8 1827 7 636 1 1644 13 913
37 14.827647498151309 7.7821547017548109 38.973037179555718 174 170 167 1.1480846742093223 10 763 6 776 9 856 7 661 11 1633 1 809 5 635 12 1164 4 677 3 1373
38 13.8225525643398 7.2491060539596521 35.978556918959299 174 170 167 1.0631696338133358 10 762 6 777 9 855 7 662 1 810
39 21.091841954965794 18.241771585661716 81.138724734682199 80 43 47 1.0380156811276182 10 800 6 789 9 912 7 710 11 782 1 830 2 779 5 1512
41 21.019875951342296 19.799225616871318 84.058238811342292 249 211 200 1.0571517986399157 10 1771 6 804 8 871 9 913 7 711 11 1649 1 828 2 1702 5 1513 4 1425 3 1397
42 21.242470125506404 19.337418547744289 82.26791076548129 251 213 205 1.0403153555009295 10 1774 6 806 8 875 9 914 7 712 11 1653 1 831 2 782 5 661 4 1428 3 1401
46 15.393264675731794 11.77704553425912 42.072766714902912 199 192 185 0.8466467385745865 10 814 6 839 9 935 1 870 2 807 5 704 12 570 3 735
49 20.704762388663273 24.039000691473312 75.365380824480553 166 52 60 0.82146304136410686 10 872 6 887 9 972 11 834 1 1715 2 858 5 745 4 1476 3 1447
50 20.890967749962531 21.237230908117542 67.109579036303941 221 162 134 0.88968634095065124 10 849 6 891 8 948 7 776 11 1683 1 899 1 900 5 1591 4 1484 3 1458
52 20.314501278726173 24.870718262445578 74.737540774960223 34 1 1 0.90620787964341143 10 873 6 909 9 991 7 801 11 836 2 886 5 1588 3 1470
53 20.461781750468006 25.328012621464424 75.282975516396547 22 31 13 0.93607059348802535 10 874 6 910 8 965 9 993 11 1699 2 887 5 1589 4 1491 3 1471
54 21.353895873103198 24.15738765566406 70.986536942346461 20 13 6 1.1153084013546242 10 875 6 915 8 968 9 995 7 804 11 1693 1 1718 2 1777 5 1607 12 1197 4 1493 3 1474
55 15.585165842752527 14.047936900143341 37.461340432678625 202 195 202 1.4100394792984441 10 1829 6 942 8 969 9 1986 7 2460 11 1695 1 944 1 2517 2 2887 5 771 12 1830
57 20.224844898299246 26.719653788684298 64.013742317575549 146 137 165 1.9121967522558845 10 917 6 969 8 1010 11 1711 12 1215
58 20.224844898299246 26.719653788684298 64.013742317575549 146 137 165 1.9121967522558845 10 918 6 970 8 1011 11 1712 12 1216
59 20.327257079983045 31.62308529384665 73.791097250963531 29 11 6 1.0051310816861145 10 927 6 986 9 1083 11 896 2 981 5 827 4 872 3 850
61 20.387682355068527 29.125261933844278 65.181147819104126 18 11 15 1.5492609789577059 10 1862 6 990 9 2030 7 882 11 1728 2 1816 5 1652 12 1595 3 1513
64 20.012824880254492 31.606791080479102 69.371842234317413 205 166 168 1.1748730147521051 10 948 6 1024 8 1056 7 898 11 1725 1 1006 2 1002 5 855 12 1229 4 1540 3 1524
65 19.92432809364351 29.416309640982131 63.732893495201587 24 13 21 1.4883059412560511 10 1863 6 1027 8 2012 9 2556 7 2102 11 903 11 2618 1 2205 2 1009 5 2035 12 1600 4 2284 3 2249
66 18.627799536455889 29.417421957631028 61.428971767950699 26 16 14 1.3228832957685623 10 973 6 1029 8 1060 7 902 11 931 11 932 1 1041 2 1037 5 1667 4 1566 3 907
67 18.771435303523965 34.375543358164606 68.904743280863599 30 20 23 1.0671651826190702 10 993 6 1053 7 919 11 986 1 1076 5 918 4 1579 3 1552
68 16.784370839865439 14.407748957623095 27.765654217998897 106 94 85 1.5214684436525887 10 935 6 1060 11 864 13 522
70 18.637399321254239 34.756610952642639 69.058497844542813 233 226 231 1.0340268517346547 10 1884 6 1079 8 1079 7 950 11 2288 1 1075 2 1074 5 1685 4 1578 3 929
71 15.318695199186669 17.258577482343476 31.90588143948241 75 101 72 2.0395944608232432 10 980 6 1084 1 1784
72 14.088358375800677 44.501472728488523 84.927164638147772 119 143 237 0.9300411092282177 10 1933 6 1093 8 1134 9 1212 11 1810
73 15.465928390615785 17.406879163444117 29.851089467081355 74 106 68 2.1254858445706435 10 1000 6 1106 7 987 11 937
75 12.518779298250047 46.777790635816181 83.945171269590276 132 152 232 0.88614147686710076 10 1116 6 1115 7 1004 11 1835
76 12.518779298250047 46.777790635816181 83.945171269590276 132 152 232 0.88614147686710076 10 1115 6 1116 7 1005 11 1836
78 13.47329456123294 21.180753052366768 32.951557132291541 68 132 86 1.7468273943355659 10 1937 6 1171 11 1044
79 5.2163601744730839 -25.340959238158671 39.089577346529765 188 174 161 0.84675096555060292 10 1232 6 1224 7 1152 2 1221
80 5.2086429043019891 -23.246744941515477 37.641993683697756 43 29 18 1.2151108547504275 10 57 6 1229 8 45 7 45 1 1250 2 1225 4 12 3 25
81 7.4937701514652488 -23.247859329642925 36.704646718548084 220 206 184 1.4075841320019811 10 1255 6 1230 4 1083
82 1.530204939155839 -23.082541945997701 38.2549037375273 82 62 55 1.965394723766275 10 1247 6 1236 9 73 2 1229 5 29 4 20 3 17
83 1.9535822235265945 -23.585812467395286 39.459486010608948 76 55 44 1.3947773752238242 10 1248 6 1237 8 1400 9 75 7 36
84 1.9249837294953571 -22.335323346270556 37.682642926398003 59 41 30 1.8250859639532706 10 1250 6 1238 8 70 9 1445 7 1156 1 1254 4 1095 3 31
85 2.3367798780027047 -25.870228576611147 43.790723899374996 51 23 5 0.34999053621346926 10 1251 6 1240 1 22
86 7.3297421969193124 -22.569283786408487 37.306392895213797 189 169 152 0.95955036761247203 10 1264 6 1246 8 2198 7 1163
87 11.188994440397785 -16.692052038156763 33.779094279478755 195 185 170 1.2717002924148828 10 1318 6 1264 8 1449 7 1189 2 1260 5 1102 3 1060
88 11.333341834447719 -15.750779179568505 32.775188562889248 215 208 190 1.4341008582521175 10 1320 6 1278 7 1194 2 1275 5 1113 4 1660 3 1648
89 4.5834750270275597 -16.557149328872232 41.082520556034709 183 139 108 1.0802362009880089 10 2064 6 1297 8 1467
90 7.3616169280194317 -11.708364846909413 39.282015915905582 32 20 20 1.0976798408897772 10 1430 6 1350 4 1177 7 240
91 10.984600023955613 -7.6088786592475772 25.061044197696251 44 40 31 2.1598418364883107 10 374 6 1355 9 1581 2 1345
92 6.9648216505420004 -9.4448473972538149 37.98085970754336 116 99 91 1.1458808793981003 10 2124 6 1380 8 1526 9 1597 1 1365 2 2011 5 1215 4 1712 7 1863 3 1682
93 6.9980862691304457 -8.8259205290527216 38.171140796494861 115 98 90 1.1572492357832775 10 2126 6 1384 8 2303 9 2319 7 1290 1 1958 2 2019 5 1825 3 1691
94 7.817003708331737 -5.8740618218411234 36.906393716687234 54 56 55 0.96125121433085892 10 2151 6 1416 8 417 7 1327 11 1388 2 382 5 1264 4 1748
95 15.804477033411947 -4.9554134667753837 28.95560428228146 186 174 171 0.73624677853409093 10 1497 6 1428 8 1567 7 1335 11 1399 1 1396 12 953
96 15.964282664290463 -4.6950610545084333 28.96685733282618 187 163 163 0.6317267754257152 10 433 6 1429 7 317 11 436 1 359 12 258
97 15.964282664290463 -4.6950610545084333 28.96685733282618 187 163 163 0.6317267754257152 10 434 6 1430 7 316 11 437 1 360 12 259
98 16.183258625339402 -4.7059478809428779 28.598022494109337 71 50 47 0.78667581470093528 10 1499 6 1431 9 1637 7 1338 1 1417 12 958
99 2.9481726110359712 -5.4077072568591191 39.450396292961344 109 89 90 0.99634073125583988 10 2159 6 1436 2 2072 4 1758 7 1348 8 1601 5 1283 9 1644
100 15.078041974652972 -3.6680860225798217 28.872094187502292 91 88 81 0.71592638097244254 10 485 6 1439 8 1608 9 516 7 340 11 465 12 970
101 16.074110392197586 -4.3614444147888847 28.851565858175885 184 155 157 0.82670260291458464 10 1512 6 1440 8 1591 9 483 7 1355 11 1402 1 1414 12 955
103 16.07260578851076 -4.170410412032922 28.787233089931455 82 53 55 0.81678920618527029 10 465 6 1442 8 425 9 484 11 468 1 1416 12 957
104 16.028408504602741 -4.0142341138511553 28.820817914447936 193 165 166 0.79014410927609846 10 1515 6 1443 8 1592 9 1653 7 1356 11 1414 1 1995 12 971
105 16.008239572096709 -4.0038245281917053 28.783556447888721 193 165 166 0.76158227284935442 10 1516 6 1444 8 1593 9 1654 11 1415 1 1996 12 972
106 16.168107220238511 -3.8498027352603335 28.954804602250341 84 55 57 0.75785781479794878 10 1518 6 1445 8 1610 9 1656 7 1357 11 1418 1 1441 12 973
107 16.166209493042427 -4.3433761936011317 28.48829493492584 59 35 35 0.81862227160974266 10 468 6 1448 9 486 8 427 7 1361 11 1405 1 1421 12 959
108 16.357013460711297 -4.3183531605307497 28.482272037018724 49 25 25 0.39030258707336712 10 1514 6 1449 12 961
109 16.357013460711297 -4.3183531605307497 28.482272037018724 49 25 25 0.39030258707336712 10 1513 6 1450 12 962
110 16.196813045712222 -3.9878860821068329 28.464065047120155 61 37 37 0.61862241944883878 10 1519 6 1451 8 1594 9 489 11 470 1 1423 12 978
111 16.215228027922379 -3.9971279400355186 28.500805613324275 61 37 37 0.72730741836848267 10 1520 6 1452 8 1595 9 488 7 1364 11 469 12 977
112 16.1418991422183 -3.6130866498264251 28.313703204103415 75 51 51 0.37666213888016498 10 1532 6 1453 12 979
113 3.2463878420829286 -4.2800757519103767 38.437030072435554 30 12 3 1.2622011634291745 10 2163 6 1470 9 2347 7 1900 2 2081 4 1759
114 15.992479571852519 -3.3057640210430739 28.813067840170472 186 164 166 0.62139204444175511 10 1539 6 1474 8 1616 9 1677 7 1378 11 1436 1 1448 12 991
115 16.275449867518823 -3.3149586701651099 28.968678562173789 185 163 165 0.70883060718373236 10 1541 6 1475 7 1379 11 1437 1 1449
116 16.275449867518823 -3.3149586701651099 28.968678562173789 185 163 165 0.70883060718373236 10 1542 6 1476 7 1380 11 1438 1 1450
117 16.252965766941827 -3.1354682954937982 28.388927303102776 184 163 162 0.65259025320328057 10 487 6 1483 11 1442 1 1485 9 1682 12 997
118 16.252965766941827 -3.1354682954937982 28.388927303102776 184 163 162 0.65259025320328057 10 486 6 1484 9 1681 11 1441 1 1484 12 996
119 16.283466772717677 -2.9860692674560294 28.400643074818952 65 45 44 0.72569271834475491 10 1544 6 1485 8 1649 9 1684 7 1385 1 1486 12 998
120 8.380669072965885 -3.4816366172661106 48.570828328348625 181 151 131 1.4307660806124387 10 2181 6 1509 8 2357 9 1714 7 1395 1 1504 2 1500 5 1327 4 1780 3 1239
122 0.46672774893439417 -0.52470291628239485 37.636861986658936 134 119 105 1.1431087061947058 10 2204 6 1560 8 2377 7 1434 5 1373 2 1530 4 1818
123 15.283618137012517 -0.24714423534888513 28.619814305902942 60 66 56 0.50435935141847588 10 1605 6 1565 8 1691 9 2377 7 1948 11 2073 1 512 12 1442
124 12.023766151449253 1.4944133152623369 30.353004625017348 187 181 169 1.0563619298172739 10 577 6 1580 8 564 9 609 7 1461 11 2102 1 1581 2 1582 5 1407 12 1750 4 1332
125 4.2977505912121154 3.4827310955008635 45.754564146991434 188 183 183 1.0359455619143525 10 2242 6 1591 8 2412 9 2408 7 1470 1 1593 2 2161 5 1418 4 1340 3 1802
126 -0.87662751864222099 5.5189441283044651 53.288021815271996 25 27 22 1.5121815031486352 10 698 6 1616 8 1776 9 710 3 1318
127 0.366704230342 4.4721587089182648 46.319257908934624 13 9 6 1.2882192113356816 10 1693 6 1618 8 1777 9 1830 7 1490 5 545 4 1354 3 1319
128 5.7885112306472744 3.6994991919322215 40.810926494774634 56 50 56 0.61311082085789459 10 664 6 1619 8 659 1 1595 3 586
129 15.469581587488008 4.2907229875730106 40.292558334994744 160 156 154 1.146021578609171 10 1661 6 1622 8 660 9 1801 7 1497 11 2123 1 1613 2 1611 5 567 12 1092
131 4.6620514142826233 7.4986549021144011 52.218098630003233 156 155 160 1.2651094266768739 10 1722 6 1660 8 758 7 624 1 727 5 588 4 624
134 10.742688009504937 8.4110443169485549 56.366833786477052 77 67 76 1.4494336694569352 10 2296 6 1664 9 1865 11 1628 5 1948 4 1875
135 12.159607899609499 7.4224656801065256 55.482584726686234 68 51 41 1.0663969010350314 10 1699 6 1666 8 1814 9 1836 11 2168 1 1627 2 1642 5 1480 4 1864 3 1353
136 11.430076557416154 8.4502236288554542 56.722919078252502 125 115 120 1.156545244217267 10 1724 6 1667 8 759 9 795 7 626 11 1629 1 1639 2 1641 5 1478 4 1385 3 1361
137 11.468862099627104 8.4460748403601311 56.830317961229859 125 115 120 1.2877068322398013 10 1725 6 1668 8 760 9 796 7 627 11 1630 5 1479
138 12.773172626937361 7.3141466527492573 53.854077378524785 73 67 67 1.0725273880451267 10 1700 6 1669 8 1816 9 1841 7 1508 11 2169 1 1628 5 1482 4 1388 3 1354
139 13.127488127486895 7.8930762647960302 55.818665507852501 9 8 12 1.1921924970899602 10 1701 6 1670 8 1818 9 1866 11 2170 1 733 1 2107 2 1645 4 1389 3 1355
140 16.133089652902314 5.91017801387384 38.914236768889658 92 88 85 0.50551547382371353 10 707 6 1677 1 765 2 1648 5 2269
141 16.528883233273572 5.0928001693750957 27.214020688381328 20 23 13 0.95020257149780696 10 1711 6 1690 8 778 9 1878 7 641 1 1656 12 478
144 20.093291215896841 20.779041795002112 88.751265917536699 208 215 217 1.0874738452228576 10 2327 6 1719 8 1898 7 709 11 2223 1 1670 9 911 2 1701 5 1510 4 1423 3 1381
145 20.862790850107924 18.905798009641739 82.687080411289486 37 24 8 1.2560664380938222 10 1773 6 1720 11 2220 1 1671 5 1511 4 1891
146 20.875676383591642 20.69833716381136 84.648467236934735 231 180 153 1.0834124622023622 10 1778 6 1721 8 1899 9 932 7 734 11 2224 1 851 2 1703 5 1532 4 1438 3 1398
148 16.921396343125252 9.1130412274490507 38.313211718738451 150 159 138 1.457814362903767 10 1756 6 1726 7 714 11 765 2 2217 5 1516 12 1562
150 16.212800576346311 12.857327180541166 42.318450598445885 177 167 158 0.41628966953669383 10 831 6 1745 9 953 11 1663 12 1178
154 20.614152795864403 24.08823886244226 74.334015782729978 252 182 169 1.0160612211158275 10 1825 6 1759 8 966 9 992 7 1611 11 1692 1 1716 2 1775 5 1587 4 1477 3 1448
155 21.567244687231067 21.78268828851493 70.840974680468676 254 171 154 1.1267126908701632 10 1811 6 1761 8 942 9 977 7 773 11 1680 1 1699 2 1759 5 1577 12 1572 4 1481 3 1455
156 21.549797872740694 21.438873198407787 69.320844165888772 186 36 56 0.98368819581215894 10 1812 6 1765 9 1970 7 1597 11 2237 1 1702 5 1994 12 1828 4 1930 3 1881
160 15.820413832478849 14.621562854778647 38.928478460121845 56 62 91 1.2497768279019439 10 877 6 1792 8 1961 9 1998 7 1625 11 2243 2 926 2 2262 5 1621 12 1581
162 19.840001817152444 27.512299498582575 70.623463186200709 182 178 132 1.1653506045210344 10 2393 6 1807 8 2547 7 2076 11 2251 9 1040 1 2196 5 2012
164 14.804926615739408 14.452329979171937 35.508212235252586 172 163 148 1.6812606629129567 10 1836 6 1812 8 995
165 15.64294057002718 16.543288420236355 35.561349224139043 138 132 120 1.2443962352112561 10 1854 6 1833 8 1040 9 2025 1 1761 2 1015
166 18.48093463020879 25.124580113041535 54.965409763221075 158 161 157 0.94574556370219687 10 2787 6 1841 7 2103 11 2996 2 1823 5 2027 4 1544
169 14.618168329452478 43.095103299887938 80.410425779364829 134 151 243 1.3628808390830678 10 1934 6 1875 8 1135 9 2093 7 1684 11 2314 1 1790 2 1869 5 1702 4 978
170 14.25442090021874 40.213450439132238 74.230330276265022 141 158 246 1.1398074967778142 10 1936 6 1876 8 1174 9 1217 11 2316 1 1098 5 1703
171 16.622793179886305 21.834985314722349 39.177420226638816 112 112 106 1.3329017337700766 10 1887 6 1880 8 2048 9 1158 7 985 11 1762 1 1797 12 1607
172 16.437618016268939 21.376606100228955 37.91339812269652 57 71 54 1.8369744108160193 10 1888 6 1881 9 1159 7 2131 11 2280 1 1798 2 1110 12 687
175 18.022804074408455 30.251869261387768 53.138858948296644 59 81 60 1.3561235606361817 10 1917 6 1897 7 1011 11 1782 2 1128 5 1000 4 1006
176 15.882699211867418 22.685505481666294 38.099418806510727 77 134 96 1.8769645847741572 10 1918 6 1901 11 2292 6 2349 1 1814 2 1894 5 1720 12 1866
178 4.3018264666974311 -23.135113139903677 35.493517616177122 52 34 19 1.0993467582306513 10 2490 6 1964 7 1775 8 2185 2 2373 8 2662 5 1067 1 7 2 12 9 52 4 2034 3 1633
179 5.0287414887323774 -23.022265326630148 37.679879054031154 28 17 3 1.149823166580985 10 2011 6 1968 8 1403 7 1160 1 1249 2 1945 5 1070 4 1089 3 1031
180 9.9802465268076563 -16.046470696080327 34.188619226096726 69 70 62 1.4162782467559287 10 1332 6 1982 9 2254 8 1447 7 1205 11 1256 1 1274 2 1959 5 1776 4 1663 3 1650
181 2.507235503907336 -17.1334558865193 39.54548294535433 179 137 89 1.2941764201524224 10 2530 6 1985 8 1455 7 1210 2 1967 5 1131 4 1669 3 1652
182 9.3224339587122191 -12.849420315252008 34.851027245204776 8 13 9 0.70951849734192596 10 2080 6 2002 8 2262 9 2279 7 1825 11 2394 1 1916 2 1979 5 1787 4 1683
183 10.501522343297671 -8.9714769429656123 31.707955273379884 70 71 66 0.75751503285201272 10 2117 6 2023 5 2144
184 6.9436620103646742 -8.0649464296133146 37.848477255033991 115 97 95 1.1611968224297868 10 2595 6 2050 8 2316 9 2334 7 1867 1 1970 2 2472 5 2165 4 1721 3 2049
185 7.0274799562326011 -8.1758540522237269 38.383104229725454 115 97 95 1.1405901097326432 10 2596 6 2051 8 2317 7 1868 1 1971 2 2473 5 2166 4 1722 3 2050
186 7.91779904497613 -8.507833645042215 37.775833535969838 39 38 36 0.92696150763885887 10 2134 6 2052 9 1609 7 1299 11 2002 1 1959 2 2025 5 1826 4 1725
188 16.078053655529576 -3.6715581970692406 28.920750809737243 189 163 166 0.70210671910611444 10 1530 6 2088 8 1611 9 1672 7 1359 11 1417 1 2006 12 975
189 3.1499205938751413 -4.2295328115431161 40.256471198018652 111 92 85 0.7836465895926773 10 2167 6 2094 9 2348 7 1374 1 2013 5 1300 3 1211
190 15.499205539398407 -2.9586410581618647 28.800803794906269 102 79 85 0.87811668352672112 10 1528 6 2098 8 480 9 1674 11 2044 1 2399 12 1412
191 15.919909607180475 -2.928070719896962 28.609648398957027 174 152 154 0.69863320812820284 10 1540 6 2099 8 1646 9 1678 7 1381 11 2047 1 2020 12 1414
192 8.9849698738332275 -4.104461242511424 50.6930975415315 148 85 58 1.2962649074237265 10 2182 6 2109 8 1631
193 11.399633382317559 -4.6891174775506119 56.151380341955829 165 106 71 1.7337612205583857 10 2170 6 2111 9 1697 7 1397 11 2466 1 1477 2 2099 5 1878 4 1781 3 1737
194 14.088698093752011 -2.5498121432462533 29.54973594406664 62 59 52 0.82538644372647185 10 1557 6 2117 7 1403
195 15.366408478077581 -2.5640171255560253 28.537578190723487 123 103 104 0.77275307614163735 10 1561 6 2119 8 1645 9 1706 7 1406 11 2046 1 2022 12 1420
196 15.940677353553919 -2.7228711878411853 28.340657298019561 32 14 13 0.90198440587022399 10 1562 6 2120 8 1648 9 1707 7 1407 11 1443 1 2025 12 1000
197 15.394237759779465 -2.216948127838088 28.650221833773898 61 57 53 1.4624972170959989 10 2638 6 2121 7 1916 1 442
198 10.399695996673415 -2.0250694474881712 49.583395101454528 111 98 97 1.49436485187769 10 2643 6 2139 8 2365 9 2366 7 1924 1 2037 2 2527 5 1890 4 1789 3 1771
200 8.4303243579296456 -1.0035284073138302 31.259323980208642 21 22 17 0.72075231811907636 10 2191 6 2141 8 2367 1 2049 2 2536 5 2212 4 2159 3 2118
201 11.762056026900773 -1.0037243443667816 29.392207616265409 186 176 161 0.36402590761044201 10 2192 6 2146 1 2056
202 13.296526809876324 -0.70597429080446528 28.915017409819907 59 56 51 0.70300032440269966 10 1587 6 2150 8 1665
203 15.944288675787833 0.49233342785409667 27.895180533491359 12 17 10 0.44726125372905334 10 2211 6 2173 8 2388 9 2378 7 1956 11 2085 12 1443
204 16.214232389954713 0.49908266741721136 28.428497080146499 12 17 10 0.43487599329372301 10 2212 6 2174 7 1957
205 16.254744017208015 0.86634686994378085 28.464500029926075 0 3 0 0.59896931670714837 10 1612 6 2175 8 1697 7 1958 11 2095 1 1572 12 1451 12 1748 13 1096
206 11.462426426845191 1.1406468753602075 30.465072302323019 194 185 169 1.2417962639118152 10 2221 6 2178 8 2393 9 1746 7 1951 11 2101 1 2067 2 1581 5 1404 12 1953 10 2672 3 1792
207 12.023903567090018 1.1119046538634549 30.281124392959931 191 182 165 0.87186010093834598 10 2222 6 2179 8 1706 7 1446 11 2088 1 1569 2 2147 5 1406 12 1452
208 -1.7057137450337025 2.93400929407106 50.004318149839179 183 62 55 2.4209112448657035 10 2686 6 2190 7 1455 5 1396 2 573 8 583 9 631 7 470 4 504 4 1832 9 3063 8 3063
209 16.836451154998993 2.3823154687337951 28.043107548678854 12 11 3 0.66446343631322213 10 1647 6 2198 7 1972 1 2087 12 1467 13 1331 12 1755
210 11.961578074721604 7.0113342747165941 57.66426732184749 97 83 81 1.0991228044276926 10 2710 6 2209 8 2422 9 1834 7 1989 11 2536 1 1625 2 2177 5 1934 4 1856 3 1812
211 15.122132286861103 4.9481868370521775 43.168496497722245 147 143 140 0.94508149213950854 10 2263 6 2210 8 1736 9 1800 7 1494 1 2092 2 2181 5 1937 12 1783 4 1857 3 1815
212 16.386447703820391 4.6767425276891919 41.831921332076782 172 168 165 1.1167976974848972 10 1663 6 2211 9 1802 2 2183 5 2258
215 11.397749288241807 7.7682675333956306 56.674113509102739 252 223 216 1.0059587268982557 10 2711 6 2221 8 2441 9 2452 7 1990 11 2557 1 2103 2 2197 5 1945 4 2210 3 1821 3 2169
216 11.397749288241807 7.7682675333956306 56.674113509102739 252 223 216 1.0059587268982557 10 2712 6 2222 8 2442 9 2453 7 1991 11 2558 1 2104 2 2198 5 1946 4 2211 3 1822 3 2170
218 20.70012560838888 10.169760547559967 64.014148874648399 26 26 35 1.2221761735299421 10 2298 6 2235 7 1526 1 763 2 2591 5 1959 12 541 4 1877 3 1363
219 16.415137128469812 6.1851333637110137 37.632251999448329 122 118 115 1.339357115110418 10 1709 6 2239 9 1875 7 1528 1 2120 12 1532
220 14.309789905536663 5.7415564732626043 29.068546135679014 121 109 91 1.1540427632282233 10 1730 6 2245 2 1669
223 20.965493852458401 20.657390855711217 78.936700622220386 93 25 16 1.1618452346311829 10 2330 6 2262 8 1901 7 1568 11 2227 5 1975 3 1417
224 21.298968309066868 20.445728765420153 75.833305310632554 155 178 171 0.8449017766393222 10 2339 6 2263 5 1556 11 2228
227 21.054026901171294 21.097868557669663 69.875912984488252 206 43 37 0.76239461923283858 10 2346 6 2271 9 2523 7 2052 11 2236 1 2168 2 2246 5 1992 4 1918 3 1866
230 20.80462858104033 22.098371165045336 72.263741245250571 223 46 48 0.89837169674424688 10 2344 6 2286 8 1934 7 2049 11 2235 1 2169 2 2245 5 1991 4 1917 3 1877
235 21.567685291678654 23.594625288685815 70.542907176579973 28 26 13 1.1805261689900024 10 2357 6 2301 8 2524 9 2527 7 2060 11 2242 1 2186 2 2251 5 2307 12 1832 4 2264 3 2220
236 15.838389479600181 14.155263920404533 40.690850638960612 117 117 121 0.98432677472625296 10 2348 6 2303 8 2527 9 2530 7 2062 11 2238 1 2187 2 2253 5 2000 12 1829
238 19.315058650727337 29.405188612437087 71.4478331580478 198 203 188 0.92145940063653153 10 2785 6 2317 8 2553 9 2550 7 2090 11 2848 9 2898 1 2198 2 2272 5 2019 4 1950 3 1895
239 19.30909736200347 29.407007390965347 71.414260108819789 198 203 188 0.84388723000382171 10 2784 6 2318 8 2554 9 2549 7 2089 11 2847 1 2197 2 2273 5 2018 4 1949 3 1896
240 19.795766343774577 31.917467194633712 70.167950406519466 50 28 29 1.2431396904528087 10 2405 6 2321 8 2011 9 2043 7 1653 11 2267 1 2204 2 2287 5 2026 12 1599 4 1967 3 1914
241 18.991484659948352 32.924419834798478 69.436501299308219 31 20 24 1.0495805709442452 10 2410 6 2322 8 2569 9 2565 7 2101 11 2277 1 2214 2 2301 5 2033 4 1972
244 15.494320726202732 17.553668050134291 34.740240718524355 184 179 164 2.0481195167102517 10 3008 6 2327 7 2114 11 2617 2 1838 5 2046
246 15.571049498024392 39.984474608097621 76.401032649563348 57 75 169 1.2923827307647475 10 2435 6 2332 8 2060 9 2076 7 975 6 1096 11 2310 1 1792 2 2316 5 946 4 1978 3 1929
251 14.533888891254664 22.356158765104212 38.648927759980836 126 137 117 1.7455258009817463 10 2429 6 2346 11 1776 2 2323 12 1628 4 1011
252 16.157629603846981 23.624896224591705 39.506350251788355 218 239 222 1.6519618734781845 10 2437 6 2347 8 2598 9 2591 7 2137 11 2290 1 2238 2 2332 12 1629
254 13.622457314997622 44.998844669570261 78.656655797682461 158 175 233 1.5353743228060339 10 2462 6 2352 8 2098 9 2600 7 2144 11 2657 1 1813 2 2330 5 2061 4 1995 3 1945
255 15.769324076153836 24.265046077286325 32.63423123537985 23 56 31 1.9760830673172243 10 2475 6 2385
256 15.107111620909464 23.894559891172261 31.099116828665 7 30 7 2.100883482436771 10 1188 6 2386 1 1853 2 1205
257 3.0893481828241702 -24.125468321348794 37.136139261662123 39 23 12 1.2929517516872515 10 2840 6 2396 8 2184 9 2653 7 2198 4 2033 3 1984
258 7.2017039907227778 -23.174266994276834 36.706615765555171 206 195 175 1.0473356754732581 10 2495 6 2397 8 2667 7 2200 1 2288 2 2707 5 2380 4 2321
259 2.9447450449214574 -20.962865884451929 37.346237246231382 91 75 58 1.0849940616210938 10 2503 6 2406 8 2672 9 2661 7 2206 1 2299 2 2389 5 2088 4 2040 3 1990
260 2.6142243529182063 -20.518475038228775 36.937277324789683 58 33 10 1.8038617243667501 10 2851 6 2409 8 2676 9 2974 7 2207 1 2298 2 2391 5 2087
261 9.3415204549393227 -15.531429182660931 34.435101307398874 3 8 5 0.6705310237368387 10 2870 6 2417 8 2688 7 2550 1 2303 2 2723
262 9.7177422155674407 -15.506967224853554 34.988738271392286 83 88 82 1.0455828471996214 10 2536 6 2418 8 2689 7 1812 2 2725 4 2054 3 2010
263 7.650440915182803 -13.723940264624842 37.625386297620679 94 94 92 0.65110662385071638 10 2877 6 2430 8 2704 9 2698 7 1821 2 2417 5 2109
264 6.6003933937787824 -6.827840255736656 37.741495598472227 23 10 4 1.4089586927132847 10 2907 6 2498 8 2326 9 2753 7 2281 1 2366 2 2769 5 2434 4 2119 3 2329
265 6.9712765322176082 -7.5454748183510061 38.013028564826897 123 108 104 1.0520910442231826 10 2905 6 2499 8 2752 9 2745 7 2282 1 2361 2 2766 5 2168 4 2109 3 2060
266 6.9712765322176082 -7.5454748183510061 38.013028564826897 123 108 104 1.0520910442231826 10 2906 6 2500 8 2753 9 2746 7 2283 1 2362 2 2767 5 2167 4 2110 3 2061
267 8.2268226215607463 -5.1626159676369934 32.34174381024819 24 26 21 0.51316808804976599 10 2153 6 2505 8 2338 9 2345 7 1891 3 2077
268 8.8217325266567297 -5.3177448355169314 31.593268709107896 76 77 72 0.73679833918410742 10 2612 6 2506 8 2778 5 2173 4 2120 3 2333
269 7.3607156654219343 -4.5843472376967238 40.328360016466661 87 76 72 1.2960958145985881 10 2921 6 2524 8 2781 11 2040 2 2494 5 2449
270 0.56601395647809638 -3.5124130005910983 38.710484603853473 109 80 58 0.9471954952333147 10 2627 6 2531 8 2784 9 2770 5 2192 3 2100
271 12.11186554461632 -4.409248900178139 55.562397099010674 34 34 15 1.6870045772067437 10 2927 6 2532 9 2771 11 2762 1 2407 2 2515 5 2460 4 2391 3 2350
272 8.3333893824418599 -2.0913003525038985 30.67728965906872 17 18 13 0.39297554163801746 10 2641 6 2545 2 2518
274 0.48877629090717656 -0.11231141013013704 37.183099787333056 128 111 96 1.0552300788798892 10 2659 6 2570 8 2383 9 2792 7 1943 1 2064 2 2141 5 1907 3 1780 4 1819 6 2165
275 1.041804961996444 -0.56265167594771803 37.825484290102636 191 153 118 1.0320321248531867 10 2660 6 2571 8 2802 7 2337 5 2210 4 2164 3 2128
276 10.560826231411898 1.0887047662230966 31.642486982047149 7 13 11 1.143795110226399 10 2670 6 2586 11 2506 5 2236 4 2412
277 10.560826231411898 1.0887047662230966 31.642486982047149 7 13 11 1.143795110226399 10 2671 6 2587 11 2507 5 2235 4 2413
278 0.08653103276212315 2.7207858443471884 44.431920326612335 177 168 159 2.2005310546080605 10 2947 6 2597 8 2824 9 2392 6 1588 7 2362 1 2442 2 577 2 2832 1 615 9 635 5 2495 4 1326 4 2417 3 1800 3 2151 3 2377
279 4.5490880117742503 3.4833392354295509 41.403045649009044 57 37 61 1.120502649869179 10 2950 6 2602 8 2829 9 2809 7 2363 1 2454 5 2243 4 2191 3 2157
280 5.2444721883128729 3.680390246297895 40.825855178339999 86 72 85 0.59010941044108556 10 2951 6 2603 8 2830 7 2364 1 2084 2 2569 5 2248 4 2192 3 2158
281 4.6056639364233716 4.3257897118576487 41.685981899950839 55 34 57 0.67535120797935178 10 2700 6 2604 8 1778 9 2423 9 2811 7 1976 5 1928
282 9.7420005748588299 4.5483609292276723 39.323835277879382 15 13 2 0.95349663579844657 10 2703 6 2610 8 2424 9 1840 7 2369 11 2539 1 2091 2 2180 5 2256 4 2201 3 1813
283 14.758895667788904 5.4797083569872607 43.016424008110548 132 128 125 1.0360880081450594 10 2265 6 2611 8 2429 9 2427 7 1993 11 2540 2 2575 5 2505 1 2714 12 1975 4 2214 3 2174
284 17.094321628403311 4.7971865078401832 41.712470925935698 142 138 135 1.2772590206011956 10 2704 6 2612 11 2525 1 2460 12 1766
285 16.685880747595824 4.53881412686835 39.754952226363514 142 138 135 1.2666328074088644 10 2691 6 2613 8 2831 9 2411 8 1738 7 2371 11 2517 1 2461 2 2187 5 2259 12 1767
288 16.176472532387283 5.3434891797637363 35.846514398048519 151 147 146 1.411939779177229 10 2706 6 2621 7 2387 8 3071 6 3044 11 2528 1 2473 2 2588 2 3007
289 21.505315959644353 10.400336474741891 64.916096064601419 163 160 155 1.4507195581255328 10 2969 6 2623 8 2845 9 2823 7 2396 12 1812 4 1401 3 1833
290 14.529936003740469 5.0778791040778186 28.725836071205908 147 140 124 0.95393619097209015 10 2717 6 2625 8 2849 9 2825 7 2398 11 2543 1 2474 12 1802
291 14.529936003740469 5.0778791040778186 28.725836071205908 147 140 124 0.95393619097209015 10 2718 6 2626 8 2848 9 2824 7 2399 11 2544 1 2475 12 1803
292 15.221021354480149 4.9474646733267251 28.511508436650658 142 136 124 0.75500556859909074 10 2720 6 2627 8 2444 9 2827 7 2400 11 2545 1 2476 12 1786
293 16.460226294884194 5.503618516790187 27.999315946864655 85 92 67 0.89252421568082074 10 2281 6 2630 8 2466 7 2016 11 2546 10 2732 12 1805 13 1382
294 20.234376636144059 20.414017772237219 91.503162136673296 196 199 209 0.89833773068641065 10 2744 6 2634 8 2491 9 2502 7 2417 11 2829 9 2849 1 2482 4 2230 3 2191
295 20.178805924202557 20.372539953229452 91.264359943372853 196 199 209 0.91968002697933271 10 2745 6 2635 8 2492 9 2503 7 2418 11 2830 1 2483 4 2231 3 2192
296 21.620891346443397 17.751409161758286 81.517808871117509 204 184 184 1.0857774119837664 10 2746 6 2636 9 2850 7 2412 11 2575 1 2486 2 2598 5 2519 4 2440 3 2193
298 20.484809816856462 19.973821027789828 84.628782493383156 85 55 68 0.98593279967567249 10 2749 6 2644 8 2869 9 2851 7 2419 11 2834 1 2485 2 2858 5 2517 4 2439 3 2399
302 19.189134666071975 20.672031068110762 80.106660205894855 214 127 87 0.7957808252311378 10 2754 6 2651 8 2502 7 2424 11 2587 2 2613
303 19.664461062606435 19.162954533677102 75.332131273604773 202 126 93 0.52260311008524352 10 2750 6 2653 8 2872 7 2425 11 2583
304 16.893736877283917 10.337540901736871 37.446431883187245 152 138 125 1.1180946378027703 10 2747 6 2656 8 2874 9 2856 7 2426 11 2828 2 2869 12 1998
305 20.071081951015294 25.408225197058563 89.560583752923847 195 199 204 1.0468005690116775 10 2763 6 2661 8 2881 7 2432 11 2836 1 2498 2 2623 5 2300 4 2252 3 2212
306 20.071081951015294 25.408225197058563 89.560583752923847 195 199 204 1.0468005690116775 10 2764 6 2662 8 2882 7 2433 11 2837 1 2499 2 2624 5 2301 4 2253 3 2213
307 17.071395571394614 14.562640459326211 50.219068333571883 203 194 187 1.0033834341533678 10 3172 6 2663 8 3107 9 2861 7 2673 4 2254 2 2233 3 2214
311 19.773285110732282 18.92598017376104 59.008246386904375 181 171 169 1.1547454455133017 10 2988 6 2673 11 2838 1 2512 8 2517 2 2632
313 20.52251204134161 24.616036692063485 72.294305529022679 28 22 17 1.0139111718109837 10 2776 6 2679 8 2890 9 2874 7 2454 11 2841 1 2511 2 2641 5 2315 3 2219
314 15.519107534626002 14.341332765386273 41.617532474528701 142 142 144 1.0149855126429743 10 2765 6 2681 8 2893 9 2875 7 2456 11 2839 1 2513 2 2881 5 2541 12 2002 4 2461 3 2223
315 14.759289277821281 14.072383720310341 39.574736721841866 158 158 156 1.3935244696652265 10 2774 6 2682 7 2063 11 2598 1 2516 2 2252 2 2642 5 2007 4 2267 3 2224
317 15.112358285701154 14.988179250866022 37.634788177835176 144 135 120 1.3862971660017585 10 2778 6 2690 8 2900 9 2540 7 2082 6 2314 11 2603 1 2520 2 2652 5 2322 12 1834
320 16.419885119076262 38.130731128023676 84.358527149394732 174 193 255 1.0959793476725621 10 2794 6 2696 8 2568 9 2554 7 2098 11 2628 1 2203 2 2659 5 2338 4 2283 3 2247
321 16.436425404528592 17.9004950748689 37.629613469354375 127 121 109 1.4904497502903686 10 2789 6 2697 11 2612 12 2009
323 13.311526376247331 43.734176661668883 82.228735070014054 72 90 186 1.5330003054986678 10 3036 6 2707 8 2924 9 2924 7 2481 11 2873 1 2547 2 2675 5 2361 4 2296 3 2257
324 14.354246820438512 43.204369291061091 81.821898199754784 67 98 197 1.4802999806858099 10 3037 6 2708 8 2925 9 2925 11 2874 5 2352 4 2297 3 2258
325 14.864969288996097 42.12325660258719 78.797049538767993 49 67 165 1.4472943200007875 10 2823 6 2709 8 2585 9 2926 7 2482 11 2642 7 2129 2 2317 5 2052 4 2298 3 2259
326 14.992109072459906 21.282665398722067 38.786016802522255 147 150 136 2.0702933005712234 10 2803 6 2711 8 2921 9 2912 7 2477 11 2631 1 2549 2 2678 5 2358 12 1853
328 4.6024465792764335 -22.450833720608053 36.354454524792317 118 110 92 1.0426091942717037 10 2845 6 2736 8 2972 9 2970 7 2535 1 2587 2 2708 5 2378 4 2322 3 2283
329 2.4837690795409091 -23.628306560420565 40.146390311564105 120 90 67 1.9088236055137002 10 3242 6 2738 9 2973 1 2588 2 2710 5 2381 4 2324 3 2286
330 1.3703405499256898 -22.619701353659753 39.786512551442563 86 71 67 1.466470520902575 10 2848 6 2741 8 2671 9 2972
331 2.2078804231955367 -23.530753627356606 44.952025996520838 29 15 11 0.78100153882869972 10 3066 6 2743 2 2712
332 7.76316139969712 -17.789523506211037 38.394563130775886 100 103 96 0.70309306137646088 10 2863 6 2757 8 2993 9 2675 7 2546 1 2604 2 2720 5 2392 4 2052 3 2294
333 8.2832051438899086 -16.769974938782568 36.161812301384892 97 95 96 1.0541782971932931 10 2864 6 2758 8 2994 9 2981 7 2547 1 2608 2 2939 5 2393 4 2335 3 2295
334 12.107090969648603 -15.042670101535345 32.919026783930271 84 84 76 1.8190421575375597 10 2872 6 2763 9 2686 1 2613 2 2406 4 2340
335 8.0078336643111729 -13.242894978578931 34.552164837756223 93 96 92 0.96686251517874522 10 2878 6 2769 8 3010 9 2996 7 2234 11 2702 1 2312 2 2731 5 2405 4 2348 3 2302
336 8.0042717305604842 -13.66139174150198 32.934334306857068 69 74 70 1.3820362867867768 10 2552 6 2770 8 2700 7 2552 1 2617 2 2728 3 2471
337 9.3982821313752041 -13.691489222943622 35.051427333600081 43 44 39 0.80427661020390884 10 2559 6 2772 9 2694
338 8.9476397309207165 -11.985075244430996 34.891801804768789 77 78 73 0.94335468448396498 10 3083 6 2778 8 3205 9 3184 11 2900 2 2947 5 2596
339 6.6414837124825086 -12.13818854823784 38.446332040545421 37 24 18 1.6734840232078894 10 3087 6 2783 8 3017 9 3001 2 2742 5 2415 4 2517
340 7.4691208536925702 -10.374325068877431 38.659358150063056 40 28 27 0.99067521218421972 10 3093 9 3006 1 2638 2 2750
341 8.8095814965699777 -7.9825352535403002 34.073016546663837 83 88 82 0.72571442259632057 10 2897 6 2794 7 2573 11 2727 3 2321 5 2427
342 14.793760100123828 -5.1700054506001853 27.110145379966184 62 59 52 1.6257597233772529 10 2618 8 2331 6 2802
343 6.484058061309776 -5.8661312033269271 37.366543411879555 27 12 6 1.0217428347143527 10 3102 6 2805 8 3029 9 3020 7 2582 2 2962 5 2613 4 2383 3 2489
344 13.876238340076528 -5.032356335098096 28.723881810471777 63 60 53 0.65372254480630798 10 2913 6 2809 8 2773 9 2759 1 2378
345 10.926184182695692 -4.7355260358744724 31.483831203513123 70 71 66 0.85152529467222282 10 2919 6 2813 8 3034 1 2660 2 2777 2 2968 4 2529
346 7.2756569547429031 -4.6142670724337593 37.765466151929012 31 24 19 0.74263092677865261 10 2920 6 2816 9 3026 1 2667 2 2780
347 8.9580887205619835 -2.6532666477578846 33.442848354063194 21 21 19 0.81918522677735106 10 3113 6 2823 8 3041 9 3029 7 2587 11 2921 1 2679 2 2797 5 2461 3 2496
348 8.7829201015807019 -2.303858984053774 31.125844549131866 65 66 63 0.70974614755640097 10 2928 6 2824 8 3042 9 3036 7 2589 1 2840 2 2798 5 2462 4 2539 3 2497
349 0.56399498081379207 -1.5535179582095084 37.527328021904601 124 100 85 1.0036334731939898 10 3118 6 2836 8 3045 9 3200 7 2597 2 2802 5 2467 4 2396 3 2358
350 1.4430620305435347 0.6527041303424157 39.122217074292486 161 127 82 1.4227322952755679 10 3126 6 2841 8 3053 7 2341 8 2390 9 2793 1 1567 1 2686 6 551 2 1567 2 2552 10 2217 5 468 4 2170 3 1283 3 2365
351 -1.0970626356129678 1.9228856392193396 44.834147181765417 174 166 144 1.071958765797449 10 2679 6 2847 9 3055 7 2609 1 2696 2 2821 5 2229 4 2410 3 2369
352 13.826980358917304 1.2664616360734147 29.853018927196587 14 11 4 0.8137309546457655 10 2937 6 2848 9 3047 7 2605 1 2691 12 2078 11 2937
353 13.525098944376065 1.2446144582146679 29.127543499969093 14 11 4 0.75961654901333464 10 2938 6 2849 9 3048 7 2606 1 2692 2 2823
354 10.119117348643114 3.0779637282039145 38.935474781877332 143 142 137 1.0212135790443746 10 2690 6 2853 8 3055 9 2804 7 2614 11 2516 1 2455 2 2833 5 2245 4 2418
355 11.242544990087939 2.3951332009226989 39.491576660895902 134 132 120 0.85703172011503048 10 2942 6 2854 8 3056 9 3056 7 2610 11 2788 1 2445 2 2834 5 2496 4 2419
356 9.9207607824245834 4.8572982030854712 38.742363777883696 102 97 93 0.67658619090949812 10 2955 6 2869 8 2425 9 2425 7 2380 11 2961 2 2841 5 2257 4 2425 3 2171
357 13.994751979862817 4.0747178214093793 32.537549883840924 85 81 78 1.0786251951527113 10 2705 6 2871 8 2839 7 2372 2 2577 5 2507
361 14.787692961383723 5.59166493493617 41.702816861673831 167 164 157 1.0858910211095967 10 2952 6 2877 8 3069 7 2633 11 2962 12 2104 4 2570 3 2524
362 14.94923354383009 4.941424010294897 28.681928553577634 16 12 5 0.90670550830031504 10 2719 6 2883 8 2847 9 2826 7 2645 11 2542 1 2724 12 1976
363 15.904990260868981 5.2387862044299256 28.173718460412363 34 26 16 0.81824368853099017 10 2958 6 2884 8 3076 9 3074 7 2652 11 2808 1 2883 12 1977 13 1573
364 15.753273112284379 5.1901273099388092 27.879782209352165 34 26 16 0.57398863802454769 10 2959 6 2885 8 3077 9 3075 7 2653 11 2809
365 14.831236059092499 8.2126097042485462 38.218496843200413 126 122 118 1.2799957335814931 10 2971 6 2887 11 3101 2 3015 5 2661 12 2206
366 13.168590906709431 7.3853460703041778 32.278892041657848 179 170 160 1.281649645235009 10 3166 6 2888 8 3093 9 2845 7 2657 1 2735 2 2211 7 1552 5 2662
368 21.586859742523462 20.332361836706127 83.203431038156637 108 65 63 1.0661079625375571 10 2980 6 2894 8 3099 9 3089 7 2665 11 2985 1 2741 2 3021 5 2671 4 2580 3 2536
374 20.938877128209814 22.158681862534202 66.157372818576476 216 214 168 1.9781532257092098 10 2773 6 2910 8 2891 9 2528 8 1946 7 2455 11 2600 1 1720 1 2758 7 802 2 892 2 2880 5 1999 4 808 4 1494 4 2460 3 1475 3 1886
376 20.420299054716978 26.371258461798586 70.530315756076291 210 205 160 1.1636908108842305 10 3000 6 2915 9 2882 7 2459 11 2842 2 2650 5 2547 4 2271
377 16.881892514911605 33.504475852716084 89.1477636555218 91 92 94 1.0965550180653787 10 3003 6 2918 8 3128 9 3110 7 2688 11 2846 1 2765 2 2649 5 2546 4 2463 3 2421
379 19.685856147534178 29.269175973216754 65.719888730561578 57 32 28 1.4476467941838906 10 3007 6 2926 11 2851 2 2899 5 2557 12 2012 3 2431
380 16.056633636055455 16.928332454202813 37.05008638945089 146 140 128 1.8586996038616224 10 3192 6 2928 8 3130 9 3117 7 2696 11 2993 1 2770 2 2900 5 2700 12 2121
381 15.500649343255867 37.698565961956291 81.745866051763102 67 93 204 1.5429028133948566 10 3018 6 2932 8 2908 9 3121 7 2697 11 3008 1 2536 1 2775 2 2283 6 2320 5 1648 5 2563 4 2473 3 2246
382 19.107605932793799 31.916706442034293 68.609007562323995 194 172 175 1.0170964600547125 10 3011 6 2933 8 2910 11 2856 1 2776 2 2905 5 2564 4 2474 3 2433
383 16.297390762614743 38.969056285135132 75.895533652670025 18 31 96 1.2091640449532628 10 3204 6 2935 8 3145 9 3130 7 2704 11 3015 1 2779 2 3054 9 3283 5 2711 4 2611
384 16.297390762614743 38.969056285135132 75.895533652670025 18 31 96 1.2091640449532628 10 3205 6 2936 8 3144 9 3131 7 2703 11 3016 1 2780 2 3055 9 3284 5 2712 4 2612
387 15.908663901688319 22.408560802254868 39.339469751601555 65 66 65 1.600123079575851 10 3026 6 2941 7 2708 11 2864 1 2785 2 2916 5 2570 12 2136
388 17.227134698432845 22.862448627321324 40.194972545764202 195 196 185 1.4269039425307111 10 3201 6 2942 8 3148 9 3126 7 2709 11 3003 2 2917 12 2133
389 15.016171438679777 16.919546982139803 29.233582208236751 87 115 73 1.4824016800409294 10 2804 6 2944 11 2857 12 2015 13 1581
390 12.68003837472858 44.361560631269434 80.860921431075667 46 68 167 1.7853963057630038 10 3223 6 2945 8 3160 9 3142 7 2711 11 3026 1 2783 2 2914 5 2714 4 2619 3 2573
391 19.302566320920739 32.00394033045086 57.249464241854298 130 140 126 1.9212977387429735 10 3030 6 2946 9 3132 7 2859 11 2868 1 2784 2 2915 5 2721 12 2023 4 2620 3 2574 8 3153
392 15.275279008720844 23.490229693925222 39.42334815577145 64 142 95 1.9202184756983445 10 3031 6 2948 8 2928 9 2928 7 2487 11 2634 1 2787 2 2918 12 2024
393 13.411521455147287 21.442122071490964 32.689268419978404 4 29 0 2.0809320099926309 10 3042 6 2954 7 2151 1 2244 2 2689 9 2932 7 2867
394 0.66047431172316151 -21.86681420761478 37.027968266099265 50 33 17 1.7416597871601027 10 3061 6 2969 8 3188 9 3162 7 2730 1 2800 2 3090 8 3350 9 3306 4 2637 3 2593
395 6.2999159028250133 -22.355397151171076 36.731681299398275 92 64 52 1.4837999536620332 10 3062 6 2970 8 2976 9 3165 7 2731 1 2802 2 2933 5 2379 4 2492 4 2636 3 2457
396 8.6736313657759538 -17.193214121611202 34.989715539931147 212 206 180 1.6010616788769974 10 3248 6 2976 8 3193 9 3170 9 3309 4 2642 3 2599 11 3032
397 7.4306358511083239 -14.273792048421967 38.270231038993728 48 39 36 0.94404558760817281 10 3257 6 2988 8 3204 9 3180 7 2752 1 2814 5 2745 4 2653 3 2608
398 7.7082001761770567 -12.089597212864717 40.066704672997339 30 24 21 0.60077230958272232 10 3089 6 2991 9 3185
399 1.5393430904233614 -8.5365161070133091 41.931020771967518 122 91 53 1.4159649455454124 10 3263 6 2994 8 3209 9 3323 1 2825 2 2765
400 8.0056455784022393 -7.775065072494951 38.59012297906601 43 46 45 1.3447071188133304 10 3100 6 2999 8 3211 11 3046 1 2655 2 2956 3 2487
401 8.9420404726619864 -7.1985849143946243 36.770825704521322 18 22 21 0.88465358518055282 10 3266 6 3001 8 3365 9 3190 7 2766 11 3146 1 2967 5 2751 4 2662 3 2615
402 7.1298201954760927 -5.7955867823730811 36.010402986091499 31 27 28 0.5450561302821757 10 3268 6 3003 8 3219 9 3192 7 2768
403 10.80211750135414 -5.1029432682413942 32.231056860022392 13 14 9 0.74128987784660016 10 3107 6 3004 8 3032 9 3023 7 2771 11 3058 1 2830 2 2965 5 2615 4 2670 3 2622
404 7.5271794158003802 -4.5970601203660291 36.238936232171028 62 65 72 0.91660761457148643 10 3273 6 3010 8 3227 5 2757 4 2535 3 2627
405 15.296057843654847 -2.817431326004721 28.905803744017351 20 13 10 0.887665710640684 10 3109 6 3013 8 3232 9 3032 7 2776 11 2917 1 2837 12 2061
406 9.1978867962419404 -3.1397029024682217 49.503780126307376 48 38 24 1.4087533214305767 10 3111 6 3015 9 3035 7 2777 1 2839 2 2974 5 2458 4 2684 3 2633
407 2.9346817292832368 -0.170138164702334 38.640233374814429 107 75 50 1.1068510268255909 10 3283 6 3022 8 3242 8 3380 9 3342 7 2785 1 2853 2 3135 5 2767 4 2548 3 2638
408 -0.15340519764142865 2.2444482184075585 45.996498283004293 46 41 37 1.1647232683603477 10 3136 6 3027 8 3250 9 3220 7 2788 1 2859 9 3346 2 2987 5 2633 4 2550 3 2508
409 4.3062479062725636 3.3947280576064052 43.882579312507303 168 160 160 0.89201076719812755 10 3389 6 3031 8 3065 9 3224 7 2791 1 2866 2 2993 5 2641 4 2558 3 2513
412 16.450838680559595 4.9160663728348633 27.328272739891712 12 20 8 0.97780092267966801 10 3150 6 3051 8 3271 9 3237 11 2968 1 3002 12 2101 13 1625
413 14.826531960416188 6.0540604311580646 29.60836255502057 33 22 3 0.95508004589271134 10 3154 6 3057 8 3086 9 3082 7 2818 11 2971 1 2886 12 2111
414 21.123793910212601 19.056591044439536 86.023424978629478 189 203 210 0.91424737930084077 10 3168 6 3058 9 3087 11 2983 1 2888 2 3014 3 2533
417 20.26484874425163 22.772772195385492 81.980543634040345 112 133 153 1.0310023064349176 10 3320 6 3069 8 3295 9 3259 7 2830 11 3105 1 2898 2 3171 5 2802 4 2718 3 2669
418 15.665813811487665 10.87605402232348 34.67951087296084 151 137 124 1.122393991381373 10 3173 6 3070 9 3093 7 2831 1 2902 5 2539
419 20.173919986690191 21.726252485998678 68.010351042224187 237 196 142 0.97059280797863601 10 2987 6 3073 8 3112 9 3099 7 2678 11 2988 1 2757 2 2876 5 2681 4 2590 3 2548
422 14.517030770292958 15.025624958705954 37.645318895203111 174 166 150 1.2285862019064626 10 3181 6 3087 8 3120 8 3305 9 3270 7 2840 11 2991 1 2913 2 3040 5 2690 12 2213 11 3107
423 16.264493421797088 35.6817024290105 78.972676931956926 54 88 195 1.6298801130064722 10 3197 6 3096 11 3115 1 2774 2 2660 5 2337 4 2607 5 2697 3 2564
424 14.529269703634336 17.882187421783211 37.667541864649877 132 139 132 1.9177875431797637 10 3193 6 3099 8 3133 9 3118 7 2698 11 2997 1 2919 2 3051 5 2699 12 2123
425 15.533165446498449 22.353178406012493 41.414967220885167 92 104 90 2.6458424262160833 10 3340 6 3103 7 2707 7 2956 2 3191 5 2827 9 3125
426 19.149440139664403 30.597916927396263 56.631681716052071 149 154 148 1.5484496094889182 10 3206 6 3107 9 3285 7 2855 11 3009 1 2929 2 3062 5 2716 12 2233 4 2615 3 2571
427 15.375957036840477 22.44808085943351 39.565564731355977 177 176 164 1.974789923714636 10 3025 6 3108 8 3154 9 3133 7 2856 11 3010 1 2932 2 3065 5 2717 12 2134
429 15.605705429020212 23.19271605830555 39.659610838943721 46 78 44 1.8251524114591864 10 3207 6 3111 8 3155 9 3134 7 2860 11 3011 1 2933 6 3232 12 2140
430 16.460916817736528 23.576840093314075 40.082268237779651 232 225 218 1.2264189587145731 10 3208 6 3112 8 3323 9 3286 7 2861 11 3012 1 2934 12 2234
432 13.850252911935964 18.644571410494365 29.200017904764124 140 139 118 1.3799745686352505 10 3032 6 3116 2 3074
433 13.428123876251734 21.357259321661168 31.716358097358324 123 127 113 2.1803373682056995 10 3224 6 3121 11 3024 1 2941 2 3077
434 13.62616665761041 22.578484445217043 31.331402777834064 102 105 78 1.7030011380602015 10 3048 6 3122 11 3027 12 2151
436 4.274331055459629 -24.683558332941328 36.740331556726971 228 225 216 1.5323753078742943 10 3238 6 3126 8 2963 9 3158 7 2881 3 2456 3 2589
437 4.389241204526213 -23.731071177236263 36.048432200117752 83 61 48 1.0011545894908322 10 3239 6 3127 8 3346 9 3303 1 2950 2 3087 5 2730 4 2635 3 2591
438 1.5837766885505644 -19.753067932130698 32.906674931786242 13 1 1 0.98644246118473655 6 3129 8 3351 9 3307 7 2885 2 3091 5 2733 4 2638 3 2594
439 9.8327281865596472 -18.001263468452532 34.762740364392414 218 216 204 1.3382736643084299 10 3249 6 3130 9 3308 7 2889 11 3131 1 2951 2 3221 5 2734 4 2757 3 2596
440 15.725845352162629 -14.054546915434992 27.97697498938933 190 180 166 1.665369027681648 10 3075 6 3133 8 3358 10 3365 9 2989 7 2740 11 3138 1 2954 12 2241
441 7.4335046248218504 -17.506931001517128 38.646233139000124 42 33 28 0.88614807050394973 10 3253 6 3134 8 3197 9 3172 7 2741 1 2955 2 3099 5 2740 4 2647 3 2603
442 9.4042203873926855 -12.775827340158363 32.770293776933848 88 89 84 1.2757260471817817 10 3367 6 3136 8 3362 9 3315 7 2988 1 3074 2 3105 4 2759 3 2712
443 8.8410067193962956 -6.0388361786789693 34.9509548916174 72 74 69 0.72227293464076225 10 3269 6 3139 8 3217 9 3325 11 3147 1 2969 2 3114 5 2753 4 2663 3 2617
444 15.45984433164034 -4.7892798339174067 29.04769889292681 16 12 9 0.84974991317702642 10 3103 6 3141 9 3193 7 2901 9 3326 1 2973 12 2170
445 7.0319235907856283 -5.0323793077514702 34.986163654386303 21 20 18 0.81169224519893424 10 3378 6 3144 8 3369 9 3328 7 2903 1 2971 2 3117 5 2862 4 2666
447 5.2931916032842263 -1.2409373412637028 37.599766982901649 187 145 108 0.92372481941966134 10 3282 6 3155 8 3378 9 3336 7 2907 1 2976 4 2785 3 2734
448 16.17024211105787 0.85982172246588728 28.502370416792878 2 5 1 0.73548608580185404 10 3285 6 3166 1 2981
449 4.7045204082877428 1.8006868908643245 37.704731225025888 25 11 3 0.84603443763772879 10 3291 6 3167 8 3490 9 3347 7 2914 1 2982 2 3254 5 2880 4 2794 3 2739
450 5.8953440854945356 2.6387874216679656 42.547469243090553 111 99 85 0.91323685727435167 10 3137 6 3172 8 3251 9 3221 7 2915 1 2860 2 3144 5 2777 4 2696 3 2645
451 3.8114710041471631 6.0707241240935375 47.093869493761389 0 3 11 0.9875342350246491 10 3304 6 3174 8 3394 9 3357 7 2923 1 2991 2 3149 5 2781 4 2698 3 2742
452 4.8624822210108825 4.7426191361750076 42.697703413991199 43 26 42 0.84619282608904423 10 3394 6 3175 8 3388 9 3351 7 2920 1 2989 2 3146 5 2782 4 2699 3 2648
453 14.652882386314609 4.753158589574153 43.185845201567311 176 172 169 1.2786122460228819 10 3296 6 3176 8 3257 7 2921 11 3085 1 2990 2 3258 5 2783 12 2275 4 2700 3 2743
455 16.146511892048284 4.7657243737231791 27.797227569501398 142 135 115 0.82649392550223344 10 3149 6 3184 8 3269 9 3236 7 2813 11 2949 1 2997 13 1624
456 21.499025598192013 17.41106207347309 78.42375881850613 226 182 179 1.1606735185170216 10 3317 6 3190 8 3413 9 3379 7 2936 11 3180 1 3011 2 3163 5 2794 4 2810 3 2657
457 20.782871424695266 20.87087561316882 92.127836401116539 143 156 166 0.98504527524949281 10 3314 6 3192 8 3410 9 3376 7 2933 11 3178 1 3008 2 3164 7 2823 9 3251 5 2791 4 2710 3 2751
458 20.782871424695266 20.87087561316882 92.127836401116539 143 156 166 0.98504527524949281 10 3315 6 3193 8 3411 9 3377 7 2934 11 3177 1 3009 2 3165 7 2824 9 3252 5 2792 4 2711 3 2752
461 20.456137848326335 26.122665007414952 74.492350306634165 216 205 155 0.89155312860129909 10 3325 6 3209 8 3423 9 3388 7 2944 11 3184 1 3026 2 3179 4 2722 3 2675
462 20.122753033814249 25.48685459393247 62.190907063337022 35 30 66 1.4207457995968094 10 3331 6 3215 8 3309 9 3274 6 3090 7 2842 11 3110 2 3041 2 3185 5 2820 12 2293 4 2728 3 2680
463 19.621764269891695 24.992811981495599 60.729865435775508 35 30 66 1.9088775727742895 10 3332 6 3216 8 3310 9 3275 11 3111 12 2294
464 16.919919375929688 35.706882476386419 76.855347025864916 75 110 218 0.90369425128577752 10 3408 6 3218 9 3398 7 2951 11 3190 1 3032 2 3186 4 2730 3 2683
465 14.812017918212543 17.03504567830603 35.45958906492627 176 169 162 1.6895531621586453 10 3194 6 3219 8 3315 9 3277 7 2952 1 3033 2 3187 5 2823
466 15.737989389849567 18.365004904819653 34.844211011674929 78 98 73 1.7294851602788757 10 3407 6 3222 9 3400 7 2953 11 3186 1 3037 1 3122 2 3190 12 2349
467 16.205194452961148 21.802938738518197 40.522136560342872 94 98 89 1.350215539883284 10 3341 6 3225 11 3113 1 3041 2 3193 5 2829 12 2226
468 16.486849403215331 39.29089771036297 74.272687001401394 108 134 224 1.2327516307884863 10 3414 6 3228 8 3434 9 3405 7 2959 11 3195 2 3283 5 2831 4 2828 3 2768
472 16.095557088862758 19.037199684608726 29.002926025988998 24 77 27 1.7767018033499351 10 3216 6 3237 11 3121 12 2137 13 1692
473 15.720400413129429 24.005495574502763 33.561250256117972 101 105 82 2.2080645870724478 10 3230 6 3243 7 2969 11 3028 1 3048
474 0.83705288645205134 -22.979945750886923 33.176855905799151 88 61 40 1.5211238700712475 6 3245 8 3452 9 3424 7 2975 1 3055 2 3208 5 2839 3 2697
475 0.89831505549267721 -26.325558159322661 38.799321054129067 88 61 40 1.8237027500425482 10 3427 6 3246 8 3453 9 3425 7 2976 1 3056
476 3.4921559327980183 -24.887771386993389 36.476398326157785 95 68 47 1.7568608850968499 10 3353 6 3248 8 3454 9 3426 7 2977 1 3057 2 3209 5 2841 3 2698
477 4.6135858883798733 -23.413566367938667 36.723583046340778 204 195 177 1.1708589616624954 10 3355 6 3250 8 3457 9 3427 7 2981 1 3059 2 3212 5 2843 4 2748 3 2701
478 2.9393177135999915 -22.767177331503323 36.732837800286902 16 7 0 1.6656228961683213 10 3429 6 3252 8 3455 9 3428 7 2982 1 3061 2 3216 5 2846 4 2752 3 2706
479 3.1367792081752119 -22.241836554115928 38.506773244231915 18 7 0 1.3726496422695391 10 3434 6 3256 8 3459 9 3430 7 2984 1 3065 2 3299 5 2913 4 2837 3 2774
480 14.602037133703314 -15.276237854051308 28.21405893296172 132 121 99 1.8136658309323062 10 3361 6 3258 9 3310 7 2985
481 12.61987844415976 -14.822087832775974 31.871672507866986 215 200 176 1.4096992607638972 10 3254 6 3260 8 3359 9 3311 7 2892 11 3137 1 3071 2 3223 5 2852 12 2240
482 12.281419352777744 -10.212612364594158 31.329586411055978 208 197 179 1.2401844577273076 10 3372 6 3262 8 3465 9 3437 7 2990 11 3216 1 3143 6 3323 2 3306 5 2920 12 2363
483 7.3810007000921312 -8.3761926873201737 36.246117436826538 15 13 9 1.012998946738108 10 3443 6 3263 8 3467 9 3439 7 2994 2 3232 5 2857 4 2767 3 2779
484 7.7538060143470275 -8.1123263127934759 33.986368459138987 84 88 87 0.74969781544971459 10 3262 6 3264 8 3364 9 3319 7 2897 5 2858 4 2765 3 2612
485 9.5359938618867801 -3.8944024326248812 48.480359718814384 248 205 184 1.6268631537383835 10 3448 6 3268 8 3480 9 3451 7 3003 1 3084 2 3241 5 2932 4 2844 3 2784
486 9.5359938618867801 -3.8944024326248812 48.480359718814384 248 205 184 1.6268631537383835 10 3449 6 3269 8 3481 9 3452 7 3002 1 3085 2 3242 5 2933 4 2845 3 2785
487 9.7943536994169182 -1.7852295242454796 48.32032751307797 83 72 76 1.3672431500902735 10 3384 6 3273 8 3482 9 3453 7 3004 1 3088 2 3250 5 2875 4 2786 3 2788
488 10.514355231660227 -1.9741380073131001 52.334365891125358 83 72 76 1.1310220750531861 10 3385 6 3274 1 3089 2 3251 5 2876 4 2787 3 2789
489 15.143571499781551 -1.0069441091521991 28.706023719688407 15 12 7 0.84758028179350275 10 3280 6 3275 8 3376 7 2911 11 3065 1 3090 12 2179
490 12.380394464588402 1.2855859537487546 30.24242802181319 14 13 9 1.0555607978919748 10 3288 6 3279 8 3488 9 3463 7 2916 11 3155 5 2772 5 2983 12 2332
491 12.380394464588402 1.2855859537487546 30.24242802181319 14 13 9 1.0555607978919748 10 3289 6 3280 8 3489 9 3464 7 2917 11 3156 5 2773 5 2984 12 2333
493 16.524187993196598 11.144105954194002 37.338425455290754 153 139 126 1.1358767376416781 10 3399 6 3295 8 3507 9 3479 7 3019 11 3181 1 3108 2 3271 12 2287
495 19.950078785581876 28.901533319783731 72.042290539657031 217 211 163 0.81157312810492932 10 3404 6 3301 8 3512 9 3487 7 3024 11 3248 1 3120 2 3279 5 2901 4 2823 3 2764
497 18.614291330387911 33.962507218783109 66.432472147505138 151 135 132 1.0552578652417213 10 3471 6 3303 8 3514 9 3537 7 3027 11 3249 1 3188 2 3341 5 2957 4 2866 3 2816
498 13.963497699664643 43.879993697468848 80.622216621586048 178 187 245 1.3958054640460267 10 3416 6 3304 8 3516 9 3490 7 3028 11 3250 1 3123 2 3282 5 2904 4 2827 3 2767
499 15.861509476171564 18.352129666761108 29.318873083052949 58 97 52 2.3587781019993863 10 3410 6 3307 1 3128 12 2300 13 1727
501 12.537852188524422 22.523933909989594 29.928768751887603 14 26 9 0.73792218241541674 10 3425 6 3314 2 3296
502 16.234286364297695 25.476379669156195 34.31346770497413 24 31 15 1.5138543430751512 10 3422 6 3315 2 3206 11 3197
503 16.234286364297695 25.476379669156195 34.31346770497413 24 31 15 1.5138543430751512 10 3423 6 3316 2 3207 11 3198
504 7.8048519317387584 -21.698787437732495 37.700017216703316 225 224 219 0.89343123425395632 10 3437 6 3317 8 3535 9 3503 7 3043 1 3137 2 3300 5 2914 4 2838 3 2775
505 14.107892817679243 -15.81049220757629 31.185619462707205 206 200 182 1.4575344587108949 10 3362 6 3319 8 3462 9 3434 7 3045 11 3211 1 3140 12 2323
506 13.438854966133718 -15.400468346260451 31.995465647951018 37 30 18 1.9564354969376705 10 3363 6 3321 8 3460 9 3432 7 3047 11 3134 1 3142 2 3304 5 2917 12 2324
507 9.0025583911089644 -5.0249199529817172 38.029716024283189 63 67 66 1.4310293707060739 10 3490 6 3328 8 3544 9 3508 7 3051 1 3207 2 3312 2 3358 5 2971 3 2831
508 12.108408896532515 -4.2997556901495759 31.164157294171812 204 196 171 1.2610157267945412 10 3379 6 3329 8 3473 9 3447 7 2998 11 3223 1 3148 2 3313 5 2926
509 12.108408896532515 -4.2997556901495759 31.164157294171812 204 196 171 1.2610157267945412 10 3380 6 3330 8 3474 9 3448 7 2999 11 3224 1 3149 2 3314 5 2927
510 11.84039923452459 -3.4073020296411594 30.395967023935551 205 199 167 0.91008312732566488 10 3445 6 3334 8 3478 10 3381 9 3449 7 3000 11 3226 1 3153 2 3317 5 2930
512 0.94210963246407919 -3.281439860582124 36.319871008467146 100 62 27 1.4196761449844562 10 3493 6 3336 8 3597 6 3385 9 3555 1 3152 1 3209 2 3316 2 3359 5 2929 4 2880 3 2783 3 2833 5 2973
513 10.98208995505831 0.46753062888045938 28.108905136100997 202 190 164 1.9029624543323613 10 3454 6 3339 8 3551 9 3515 7 3054 1 3161 2 3364 6 3395 1 3219 5 2978
514 3.6989837793619031 2.208594398084899 45.169551856949582 19 21 28 1.3516486902669109 10 3535 6 3340 8 3555 7 3055 2 3321 5 2938 5 2982 3 2837
515 15.024595088653706 1.8538896888129137 30.418492383090221 47 44 37 0.56333321299358863 10 3455 6 3342 11 3232 12 2381
516 8.7154166538787852 6.0650182520341902 49.696549502631584 23 12 8 0.70618455522201928 10 3460 6 3344 8 3493 9 3519 2 3322 5 2941 3 2795
519 14.76272786464151 14.40582103632379 38.033596658656393 34 65 117 1.3233901383063653 10 3467 6 3361 8 3569 9 3532 7 3072 11 3291 1 3227 2 3382 5 2995
521 19.108088628459448 30.494839018746568 55.539253262823181 128 134 122 1.733631734892596 10 3472 6 3368 9 3540 7 3079 1 3191 2 3343 5 2958 12 2397 4 2868 3 2818
522 9.1730882485926735 -18.470511965414246 34.154867037309387 174 164 152 1.2819503152361267 10 3480 6 3373 8 3586 9 3547 7 3091 1 3199 2 3351 5 2963 4 2901 3 2857
523 11.353521490891117 -17.90315027100867 33.378959097132565 156 144 132 1.1219140628943056 10 3481 6 3374 8 3587 9 3548 7 3092 11 3255 1 3200 2 3352
524 8.1282954602034501 -12.347475031965869 37.894742043174787 90 94 93 1.0091718792734743 10 3484 6 3376 7 3050 8 3539 1 3202 8 3590 2 3356 4 2875 3 2826
525 9.2992212508782099 -6.0355261359414687 31.422770197463073 82 83 78 0.60374901894812483 10 3488 6 3380 8 3594 9 3554 7 3097 1 3252 2 3405 5 3019 4 2910 3 2871
526 9.3318875474752225 -3.9365823193180463 31.134911157554132 69 74 68 0.85551450474816526 10 3491 6 3383 8 3596 7 3101 1 3255 2 3407 5 3020 4 2912
529 9.7159417879199204 0.3130207659526183 32.834863646746804 64 65 60 1.0382888268039412 10 3498 6 3393 8 3602 9 3560 7 3107 11 3282 1 3217 2 3362 5 2976 4 2881 3 2834
530 0.88763934590945126 2.172142536574603 45.990250444742806 15 14 19 1.1608184686073522 10 3536 6 3396 8 3603 9 3603 7 3152 1 3260 2 3369 5 3025 4 2883 3 2836
534 14.893717683049921 18.45325902205759 41.06479810952424 195 195 193 1.5151253037207912 10 3542 6 3412 8 3614 9 3577 7 3125 1 3269 2 3422 5 2997
539 15.039147127122478 22.089968266176744 30.056578480683179 57 138 89 1.060407014966084 10 3517 7 3135 1 3241
540 6.0785470471123606 -24.992190842370562 37.726324685788235 83 58 40 1.4580880520501487 10 3519 6 3423 8 3624 9 3587 7 3136 1 3242 2 3394 5 3009 4 2929 3 2856
541 5.8895969829824226 -24.286478845022515 36.515050109160214 83 58 40 1.5173528328323409 10 3520 6 3424 8 3625 9 3588 7 3137 1 3243 5 3010
542 8.3000074449428336 -19.078268017053158 37.641796623819538 223 212 202 0.56865439073968171 10 3522 6 3425 8 3627 9 3590 7 3138 1 3278 2 3434 5 3044 4 2931 3 2893
543 10.467386145427556 -17.57772955647302 35.02982441924182 189 178 165 1.1461826170563121 10 3523 6 3426 8 3628 9 3591 7 3139 1 3245 2 3396 5 3013 4 2903 3 2859
544 8.1139154519229013 -15.27930794872832 37.900790332469903 98 102 101 0.64675325820794138 10 3526 6 3427 8 3634 9 3597 7 3142 1 3246 2 3397 5 3014 4 2904 3 2861
545 9.9790318343796542 -8.7001338062390445 33.554490746201587 85 86 81 0.87301220256980727 10 3528 6 3429 8 3592 7 3144 11 3309 1 3248 2 3400 5 3016 4 2906 3 2868
546 8.0932773093761163 -7.0871723399032334 35.655571685341513 4 5 9 1.0822331758215102 10 3548 6 3432 8 3636 9 3599 7 3146 1 3251 2 3403 5 3018 4 2908 3 2870
547 10.953340923938125 1.0224803991727289 31.963157314130907 53 57 56 1.2228895251420666 10 3533 6 3436 8 3639 9 3601 7 3150 1 3258 2 3410 5 3026 12 2426
548 10.9522027751394 1.0256320462026869 31.955090225774427 53 57 56 1.2805940092818429 10 3534 6 3437 8 3640 7 3151 1 3259 2 3411 5 3027 12 2427
549 15.354520301663094 3.08521862963625 35.996679427042366 162 155 145 1.0899076801447887 10 3500 6 3438 8 3604 9 3561 7 3113 11 3285 1 3261 2 3413 12 2411
551 20.45049808879206 17.791050131292792 66.300582547263033 27 27 53 1.1594780801152227 10 3554 6 3443 8 3647 9 3607 7 3157 11 3332 1 3267 2 3447 5 3056 4 2945 3 2908
553 12.425000239613325 -16.140988725194465 32.523143673994078 147 136 118 1.5190313208761272 10 3545 6 3454 8 3629 9 3593 7 3140 11 3326 1 3280 2 3436 5 3045
554 9.6947369738136349 -17.135589913604715 37.404655635186579 89 94 91 0.90727344672782451 10 3546 6 3455 8 3633 9 3592 7 3168 1 3281 2 3437 5 3047 4 2932 3 2894
555 11.937783122297828 -15.828745343401049 35.160971377865657 45 46 40 1.0839711763826987 10 3547 6 3456 8 3662 9 3620 7 3169 11 3327 1 3282 2 3438 5 3048
556 7.8559556969531341 4.688631776335578 49.938588062869606 4 0 3 1.0086554959268359 10 3551 6 3459 8 3665 9 3623 7 3173 1 3286 2 3443 5 3052 4 2941 3 2904
558 20.154841326234415 26.625544217859584 69.980401825112494 200 193 147 0.77114189352427853 10 3556 6 3467 8 3649 9 3608 7 3159 11 3334 1 3291 2 3452 5 3059 4 2949 3 2913
560 3.5722075304798375 -18.262544975363276 39.54191868232531 56 35 10 1.9779656911658019 10 3563 6 3472 8 3681 9 3639 7 3167 4 2951 3 2914
561 4.242539296561012 -13.139866993000688 42.743907559352166 116 86 62 1.2872588667642555 10 3564 6 3473 9 3640 7 3170 1 3295 2 3457 5 3064 4 2953 3 2917
562 4.6589760694347833 -6.634102991088036 42.728451193089484 89 62 43 1.0568912971887596 10 3566 6 3474 8 3682 9 3642 1 3296 2 3458 5 3065 4 2954 3 2918
563 20.23709952969099 12.684298220249781 67.31657451921015 29 30 51 1.7564944255882067 10 3569 6 3475 8 3684 9 3645 7 3186 11 3353 1 3299 2 3460 5 3068 4 2958 3 2921
564 15.789660420007797 11.101344950176893 42.834364657256764 209 200 190 2.1092938872742613 10 3570 6 3477 8 3670 6 3463 9 3629 7 3177 1 3289 1 3300 2 3448
565 14.33267406494218 21.052878277670548 31.240117814277848 126 119 109 1.8746316179300198 10 3560 8 3676 9 3633 1 3306
566 14.33267406494218 21.052878277670548 31.240117814277848 126 119 109 1.8746316179300198 10 3559 8 3677 9 3634 1 3307
567 15.164265706535872 4.5321731650042087 42.276276810917899 175 170 166 1.2745819589682876 10 3585 6 3488 8 3698 9 3659 7 3202 11 3364 1 3316 2 3475
568 13.971516501474508 4.1535572369287861 38.591703741662009 175 170 166 1.0780696212783392 10 3586 6 3489 8 3699 9 3660 7 3203 1 3317 2 3474
570 17.755372795888768 25.7871294661708 43.207615228873763 72 142 92 1.7333605153388296 10 3590 6 3495 7 3210 1 3324
573 18.264160983252282 -20.062894410014291 24.920973869422539 170 164 144 2.0478491679173683 10 1233 8 9 9 31 7 1143 11 1158 12 7 13 1003
574 18.723463730911014 -19.848693792637945 24.464778608170977 165 128 77 2.0385284766852343 10 27 8 11 7 5 13 5 12 9
575 1.8565739607354022 -26.453027950925705 39.449090535792301 52 33 19 1.8253159847801346 10 1224 8 13 1 1242
577 0.31070359100108835 -24.046658871140853 37.045292764893375 181 165 149 1.8347626273401103 10 1223 8 30 9 1416 7 22 2 9 4 1078
578 20.284876635675257 -17.564235762105472 22.792398099563073 194 136 30 1.2985729869773139 10 69 8 38 9 61 11 108 13 42
580 20.384557741753333 -16.940924658929735 22.147760022166953 162 134 41 0.45527890102469043 10 93 8 52 9 89
581 20.618700718459664 -16.68794038987205 22.558332031503259 165 151 121 1.6249486505941706 10 94 8 53 11 1211 8 2194 9 2219 12 859
582 21.709898000407012 -15.92187780608122 21.181854404827249 148 94 37 1.2451230870891421 10 125 8 62 13 657 8 2196 14 974
586 9.2151260270698252 -18.952273571114237 35.331028536799749 165 153 137 1.3584238553259371 10 152 8 122 7 1176 2 70 4 68 11 1914
588 7.4761045359868747 -19.236166222416948 37.662761968980128 217 208 199 0.93442293396067322 6 72 10 2038 8 137 9 1469 7 1178 5 1092
590 11.240510583800395 -17.548375246981767 33.691118914043543 177 170 161 0.69216587862432555 10 177 8 143 11 178 6 78
591 20.621324667347611 -14.084618170076999 24.207483571499239 166 155 133 0.66203317117784732 10 206 8 156 12 167
593 12.883257149708042 -15.516339425083972 31.396241562682594 37 31 9 2.0446284137628017 10 195 8 176 9 212 11 229 2 1263 5 81 12 883
595 8.3351881990529542 -15.540876773814473 34.534037866377339 89 89 89 0.59623778054373744 10 1330 8 196 1 1284
597 18.264015371718699 -13.381970511504075 27.290214148231438 184 177 158 0.46079364892485053 10 257 8 206 9 246
599 2.8365150990104855 -15.127002349984206 39.738763687542921 59 23 1 0.94591426279547264 10 1366 8 239 9 1526 7 1235 1 1914 2 1302
600 18.758639494164271 -11.647946252866349 26.142502183110988 177 166 146 0.99088850311551446 10 279 8 246 7 189
601 2.3820217722504795 -15.543342554072098 44.188084810350354 41 26 19 0.69223316211222885 10 1385 8 247 2 200 1 194
605 12.51012438859471 -9.2826195320665104 31.202711292776712 184 178 160 0.9819938870267354 6 256 10 360 8 320 9 367 7 1269 11 1335 1 1937 2 2000 5 206 12 926
606 12.538392790814004 -9.2963673031295784 31.267107931306061 184 178 160 1.0132498830906469 6 255 10 359 8 321 9 368 7 1270 11 1336 5 207 12 925
607 8.0832541002264957 -6.8188278320045814 34.97733367102915 52 56 57 0.57512786876797672 10 1483 8 358 9 1622 6 1401 7 290 5 273 4 1210 3 1170
611 17.183363870201088 -4.773773939048839 26.666599255624334 43 32 23 1.4178418561844788 10 437 8 390 9 453 7 1340 12 236
612 17.586137651776998 -4.698947071060771 27.070029114707776 166 152 146 1.0358197834521363 10 438 8 393 12 237
613 18.066029549287414 -4.6391450221950157 26.963411394231105 173 159 148 1.0097536659815782 10 442 8 396 7 322 11 444 12 264 13 717
614 18.066029549287414 -4.6391450221950157 26.963411394231105 173 159 148 1.0097536659815782 10 441 8 397 7 321 11 445 12 263 13 718
615 18.061568074735199 -4.6744517195628186 26.417296311966361 179 168 158 1.2417962570636887 10 440 8 398 13 720
616 22.147457460025354 -4.4255893782332816 23.040509253532722 184 172 146 2.1434323317301116 10 446 8 405 11 411 12 951 11 2021 13 724 14 120
619 18.407659608231924 -4.2650918549059025 27.83218890411305 173 144 148 1.3423211430245441 10 471 8 432 7 341 11 451 12 965
620 18.407659608231924 -4.2650918549059025 27.83218890411305 173 144 148 1.3423211430245441 10 472 8 433 7 342 11 452 12 966
621 18.28925864538639 -4.208149562609603 27.05296900969649 60 39 34 1.1239667617434512 10 477 8 434 7 1343 9 1659 11 455 12 967 13 736
622 18.337946063466624 -4.1391840474776549 27.549247958165484 57 29 31 1.3155665780489116 10 474 8 436 11 457 9 491
623 18.371440935688806 -3.8051844486432045 27.98588012586902 56 31 35 0.74940101882067056 10 478 8 456 9 494
624 18.371440935688806 -3.8051844486432045 27.98588012586902 56 31 35 0.74940101882067056 10 479 8 457 9 495
625 18.602443965092927 -3.2831681008026177 27.308782227596257 73 49 51 0.88973387901991052 10 1546 8 463 9 1689 7 1388 11 1432
628 8.1779466978579123 -2.7864376351160378 30.974444236328438 59 63 62 0.5895144205083398 10 494 8 474 4 1252
629 15.355747822914788 -2.9180086916413379 28.562544670641838 105 87 87 0.64813185198780843 10 1529 8 481 9 1675 11 2045 12 1413
634 0.81304142259618128 -1.2569576963890463 38.425062389138418 126 96 72 0.60387521707929093 10 537 8 518 7 398
636 6.9488455233703297 -0.59288092007459614 44.928070680997777 82 81 79 1.1354456772876664 10 546 8 526 7 436 1 498 2 1553 5 462 3 483
637 6.8318385948809564 -0.5900311121525359 44.25983450277424 82 81 79 0.94707516308889284 10 545 8 527 1 499 2 1554 5 461
641 17.399199158377858 0.83922574513892023 26.976991287844356 74 71 64 0.45940958919550906 10 561 8 544 9 598 7 463 11 543 13 770
642 21.788233616743085 1.3138227025562172 23.8619753320855 157 146 126 1.6223070902824044 10 563 8 545 14 155 12 326
643 22.648594011907154 1.2490081407669538 24.336675992261121 32 19 4 1.0865481431899751 10 1616 8 547 9 600 11 545
651 16.793583473681846 2.3946217505598475 26.624968011005681 64 57 49 0.40508744088062165 10 614 8 607 7 530 11 1490
652 20.267812571299373 2.4659746933019528 25.034567990846753 133 120 103 0.99447730051915306 10 584 8 611 12 359 13 302 14 608
653 20.73717306563335 2.2739625084483084 24.85739065490074 171 166 145 1.267626857993847 10 586 8 613 12 358 13 777 14 170
654 20.766325509652166 2.96366740649156 25.120692680902305 106 56 12 1.0432267415226713 10 622 8 614 13 324 14 190
658 4.1717219090433906 3.5462990469039242 47.144912556320783 17 14 17 1.1790638604989438 10 635 8 656 2 625 4 542
659 4.3499932161065527 4.1036929712023476 46.800290855290285 167 158 174 1.068798977176832 10 1669 8 657 7 519 1 662 2 658 4 576
660 16.54081517674858 4.4556268384203372 41.080664637780558 131 127 124 1.1395211437462107 10 1664 8 662 7 2370 9 2410 11 2124 1 2093 5 1939 12 1493
663 0.13971423301646724 4.6656816392814981 47.594857487959786 102 94 86 1.4191143409254878 10 2278 8 695 9 1829 2 1607 5 544
668 21.319258514748334 4.2530320275604456 24.001698450017006 48 53 34 1.3195244306426703 10 680 8 735 11 1533 12 1081
669 22.067777393155701 4.6069200514807074 24.109300319842266 11 16 3 1.2610748322852996 10 682 8 738 9 1849 11 1535 12 1083 13 856 14 875
673 15.20981507281501 4.8263026422256985 28.946774298234708 34 31 21 0.59063830753651392 10 709 8 770 12 471
677 17.223611433288099 5.0863801805726183 27.758882483986138 0 18 0 0.80168181356061818 10 1710 8 779 9 1879 7 642 11 1589 12 1522 13 1173
678 22.313926338915138 5.0155843226852967 26.561892585892515 33 6 0 0.45425092335245543 10 676 8 787 9 751
679 22.515588009756744 4.6599343066364609 23.683583866505341 95 95 87 1.2448753189710304 10 685 8 788 11 1538 12 412 14 287
680 24.395132701676729 5.2444732321608232 24.842214686388981 59 52 34 0.70040966832097107 10 687 8 790 9 759 11 660
686 21.582365008170342 17.926924879314498 79.826912317348544 164 105 108 1.1734833118197885 10 801 8 872 9 915 7 713 11 1651 1 1672 2 762 5 1514 4 1427
689 21.356777812667019 19.934878087731629 80.793708134969279 87 19 0 1.0037619943420086 6 1725 10 1783 8 897 9 1939 7 1567 11 2226 2 1706 5 1534 4 1903 3 1856
695 15.333679233961993 11.846066010100026 41.089986884861773 190 183 175 0.9770401674178526 10 817 8 919 11 810
697 15.218351082059906 11.801872603901069 33.613862370137987 144 131 115 1.0759959831135975 10 1814 8 951 2 897 9 1971
700 19.907748057832034 26.648836463108154 67.463431617293978 106 109 92 1.5190741027314369 10 915 8 987 11 1709 12 624
701 20.079280192041786 26.862019927880727 68.095483778026306 106 109 92 1.7560408024704344 10 914 8 988 12 623
705 20.027337295897894 29.372954916170343 68.900547479730847 33 4 7 1.6853464420985251 10 931 8 1009 1 994 2 987 12 645 3 855
716 18.812122007451269 32.094436863937801 67.549394684251283 23 12 9 1.0231006252324055 10 1873 8 1058 9 1102 7 899 11 928 1 1035 2 1034 5 1666 3 1543
717 17.78885364808065 15.665783929294911 28.584565802904283 160 161 156 1.4322860467089411 10 1860 9 2048 7 932 11 872 12 1211 13 1210
723 14.553148851231315 41.662460012239585 79.964004138623167 100 127 240 1.4047798860787892 10 1057 8 1132 9 2074 7 972 11 1793 1 1093 2 1095 5 945 4 1575 3 925
725 16.774832469269121 22.827135266205762 39.505223860016621 38 74 66 1.3803444834869352 10 1025 8 1142 7 986 6 1900 9 2586 7 2484 11 963 12 1256
727 12.448089045429398 43.694615195881056 81.222657977555073 54 76 170 1.7663564246422305 10 1932 8 1167 9 1213 7 1003 11 1826 1 1092 6 1094 8 1166 5 965
732 12.203774777391972 42.884505035187203 73.650434153984918 30 35 84 1.9769345587606222 10 1157 8 1214 11 1134 4 1026
733 19.990784333066522 22.511196314085911 32.187133707471773 49 103 52 1.936276383007038 10 1100 8 1218 9 1274
735 18.729416682285876 21.825195901769341 31.042110462288683 135 187 145 2.2885911846202367 10 1096 8 1254 9 2111 11 1786 12 1258
736 18.549333966431586 21.378993519363235 29.98116833064303 139 190 148 2.2352558525219148 10 1103 8 1256 9 1301 11 1029 12 725 13 579
737 19.066488771793857 22.035641281390042 30.95676824872233 139 190 148 2.0350272664721487 10 1102 8 1257 9 1300 11 1030
738 17.673832124975497 21.157088775128862 29.525363826020619 92 160 106 0.26793913993125912 10 1099 7 1099 11 1027
739 17.673832124975497 21.157088775128862 29.525363826020619 92 160 106 0.26793913993125912 10 1098 7 1100 11 1026
746 17.931343210546725 -18.966070693153103 23.631899793412423 162 130 46 1.4240947827394033 10 1234 8 1378 9 1420 7 1767
747 2.6562498015170628 -24.80211568012853 39.15300129749636 70 48 29 1.3407979253507276 10 2003 8 1381 9 1425
748 20.524019421634094 -17.128079544225038 22.566276160634793 201 183 132 0.88402859599124406 10 91 8 1391 13 65
749 7.2551568576669965 -22.809249995986061 37.052791167724834 246 234 220 1.031797345784131 6 1231 10 1256 8 1404 9 1437 7 1161 1 1884 2 1946 5 1071 3 1640
750 8.3754617383567211 -26.6177360135455 44.701269686221366 93 66 53 0.71901645738135267 8 1405 7 1162 6 1245 2 1226 4 26
751 22.057240541031959 -15.892340536094402 21.510408851259619 197 170 109 1.3054444501550426 10 1274 8 1409 13 662
752 19.942100756534099 -14.77421110797164 24.392030337387475 205 196 178 0.68896300766726359 10 185 8 1436 9 168 11 1252 12 886 13 109
753 20.287776511982017 -13.637908591157148 24.156529674157643 169 158 136 0.5021629137450444 10 205 8 1443 12 169
754 2.2021509596478115 -17.258793208000931 39.391114721752359 45 23 7 1.2310851814223498 6 123 10 2050 8 1454 9 1493 7 136 1 121 2 1281 5 98 4 1129 3 1068
755 9.6801184736442298 -15.529147915586858 34.982149250013791 98 99 94 1.3401552054706429 10 1333 8 1463 11 1938 4 1138 3 1654
759 17.864935816814508 -12.811070962103727 27.234993660928332 62 56 41 1.0453541987383002 10 1356 8 1475 11 1297 12 902
760 17.867006796840887 -12.076665765567979 26.953508904594692 115 110 91 0.94994058738517384 10 1380 8 1477 11 293 13 681
761 8.2726417985823755 -12.840335976343077 34.960343924438789 81 85 84 1.2724634767824126 10 2079 8 1489 7 198 1 1915
762 17.501120726341696 -10.225850564486615 26.832292068256489 62 55 44 1.0540372423610149 10 1413 8 1506 9 1546 12 920 13 692
763 13.962191529396828 -9.2217231917472233 29.566455210840267 19 16 12 1.1820366217603588 6 1343 10 2112 8 1515 2 1346
764 18.015127187775324 -8.3519255600791915 27.629242572206088 31 24 7 0.92485137969916686 10 1454 8 1520 9 1591 7 1274
767 6.9648216505420004 -9.4448473972538149 37.98085970754336 111 99 93 1.1458808793981006 10 2125 8 1525 9 1596 1 1364 6 1381 2 2010 7 1864 5 1216 4 1713 3 1683
768 6.9436657398463781 -9.1455236852698771 37.93287201299507 121 104 97 1.3115869374378382 6 1382 10 2590 8 1529 9 1598 7 1285 1 1950 5 1820 4 1715 3 1684
769 6.9769402331866974 -9.183916093795931 38.175527573839993 121 104 97 1.2216407146805481 6 1383 10 2591 8 1530 9 1599 7 1286 1 1951 5 1821 3 1685
770 2.6987637049788264 -8.6789761977041788 40.016652694475063 103 84 78 0.80586834091837056 10 1464 8 1539 9 1604 5 1223 3 277 7 266
772 8.5856737736223305 -6.7758011925088502 32.834414737385316 93 96 89 0.83434841338884913 10 2145 8 1544 1 1972 2 2041 5 2169 4 1733
773 8.9235347762897561 -6.8123701469084628 32.181132859114214 83 84 79 1.6104323459223879 10 1486 8 1547 2 2042 3 1174 5 279 9 426
775 4.7993573016472499 -7.4346390108603577 39.407075530865605 149 112 77 0.86314032186106426 10 1479 8 1559 2 1391 6 325 5 1247 4 1208 3 1165
776 7.0165045967730748 -6.8135543755481978 38.039215886068845 82 66 64 1.0775056907271683 10 1492 8 1560 7 285 3 329
777 8.7271654913949934 -6.4204667483689919 36.820738998628634 8 10 9 0.93206218807918118 10 2152 8 1562 9 2338 11 2442 5 1840
778 19.083686266359702 -4.8676583832829561 25.776042272001884 198 190 169 1.2733793759302015 10 1503 8 1569 9 465 7 1885 12 948
779 20.279688663548413 -4.8308425278255678 24.940519929856386 17 13 2 1.1951735147342539 10 1488 8 1570 9 1623 7 1318 11 1381 12 949 13 722
780 21.245327659954327 -4.9678354691859115 25.508223680651408 35 23 7 1.1542371263394593 10 1489 8 1571 9 1624 11 1382
781 20.497598281879672 -4.4359356271311396 24.940864488474613 28 16 7 1.2957866883108535 10 444 8 1572 9 466 7 1345 11 408 12 244 13 169
783 7.3774480140382366 -6.5734944459361175 40.340594745776492 85 70 73 1.5836827001060974 6 2069 10 2149 8 1579 7 1887 11 1385 2 346 4 1221
786 15.055276619333293 -3.9977243073616449 28.824346087661564 69 65 61 0.80806292550386594 10 463 8 1590 9 481 12 969
787 18.238903849787821 -4.3952543546999294 26.898198622074872 187 169 162 1.0899943228430291 10 1502 8 1598 9 1642 7 1898 11 1410 12 964 13 1071
788 16.168107220238511 -3.8498027352603335 28.954804602250341 76 50 51 0.75785781479794878 6 1446 10 1517 8 1609 9 1655 7 1358 11 1419 1 1442 12 974
789 16.04068251312388 -3.6654507704490644 28.844335690724119 200 174 175 0.75688184777995127 6 2087 10 1531 8 1612 9 1673 7 1360 11 1416 1 2005
790 15.942272282905916 -3.4291261715164509 28.495838827255245 74 48 49 0.87474576192948528 10 1535 8 1613 11 1425
791 15.992479571852519 -3.3057640210430739 28.813067840170472 201 175 176 0.62139204444175511 10 1538 8 1615 9 1676 7 1377 6 1473 11 1435 1 1447 12 990
797 10.326323595787182 -4.3957709133106624 48.617803502063104 148 114 92 1.4440089938840579 6 2110 10 1553 8 1632 2 1468 5 1305 4 1774 3 1215
798 15.062999070852296 -3.0115514501830218 28.998384758043901 102 94 91 0.6988216430582862 6 2097 10 2164 8 1643 9 518 7 1904 11 2042 1 1480 12 1411 12 1726
799 15.853666755100903 -2.8982745104940633 28.099755314063419 196 175 174 0.88582524757459546 10 1543 8 1647 9 1683 7 1382 1 2021
800 16.278797713776488 -2.9785933551178307 28.390020549045897 65 44 43 0.67785269884585053 6 1486 10 1545 8 1650 9 1685 1 1487 12 999
801 17.527921600239655 -2.4287561820746628 27.413495169144113 30 22 15 0.76401470785909997 10 1563 8 1652 9 1709 7 1917
802 8.3172128653648159 -2.4240050417726362 31.63262850798894 63 64 59 0.79215408105307217 6 1510 10 1568 8 1656 9 1716 1 1506 2 1503 7 1400 4 1272 5 396
803 17.0646630003206 -1.3791753991469611 26.629475613612129 40 38 26 0.50960653564907832 10 1570 11 1462 13 754
804 0.45745719931668377 -1.5738502364545173 37.135210477136724 130 108 97 0.9548488822182204 10 2189 8 1658 9 1721 7 1411 2 1515 5 1344 4 1281 3 1264
805 15.285452548122667 -1.2295985701777417 28.570739885012031 55 56 50 0.63247410245708358 10 2187 8 1670 9 1719 7 1926 11 2058 12 1423
807 16.62844392878997 -1.210947099769621 27.686449199434062 37 45 32 0.73141799134821706 10 510 8 1673 9 559 7 1417 11 1460 12 1004 13 1083
808 17.18435430342889 -0.77985345868575917 27.312344636202088 146 149 140 0.71851617807954049 10 1592 8 1676 9 1736 7 1431 12 1015 13 759
809 4.9220215063826114 -1.2102774742547093 37.820364917932224 105 77 48 1.0041216457059707 6 1539 10 1598 8 1680 7 402 1 495 5 434
812 16.906074778501981 -0.3421232739781348 27.255737182029076 39 45 35 0.63576908076551231 10 1594 8 1692 12 1016
816 17.607519411223198 1.8988158708316327 27.75414444681498 43 40 33 0.52375469294549049 10 1629 8 1711 7 1463
817 8.1575375101316876 2.3187667308079707 31.305208729416297 41 36 30 1.1013357094717235 10 2233 8 1716 1 666
818 16.797997157579303 2.2203441818538665 26.417568427635945 17 8 1 0.31460284792017706 10 1650 8 1722 9 1765 11 1492
819 20.996021396173266 2.8800923913732737 26.658464702060964 96 86 64 0.55850844527672916 10 1651 8 1724 9 1786
820 20.719192380011641 2.760612989206733 25.010995730719188 178 147 116 1.0781317606596332 10 1655 8 1726 9 1788 11 1493 12 1047 13 796 14 837
822 4.2427389575829988 3.9117945043178914 47.935278118892491 12 9 21 1.095962236929277 10 2699 8 1734 7 1967 3 1803 3 2156
824 19.79434946436303 3.014216753090353 25.22297903223966 125 105 83 1.0563545188312491 10 1652 8 1743 9 1787 11 1510 12 1060 13 1110
829 10.743143741247259 5.3022961897655243 49.652840794544957 79 67 54 0.52563836303792888 6 1621 10 1672 8 1780 2 1610 5 1932
831 11.911899579814643 5.6323242899113346 43.590993075974119 121 117 116 1.6175949936256986 10 1703 8 1782 2 1620 3 2173
832 14.513728691468158 5.0302176892662223 41.986184431202609 179 175 174 0.95083346508097244 10 2264 8 1783 9 1799 7 1496 1 1612 5 1454 11 644 4 1366 3 1337
833 17.312430368827069 4.0982119665360592 26.673099526758268 25 24 7 0.68222838199976543 10 1680 8 1790 9 1845 7 1515 11 1528 12 1102 13 847
834 17.683600637638598 4.4062895779854019 27.426918214010712 149 147 127 0.56775789285922895 10 2272 8 1791 7 1516
835 17.761325951517371 3.9830002411244791 26.364461218469557 162 157 135 0.45573978589812364 10 1681 8 1792 13 1140
836 22.038362386102399 4.1265458484496182 24.106521844234557 106 99 73 1.1389302915761876 10 1666 8 1796 9 1807 11 1534 12 1080 13 818 14 851
837 22.098059205289065 4.306380741397807 23.934680421267014 35 32 2 1.1510515648756201 10 1685 8 1797 9 1850 12 1084 13 819 14 874
838 23.905182313638413 4.3635047775731426 22.797681653339115 81 72 51 1.0206389185165343 10 1688 8 1799 9 2438 11 2135 14 856
843 3.8988638586827751 7.2877885025483486 52.275974274836692 24 24 34 1.4848982295571829 10 1721 8 1812 1 724 5 1474 4 621 10 736 3 626
848 17.282108317073813 5.1115824999804138 27.432856677553875 18 60 9 0.77907244000509956 10 1712 8 1831 9 1880 7 1533 12 1523 13 917
849 18.903462311442905 5.0763396564560308 26.033844517846969 160 144 127 0.84685802475860972 10 2287 8 1832 9 1881 7 2019 11 1559 12 1525 13 887
850 21.354895025061293 5.033822502644135 24.769295710572443 44 46 35 1.2008858472711197 10 1715 8 1840 9 1883 12 442 13 854 14 695
856 14.212413769006684 6.2532526680615286 29.622169348544389 104 96 75 1.0230868785512195 6 2244 10 1746 8 1860 9 1899 7 1554 11 1612 2 2212 12 1160
858 21.090214669655087 5.5487353618619384 24.706563407042715 46 38 20 1.3220293065912723 10 720 8 1864 9 823 11 706 12 484
862 19.586422375389564 6.4560982794221404 26.60761085206056 103 80 55 0.88320291393979777 10 1732 8 1874 9 2476 11 2176 12 1536 7 2415 13 1184
867 26.3905915993018 8.7742497412838141 25.67554907567084 15 5 2 1.7563576760459714 10 1758 8 1904 11 1636
868 23.433436403056259 8.1661528820155773 22.051514855161663 88 70 43 1.8503846649522806 10 1759 11 767 12 1558 13 1186
873 20.567967702452169 20.394555080352095 74.460583234597308 67 37 52 1.1301547765553666 10 1794 8 1920 9 1952 7 1585 11 1668 3 1861
885 15.392011102824883 14.182896827265843 40.222989173743258 156 152 154 1.2739846405347415 10 2359 8 1947 11 2239 1 1722 2 2254 5 1608 12 1574 4 1938 3 2225
894 13.335378697440154 14.91520883343127 37.059725692190241 138 141 137 1.205581488167377 10 1842 8 1977 9 2011 7 1639 5 1618 4 1516
901 18.99508309270087 31.866129737084705 69.638884962549639 51 39 36 1.0303263864257599 10 1861 8 2010 7 897 11 2266 2 1822 4 1966 3 1913
902 17.486818332354922 15.673337879197714 28.634935770721896 152 153 148 1.479450642862232 10 1859 9 2047 7 1663 11 871 1 2225 12 1210 13 1211
909 15.772766657733722 17.855871225175701 29.786367816046379 74 115 76 2.0497212329603403 10 2422 7 2132 11 2271 1 1809 6 1905 12 1601 13 1415
911 19.543250225871951 21.171083690086999 31.578588320306928 145 189 151 1.5261142527576652 10 1919 8 2084 9 2097 8 2083
912 13.868273401122906 46.35173445045627 82.022218518329595 59 75 164 1.3641401689296246 10 2452 8 2097 7 2143 11 2332 2 1877 5 2060 3 1580
913 21.055954245899319 20.574379394509936 28.968777204359743 119 151 138 1.0575918549184491 10 1072 8 2103 9 1232 11 975
915 26.014442023723038 22.341325619081072 26.220745193144065 37 20 0 0.35947253949547764 10 1962 8 2128
918 18.387876324415782 -19.746955438876778 24.562999979282701 229 206 170 1.3204628727142911 10 2004 8 2179 9 2207 7 1766 13 1253
924 21.931859692504574 -14.887796779508102 21.44261980685614 179 168 140 1.5487788156977731 10 2033 8 2218 11 1237 12 1346 13 1042 14 807
925 20.833826250871599 -14.327271050827267 23.604134144944044 86 79 53 1.0876794092496727 10 2046 8 2229 9 1472 11 1929 12 888 13 673
926 20.694770895596736 -14.249056573234295 23.727519958499563 216 205 186 0.96735325381867054 10 1311 8 2230 9 1471 12 150 13 672
928 9.3927827412940363 -16.969093552531909 33.953939602947855 217 205 192 0.16334728168610868 10 2042 8 2234
931 2.528138987100748 -16.129953387215235 39.776464054906505 165 131 93 1.2327697187568718 10 2542 8 2246 9 2264 1 1911 2 1971 4 1678 3 1658
932 2.5154109608097017 -15.623843679976369 39.26558025739083 159 126 96 1.2868890108734135 10 2543 8 2251 7 1819 5 1780 4 1148 2 1296 6 1302 9 1508
933 17.837833162508964 -11.961424183520275 27.160816906479678 31 25 13 1.4860966409942689 10 1382 8 2253 9 1524 9 2268 7 2230 12 1684
934 17.229271993935402 -11.554137104745219 26.056517237219122 31 25 13 1.5327376123386196 10 1381 8 2254 9 1523 7 2231
935 8.2462692800283257 -12.338830631282793 34.106923937098919 53 57 56 0.55962068159845724 10 2088 8 2258 2 1985 4 1682
936 12.192585537263806 -11.472483646282859 32.279023932959049 68 59 41 1.3380495088575088 10 2092 8 2275 11 2403 2 2431 12 1687
941 3.0478941877783003 -11.174012107324875 41.733372170808451 44 29 16 0.79812372435944035 6 1358 10 2584 8 2295 9 2308 1 1944 2 2004
942 17.726851428609976 -8.3634334591684212 26.9752961918892 118 110 97 1.260502132556639 10 2122 8 2300 7 1858 11 1993 12 1384
943 17.642189613175631 -7.9184180481088049 26.866857673065681 106 99 79 0.94015860651276018 10 2123 8 2301 9 2317 7 2262 12 1385 13 1295
945 17.049392012688621 -6.1878394387814675 26.892379430414714 29 22 13 1.3372959211682449 10 2604 8 2313 11 2439 12 1393
946 16.956758389240861 -6.1640868839891407 26.723790541243396 29 22 13 1.4964247053827517 10 2605 8 2314 12 1394
947 18.186729645613408 -6.6586653482496425 27.927949514205693 117 112 92 1.3208356151881886 10 1471 8 2315 7 1880
950 13.271112533244377 -2.4531330161651153 28.856711803174981 60 57 50 0.64519046368428956 10 2175 8 2353 2 2521
951 18.432680043825489 -2.7019957818579443 26.431689497786529 25 18 2 1.0730474257780915 10 2166 8 2354 9 1691 7 1905 11 2048 12 1415 13 1077
952 18.432680043825489 -2.7019957818579443 26.431689497786529 25 18 2 1.0730474257780915 10 2165 8 2355 9 1692 7 1906 11 2049 12 1416 13 1076
955 17.208329530730495 -0.73303438002207488 26.952711674144879 35 35 25 1.5283110615258946 10 1593 8 2376 7 1433 13 1089
957 0.47537621809402886 0.26189094183191908 37.177664453903617 122 103 93 0.82164169186093239 6 2170 10 2215 8 2384 9 2379 7 1435 1 546 2 1550 5 1908 4 1820
958 0.068116976710161314 1.6334480065571384 43.091414789511632 185 180 176 1.3189934353984676 10 2231 8 2389 9 1759 8 548 2 576 4 505 4 2175 3 509 3 1789 3 2370
960 16.883659105598515 1.9375250381313911 27.107556984594471 39 42 33 1.1771368591527485 10 2224 8 2396 7 1961 13 1324
961 20.610190211661244 1.891434917914651 24.870581693852728 171 158 141 1.0873604731828244 10 2226 8 2397 12 1034 13 1321 14 992
962 20.685494090243687 1.890264536948342 24.978290811263765 171 158 141 0.97195650058188965 10 2225 8 2398 12 1033 14 993
963 22.82009663723338 1.9788307868611787 23.749409890103159 118 104 91 1.0711988276735129 10 2678 8 2400 9 1767 11 2096 14 585 15 934
964 8.6254099734382557 2.1375565299935593 32.14566377728606 17 13 4 1.2428081655362351 10 2234 8 2401 9 2395 7 2353 6 2599 1 2079 2 2564 5 2244 4 2186 3 2153
965 14.739799366753227 2.5207573892849209 28.683675635322466 48 45 38 0.90256676429332683 10 1644 8 2403 1 2085 11 2113
966 20.593277519909282 2.9630189780037388 25.215331826781487 175 129 93 0.86525743939016786 10 1654 8 2406 9 2402 11 2117 12 1062 14 836
968 22.28523583662772 3.7426176027882332 23.566031380750339 94 90 42 1.3902913577110543 10 1665 8 2416 11 1515 12 1065 13 797 14 852
972 14.468043633683376 5.0149813475870246 38.104978365195777 173 170 161 0.91060846587888145 6 1646 10 2267 8 2431 9 1843 7 1994 1 2109 2 2182 4 1867
973 18.055910043730226 3.7785923649655246 26.330518532281015 27 25 4 0.69049361519615537 10 2250 8 2432 9 2414 7 2390 10 2696 11 2128 12 1476 13 1351
974 18.074523996031605 3.7813516397908598 26.345646332785936 27 25 4 0.59644029704260804 10 2249 8 2433 9 2415 7 2391 11 2129 12 1477 13 1350
978 16.408373234207627 6.5178093253407523 40.405813869740996 168 164 161 0.98495604896723121 10 1707 7 2397 9 3073 6 2882 8 2846 1 2723 2 2850
979 16.912480540599791 5.1748026260172839 27.238903984709395 195 192 177 0.67626225355056879 10 2282 8 2445 9 2457 7 2018 11 2160 12 1524
980 17.425008231011542 4.9172838649012753 27.259962105651322 72 144 81 0.7753807798546295 10 2283 8 2446 9 2458 7 2402 12 1787 13 1373
981 17.950900190935876 4.7174649131028001 26.579734079687096 74 141 78 0.56330067208559009 10 1683 8 2447 11 651 12 1499
982 18.689211164709562 5.1223679281138619 26.533922775543452 153 136 119 0.65367375513140025 10 2286 8 2448 9 2829 7 2408 11 2801 12 1789 13 1361
983 20.93246864099374 4.6447792395606209 24.921044858922436 172 87 34 0.76913479846215871 10 2273 8 2450 9 2436 11 1562 12 1501 13 1141 14 889
984 21.209513576128732 4.6401120268433154 24.641988770259104 51 57 43 1.1749721483376265 10 2275 8 2451 11 1531 8 1833 12 1502 13 1142 14 871
985 21.377975094005972 4.6722136292235934 24.835495804256222 51 57 43 1.2282605060760754 10 2274 8 2452 12 1503 14 872
988 15.761583256055895 5.6239162592451368 27.894838698436448 111 101 85 0.66410749701263605 10 2303 8 2465 7 2017
989 18.887527361881798 5.550658369149609 26.263632682932659 53 52 41 1.2992782403484679 10 1714 8 2468 12 1526
990 20.376672611493145 5.9508242106893716 25.499729141610402 46 23 13 1.6365113776376869 10 2304 8 2471 11 2161 12 1527
991 20.898958919178451 6.1451162840354989 25.134536271443828 57 39 13 1.2427309363944354 10 2733 8 2472 9 2837 11 2549 13 1374 14 1045
994 21.550552093763937 6.3743181362542654 24.58780659082576 44 39 27 1.4322923142019093 10 2307 8 2482 9 1905 11 2183 12 1541 13 1176 14 1046
995 21.597444102465868 6.5857326442719639 24.329696480541433 53 50 37 2.1074447645411949 10 2308 8 2483 9 2482 12 1543 13 1177
996 21.880522084487509 6.6821012862334692 24.061155626158843 54 52 38 1.8479499583683612 10 2316 8 2486 9 2492 11 2185 12 1544
998 20.286955744613937 22.989827599993607 88.301768071361977 197 110 70 0.95200218628781608 10 2335 8 2501 9 1937 7 2032 11 2586 2 2222 5 1973 4 1908 3 1860
999 21.120641315442366 22.431003582581912 84.912920481558714 129 38 48 1.0556553152152648 10 2755 8 2503 9 2513 7 2033 11 2588 1 2493 2 2614 5 2296 4 2241 3 2206
1000 21.120641315442366 22.431003582581912 84.912920481558714 129 38 48 1.0556553152152648 10 2756 8 2504 9 2512 7 2034 11 2589 1 2492 2 2615 5 2295 4 2240 3 2205
1004 20.720723756517504 21.416939485488818 78.143904494988547 42 15 29 1.0343447118670628 10 2337 8 2512 9 2517 7 2035 11 2591 1 2154 4 2242 3 2208
1012 15.322216339101359 15.138483361080022 36.015536353877366 159 150 135 1.4450519671569566 10 2381 8 2549 11 2246
1013 20.536520200038932 27.914907620905083 65.940428975727002 31 28 29 1.7056468929683188 10 2398 8 2556 11 2257 1 2200 12 1840 4 1951
1020 17.599214934973467 20.250292180897492 28.719333721570258 59 105 66 1.1020953661371191 10 2441 7 2165 11 1784 1 2255 12 1626 13 1241
1021 25.294788702001323 22.131740766309733 25.802667536960698 53 42 17 0.56350295020398811 10 1963 8 2634
1026 22.527312944919732 -16.729052903209539 20.915030660380825 165 157 136 2.4840337305445703 10 2502 8 2664 9 2221 8 1389 13 1267 14 1085 12 1664
1027 4.2529806026248647 -22.695162840373122 36.37013983544292 30 16 0 1.1385281839827814 10 2844 8 2666 1 2287 6 1966 7 1776 9 2215 8 2192 2 1941 2 2378 5 1759 4 1644 3 1637
1028 20.410613376099583 -17.037822716925387 22.673709189116948 167 150 121 1.1834055650498143 10 2500 8 2668 11 1890 13 1020
1029 20.971336489878304 -16.232421958668219 22.047487643553122 168 154 127 1.6260801254022941 10 2505 8 2670 11 1909 12 1337
1030 11.290286134779638 -16.487217109115427 32.297710567334299 215 211 200 0.18809681040067236 10 2520 8 2678
1031 21.946676973781134 -13.178251256322724 22.426285287802447 214 209 189 0.86817744383155027 10 2867 8 2679 11 1942 13 1526
1033 7.8426873497732128 -17.259996466880114 38.868789409474694 105 105 105 0.72832785713518489 10 2533 8 2685 9 2680 2 2400 5 2396 4 2343 3 2009
1034 7.842687349773219 -17.259996466880132 38.868789409474736 105 105 105 0.7283278571351951 10 2534 8 2686 9 2681 2 2399 4 2344 5 2397 3 2008
1035 9.5652323505242496 -15.87162888064536 35.333015144065811 6 7 3 1.0194275742991494 6 2416 10 2869 8 2687 7 2549 11 2692 1 2304 2 2724
1037 17.906008006453199 -12.896901428720113 26.663401436971757 35 30 10 1.0317932566240986 10 2066 8 2691 9 2260 7 2220 12 1362 13 1288
1038 1.7884163525444994 -16.40272563269524 39.175259678988532 47 29 19 2.2800593933914075 10 2531 8 2692 7 2222 1 2306 2 2410 5 2103 4 2056 3 2018
1040 16.239409114934265 -12.727046598678209 29.513201168464274 42 39 32 0.99998260256419069 10 2875 8 2702 9 2993
1041 10.117837935131217 -12.953782973151435 33.967841164653841 86 87 82 0.5117240225971732 10 2560 8 2705 1 2317 2 2733
1042 10.590284406225155 -12.401885591941094 32.310096680568279 85 86 81 0.39524422216661376 10 2880 8 2707 7 2554
1045 9.8612453932373327 -12.197135200903878 34.336254054381932 59 60 55 1.1296688354378843 10 2568 8 2710 11 2708 1 2625 6 2443 9 2699 2 2737 5 2410 4 2063 3 2310
1046 11.471465168866022 -12.006303450997688 34.135035649817134 33 34 29 1.1254554315564331 10 2882 8 2713 11 2709
1051 9.8187413200606795 -10.446557051719505 33.319306698773381 83 85 80 0.57579288221484692 10 2890 8 2724 11 2905
1053 14.441261620241455 -6.7929075072018383 30.69234987794416 20 17 10 0.76332328314508413 6 2799 10 2602 8 2756 11 2437 1 2358 12 1917
1054 6.9327641250637155 -7.0871937699829024 37.862100823123228 101 84 82 0.81136115846602563 10 2606 8 2759 9 2748 7 2285 1 2367 2 2482 5 2171 4 2112
1055 6.9327641250637155 -7.0871937699829024 37.862100823123228 101 84 82 0.81136115846602563 10 2607 8 2760 9 2747 7 2284 1 2368 2 2481 5 2172 4 2111
1056 9.0299968998530122 -5.9826069828857413 33.6930042784129 35 36 31 0.73947677794917177 6 2503 10 2611 8 2764 9 2755 7 2287 11 2747 1 2371 5 2435 3 2332
1058 10.161434963719968 -5.2687039735587256 30.945109977241348 77 78 73 0.93127918862585568 10 2613 8 2766 9 2757
1059 17.819107140617241 -5.1136627651039488 26.867912433227122 16 10 0 1.2430179145226536 10 2619 8 2774 9 2760 7 2289 11 2447 12 1713 13 1443
1060 18.454706709635651 -4.5363920471264603 26.460164318338876 34 21 2 1.1989863989752896 10 2620 8 2775 9 2761 7 2302 11 2459 12 1722 13 1444
1065 16.889083215755921 -1.1552125568740705 27.324290319299383 141 148 140 0.74930350126098366 10 2642 8 2801 9 2788 7 2594 12 1937
1067 17.303813308274066 -0.0091883220865572792 26.97553329202465 88 94 84 0.71119949168119379 10 2657 8 2805 9 2791 11 2487 12 1734 13 1455
1068 15.191095093742279 0.67289523116255867 28.381911220721694 54 51 46 0.64452524705637937 10 2665 8 2811 9 2796 11 2502 12 1951
1071 20.659489763103032 1.6645123549789138 25.199467836826997 39 26 9 0.78547005726924091 10 2668 8 2821 9 2798 14 991
1072 -0.7191837147674528 2.7947709250960164 46.561037784427072 146 146 136 1.279692003067413 6 2596 10 2688 8 2822 9 2803 6 2192 7 2350 1 2077 5 2232 4 2183 3 2150
1073 -0.71918371476745557 2.7947709250960235 46.561037784427214 146 146 136 1.2796920030674106 6 2191 10 2687 8 2823 9 2802 7 2351 6 2595 1 2076 5 2231 4 2184 3 2149
1075 4.3033233701949118 4.8200132781743701 45.140157198609316 101 88 124 1.2678839192353972 10 2954 8 2836 9 2421 1 2707 2 2568 4 2200 3 2162
1078 18.75566358488356 5.2541934126455283 26.121572604949609 50 35 24 0.79949172106477528 10 2722 8 2851 9 2830 7 2654 11 2811 12 1979 13 1485
1080 20.655381876592514 5.7747103526693762 25.425339767182326 92 72 59 1.1005509935942406 10 2962 8 2860 9 3077 11 2548 12 1982 13 1571 14 1199
1081 22.049728965701046 5.9976290945488984 24.897983912482292 36 30 20 1.1614851417197414 10 2305 8 2861 9 2838 11 2550 12 1791 13 1362 14 1041
1083 13.590687031185125 8.1410678246413575 37.773710113833481 134 130 127 1.1299537259270802 6 2639 10 3164 8 2864 9 2843 7 2413 11 3100 1 2730 2 2853 5 2281 12 2205 4 2224 3 1840
1085 17.930633510829278 8.3721584872328538 27.346090517153634 187 169 152 1.1999226051336254 10 2977 8 2875 12 1995
1086 25.119242370671454 8.5951729076813486 24.188862061091164 111 78 57 2.0470507598129064 10 2975 11 2200 9 2506 12 550 8 2876
1088 16.567270828689097 12.095088566671603 37.367753343848435 182 173 158 1.240620328261927 10 2982 8 2888 7 2445 6 2290 11 2584 2 2633 5 2540 12 1823
1089 15.65754933399913 11.491349385389457 35.210074600739468 182 173 158 0.58139928685671882 10 2983 8 2889 2 2634
1096 19.175560231767999 18.896653877874716 29.143362135587981 67 89 71 1.813311225908844 10 2805 8 2927 9 2920 7 2718 11 2627 12 1849 13 1412
1097 18.175416686166677 19.671010911814527 28.395525325789112 35 100 54 1.4327647285174394 10 3035 7 2722 12 2138 13 1506
1099 20.98629185996819 22.115422934593777 27.48004826546703 104 96 75 1.5712056229068918 10 3045 8 2949 9 2944 12 2025
1100 2.7888227069252429 -24.08855455120317 36.568584071886917 222 211 204 1.5520329652723139 6 2734 10 3056 8 2965 9 2965 7 2532 1 2583 2 2702 5 2377 4 2320 3 2278
1102 20.38424119126373 -17.736110858515087 22.89197599516185 217 157 15 1.10517536439106 10 2846 8 2968 9 2968 12 1890 13 1430
1103 20.591080915501252 -17.466287102281495 22.620672148983569 213 150 37 1.4759215300689714 10 2847 8 2969 11 2360 13 1431 12 1657
1104 3.557817226013789 -23.315345669989878 36.863271067517424 94 65 51 2.0963067687697765 10 2843 8 2971 1 2585 2 2705 3 2281
1105 21.840192292084133 -14.730267778784933 21.812875994452462 182 172 149 0.91936275927752287 10 2518 8 2981 9 2663 13 1438 14 1089
1106 9.1256346252901519 -18.120688144888376 33.93363818554954 60 48 43 0.21553545517993078 10 2854 8 2982 9 2977
1107 11.701516529694215 -17.476977793450267 33.588875000441803 203 199 188 1.0711703952563925 6 2411 10 2858 8 2986 7 2541 11 2678 5 2091
1108 20.279319365413571 -14.163475828252038 24.26484616095096 184 173 151 0.84715811422911536 10 2529 8 2990 11 2375 12 1678 13 1285
1110 9.4928921125150403 -17.1258028569267 35.554986550764781 63 64 53 0.95975206410580871 6 2759 10 3069 8 2995 9 3174
1113 13.146207207858756 -15.593154254058966 31.700946200862511 80 74 53 1.5109188275065009 6 2982 10 3073 8 2999 9 2987
1114 9.6093403813585319 -14.301545127011465 34.537083733814491 92 93 88 1.0423150308612481 6 2765 10 3077 8 3005 7 2747 5 2593 4 2510 4 2650 3 2472
1115 17.935115095439972 -11.880137704467701 26.154695129708809 185 180 160 0.59681862111385398 10 3078 8 3006 9 2994 7 2745 11 2894 12 2044 13 1595 12 2161
1123 17.550146045770045 -2.5951901231682331 26.638418114305118 25 11 9 0.82998153700630439 10 2639 8 3039 9 3034 7 2591 11 2464 12 1930 13 1450
1124 10.837444608710008 -2.6770779638226432 32.335681941531199 19 20 15 1.1717137336877357 10 2924 8 3043 12 1931
1125 10.284425774351671 -1.1138630619882806 29.354805965479645 62 63 58 1.0967827444700098 10 3115 8 3047 9 3202 2 2980 3 2637
1126 15.940778709906795 -1.318920383602538 28.115330867511645 69 63 59 0.75952110326496347 10 2929 8 3048 9 3037 7 2593 11 2770 1 2845 12 2069
1127 17.759217200696892 -0.60926260131200449 26.507856812884025 177 172 152 1.5584845723997203 10 2930 8 3049 9 3204 8 3239 7 2784 11 2930 12 2073 13 1534
1128 17.492886726150683 -0.076425414436269268 26.691969452082667 20 16 8 0.72637714104923601 10 2934 8 3051 9 3046 7 2603 11 2773 12 1943 13 1535
1130 16.767377022274815 2.2582096343660165 27.000310327535594 20 20 12 0.56443073471248484 10 2945 8 3060 9 3060 7 2618 11 2782 12 2080 13 1609
1131 -1.3614257067191717 3.1352000232456203 48.502113760535764 45 10 1 1.462370133301865 10 2946 8 3064 9 2808 7 2360 2 2561 4 2182 3 2148
1135 17.648436448717895 4.1710561381541114 26.648950296857837 148 151 123 0.84300456661293699 10 2953 8 3072 7 2635 12 1967 13 1471
1137 17.609228400509473 5.1106753501135387 27.12719730094183 29 100 40 0.68725560449476653 10 2960 8 3078 9 3076 7 2647 11 2810 12 1978 13 1569
1138 20.797818956071364 5.3112092719702719 26.98217636741462 45 21 6 0.79725568700587879 10 2724 8 3079 7 2656
1143 14.687927843024003 6.4200027905102388 29.564102201863115 193 185 166 1.0570098400473376 6 3060 10 2972 8 3094 7 2658 1 2887 12 2112
1147 20.749058039331612 23.845871925586984 88.51625534621688 122 56 49 1.2832085888681579 10 3171 8 3106 9 3092 7 2672 11 2986 2 3027 5 2534 5 2674 4 2455 3 2406
1159 20.129336550916264 16.960026011449859 26.024895155522991 9 9 2 1.748578851796404 10 3014 8 3149 9 2914 14 1151
1161 20.813556440018495 17.59922332007903 26.623078369316723 76 100 67 2.136167841743152 10 3015 8 3156 9 2915 11 2855 12 2127 14 1210
1162 21.51568449816132 17.978984347966009 27.103966251596415 55 31 7 1.4044382762044234 10 2413 8 3157 9 2916 11 2621 12 1593 13 1212
1163 21.506476465698693 19.688912394846021 25.894119496939403 102 95 72 1.3871566855985105 10 3217 8 3168 9 3292 11 3007 14 1212
1164 20.777667125839187 20.513613910857952 26.895261080381122 86 77 54 1.6893011295971982 10 2824 8 3171 9 2941 11 2866 13 1233 14 761
1168 20.327256430835373 -16.725424423500506 22.759805747724034 223 213 202 1.1874958991327578 10 3065 8 3186 9 3161 12 2154 8 3458 9 3304 13 1515
1170 6.5025097612434308 -18.456082902757206 37.325233222644101 95 81 72 1.0050012674706417 6 2974 10 3245 8 3191 9 3168 7 2734 1 2804 2 3093 5 2735 4 2640 3 2597
1171 7.9045836469332151 -19.155975424501591 38.94584299508076 221 208 191 0.71574604292440414 10 3068 8 3192 9 3169 7 2736 1 2805 6 2975 2 2937 2 3094 6 3131 5 2586 4 2501 3 2598
1173 9.8597895658477146 -17.256554495521531 35.319106598690212 222 206 183 1.2069822975785136 6 2977 10 3070 8 3195 9 3171 7 2738 11 2887 1 2807 2 2938 5 2587 4 2502 3 2464
1174 8.3178876924534304 -14.786346509522138 34.280565101416144 60 65 61 0.72185378488551066 10 3076 8 3199 9 3175 1 2957 2 3100
1175 17.998013660794538 -11.660588543760351 26.692025370503561 15 11 1 0.80352407251925573 10 3082 8 3201 9 3181 7 2748 11 2898 12 2045 13 1527
1178 9.2560149014094222 -7.6587032768824077 34.577739618784776 12 14 9 1.0022569340657423 10 3095 8 3213 11 3043
1183 13.884802771031955 -0.86919263648652201 29.855195254707603 20 17 10 0.73146112291356902 10 3117 8 3235 12 2177
1184 10.678324364791935 -0.66984086888695704 31.955577562134241 17 18 13 0.99298978690447026 6 3023 10 3119 8 3240 9 3039 7 2781 11 2927 1 2848 2 2979 5 2630 12 2181 3 2505
1185 14.928109422146774 0.99723023843708758 28.502282522354569 15 12 5 0.55740562710923303 10 3121 8 3243 9 3050 7 2912 11 2940 1 2980 12 2185 11 3074
1186 14.829910422787192 0.99322734168804661 28.319147757037967 15 12 5 0.49152769446341082 10 3122 8 3244 11 3075
1187 21.964781683095694 1.3346383339405137 23.692227137529084 35 23 12 1.3506795214306242 10 3123 8 3245 9 3213 11 2775 12 1946 13 1536 14 1169
1188 22.263300947080136 1.3372473872269093 24.081967147456254 35 23 12 0.85806091306930299 10 3124 8 3246 9 3212 14 1170
1190 20.497058639621311 2.2204720513452401 25.00352589464736 27 30 18 0.95191696225709155 10 3129 8 3253 9 3215 11 2783 12 2081 13 1540 14 1173
1191 20.497058639621311 2.2204720513452401 25.00352589464736 27 30 18 0.95191696225709155 10 3130 8 3254 9 3216 11 2784 12 2082 13 1541 14 1174
1192 19.915472629091344 2.7293571655067814 24.882524406711426 91 85 63 0.89052882005506795 10 3135 8 3255 9 3223 11 2785 12 1957 13 1546
1193 16.887549361310604 3.3607253086318454 26.698828424222491 45 43 31 0.98235476186601978 10 2948 8 3258 9 3226 12 1960 13 1554
1196 21.162903001460933 4.283367505695761 24.559881418077648 22 26 8 0.84497635797501347 10 3143 8 3263 9 3231 11 2945 12 2088 14 1238
1197 22.004032843245167 3.9838244217705343 23.643876403220823 125 117 81 1.4606440385900681 10 3140 8 3264 11 2798 12 1962 9 2810 13 1337 14 1108
1198 24.243700169544354 4.4814067953392307 22.621043681068436 148 136 114 1.4859137591869136 10 3144 8 3265 9 3233 12 1963 13 1463 14 1109 15 1342 16 1549
1199 13.904966193920439 5.3591993304090124 36.628287508901401 183 180 171 0.71671627683617634 6 3042 10 3147 8 3267 9 3229 7 2804 1 2993 6 3178 7 2925 2 3155 5 2653
1201 16.689367216832483 4.505431725419168 27.336092624659798 133 124 117 0.87350892429220883 10 3142 8 3270 9 3230 11 2950 12 2093 13 1563
1206 15.774517586895113 6.8249447821353666 34.154294932539855 28 29 18 1.0344074313055771 10 3305 8 3281 9 3362 6 3188 11 3167 1 3005 2 3161 12 2341
1207 19.482065496133632 5.7109769248870386 25.524330182037659 59 56 49 1.3728454396148906 10 3155 8 3282 9 3247 7 2819 11 2812 12 1981 13 1570
1209 18.234998426132847 6.5459496100014416 27.012207897169926 107 70 41 0.79857793807437583 10 3165 8 3287 9 3245 7 2931 10 3309 11 2972 12 2107 13 1626
1214 20.535817664797026 26.180462626654172 66.119126120199255 213 209 147 1.0018269545517515 10 3330 8 3304 9 3392 11 3109 1 3030 2 3182 5 2816 12 2292 4 2725 3 2677
1216 15.836624408647063 16.04834033494927 36.663324802372649 154 145 128 1.7111842147747442 6 3091 10 3184 8 3311 9 3115 7 2691 11 2844 1 2917 2 3044 5 2695 12 1835 12 2216 10 2383
1218 16.137674844755718 20.157788059279852 37.371908201719549 139 149 135 1.6004303573150629 10 3338 8 3319 9 3281 7 2853 11 3114 2 3196 1 3038 12 2296
1220 16.488976143863418 43.630903574864348 82.31462500561166 127 139 216 1.5048529586468249 6 3105 10 3346 8 3322 9 3289 7 2958 6 3226 11 3126 1 2928 2 3060 5 2715 3 2686
1221 20.059263918449677 18.595275646243447 29.257817061900671 27 27 28 1.5118852916967118 10 3202 8 3324 9 3403 7 2714 11 2999 12 2130 13 1631
1224 2.1663821669013821 -25.260526821702925 36.899350411330531 97 66 45 1.8680124689660424 10 3352 8 3344 9 3300 7 2879 1 2949 2 3085
1227 7.1487010167405023 -19.101116184302104 37.834525774331084 43 29 20 1.0739514569528561 10 3246 8 3355 1 2952 5 2736
1230 18.406983076608455 -11.200650929868063 26.69415132146494 185 180 149 2.2172534028495554 10 3258 8 3361 9 3182 7 2750 11 2899 12 2162 13 1646
1231 18.010001451619637 -5.0144492989443794 26.407472901032012 184 176 155 1.4481074284607836 10 3271 8 3368 9 3442 7 2900 9 3194 8 3218 11 3051 12 2168 13 1649
1232 17.866482155023888 -4.687475542928242 28.095171728031605 94 69 69 0.848178705269097 10 3270 8 3370 9 3327 7 2902 11 3060
1237 20.02252681737205 2.2254001220559987 25.305921300750931 180 164 144 1.0649464885445561 10 3290 8 3383 9 3345 11 3078 13 1608
1240 17.315157350010697 3.7885133330641678 26.813714949029936 13 11 1 0.86163341155783968 10 3390 8 3390 9 3467 7 3011 11 3161 12 2268 13 1667
1241 20.684506619981907 4.5221387822149222 25.159448864790324 154 120 131 0.79167453214011407 10 3298 8 3392 9 3353 11 3084 12 2192 13 1615 14 1287
1243 20.722902668206878 5.2750670063787535 25.112992370096382 52 19 8 0.91222299032541698 10 3300 8 3395 9 3358 11 3086 12 2193 14 1292
1245 23.021669737779654 6.1841475711598246 25.271020198472733 34 31 26 1.1127241794519915 8 3399 11 3089 13 1622 14 1248
1248 19.980855916430365 6.8306332046871043 26.121984471648652 106 67 47 1.0665876303072679 10 3310 8 3406 9 3370 7 2937 11 3095
1250 21.499025598192013 17.41106207347309 78.42375881850613 218 187 183 1.1606735185170216 6 3189 10 3316 8 3412 9 3378 7 2935 11 3179 1 3010 2 3162 5 2793 4 2809 3 2658
1251 16.362597002886492 10.437922264129057 38.069633613093465 185 176 161 1.337626188395729 10 3169 8 3414 9 3381 11 3104 1 3013 2 3270 5 2891 12 2207
1259 20.772333807116869 19.13454513150646 25.866294110071895 92 85 67 1.7673335566109383 10 3345 8 3437 9 3412 11 3118 12 2225 13 1632 14 1256
1261 20.851469084195575 21.576899395176774 26.967871707531231 100 90 64 0.8569858096950288 8 3444 9 3494 11 3122 12 2306 13 1693
1262 26.340190544917288 22.779041201991344 26.692248976375446 48 34 9 0.34384774803708601 10 3349 8 3446 9 3418
1264 13.438854966133718 -15.400468346260451 31.995465647951018 72 66 51 1.9564354969376705 6 3320 10 3364 8 3461 9 3433 7 3048 11 3135 1 3141 2 3303 5 2916 12 2325
1265 12.48454372484113 -12.388158401857517 31.731731742549311 216 201 172 0.95460127225908376 6 3261 10 3368 8 3464 9 3436 7 2989 11 3214 1 3075 2 3305 6 3322 5 2918 12 2328
1267 12.149551890342854 -7.7299848163196616 31.046927679648054 210 200 173 0.96844840268001753 10 3374 8 3468 9 3440 7 2993 11 3220 1 3077 2 3308 1 3145 6 3325 5 2923
1268 20.638984603852812 -5.0057073029348995 25.018450722596185 30 37 26 1.1472388305450087 10 3375 8 3471 9 3443 11 3052 12 2249 13 1647
1269 20.638984603852812 -5.0057073029348995 25.018450722596185 30 37 26 1.1472388305450087 10 3376 8 3472 9 3444 11 3053 12 2250 13 1648
1271 17.507649710903475 -1.0671984940109234 26.967750602250206 32 29 24 0.94116244395878912 10 3383 8 3485 7 3005 11 3150 12 2257 13 1709
1272 22.442838842377284 2.4055803292295352 23.287833899948122 87 80 51 1.3754250791820479 10 3388 8 3491 9 3465 11 3157 12 2266 13 1717 14 1277
1273 21.196679986027885 3.6838363320399563 24.554980490533609 150 144 120 1.0429531564078425 10 3392 8 3492 9 3469 11 3158 12 2186 13 1663 14 1282
1274 20.049057709547931 3.9146193311281561 25.217061949498493 165 46 32 0.82811014789989557 10 3391 8 3494 9 3468 11 3162 12 2270 13 1662
1275 22.831840128253795 3.8496329975594463 23.516084275184912 130 124 102 1.2350468474092415 10 3294 8 3495 9 3350 11 3081 12 2187 13 1610 14 1283 15 1438
1276 23.540026954059737 3.8763690741783057 22.869520244157343 146 135 114 1.4247081923015084 10 3393 8 3496 9 3470 11 3082 12 2188 13 1657 14 1284 15 1439
1278 21.210217731054509 5.9372577268023852 24.918916590493648 96 92 73 0.89546124756203194 10 3395 8 3499 9 3473 11 3242 12 2338 13 1723 14 1325
1279 23.786297030879229 6.0385070737899023 22.823264707892587 92 88 77 1.6206325168407976 10 3396 8 3500 9 3475 11 3164 12 2276 13 1672 14 1290 15 1444 16 1686
1283 15.501556800175358 8.7614022088551842 37.271113666296507 176 167 152 1.667117870629474 6 3353 10 3398 8 3504 7 3065 11 3246 1 3177 2 3330 12 2344
1289 17.199443128747024 19.241392352492348 29.745990723151092 62 119 66 1.3302402046288739 10 3411 7 3032 11 3193 1 3131 12 2301 13 1690
1290 20.97788863421129 18.647788442511004 26.474542243875735 57 28 12 1.4337991406626927 10 3412 8 3520 9 3543 11 3189 12 2295 13 1687 14 1304
1291 20.643142716540471 20.102431520557712 28.051258133722065 59 92 65 1.0808636178274063 10 3415 8 3521 9 3491 11 3194 12 2302 13 1688
1294 17.711314378694027 22.422840447278297 27.652211244650371 96 85 66 0.44716438733919145 10 3424 11 3196 12 2355
1296 19.239041287008384 -20.099096536076239 25.263369381182816 177 127 34 2.2672207812638496 10 3430 8 3528 9 3498 13 1695 12 2313 11 3203
1297 19.239041287008384 -20.099096536076239 25.263369381182816 177 127 34 2.2672207812638496 10 3431 8 3529 9 3499 13 1696 12 2314 11 3204
1298 20.076516336012599 -18.262990126787834 23.581783082129405 194 173 101 1.0051508698291567 10 3432 8 3530 9 3500 12 2316 13 1699
1299 20.076516336012599 -18.262990126787834 23.581783082129405 194 173 101 1.0051508698291567 10 3433 8 3531 9 3501 12 2317 13 1700
1300 21.036959673853318 -16.678799519280332 21.403631666491808 228 221 210 0.67203784561841795 10 3357 8 3532 9 3305
1301 20.829975781160762 -16.955805634913691 22.454217733119748 147 104 20 1.1045493923516099 10 3435 8 3533 9 3502 11 3207 12 2319 13 1702
1303 15.365772271211311 -15.280735282646541 30.228069825446681 200 190 178 0.96722787682035205 10 3439 8 3538 9 3505 7 3046 11 3212 1 3201 12 2362
1304 14.962700962614537 -7.7109619804236207 29.821680045830579 61 58 51 2.1620078409917243 10 3442 8 3540 11 3264 12 2401 1 3204
1306 14.754711611557237 -4.1379079001359971 29.754687508359314 65 62 55 1.6073386420358378 10 3444 8 3543 9 3509 7 3052 11 3225 1 3208 12 2370
1307 14.289141152360784 -3.513234314965108 28.727092490776315 63 60 53 0.59413890517175227 10 3447 8 3545 9 3510
1310 10.98208995505831 0.46753062888045938 28.108905136100997 206 194 167 1.9029624543323613 6 3338 10 3453 8 3550 9 3514 7 3053 1 3160 2 3363 6 3394 1 3218 5 2977
1311 16.669771936471427 1.5095024205575527 27.807232016526008 88 91 82 1.1274435789267223 10 3457 8 3554 9 3517 7 3110 12 2380 13 1761
1312 17.580259578633218 2.1454495174952024 27.611572349088359 52 44 35 0.35448871817881056 10 3458 8 3556 9 3518 7 3114
1315 20.051263326396487 5.2020857511760799 25.37182102925436 56 16 5 0.86652608281370325 10 3461 8 3560 9 3523 11 3240 12 2337 13 1741
1323 16.73064300632986 19.455831725060687 32.734007543021953 49 99 46 1.6440464073253978 10 3470 9 3541 7 3080 11 3295 1 3193
1325 18.905210707757764 19.85154998785114 28.672679360157634 3 12 36 1.291923307401035 10 3514 8 3583 7 3134 12 2395
1326 20.235863174045441 -14.40197708629028 23.79475970635616 165 154 126 0.71786524385170958 10 3482 8 3588 9 3549 11 3256 12 2361 13 1753
1327 3.0590854448072911 -16.168175357589458 40.386084272305958 145 113 92 1.3547956292987808 10 3483 8 3589 9 3550 2 3355 5 2965 4 2874 3 2825
1328 15.393334693584094 -10.10548624909204 30.576214722373464 53 50 43 1.7087787884692707 6 3377 10 3485 8 3591 9 3506 10 3440 7 3093 1 3203 11 3261
1329 19.798497735377072 -5.3600009026632875 25.952715271759409 198 190 167 1.6136987663922442 10 3489 8 3593 9 3553 11 3271 12 2368 13 1756
1330 9.9892338305213606 -4.2166898292191375 33.660980467262199 72 73 68 1.0257747573598806 10 3492 8 3595 11 3313 1 3254 2 3406 4 2911 3 2873
1331 17.174869883661792 -1.7980897651381045 26.89280187821505 37 35 23 1.3200324746023993 10 3531 8 3598 9 3557 7 3147 11 3273 12 2408
1332 16.018408965850202 -0.67332111470959921 28.230988857151015 64 75 66 0.52926286737467432 10 3497 8 3601 9 3559 7 3106 11 3279 12 2378
1335 23.390632746302717 5.9525001869022436 23.769542778374475 35 32 25 1.4231256975157669 10 3501 8 3607 9 3566 11 3288 12 2387 13 1742 14 1357 15 1523
1340 18.953642368385509 20.586693004350803 30.891933471267361 111 160 114 1.8744124849346742 10 3512 8 3618 9 3582 11 3296
1341 18.953642368385509 20.586693004350803 30.891933471267361 111 160 114 1.8744124849346742 10 3513 8 3619 9 3583 11 3297
1343 21.54550076495573 -15.744088069477506 20.843833377568181 176 114 18 1.7708825599647131 10 3521 8 3626 9 3589 11 3303 12 2399 13 1751
1345 19.615974935549318 -13.75675561036881 25.124783048153141 199 191 170 1.6101394442202159 10 3524 8 3631 9 3595 11 3306 13 1754
1346 19.320370040458208 -13.542893095490097 24.666497455060991 199 191 170 0.98042067015458623 10 3525 8 3632 9 3596
1347 7.9004788950955938 -8.9878005452828518 34.612566578477796 80 84 83 0.41058443349656354 10 3527 8 3635 9 3598 7 3143 1 3247 2 3440 5 3049 4 2934 3 2897
1348 15.525214669347125 0.77159664393009475 28.723480748434721 43 44 36 0.61652061189525142 10 3532 8 3638 9 3602 7 3171 11 3317 12 2425
1349 19.328843324413914 4.4679305130411135 26.004099632697297 173 153 129 0.97606905229359231 10 3538 8 3641 9 3604 7 3156 11 3287 12 2412 13 1764
1353 21.666700274836856 4.6533065321344482 24.518395688404592 43 49 37 1.0195033327580201 10 3539 8 3646 9 3605 11 3319 12 2413 13 1765 14 1356
1357 16.657563936908272 -3.6410444935530033 28.751101737108208 109 83 85 0.73937980667627279 10 3550 8 3664 9 3622 7 3184 12 2443
1362 20.843279629069212 19.586895409645095 28.464084712247331 58 89 105 1.1723772894442346 10 3558 8 3675 9 3632 11 3337 12 2435 13 1773
1366 17.499122678976786 13.850191234513224 28.710865515084368 169 156 139 1.8174480725423663 10 3571 8 3687 9 3647 7 3191 11 3343
1367 19.611099648199396 21.991549999721194 28.597976605758053 8 9 2 2.5123448566311692 10 3572 8 3689 9 3649 11 3348 12 2447
1368 19.394268932022328 -16.119905646874262 23.476218877201635 222 215 205 1.8484367374892803 10 3562 8 3693 9 3651 11 3339 12 2441
1369 18.848484652881723 2.9743677321942492 26.034583870198233 156 148 126 1.4191614519791902 10 3577 8 3694 9 3654 11 3351 12 2456 13 1788
1370 18.848484652881723 2.9743677321942492 26.034583870198233 156 148 126 1.4191614519791902 10 3578 8 3695 9 3655 11 3352 12 2457 13 1789
1371 16.063383539741995 16.229066221756991 28.485065629825019 26 27 22 1.7177613132454657 10 3583 7 3200 11 3356 12 2461
1372 7.0667621679124153 -7.1157290506454354 38.360901913240582 100 83 81 0.2415694621434501 10 3584 8 3697 9 3657
1373 16.048114785109721 7.1566880773448087 27.478874369124803 187 175 153 2.1311884213186438 10 3587 8 3701 11 3360
1374 16.048114785109721 7.1566880773448087 27.478874369124803 187 175 153 2.1311884213186438 10 3588 8 3702 11 3361
1379 19.139473251564013 -8.0199292179777171 24.214471453121959 200 192 169 1.5340401498879601 10 3591 8 3709 9 3671 11 3368 12 2471
1380 17.756473882842641 3.5305957408514805 33.166877614145093 43 40 33 1.1395386690198381 10 3592 8 3711 9 3666 7 3212 11 3365
1381 17.389681778924 3.4852863114598081 32.370077079125814 43 40 33 1.0335292667034643 10 3593 8 3712 7 3213
1382 20.192001569807154 5.4405549441699543 23.023596528493073 64 58 42 1.2145659125068184 10 3595 8 3713 9 3667 11 3366 12 2469 13 1796
1383 16.59916302466581 -11.987316388506205 30.697494805343919 32 29 22 0.67759256961779968 10 3600 8 3718 9 3674 7 3219
1384 16.59916302466581 -11.987316388506205 30.697494805343919 32 29 22 0.67759256961779968 10 3599 8 3719 9 3673 7 3218
1394 16.396032872930117 17.500865617293655 34.161304828270083 179 170 155 1.7013622944666027 10 3507 9 3609 8 3654 7 3160 11 3336 1 3271
1396 4.121986934805367 -24.263935304780595 37.94879881997656 73 48 28 1.399759201805189 6 19 10 1231 9 48 7 1154 2 1939 5 1066 3 12
1397 21.802680957193996 -14.755504538750476 21.983100791502494 209 203 185 0.26345668789306659 10 1296 9 154 12 140
1398 4.5260482827540081 -19.602934976269804 39.032716681793801 116 77 50 1.9974237981172362 10 1291 9 159 5 1095 2 84 4 1112
1399 20.375801306933447 -13.83179554473044 23.919621913674302 194 186 163 0.57671957266965246 10 207 9 193 11 240 13 116
1400 20.439084752403993 -13.854861105181399 23.995739393634313 194 186 163 0.37698605664063273 10 208 9 194 13 117
1401 24.466856937429011 -11.108551638800636 19.040096343596868 125 110 105 1.7717365626291497 10 262 9 217 11 272 12 186 13 683 14 546 15 125 16 149
1402 24.466856937429011 -11.108551638800636 19.040096343596868 125 110 105 1.7717365626291497 10 261 9 218 11 271 12 185 13 682 14 545 15 124 16 148
1403 2.2890484236966491 -17.446424982405844 40.512821265126206 44 21 15 1.4484452389203366 10 1324 9 219 7 1209 1 1292 2 1292 5 1130 4 1130 3 143
1405 17.63991033657544 -12.66327475656974 26.537244646969796 103 93 82 1.0783305365567324 10 258 9 247 7 1225 13 1048
1406 17.721877680353597 -12.707967138894739 26.673288947569954 103 93 82 1.0863073552199582 10 259 9 248 7 1224 12 903 13 1049
1407 9.7871734455380643 -12.069956351189722 32.95377020870685 97 98 93 1.1700167294860317 10 316 9 302 11 301 3 181
1409 7.2378234075520531 -8.7169199247595568 36.078179744418712 10 15 10 0.51792641373675874 10 1462 9 378 1 268
1410 8.6005091553486519 -8.0248697526636086 36.880622197436146 63 68 62 1.2387722851527432 10 396 9 397 7 1301 1 283 4 1726
1411 8.260915846602181 -6.5983616420827058 33.790239050524868 3 5 2 0.44464734780465309 10 1485 9 424 7 293 2 326 5 1240 3 1172
1412 15.812938590578216 -4.9358128924185056 28.966734674642844 194 176 174 0.57266523173036399 10 1498 9 445 11 1400 12 954
1413 16.050831402189406 -4.9787305579419741 28.970549611226676 190 172 165 0.91247767118266465 10 431 9 447 1 337
1414 20.489546254804274 -4.4048470687292243 24.677489662653102 184 173 151 1.3854996918222027 10 443 9 467 13 1068
1415 5.4871204058091809 -5.4402345825083991 39.442506016241751 102 69 38 0.63882273811350609 10 453 9 472 3 377
1416 16.166209493042427 -4.3433761936011317 28.48829493492584 69 43 44 0.81862227160974266 8 428 10 467 9 487 7 1362 11 1406 1 1422 12 960 6 1447
1418 17.826968086967778 -3.509151010844648 27.034903531247597 191 169 170 0.88295551068533273 10 480 9 496 11 473
1419 17.826968086967778 -3.509151010844648 27.034903531247597 191 169 170 0.88295551068533273 10 481 9 497 11 474
1420 8.288579392220349 -4.2210495463781665 47.850223435201485 180 141 128 1.5651063703407246 8 1629 10 2169 9 537 6 2108 7 1392 1 2016 2 2084 5 1865 4 370 4 1773 3 1736
1421 8.5785357549175458 -2.322887613794967 30.874863335540724 66 71 67 0.66860486293542654 10 1569 9 557 2 1504
1422 17.060174510435552 -0.60235652995091449 27.221411452583709 45 53 42 0.61475917897209276 10 533 9 574 11 528 12 311 13 212
1423 22.648594011907136 1.2490081407669529 24.3366759922611 20 6 1 1.086548143189999 8 546 10 1615 9 601 11 544
1424 13.620149285407187 1.9476278777044878 29.904791539719835 50 46 43 1.9392521417598143 6 1596 10 1641 9 615 7 1462 2 1595
1425 24.373827721216948 2.5667671450182712 19.935136434913968 161 149 125 0.64374578701204155 10 593 12 342 14 161 15 197 16 249 17 883
1426 16.632272890866339 3.581451629241061 36.642981972137449 12 7 4 1.3032917133406638 6 1626 8 663 10 2243 9 642 7 526 1 2094 2 1613 12 1472 11 1524
1427 20.306725949946419 2.5904991832561808 24.995402990400994 96 85 62 0.87818932409319694 10 618 9 648 11 584
1428 20.328460096884758 2.9724250881403447 25.201955968506837 112 84 63 0.98142201499224868 8 667 10 1653 9 650 7 574 11 1512 12 380 14 611
1430 15.696752506584536 4.8560246498954607 41.675184527954755 157 153 149 0.92406273440187914 10 666 9 692 11 1551 1 709
1431 15.304136853800566 4.7380451637575449 38.902848657934619 149 146 140 0.69012008199853625 6 688 10 667 9 693 7 569 1 743 2 697 5 568
1432 17.091245034221789 3.5797806808316279 26.616764628415609 73 70 56 0.52945903192808907 10 642 9 695 7 1514 11 614 12 397
1433 10.472679346057419 4.6801972209529668 41.077781870955917 104 101 94 1.2662767194550737 10 665 9 724 11 1581
1434 18.443650704810569 4.4659419519654167 29.815591440626786 8 3 1 0.66684845372121293 10 673 9 740 7 605
1435 21.601456650432851 4.2774645592948337 23.821516893597558 26 21 3 1.1650874970741403 10 681 9 753 11 622 12 407 14 873
1436 22.360437627033555 4.6702205028775925 23.950121091452552 80 86 69 0.63272497990839738 10 684 9 755 11 626 14 663 15 773
1437 22.316051138509934 4.9423664306948645 23.887021179647309 22 19 7 0.79979768997795375 10 1686 9 757 11 657 12 1109 8 2453 13 380 14 286
1438 19.814868785762506 4.8800742199912008 25.178876719493623 133 51 41 1.0126179620822693 10 716 9 818 7 1537 12 438
1439 23.600975071296414 5.22777321059678 22.864315060087534 79 73 59 1.0583293356304977 10 724 9 830 16 428
1441 15.082054401917498 7.598088042264842 39.809035805245088 170 166 163 1.264654465250685 6 774 10 1728 9 854 11 1632 1 1651 2 1666 8 1856 12 1561
1442 20.232401012672739 6.5918916539890926 26.775522647156908 18 13 0 0.52674173282313974 10 750 9 861 7 697 11 732
1445 19.938888890530201 24.306065447620554 88.5285321951919 70 53 64 1.080142714101775 10 1792 9 947 11 2229 6 1736 1 867 5 1555 4 1453 3 1415
1447 15.943986626305255 12.686546676040226 41.661266677583932 170 163 153 0.71007552123583639 10 830 9 952 7 756 11 1662 6 1744 2 1739 5 732 12 1177 4 768
1450 20.524566478291369 27.92060134546433 69.856929541216857 103 112 105 1.217697707617504 6 956 8 1975 10 916 9 1043 7 856 11 1710 1 1752 12 636 4 1513 3 1494
1452 14.093630207440246 15.638407299692243 38.561272738503135 222 223 224 1.4344696920780364 10 906 9 1046 11 855 1 971 2 945 5 800 12 615
1454 14.736762763519344 19.627679756327179 40.617013914763909 177 187 179 1.4782642955116272 10 950 9 1109 11 1730 6 2323 12 1226
1456 17.056702667136335 36.611653587121808 76.7506331614549 40 64 160 1.3163893760025367 10 1883 9 1132 7 916 11 2287 1 1771 4 1971 3 1925
1458 20.624107933564513 18.164760795695994 26.567497143077947 79 95 68 2.3345999998346816 10 1892 9 1203 7 1051 13 958
1459 14.149041177636093 48.767092652504012 91.313441090093036 153 182 254 2.0178080570146806 10 1931 9 1214 11 2647 5 964 4 976
1460 18.44812890211394 19.88048784436063 29.320853041152201 46 104 47 1.7952113189203138 10 1068 9 1230 7 1067 11 2295
1463 19.743425194985697 19.159065430596609 26.624238206557067 119 147 138 1.8238009939525976 10 1075 7 1106 13 551
1466 21.471923753437903 21.549712651424734 28.883156140239716 50 65 110 1.3724225075848329 10 1942 9 1306 11 1006
1467 19.79262504153942 23.715200515102335 31.908812390135317 1 23 5 0.91148476681616708 9 1324 11 1803
1468 19.763848150367796 25.957883232425317 32.317254233154408 113 104 88 2.2403369289233024 9 1374 11 1830 8 1333
1469 19.698954477831517 -18.194648639229936 23.373962011296982 178 174 115 0.79188791359259481 10 62 9 1427 11 1186
1470 20.873116952422048 -17.288607997940591 22.335149897772123 152 120 33 1.6291258828229946 8 2188 10 1258 9 1441 12 858 11 1195 13 637
1471 21.658689146686697 -16.252002003489338 21.804641095567135 168 123 55 1.394669009892886 10 1272 9 1450 11 1215 12 869 13 78 14 525
1472 21.765447580698115 -16.080831833385545 21.874449835476298 201 177 144 1.2749230059132459 10 1273 9 1452 12 113 14 526
1474 20.196107817708238 -13.840398562973585 24.520632038297819 197 189 166 0.70902167240698888 10 204 9 1482 11 237 13 677
1475 10.598346032501 -15.958623374472237 32.96225552986435 206 198 177 1.153276237415974 10 1317 9 1486 5 1109
1476 2.311177630599079 -17.087368144042632 40.356782110785552 51 24 17 1.4979605644437797 10 2051 9 1494 1 1293 7 1211 2 142 3 144 6 142 8 187 5 115
1477 2.820196041255171 -16.798376341623587 40.043197701258258 58 30 12 1.6344529579734794 10 1326 9 1495 4 1141 1 1297 2 1970 6 1294
1478 9.2074169427898234 -15.750378793482321 35.321762485900081 99 99 99 1.0969861205893123 6 1287 10 1331 9 1499 8 199 11 1266 1 1285 5 105 4 1672 3 1071
1479 11.680716970977386 -14.887909823753667 33.720901252138702 89 90 85 1.0539940719838248 6 1289 10 1352 9 1504 8 1469 11 1282 2 1962 5 1778
1480 24.497016455691046 -10.671647521809067 19.129198577543786 154 144 136 1.8709259662906415 10 1357 9 1506 11 294 12 196 13 689 14 549 16 738
1481 12.687648494789835 -14.483403732061594 32.766175362454987 202 193 175 0.718221365718132 10 1353 9 1514 11 1943
1482 12.558223319595831 -13.822327330294245 31.077827479704766 187 178 162 0.42282832990679814 8 1472 10 1355 9 1515
1483 18.237849766148287 -11.554613075538105 26.699695991261546 187 178 161 0.70515446599677556 10 299 9 1535 7 1232 11 1306 12 912 13 1055
1484 17.846804172525715 -4.4588853769331989 26.216124531863169 30 16 3 0.9157590910340101 10 1501 9 1641 11 1409 12 1407
1485 18.602443965092927 -3.2831681008026177 27.308782227596257 76 57 53 0.88973387901991052 10 1547 9 1688 7 1389 8 462 11 1431
1486 9.7280193475680576 -3.6444582636464773 47.240851365592384 150 95 67 1.036637143709334 10 1567 9 1698 7 1398 2 1502
1487 0.82833261384952039 -2.2490796362482066 37.789191108278764 162 123 93 0.95914845715496055 10 1573 9 1710 2 1516 1 1523 5 1345 4 1282 8 1659 7 1920 3 1251
1488 13.75574220334471 1.0462667383588355 30.162716425988179 62 59 52 0.68354943282014746 10 557 9 1748 1 579
1489 15.864869742678094 1.0313660383344792 28.161183441193909 47 48 41 1.1256107850934942 8 1698 10 1611 9 1756 7 1451 13 1100
1490 24.913706139089044 1.6003161414693485 20.260655106713603 241 234 216 1.1658944988678193 10 565 9 1758 14 150 15 172 16 215 17 227
1491 8.5745145865008059 1.7903681140885848 33.293217800907776 7 5 6 0.32658860418073876 10 2232 9 1763 2 1577 4 1329
1492 15.889402676020836 2.2054128721525972 27.298483282682838 47 47 39 1.0759942623651175 10 1646 9 1764 7 1971
1493 24.903968024343346 2.0437639461458157 20.627223062152019 37 31 17 1.1506565928461119 10 589 9 1768 12 340 13 262 15 673 16 788 17 880
1494 4.6682723283990279 2.9917636714517784 40.546063724445183 130 111 116 0.88230375652602844 8 2413 10 1658 9 1777 6 2193 7 1968 2 627 5 1419 4 1341
1495 8.0351501355557033 1.8351429817574518 30.5621214863388 50 46 41 1.015398190457665 6 2194 10 604 9 1779 7 1459 1 1580 2 1579
1496 16.732608756667833 5.8268221378210372 39.243858113529534 108 105 100 0.82267600020419274 10 1708 9 1844 7 1512 11 691 1 1642 2 2199 5 1487
1497 20.438424148960809 4.3140707343428506 23.67305997655431 9 10 4 1.6773791033068284 10 677 9 1848 12 403
1498 14.822891906893926 6.5587548033406238 38.40408109004747 157 153 152 1.1007181029848869 10 2301 9 1873 11 2173 1 2119
1499 13.971607627517004 5.520487760617959 29.787289205940478 151 146 142 0.61034957260914424 10 2302 9 1876 11 2175 12 1801
1500 15.051169902857167 5.4888322233573321 29.086404158271968 132 124 114 0.64303927057944044 10 1731 9 1877 11 1587 12 1534
1501 23.103379408233931 5.1125138807188026 23.234705553327192 96 94 82 1.2280141234026756 10 1716 9 1889 11 1567 12 451 8 791 13 382 14 664 15 377
1502 23.004235188921619 8.1494166951723752 21.780582078316964 14 1 0 1.4545308455056061 10 1775 14 731
1505 13.241230086706159 14.610769684685536 35.465593532961478 140 138 134 1.207807707873362 10 1843 9 2013 2 2267 5 2014 4 1517
1506 25.553126197967522 13.228997336044701 24.970015402915731 133 102 74 0.68338976386290828 10 1837 9 2014
1508 18.583808300623438 19.349800930616318 29.666239730683532 88 127 88 1.9560141836427749 8 2601 10 1905 9 2080 12 669 13 1224
1509 15.844717004082932 18.716692053805563 29.859369057521299 80 103 74 1.859545451630821 10 1904 11 968 12 691 13 1237
1510 20.905061231629126 20.173867115972442 28.350567303324915 48 80 68 1.121594050446528 10 1921 9 2100 12 1243
1512 2.7363888907689398 -17.596625230306376 39.615622852219573 99 61 35 1.3549385045405453 10 2523 7 1201 1 1898 5 1118
1513 17.57645541661315 -12.678815637570294 26.114446779391486 41 32 15 0.92173088358818678 10 2067 9 2261 7 2221
1514 8.4101378969391103 -11.542609485158598 33.445866514640365 81 86 80 0.384992986425576 10 2089 9 2290 7 1246 5 1793 4 2071
1515 9.1064941396778103 -10.239357600115268 32.748637646033387 87 92 86 0.32881349103398833 10 2105 9 2304 7 1848
1516 6.9980862691304466 -8.8259205290527234 38.171140796494868 114 101 95 1.1572492357832689 8 2304 10 2127 9 2320 7 1289 6 1385 1 1957 2 2020 5 1824 3 1692
1517 2.8351919616345151 -6.827028601732775 39.946061226156715 101 84 75 0.99700181967602419 10 2146 9 2335 4 1741 5 1837 8 2325 1 1977 7 1886 6 1408 3 1706
1518 11.183204952421507 -2.438743364995474 29.302087159831654 192 187 168 0.63528883902007727 10 2174 9 2354 7 1913 1 2031 5 1882
1519 10.269409886856414 -3.4697891653769228 48.185698867107519 136 111 64 1.3792993467349326 10 2184 9 2361 7 1399 2 2100 5 1879 3 1240
1521 2.5439980052563955 -1.3056176058239455 38.660071138188499 109 75 50 0.99015285956026111 10 2653 9 2364 2 2129 3 2117
1522 15.367631461435302 -0.77582665359637448 28.569769791960482 82 89 81 0.75852512154886464 6 2565 8 2375 10 1590 9 2370 7 1940 11 2486 1 2426 12 1733
1523 17.880500497559055 3.8826578281200659 26.809497607668199 32 26 5 0.5635961208024507 10 2247 9 2412 7 1999 11 2130 13 1348
1524 17.880500497559055 3.8826578281200659 26.809497607668199 32 26 5 0.5635961208024507 10 2248 9 2413 7 1998 11 2131 13 1349
1525 22.959558856518335 3.8209097458145314 23.337942027570325 138 131 105 1.0308712330026268 10 2255 9 2419 14 854 15 1138
1526 9.3395304694965873 4.5526783927881249 36.129463409429533 108 105 103 0.62352867336666618 10 2956 9 2426 3 2172
1527 14.218354108282266 3.9467971375007931 26.246699961315343 65 61 57 0.99428137993005061 10 2271 9 2432 1 2469 12 1773 11 2145
1528 17.465694312811266 4.3951780543184888 26.228355235871501 90 122 74 1.5906974438215868 10 1682 9 2433 11 1558 12 1498 13 886 8 723 9 743
1529 18.505863622335973 5.3142656671919299 26.465278432392154 54 47 28 0.40082806758403094 10 2288 9 2459 13 1174
1530 21.788258485539387 5.6552046502533813 24.556945099333973 86 82 71 1.2057145661895434 8 2474 10 2290 9 2460 11 2162 12 1790 14 1040
1531 21.768125018091379 5.4818324557539722 24.045719709415703 86 85 73 1.1702302086289686 10 2292 9 2461 11 1566 12 1108 13 897 13 1162 14 894
1532 21.505031243051963 6.4931549030652587 25.371066898839672 69 60 58 1.1036382229483634 10 2306 9 2479 11 2180 12 1540 9 2478
1533 20.617169456906538 21.914477625292268 71.668974248696628 227 51 64 0.8163822186073334 10 2345 9 2521 7 2048 11 2596 1 2170 3 1878
1535 13.73636690618418 14.169110633727144 36.078775522380937 48 71 120 1.4611840103049401 10 2370 9 2539 7 2073
1536 19.827859558843397 27.260515953963779 68.817065416198076 207 223 154 0.90342281246763656 10 2394 9 2544 7 2078 11 2609 2 2266 3 1891
1538 13.745927517421828 20.071467343481572 36.451235774028063 92 99 87 2.219718555123948 10 2420 9 2572 7 2125 6 2342 1 2231 2 2319 5 2050 5 2357 4 2300 3 2261
1539 15.624786410719526 22.851637519934329 40.851422376821461 133 133 122 2.0097803587973044 10 2428 9 2585 12 1859
1540 18.312468693395015 19.470148166841888 29.014305339552074 47 102 45 1.9829029629863468 10 1906 9 2593 11 1767 13 983 7 1713 8 1186
1541 14.619300580628481 23.094925168823526 33.907320706771301 30 58 36 2.1640572032685901 10 2464 11 2643 12 1877
1543 3.4800075381099518 -24.644789962195812 37.030378365768968 90 67 53 2.3686308011204091 6 2393 10 2486 9 2648 5 2080 4 2028 3 1985
1545 4.165018452680366 -21.750073538773378 36.959112024666489 44 25 13 1.2829043387604606 10 2849 9 2659 1 2589 7 1787
1546 2.9635796090955795 -21.23677204480142 37.879341090734329 103 86 73 1.4609551933977851 10 2504 9 2662 4 2041
1547 14.305198892503167 -15.621004365932039 29.641976148212841 42 32 22 0.28522718592345919 10 2525 9 2671 7 2210
1548 11.657588373179548 -15.365021915297246 33.58547536719086 77 78 73 1.2361025351856263 6 2420 8 2690 10 2871 9 2683 7 2216 11 2697 1 2612 2 2404 5 2398 3 2298
1549 11.369422314976893 -14.96770929977813 33.498956100353425 8 9 4 0.98036253073764146 8 3002 10 2874 9 2684 11 2696 1 2611 2 2727
1550 15.89408655808206 -12.874427232497416 29.397275525553283 10 7 1 1.1196540984186405 10 2556 9 2689 1 2615 12 1900
1551 8.1211541438390107 -13.480263735009352 33.500301165661504 69 73 72 0.53492111210003623 10 2554 9 2692 2 2729 5 2403
1552 18.643791441203266 -11.532869461684609 26.273053215788664 35 26 11 0.57934645467644696 10 2564 9 2695 7 2232 11 2397 12 1685 13 1290
1553 18.769325981598648 -11.617081889843275 26.479373537829414 35 26 11 0.62149792379903335 10 2565 9 2696 7 2233
1554 8.7429828281961957 -11.153276016541712 32.43389426509367 34 39 33 0.23313058154587238 10 2570 9 2701
1555 7.672636336784425 -11.80586582678672 37.95142952099188 91 93 90 1.0387269044400713 10 2574 9 2712 7 2242 1 2629
1556 9.3820265589842737 -8.8772261320092962 34.955943844272142 41 46 40 0.72253660291561395 6 2467 10 2592 9 2728 11 2724 2 2753
1557 9.4742026869116387 -7.9650476215149455 34.165416961965157 87 89 84 0.83511661198939768 10 2597 9 2734 7 2265 11 2729
1558 10.992277686585165 -7.2672521026744024 32.804526066531913 10 11 6 0.7988135654030325 8 2318 10 2899 9 2736 7 2763 11 2909 5 2750
1559 10.67817454944986 -7.0704006400727231 32.691400952300825 73 74 69 1.0465552141637025 10 2900 9 2750 7 2577 11 2008 1 2656 6 2489 2 2462 5 2155
1560 15.835587967614865 -6.3563830153637326 29.121355891618474 62 59 54 1.1240096006355507 10 2909 9 2751 7 2578
1561 20.106277407027829 -4.8376368886084435 25.091652440116857 184 172 156 1.0133565587201263 10 2910 9 2763 11 2448 12 1714 13 1447
1562 9.9776371933122281 -3.0864090579819301 29.447888242251924 26 26 24 0.52732427083527855 10 2625 9 2773 2 2789 4 2389
1563 12.163522544172919 -2.5967462763074276 31.956578072272915 187 181 158 0.53611009879442539 10 2634 9 2779 11 2470 12 1932
1564 20.23601155773115 1.6429753524233184 24.655259035020332 44 36 18 0.91764254595133898 10 2667 9 2799 13 1320
1565 20.348860504413455 2.3154657432346637 24.284031477655542 165 152 135 0.77997182039975621 10 2677 9 2800 12 1455 12 1752 13 1325
1566 11.81975324251075 5.5413343347302364 41.052217498597464 120 116 113 0.79834571130350018 10 3146 1 2466 7 1992 2 1646 3 2386
1567 14.711901068411455 4.4193563919987398 31.833688756104873 17 14 7 0.89868898885896975 6 2225 8 1786 10 3141 9 2815 7 1997 1 2715 2 2200
1568 23.726922394296679 4.6590747340304253 22.522158848995783 53 45 26 1.2530469736642376 10 2708 9 2817 11 2136 12 1479 13 1339 14 857 15 1149 16 1323
1569 14.828764340035471 7.6838716855306997 41.076376416048141 142 138 135 0.57974577102429536 10 2970 9 2836 11 2822 12 1992
1573 22.823533559882971 20.418277153643071 26.971367805607311 51 31 8 0.76512171839623766 8 3169 9 2935 12 2019
1574 13.847397380229571 23.250837157254811 31.94493196593481 96 105 84 2.4821266733610332 10 3049 9 2946 7 2514
1575 9.1256346252901519 -18.120688144888376 33.93363818554954 73 63 63 0.21553545517993078 8 2983 10 2855 9 2978
1576 9.215664549768583 -16.455925531775069 35.643237966119742 85 90 84 1.9816530479971812 10 2868 9 2982 11 2685
1577 13.178688333754263 -15.639454659102167 31.790598780652733 81 75 61 1.3051178473594163 6 2981 8 2998 10 3072 9 2986 7 2543
1578 7.3222883051478087 -9.9695742630384103 35.620730238102212 90 94 93 0.75521908756400713 6 2466 8 2729 10 3092 9 3007 1 2637 2 2442 5 2143 4 1707 3 1675
1579 11.226517672972996 -9.9755120766119951 33.263030536897368 10 14 9 0.67094163452564026 10 2891 9 3008 7 2755 11 2717 6 2787
1580 4.0437844677519026 -10.439180764162769 41.198201937094211 132 102 68 1.1448364341761368 10 2896 9 3012 4 2521
1582 7.3452385075223141 -3.7420381603991117 37.821743910499741 46 27 20 0.84615039677530479 6 2822 8 3037 10 2630 9 3028 7 2306 1 2673 2 2786 5 2450 4 2387 3 2348
1583 24.784185412801012 1.8346067987405779 20.49456234627888 25 18 7 1.1416729281714924 10 2936 9 3052 11 2776 12 1947 13 1317 14 1100 15 1235 16 1450 17 1661
1586 15.318954613354942 18.38060185578075 35.747520477529875 128 135 128 1.86393177056141 10 3009 9 3120 7 2701 11 2853 5 2708
1587 16.772891308086226 22.488979356965618 35.697261756311143 151 161 134 2.1866751173568262 10 3033 9 3140 12 1868
1591 10.815721883835153 -13.749316686268555 33.509298624270116 86 87 82 1.0450279470796402 10 3256 9 3177 11 3034 1 2958 2 3103 5 2743 4 2651
1592 1.3093349752390808 -10.08333213326453 41.360529160437721 124 94 66 1.5078725997237803 10 3094 9 3188 4 2520 1 2819 5 2604 6 2992 3 2480
1593 16.739338886091137 -0.21869397975444071 28.205716043610291 71 79 66 0.59720717637325449 10 3120 9 3205 7 2786 11 2929 13 1607
1594 8.8366713055739368 1.9350845564728616 32.95632276878127 19 17 11 1.6987010840129755 6 3173 10 3133 9 3222 11 2787 2 3145
1595 1.7731633628857617 6.2235717964482902 30.943654277282882 31 33 48 1.7846247686641707 8 3404 10 3167 9 3250
1596 18.284750276326946 26.418115918552054 53.637650190357014 176 178 167 1.3131232896607725 10 3337 9 3279 7 2850 6 3102 11 3188 1 3034 6 3221 2 3052 5 2706 12 2351 4 2610 4 2736 3 2569
1597 19.626708050700774 19.047754459330381 25.819599578857897 45 56 95 1.5512170465090405 10 3344 7 2870 11 3014
1598 1.4040266184700139 -5.2423197818784777 39.700121274506657 143 102 63 0.71468547482549116 10 3272 9 3330 2 3125 5 2620 4 2534 4 2676 3 2626
1600 5.2603458659266566 -1.2322512564391934 37.399724244587986 183 134 100 0.8773458293997779 6 3154 8 3377 10 3281 9 3335 7 2906 1 2975 2 3249 5 2874 4 2784 3 2733
1601 23.711558024050852 4.6176720831535052 22.66098453063918 50 49 31 1.1542001856866322 10 3299 9 3354 13 1612 14 1239 15 1394
1603 21.52531569960216 24.180671045134961 65.584509477682303 26 34 68 1.8811245504102805 10 3401 9 3389 11 3185 12 2347
1604 10.362320666994245 -0.92887619881153305 46.867813741426332 55 38 30 1.3128757493850731 10 3386 9 3457 7 2908 1 3092 5 2877
1605 18.154693853622543 0.27568901707029964 25.106457125159157 162 154 135 1.7770371244145309 10 3387 9 3458 11 3069
1608 14.394007362079812 0.082604122754058637 29.066308273949282 57 54 47 1.3079523631104502 10 3451 7 3108 11 3281 6 3391 1 3220
1609 16.317972832212657 -7.6079954667291991 28.721697891231795 61 59 47 0.91065762688014718 10 3487 9 3552 7 3095 11 3265 12 2402
1610 16.815968244964704 35.002915617196066 65.041820473272637 28 28 54 2.1955687740481746 10 3511 9 3581 11 3323
1611 21.85162801881129 -19.274015039984739 20.512731635017261 228 221 211 1.316375826906977 10 3478 9 3586
1614 4.1930456418302668 -24.549270949250925 36.697820554595452 231 224 216 1.736892209390231 10 2836 6 2733 8 2962 6 2965 9 2649 9 3157 10 3237 6 3125 8 2182 7 1773 7 2533 7 2728 1 2797 2 1935 2 2703 1 2279 5 1061 5 2376 4 2029 3 1632 3 1986 3 2455 6 10
1615 19.270732814492913 29.990317624138918 60.793272393216576 165 152 170 1.6761778910726235 6 1847 10 978 8 1080 9 2054 10 2411 8 2578 7 924 11 2630 1 1773 2 1836 2 2665 5 2566 4 940 4 2288
1624 17.339704816870636 22.872762431152893 30.101989104751787 12 12 12 1.1926541075759829 10 3561 7 3182 11 3338 12 2438
1627 3.3787272087474709 -26.606287975664682 41.036171851680706 38 23 12 1.041566815033705 8 31 10 24 7 25
1628 2.8517743182168527 -25.659357841305198 41.639843871735842 77 58 44 1.7974872975808607 10 1240 7 28 4 1081 6 1228
1629 2.8710872978840545 -24.884060680548536 41.773649273401595 70 49 36 1.1391674217919026 10 52 7 37 2 28
1630 4.0325308580375641 -21.46784543838783 35.221086169482916 93 69 51 1.2582780879827773 6 1242 8 75 7 42 5 1079 3 23 3 1030 2 32 6 43
1631 10.766000756460807 -16.815767802595104 33.26269797940153 207 198 179 1.0459073363266018 10 1306 7 99 1 76 5 80
1632 10.950745493124439 -15.638509106600518 32.680584848243846 30 23 14 1.6941808837735306 10 194 7 129 1 1276 3 94
1633 12.741426040630149 -15.125210307236802 31.051118247075586 39 33 17 2.1971317112256306 10 196 7 130 2 95 5 82 12 154
1634 15.35384632701906 -13.644457062601763 28.381195928211497 8 9 0 1.2547247996635829 6 120 10 256 7 149 1 116
1635 2.3387437001702924 -16.28741638988134 40.230997432330085 56 32 15 1.626521764775916 10 1346 7 173 4 137 9 255
1636 3.0208615718627145 -16.025171509652928 39.914233096683155 155 119 97 1.0028290788580803 10 2062 7 176 2 165
1638 7.1904280455933982 -7.5556392380340842 34.84132127402615 46 48 43 0.60539142806961499 8 353 9 396 10 392 7 269 5 234 4 256
1639 12.017887601732804 -6.9724561834051144 31.573972657361022 175 163 145 0.81460227960444642 10 403 7 275 11 1361 5 244 12 936
1640 11.823263378627859 -6.8557835683735702 31.449700526744031 65 56 37 1.2521257789010647 6 307 10 402 7 276 1 290 5 1226 11 1362 3 1694
1641 7.2481998855384138 -6.7285823839385515 38.31428870391165 36 27 22 0.97486691447872464 10 1493 7 286 3 330
1642 8.7730670040916685 -7.0253112019066579 36.276248557103173 6 8 7 0.77252609200023092 8 379 9 423 10 1484 7 292 11 2006 1 1386 2 325 5 1241 4 1211 3 1171
1645 0.86508984622772123 -1.3418200928568913 37.178123076405505 170 133 106 0.84685274230473151 10 538 7 399 3 463
1646 8.3409564554147284 -1.0854395752904535 30.310048573834074 65 66 61 0.8537570694350719 10 521 7 408 1 470 5 438
1647 14.942309690426756 -0.45025360371037315 27.421659105855234 77 88 80 1.065988322127811 9 573 10 528 7 416
1648 17.046939794416872 -0.2167812901433023 27.740852108502047 119 125 113 0.38906479163042018 10 554 7 447 11 530 13 251
1650 15.953322014749173 5.5007110880697176 37.810013506474341 135 132 125 1.2542879123837511 10 706 7 600 11 1585
1654 21.797260819421869 22.210463730089185 70.135679037836596 255 137 143 0.92399145771343272 10 1813 7 775 11 1682 2 1762 5 1590 12 1578 4 1483 3 1459
1655 21.658810714486069 22.365778677222298 68.871479095628928 70 0 0 1.3494387537701913 10 1827 7 777 12 1189 3 1460
1656 14.309183758268421 13.18532621900251 38.342762033739795 150 145 149 1.2214135005554352 10 852 7 806 3 800
1658 20.127513088575597 30.884075209193522 72.00762352789215 31 15 6 0.99820901145237961 10 930 7 880 11 876 2 983 4 875
1659 20.127513088575597 30.884075209193522 72.00762352789215 31 15 6 0.99820901145237961 10 929 7 881 11 877 2 984 4 874
1660 18.760729758082643 33.486246015866442 68.982827909304291 20 10 10 1.4549130859505155 10 990 7 918 11 948
1661 19.227691841550843 34.049711620111722 68.44244813949588 48 22 19 1.2481755867050504 10 992 7 921 11 950 5 921 12 707 4 936 3 1553
1662 19.602340329449227 31.50525551773892 62.704848893673251 129 120 135 1.7969741551326586 10 997 7 925 12 1254
1665 15.610218748841977 21.073260288255508 38.608828244167007 90 91 79 0.26945635176113397 10 998 7 958 1 1104
1666 16.605443745013631 18.655054512892491 29.824984187548228 47 81 53 1.245096469366995 10 1032 7 1021 13 981
1667 12.854170577313239 47.929644026361714 82.762456310420419 117 141 210 1.2359526680918214 10 1155 7 1038 11 2337
1670 18.128351819379361 20.573692486072453 29.17933193757316 128 185 135 0.32409366565884934 10 1101 7 1101 11 1031
1671 19.518554362320529 19.214898621335092 26.675806874027302 105 136 125 1.7639255370662663 10 1073 7 1105 11 976 13 552
1672 7.774819290298689 -19.753133145324867 40.326013581349763 41 32 19 1.004263287514819 6 1262 10 1301 7 1179 2 1253 5 74
1673 2.9203463697936844 -16.260327540473597 41.062627377422054 80 48 23 0.93672371258843334 8 1480 10 2061 7 1226 3 1082
1674 9.3099386367352395 -11.748862469304544 33.672274398227536 78 79 74 1.1192792685365036 6 2012 10 1406 7 1247 5 1162 4 1686
1675 10.805096092911885 -9.7257809669960125 31.246084638225298 82 84 79 0.88481063258161541 10 1435 7 1265 3 1672
1677 6.9184899173249903 -8.9792827215664577 36.45025802083579 42 23 17 1.7329063924269863 9 1600 10 2128 7 1287 4 1714
1678 7.9931116065650478 -8.7235263516953125 37.353320159265039 29 33 32 0.80925789485391342 6 2473 10 2130 7 1291 11 2428 1 1960 2 1371 5 1225 4 1195 11 1349
1679 11.258158614943589 -7.1541601204843657 32.780536608238933 68 67 65 0.69006277239512614 10 1469 7 1304 5 2159 12 1388 3 2056
1680 11.725041276269693 -7.2897481694615953 33.30835132145063 63 68 64 0.71831497263323441 10 400 7 1305 2 2029
1681 17.74383653258689 -6.2653276749838929 27.215267365714915 19 17 2 1.1277086736803403 10 1473 7 1306 11 1366
1682 16.201911170620033 -4.7213668834668292 28.626755022881067 68 43 46 0.87238529674389975 9 1638 10 1500 7 1339 1 1418
1683 16.385339095638439 -3.6955810277474237 28.7392617053324 75 54 53 0.67567307243776298 10 1533 7 1366 1 1454
1685 18.144860605325245 5.5255212043982125 27.121130926825391 120 103 79 0.64871714247140311 10 715 7 1543 13 918
1690 13.818635090424658 20.91408640659882 37.010414495954549 151 156 142 2.004255281689479 10 1023 7 1688 1 1795 2 1129 5 1708 3 1946
1691 15.886458729045376 18.01935716162383 29.402473187074417 66 97 57 1.5589149949132841 10 1890 7 1703 13 1231
1694 18.410231191876882 18.103466207812769 27.580380186298303 8 29 20 0.95826952305953395 10 1035 7 1715 11 1750 13 1216
1695 17.284924658291271 20.408495844404424 27.313135132064335 0 11 0 1.7330848427365932 10 1957 7 1742 12 1630
1696 16.59484370326733 26.364524291446177 34.381571389827819 19 34 3 1.8180797301407985 10 1187 7 1756 9 2634 1 1852
1697 15.860854297114374 -14.832131773936862 28.576388845285763 174 165 149 0.66246345539822438 8 2238 10 2049 7 1804
1698 14.176766360677297 -13.17571903770199 29.623259037109314 11 7 4 0.57370577192826722 8 2697 10 2555 7 1815
1699 1.8597384499259098 -15.881385250899751 39.228615003557984 53 35 33 1.7886993528267756 8 2243 10 2538 7 1818 1 2310 2 2412 5 2108 4 2057
1700 8.0497534918614928 -11.449491370191529 33.01152503467921 53 58 53 0.78555934992212229 10 2567 7 1832 1 2322 2 2429 4 2070 6 2011 3 2029
1701 16.88488491878562 -0.87736565621277818 27.472984017925402 53 65 55 0.76057608644947228 10 1591 7 1941 12 1425
1702 17.901514598039928 4.8618567780288968 27.319346166871163 71 130 71 0.33369425324496144 10 2285 7 2005 13 1157
1703 11.182600512110927 -15.658946140586803 34.092121160855577 80 83 76 1.0708755093133948 8 3001 10 2537 7 2215 11 2694 2 2402
1704 17.774883666843504 -9.9778841141828138 27.298362348686275 40 34 20 0.93661115119562421 9 2297 10 2580 7 2240 8 2281 11 1968 12 1692
1705 9.2950956218302423 -9.4571643061427544 34.562923981867428 31 36 30 0.76982290388719343 9 2721 10 2586 7 2258 11 2718 1 2348 2 2443 5 2425
1706 17.395174088888847 -6.2035854733748854 26.847371287337587 34 33 15 1.0637146784325109 10 2139 7 2276 12 1709 13 1296
1707 17.395174088888847 -6.2035854733748854 26.847371287337587 34 33 15 1.0637146784325109 10 2140 7 2277 12 1710 13 1297
1708 6.6815348827497525 -7.3948479866099124 38.015637018644803 43 32 26 1.1712128443156031 10 2144 7 2280 3 2059
1709 7.2666193873393787 -6.0985169665691048 39.745631347692552 79 69 68 0.93093146861096088 9 2343 10 2914 7 2293 1 1987 4 2124 3 2075
1710 11.698738830545986 -2.894392152389345 29.294827445714656 195 186 161 0.6768354841385934 6 2537 10 2635 7 2308 1 2396
1711 9.176360229831813 -2.4730760486217198 28.249091347491824 28 29 24 0.83851955527111766 10 2172 7 2316 3 2103
1712 17.601856448684281 0.32036849771058412 26.910010988345366 19 19 11 0.90643869856004811 10 2658 7 2339 12 1944 13 1456
1713 4.419462300783886 2.95724301431245 46.657070405838844 106 93 84 1.1768003073875808 6 2598 8 2825 10 2689 7 2352 1 2443 2 2563 5 2242 4 2185
1714 15.570039771872979 2.4649732042247479 29.354966672649564 44 41 36 0.62379033890832791 8 2826 9 2805 10 2238 7 2365 12 1464
1715 17.595336534708018 4.9577840090740048 27.556597772326381 88 148 88 0.53579953145387138 10 2284 7 2403 13 1372
1716 18.981090774055275 5.5851158819114728 25.936945662860403 64 55 48 0.79070157500330374 10 2723 7 2410 11 2547 13 1486
1717 19.961415898704665 25.367721796819868 63.107208977623095 209 201 181 0.80312132047882157 10 2783 7 2465 11 2610
1718 18.770741744241938 28.57236091015314 55.714023421616048 140 147 137 1.4138453099934369 8 2917 9 3124 10 2800 7 2476 11 2858 1 2222 6 1867 2 2668 5 2568 4 2476 3 1932
1719 19.121843532511054 19.316835415333514 29.779302376645347 85 111 81 1.5656030780569823 10 2814 7 2492 12 2016
1720 19.558119027942922 -14.073605388237821 23.881191975883166 152 134 110 1.7842003931704449 10 2860 7 2537 11 2691 13 1523
1721 2.5076773533025896 -11.850781446065358 41.617081907405755 71 56 53 1.4704046124714789 10 2888 7 2568 3 2319
1722 10.51498833397328 -1.8027160124243733 47.539448169570946 46 39 33 2.4611134389548637 9 3201 10 3114 7 2598 3 2502
1723 19.716850710283634 3.2049778508364044 24.852460424420727 172 131 98 1.0567994377847441 10 2697 7 2629 13 1460
1725 17.756978583795529 19.868071479446623 28.972001308157836 47 115 57 0.58915173908040352 10 3034 7 2721 1 2942 12 2022
1726 11.055295061664015 -13.142519212074063 34.239695384753297 83 84 78 0.67377315860847942 10 3080 7 2754 11 3036
1727 10.634552937446472 -6.5015491744213625 30.322702611567671 67 68 65 0.45086893728671179 10 3101 7 2765 1 2827
1728 14.832954389247016 2.7278747098881015 28.452503724447482 17 14 9 0.57966333609190124 8 3058 10 2944 7 2792 11 2792 12 2083
1729 14.570272270136856 7.7319678567161683 38.811938508614958 166 165 161 0.94848064941004895 6 3055 8 3085 10 3163 7 2817 11 2976 1 2884 2 3011 8 3084 9 3081 5 2659 5 2660 12 2113 4 2576 3 2528 4 2575
1730 18.355765972892065 -18.986221715190798 23.236516906995494 216 213 211 1.4511691167119261 10 2841 7 2877 12 2038 13 1514
1732 12.099468340279291 -17.539433488922917 34.168299946734784 213 209 197 1.19886396282634 8 3356 10 3250 7 2890 6 3259 1 3070 2 3222
1733 7.868274127177731 -15.990528329863851 38.430377419002561 109 113 112 0.4045608117258141 10 3255 7 2893 1 2956
1734 14.599750114990336 21.186014592441573 38.959868506257607 92 103 89 1.4814346896787449 10 3339 7 2955 2 3192 5 2828
1735 20.303940858441209 -20.69236575066887 26.92750050267426 221 209 194 1.8668268999734192 10 3241 13 1593
1738 15.939929275131831 20.002849200818588 30.844274499790799 24 29 19 1.5776495556148464 10 3474 7 3133 1 3239
1740 17.270152320293978 -5.9781174916584225 27.453614991186832 55 48 37 1.2554822876916438 10 3549 8 3663 9 3621 7 3183 10 3565 9 3641 11 3328 12 2442
1741 17.83836732321036 -2.194801621761366 26.388934223217145 180 175 151 1.3337445355684032 10 3110 8 3233 9 3199 7 2904 10 3276 9 3333 11 3063 12 2174 13 1651
1746 14.221438764609466 23.970655275971939 32.375428143557755 107 104 87 2.4130122227597379 10 3421 7 3038
1752 20.277134769226787 -17.717066004103884 23.078224834057718 212 183 134 1.0964563751394427 9 60 11 105 13 635
1754 20.665151363383462 -16.434460474953092 21.888440905626506 227 194 135 1.3720584569431089 8 58 9 92 11 143
1755 20.854518690287875 -16.513465437133696 21.867127149289455 175 134 24 1.4528502429956542 8 59 11 145 12 89
1756 21.181808138117738 -16.507379777848772 21.961879491074864 176 134 30 1.2959232501836224 9 93 11 146 12 110 13 75 14 512
1757 22.690543097803015 -16.180683388546328 21.018876194856336 164 140 66 1.4818824342924302 10 127 11 151 12 118 13 79
1758 11.314884513492654 -18.169931689159032 34.315820239622376 159 149 133 1.243355352496653 9 164 11 175 6 1257 8 124 1 58 2 78 5 70 5 1093 4 71
1760 9.8938193587372183 -17.927501446195205 36.036322554506334 207 197 197 0.97020335141235481 7 125 9 180 11 199 1 74
1762 9.1881511280339936 -16.984355650537712 35.4177200063736 30 22 9 1.1354083390844718 6 106 11 201 2 103
1763 11.102170972574683 -17.217860699840159 33.873200483815616 159 153 132 1.8784304050718472 7 101 11 202 3 1051 1 75 6 93
1764 11.107604274027548 -16.807535585605716 33.377945712178885 169 161 150 1.2416111553650895 10 178 11 205 5 1101
1765 14.455427805620133 -16.147806163704239 30.571055542512681 162 149 132 0.90179505036427254 10 181 11 209 1 61
1766 19.44571706881068 -14.219209459358543 23.71582747426076 148 135 116 1.2148945171123822 7 1177 11 214 13 110
1768 14.948561478841002 -15.675079754626276 30.778473989351046 198 188 180 1.413571974137301 6 1267 9 185 11 232
1769 20.217138025606754 -13.857812447216373 24.355307747814219 168 156 134 0.76019102709358055 9 195 11 239 12 168
1771 26.681811609804267 -11.04145558100455 17.923205098927205 185 176 161 0.13265882396837922 11 275 14 107 17 163
1772 17.241515960267101 -11.536776389544743 26.587312029073562 90 83 73 1.0054791238821885 7 187 11 306 13 1051
1773 17.844971132091864 -11.722226108219248 26.980476565995758 123 119 108 0.42276187954976657 8 245 9 285 11 308
1774 7.9751487438123743 -8.2025107729097861 38.226338634795638 16 17 20 0.99377587946076917 10 395 11 361 1 280 5 236
1775 8.8519910487391193 -7.640465731450413 37.585544546970866 1 3 6 0.81964275625167315 7 289 11 373 2 322 5 268 3 1168
1776 18.019343006458161 -4.7638862314779615 27.030808508078572 57 43 37 0.99373150449535397 7 320 11 405 12 239 13 165
1777 19.382694344335839 -4.7591954194242918 25.994854507534448 143 135 112 1.1058084508173038 7 330 8 400 11 406 12 240
1778 20.340037767247054 -4.465256925455062 24.963132953000954 144 137 120 1.1861059150677791 8 402 11 407 12 243 7 1899 13 168
1779 22.374951183478355 -4.4960625845030027 23.332351446163429 186 174 147 1.621405150547514 8 406 11 410 14 119 13 725
1780 10.669439207958598 -5.0375536949818658 32.651017760074637 53 54 49 0.58340774468519863 9 479 11 430 8 1583 3 1714
1781 16.058828107503334 -4.5074351845110678 28.757899504159294 92 70 69 0.82021113693796632 6 359 7 319 8 424 9 482 11 438 1 361 12 260
1782 16.146840926581245 -4.5091899198771239 28.893736138802765 92 70 69 0.64986445701518469 6 358 11 439 1 362 12 261
1783 17.181139469666647 -4.5310391865835955 26.804659661904932 52 34 30 1.6136950730449355 8 391 11 442 9 457 13 714
1784 17.181139469666647 -4.5310391865835955 26.804659661904932 52 34 30 1.6136950730449358 8 392 9 458 11 443 13 715
1785 17.972091460839994 -4.6393812589192134 27.151531201549084 50 32 30 1.1047118980172128 7 1341 9 459 11 446 12 262 13 716
1786 17.931400565490719 -4.4879055216614656 27.058918686931104 175 155 156 0.94226987091222048 7 323 9 460 11 447
1787 17.989561926964623 -4.4522522978572425 26.801906837409842 39 20 21 0.95591673032062385 7 324 8 429 9 461 11 449 12 265 13 719
1789 18.049788963088375 -3.7779086953561163 27.068009276298874 54 27 33 0.98450524305895171 8 440 9 492 11 471
1790 18.049788963088375 -3.7779086953561163 27.068009276298874 54 27 33 0.98450524305895171 8 441 9 493 11 472
1791 17.528043419591636 -1.1288303170947567 27.109862086075967 17 17 9 0.97796755106318356 7 393 11 513 12 1007 13 755
1792 15.527484499150034 -0.69741929682245218 28.381775621261394 30 42 36 0.45658868650065249 6 1553 11 525 7 1430 1 1554 12 304
1793 15.868663528153718 0.38908342401710416 28.126007311201818 75 76 68 0.55439732193226055 6 1572 7 444 8 1696 9 1742 11 540 12 1024 13 768
1794 23.952892825048345 1.7133696583846052 19.627461376234482 45 35 30 0.78722754989928412 10 566 11 546 14 151
1795 16.743990688616549 1.5543471167009235 26.658544416298859 7 10 0 0.6290608395318712 9 616 11 549 12 1045
1796 22.305680263756816 1.4925505421779861 23.885263435764031 33 24 11 1.1215190829931396 9 602 11 553 12 327 8 1712 14 584
1799 24.67494071392203 2.0739086118071337 19.771966737374129 152 144 122 0.61703147070745301 10 1632 11 561 12 1038 13 766 14 160 15 674 16 789 17 229
1800 25.330509571683866 2.5791356450944796 19.716597622634431 56 49 30 0.99278820683588742 10 595 11 564 13 283 14 592 15 178 16 250 17 253
1801 24.86022855860778 2.7127723549207476 19.336565490144707 141 132 109 1.2195195984811669 10 596 11 566 12 343 13 285 14 162 15 936 16 251 17 255
1802 16.493020207781477 1.8042484774023595 27.978212528343946 127 133 123 0.32718786240848868 6 629 7 481 8 568 11 576 1 1583 12 350
1803 19.84077676672678 2.8758052830083671 24.977635186697547 159 145 119 0.69564806743433871 7 1501 8 612 9 647 11 596 12 1059 13 794
1804 20.944875873342642 3.7010890033970112 25.355151928935555 201 133 74 0.58174933604810208 8 669 11 599 12 381 14 219
1805 21.256016149285109 3.5527867147069436 23.885099309495086 134 128 106 0.79199766109342284 10 649 11 601 14 625
1806 22.199140695409099 3.5085575321009026 23.415547152595746 100 98 40 1.1211397456763452 9 2416 11 602 13 1112
1807 18.33916915462116 3.7877472345722629 27.423885074353397 165 160 138 0.99041678072309425 10 643 11 617 13 371
1808 19.959429027219453 3.7419281855451501 24.590715168104555 199 111 30 0.43756959750288454 10 644 11 618 14 275
1809 20.152562917012698 3.9753342311972109 24.845393924018701 192 103 38 0.60517114092144286 10 646 11 619 13 335 14 276
1810 20.746844483015458 4.3189301074283835 25.136325428190315 187 140 87 0.59957358170028885 8 727 9 746 11 620 12 400 13 373 14 278
1811 22.61232134949196 4.5885672875490124 23.981030774901445 29 25 13 0.91761649340503504 8 741 9 758 11 625 12 411 13 820 14 662 15 742
1812 22.14760175138079 4.6245970175903723 23.637304094225257 77 77 68 0.8886308291758771 9 756 11 627 12 1085 13 857
1813 24.141973969029983 4.5204631031060689 22.725109477782446 158 146 128 1.2288210094486764 9 1853 11 628 12 415 15 315
1814 25.452039334249321 4.4422414041579472 17.970487800295697 33 20 5 0.69495526366212923 10 1690 11 634 12 383 13 328 14 195 15 259 16 311 17 313 18 864
1815 17.698875534618967 5.0771111221572491 27.304877160011717 3 78 9 1.0778985287146559 8 780 11 650 12 479 13 466
1816 22.105442004370261 4.7967314689011236 24.390656491851185 44 50 38 0.63982982680499012 8 1842 11 656 12 1106
1817 22.308950103600868 5.3947429990952829 24.558044764611214 46 43 26 1.4440629135310932 9 827 11 658 12 447 14 697
1818 21.497204854466151 5.4638297291946403 23.471941945462593 38 36 21 0.50785708377957894 10 722 11 659 14 895
1819 22.46218550921159 4.9982797002762718 21.415506409766184 90 84 71 0.86739620901031811 10 725 11 662 13 383
1820 25.61031105402062 5.2265455191713821 18.655987501452362 130 119 101 0.72828236733676699 10 726 11 665 12 418 13 343 15 320 16 865 17 425
1821 15.608781987777856 5.1899768887097464 28.092299111890583 32 22 13 0.93037400202122211 7 1531 8 773 9 811 11 695 6 753 6 1688 1 801 12 474
1822 16.024417763737794 5.065512498778828 27.773764386567866 149 133 117 0.89874890417772446 7 639 11 697 1 804
1823 17.757503092512856 5.1229143588436097 26.833145756827385 90 119 61 0.29092388893181415 7 677 11 700 13 467
1824 18.098264554139124 5.7551855006416366 25.93962305997232 91 92 76 0.1084650118071423 10 747 11 701 12 521
1825 21.075361638808328 5.5027919786138186 24.954593901513437 99 75 62 0.37533161558280986 9 1885 11 705 14 911
1826 14.150422289092925 6.1092975351533179 29.895125492378103 103 96 88 1.1353857073122542 10 745 11 728 1 815 6 780 7 666 8 816 2 754 12 546
1827 15.413186253292036 11.877411259639768 41.821555684906507 240 233 223 0.89278008015247134 10 815 11 808 1 873 2 835 5 707 12 1175 4 744 3 1420
1828 15.458777279975639 11.90999175837432 41.936942648724326 240 233 223 0.89174549709527084 10 816 11 809 12 1176 3 1419 1 872 4 743 6 841 2 836 5 708
1829 21.864715518540237 22.044648644243658 73.504038883373084 191 42 38 0.431682946403112 10 845 11 823 5 728 3 752
1830 16.122522149426221 14.246072117880884 41.905723228012633 251 249 252 1.1703099291145498 10 853 11 828 1 1721 8 1939 12 577
1831 15.885005942501428 13.796609647985353 37.69325220751297 135 125 112 1.5436555182856999 6 919 11 829 9 1001 1 943 5 770 12 580
1832 21.552346078872642 25.465270497882198 73.265644961764792 114 99 61 1.0050808369911823 6 913 11 843 2 889 5 768 12 600 3 797
1833 16.267516084700258 16.150888648054984 36.991847243644528 203 191 179 0.653205396539563 9 1049 11 863 1 983
1834 19.859079761217551 30.076881142429777 69.776468547795048 182 157 157 1.1747809804310039 6 989 11 878 2 988
1836 19.30374720228502 31.140519423238381 71.301029099215128 42 40 44 1.0961081582087189 6 988 11 897 4 871
1837 19.656980480454703 30.993103095137073 70.436334206961575 189 184 178 0.89318524024739221 10 943 11 898 5 854 2 985 3 853
1838 20.420826869501543 29.4724202682774 65.210812152710815 27 14 16 1.9469173046226473 6 991 11 902 5 861 12 1232 4 905 3 1525
1839 15.751105276863091 19.181758130430875 35.681439281145508 70 93 70 1.7873195339199754 6 1870 11 907 7 959 2 1872 5 1696
1841 18.96246930087575 30.487554516462961 63.685399004114636 36 26 24 1.2858208005131253 7 922 8 1062 9 1105 11 933
1842 15.878124116374766 22.336920818269242 39.094954352261269 53 76 93 2.0099758330999982 10 1024 11 962 1 1131 5 986 12 1255 8 2066
1843 15.146497336048487 18.114154016333636 28.97092888733961 23 35 12 1.7528610906622453 11 967 1 1816 6 2353 6 1149 12 690 13 1236
1844 21.186451662384144 21.036154802441501 30.304778862013421 33 71 79 1.1624192089901455 9 1231 11 973 12 672 13 546
1845 21.094754346955273 19.668220179823535 25.934601665868549 65 57 46 1.1433500118486426 9 1279 11 980 14 753
1846 14.723610589347619 21.776863294723903 38.581371432403571 139 137 122 1.6869950229911552 6 1101 11 996 4 1010
1847 15.49667964731891 22.212324250998389 38.732646040683541 90 92 110 1.2369796541363605 7 984 11 997 2 1133 5 1003
1848 18.623366714818982 21.041148362253328 30.075064918337077 135 190 140 2.3122142643755166 8 1217 9 1273 11 1004 12 1259 13 565
1850 16.452813860671657 39.177464495147007 77.932786868193205 43 83 188 2.1702729878788247 7 949 8 1104 11 1013 3 927
1851 18.335260494779725 35.760150650257536 69.02337486757915 39 37 58 1.4305612674339274 6 1081 11 1019 3 930
1852 17.609384941174401 20.626017202260002 29.005054348184284 130 186 143 0.8873790089756266 7 1097 11 1028 1 1203 12 758 13 578
1854 16.46902408807134 21.152701880361636 29.175400689678501 45 95 52 1.5592698494199695 9 2126 11 1050 1 2254
1855 14.697108049786024 44.901486156852876 82.169323751512252 121 138 215 1.3695200700654391 9 1219 11 1092 3 1565
1857 14.716650196319202 47.822771876437287 85.70462439752157 120 148 231 1.4011525515766421 6 1118 7 1009 11 1120 2 1125 5 997 4 1000
1859 19.514927162651034 -19.217985801439198 24.357220854056461 210 188 111 1.7402644149099276 9 1424 11 1169 13 614 12 47
1861 20.941281053030828 -15.952125499563207 21.477515030444831 235 198 197 0.80119598251481394 8 1407 11 1214 13 655
1862 22.38589897366872 -16.127710583756457 21.476310281598103 180 125 31 1.4040278161351936 10 1275 11 1216 12 870 14 528
1863 21.603762222404207 -14.867620645739779 21.646746588592528 218 207 189 0.80329233485465179 9 1460 11 1235 13 1041 14 539
1865 19.984590071706201 -14.791164716488252 24.194851072642127 141 129 104 0.9729300457072374 8 1437 11 1250 12 148
1866 11.171832435734098 -16.229874023003411 33.781464772624425 190 177 163 1.2918319992472245 9 1487 11 1258 6 1276 7 1192 1 102 2 1273 5 1110 4 1125 3 1062
1867 11.227259023323134 -16.320600633978668 33.996460832409369 190 177 163 1.359108524066386 9 1488 11 1259 8 173 5 1111 4 1126 3 1061 2 1274 7 1193
1868 20.581599691291135 -14.451629276489609 25.193624389464947 194 186 165 0.56272644944972405 10 202 11 1264 13 1047
1869 9.2982097239487924 -15.457402415130266 35.148606582229881 41 45 44 1.1223480524927905 6 132 11 1267 2 136 4 131 3 133
1871 24.065158072465444 -10.710237959104649 18.666436042779331 147 138 123 2.08065234172087 10 265 11 1299 13 684
1872 18.237849766148287 -11.554613075538105 26.699695991261546 177 169 157 0.70515446599677556 7 1233 9 1534 10 300 11 1305 12 913 13 1056
1873 9.4807338130625496 -12.676116380687352 35.678330928655136 32 36 34 0.99257902994600133 6 221 10 313 11 1309
1874 9.3405292760153618 -9.5871438986401962 34.544124160963598 23 27 26 0.98081799843152251 10 372 11 1332 2 267 3 1134
1877 8.2040739065129653 -7.1568403752430623 36.533794269506728 0 3 6 1.4354725605603853 7 287 8 357 9 1621 11 1358 6 330 8 377 2 1393 5 1238
1878 17.100971168152309 -6.0040115413049682 26.194908864181777 26 23 16 0.35146832302918535 10 1472 11 1365 12 940
1879 7.8862143451177902 -6.3315771502488589 37.607376229396515 19 23 23 0.71563037749984015 7 304 11 1372 3 332 5 1248
1880 17.107713566379594 -4.9268764971370285 26.488474301005191 45 38 25 1.1774436879641168 9 1639 11 1378 12 947
1881 8.4642944564922793 -5.3579170269089769 36.878368609431618 50 57 58 0.81550198653233252 7 1354 11 1389 2 384 3 353
1882 13.753529701049773 -4.9275644453592404 30.012351676088514 21 18 11 0.96662645924392077 6 1424 11 1394 8 1585
1883 14.197987074140427 -4.8580871928864253 29.951040070746714 13 10 3 0.89365701003764164 8 1588 11 1395 12 252
1884 15.787248379214502 -4.8632278902842279 29.2171024028478 15 4 5 0.86007387367549748 6 2076 7 1336 8 1589 11 1398 1 1985
1885 16.080175888899955 -4.4853852040756177 28.296534979593797 173 152 149 0.65743075547705365 9 1657 11 1404 1 1419
1887 15.942272282905916 -3.4291261715164509 28.495838827255245 80 54 57 0.87474576192948528 8 1614 10 1534 11 1424
1888 16.170748994904088 -3.3024765022865994 28.298484862114012 78 52 55 0.82811523671536824 8 454 11 1427 1 1457 9 523 12 993
1889 18.06322219668214 -3.8125663353487744 26.566894145051258 67 42 45 0.78313614719124147 10 1521 11 1428 12 968 13 1072
1890 18.559433259178494 -3.6053144122872101 27.206345965348309 83 64 59 1.084668490015243 10 1522 11 1429 12 984 13 1074 7 343 8 458 9 504
1891 18.183906614404993 -3.501352212463325 26.677889647632856 83 64 59 0.74467970626070845 10 1523 11 1430 12 983 13 1075
1892 15.168625285018717 -3.3306022976747718 29.117953821283191 100 97 90 0.70181769348061174 6 2096 11 1434 12 1410
1893 16.202943507982354 -3.125917197779406 28.823327060364285 77 55 57 0.63539188443538985 6 1479 8 1619 11 1439 1 1482 12 995
1894 16.202943507982354 -3.125917197779406 28.823327060364285 77 55 57 0.63539188443538985 6 1480 8 1620 11 1440 1 1483 12 994
1895 16.022494083603569 -2.3699587059404905 25.468767520334008 153 134 134 1.0519139044290255 8 1651 9 1708 11 1444
1896 15.023925350489995 -2.3175960685619472 27.495771097926465 64 51 48 1.2253171611107414 6 1515 11 1455 8 484 1 443
1897 15.598061122584177 -0.99757697155249248 28.80151713415809 7 12 6 0.53053445557092915 6 1552 8 1671 11 1458 7 413 12 1013
1898 16.962055444890865 -1.2869859108284438 26.714836732186004 68 68 60 1.0660503552090879 7 391 9 560 11 1461 12 1006 13 753
1899 14.20279421500933 1.1229675152088949 29.958318946079533 11 8 3 0.3765492107380447 8 1709 11 1479 9 1751 2 2151
1900 24.034028458639625 1.859124920510522 20.164936312878051 166 151 131 1.0508975355957071 11 1483 13 1092 14 586 15 174 16 221
1901 24.489949660495707 2.267098391066555 19.334782151398027 137 127 102 0.85345826627793464 10 1633 11 1485 13 1099
1902 25.321351763132007 2.6853724552153579 19.508034132237395 54 45 26 0.66859266956494956 10 2229 11 1487 13 286 15 685 16 252 17 886
1903 16.814186537669233 2.2090011153125597 26.446823331785616 12 12 2 0.41002375134117947 10 1649 11 1491 13 1108
1904 19.851670031738887 3.3009577205059446 25.309520016520619 149 118 90 0.7644161744110467 8 1742 9 696 11 1511 12 1061 13 814
1905 22.56733589071888 3.7841031578685835 23.851017103748479 93 90 36 1.0942268171753273 8 2415 11 1514 12 1066 14 853
1906 17.402971544520558 4.0193790904711753 26.43859263814948 165 160 139 0.75903791168710644 9 741 11 1529 12 435 13 848
1907 22.808663129644014 4.2971116232866065 23.812941818126685 75 68 50 1.4258054066886305 8 1798 11 1536 9 1851 12 1478 13 1338 14 855 15 1148 10 2277
1908 17.209219716292196 4.6153494457218578 27.077525660658612 45 78 35 0.58358778998635275 7 1532 8 777 9 1846 11 1557 12 1101 13 1156
1909 20.359674104235484 4.8545905432359966 25.339793815046537 153 35 0 0.55777752019745896 9 2435 11 1560 13 850
1910 19.339077414311802 4.5375575052064487 23.458695958446004 141 33 0 0.9176317074677991 10 1684 11 1561 12 440
1911 21.058845106390677 4.9809006724036538 25.053829908326215 125 50 25 0.48720158433882021 8 1835 9 820 11 1563 14 890 13 852
1912 12.388093948258943 6.7580661162825564 56.47720466426572 60 53 43 1.3962456140513877 9 722 11 1579 1 730 5 562 3 613
1913 14.630745175742156 6.0919806171934061 42.713384277338051 125 121 118 0.74325689662910799 6 1675 11 1584 2 1647 5 1485 7 1511 8 2430 9 2428 4 1395 3 1825
1914 18.366702946398753 5.7404440827603826 27.081064406394752 142 129 117 0.70834392406398139 7 679 8 1863 11 1590 12 1121 13 919
1915 14.145390550532873 5.7508852155906238 29.060918199084959 123 116 100 1.0603667916358865 7 668 11 1610 1 796 6 781
1916 14.275115571403443 5.9585894064934513 29.859587206861161 27 22 12 1.1993725755152387 8 1857 9 1898 11 1611 6 2243 1 2132 2 2210 12 1557
1917 25.172444423291026 6.4999249288341581 17.07387716593194 92 87 81 1.3690390843828528 10 1749 11 1620 12 487 13 900 17 978 16 456 18 1250
1918 24.09469549730267 7.0454283348836686 17.662509274509738 75 64 46 1.2605153792439765 10 1761 11 1637 12 532 13 476 14 716 15 809 16 935 17 1005
1919 22.635775571941487 17.16899861188681 81.557574544569917 44 40 54 0.75527156208545365 10 784 11 1645 5 641
1921 17.054162871470275 9.5662045929439401 38.153053470395122 64 75 56 1.0663172843661646 6 810 11 1648 1 852 2 785 5 678 12 1819
1922 20.428169397056248 18.062135552514793 77.829702675425096 99 45 30 0.50549686579240016 6 805 8 874 11 1652 2 781
1923 16.666094132600136 10.571808862593587 36.521000903170425 214 202 188 1.4370823075623875 8 2505 11 1654 7 2434 6 2665 1 2500 2 2872 5 1557
1924 16.511872945530946 11.140208087682193 37.665899444352355 153 139 126 1.4439974005550189 8 1922 11 1655 1 2156 9 936 6 860 5 711
1925 21.282715649951513 20.010283384149641 83.506489983075681 95 35 25 0.60180447639343893 10 1781 11 1660 2 1704
1926 21.282715649951513 20.010283384149641 83.506489983075681 95 35 25 0.60180447639343893 10 1782 11 1661 2 1705
1927 18.133091996575903 14.193747380194621 40.823763747782159 141 131 115 1.900400381376679 6 922 11 1672 7 810 1 927
1928 20.856824798918424 22.922098144363261 73.459252909459906 255 168 152 1.2624095953087486 8 945 11 1676 4 1478
1929 19.938566131344775 20.738603770996988 67.837290756098042 253 181 167 1.0244816063328794 8 940 11 1677 9 974
1930 15.610594850779929 16.854946853465208 53.996168024524707 253 181 167 1.0775461918338336 8 944 11 1678
1931 22.072049645963048 21.748341469039151 71.81234700426343 215 38 46 0.9556750954459966 7 772 11 1679 6 888 9 978 5 729 12 1183
1932 20.138375579905933 20.84119116511291 66.46772314287891 199 34 41 1.9909577703713941 6 1764 7 1599 8 1937 9 979 11 1681 1 1701 2 1761 5 1578 2 1757 6 1763 1 1698 7 1596 12 1577 3 1453 3 1457
1933 22.089158952891619 22.802639722878354 70.061767974823326 55 17 3 0.88298132576416632 10 1826 11 1685 12 1188 4 1486
1934 15.121696477961295 14.229695172064341 42.406218011652584 129 124 123 0.53036679527734854 10 851 11 1686 2 893 1 923
1935 15.044079919929377 14.84597295672865 38.650813660187957 35 72 121 1.6227624382519197 7 1624 11 1694 5 1620 12 1190
1936 20.484783423074109 25.897442312174736 71.081731050974327 74 114 70 1.0898390902412627 9 1024 11 1704 2 920
1937 20.484783423074109 25.897442312174736 71.081731050974327 74 114 70 1.0898390902412627 9 1023 11 1705 2 919
1938 15.418456426844845 18.303819707268513 39.518592129197764 175 169 159 1.2629845134162778 10 932 11 1713
1939 15.805334261128918 17.16429484251551 36.684382036296363 171 166 147 1.3412236704855367 8 2002 11 1714 7 2096 1 1770 2 2288
1940 20.521048161186595 30.035447482265109 66.702839647509862 146 130 130 1.7165471161216239 6 1831 7 884 8 1036 11 1726 1 1008 5 858 12 1231
1941 20.697237731814656 30.241988576331476 67.24324556403387 146 130 130 1.5245897593433488 6 1832 7 883 8 1035 11 1727 1 1007 2 1008 5 857 12 1230 3 882
1942 13.281029200196947 36.20195896612708 85.938433485497413 43 39 78 1.9174531135067145 8 1031 11 1735 1 991 5 820
1943 19.805008456785767 18.968646356605863 29.168887540895696 23 50 55 0.67662912689134336 9 2082 11 1748 12 656
1944 21.481996849357799 19.002739878220748 27.485206757691554 30 24 0 0.44858644378677592 8 2086 9 2083 11 1753
1945 21.444438822572366 19.345735258044332 27.536946732079279 30 26 3 0.78945806197948676 9 2102 11 1754 8 2087
1947 19.816916330323807 31.852516872909771 62.621323267372247 176 163 181 1.5131480011061957 6 1866 11 1758 1 1078 2 1857 12 1620 4 960 3 932
1948 20.703852082286257 20.388267747701466 28.716175220460279 53 88 86 0.91471762778813936 8 1227 11 1769 12 697
1949 21.134570995752146 20.438799836882151 28.653699446968385 53 81 67 0.31639475092856462 8 2104 11 1770
1950 14.84288812247806 35.235512755790317 67.467855501398745 93 118 182 1.6707165633435392 8 1106 11 1781 1 1074 1 1100 2 1073 4 955 4 956
1951 16.076525303519553 41.094739261859011 81.436428323492734 58 82 172 1.4300104318736391 7 947 11 1795 1 1073
1953 16.659119517320875 37.229568859936371 69.681425874155849 40 39 82 0.77759748460321632 8 2062 10 1061 11 1798 7 1685 5 1704
1954 15.357604378720767 41.807584648524774 77.078769916318578 36 51 137 1.210458164282405 6 1098 9 1220 11 1812 2 1097 5 968 4 981 3 1568
1955 12.812168777738457 20.940017405700306 29.76363350747539 38 59 36 0.57159418889253777 7 1092 10 1159 2 1907
1956 12.909534932800575 46.652501284212235 83.799940202390786 50 74 167 1.5644591371636398 9 1256 11 1837 3 962
1957 20.50847312658134 -17.719556323695432 23.396401211516281 169 150 129 0.99404699285777987 10 2019 11 1887 12 1323 13 1018
1960 21.335660780660085 -16.77898126867321 22.991320656488703 219 208 186 0.93105482273953932 10 2027 11 1908 12 1336 13 1026
1962 11.870242129165284 -16.906209116325869 34.285277874601633 208 198 195 0.99675883840324353 9 1479 10 2047 11 1932 7 1191
1963 14.549583248682264 -15.461380221630456 29.923203686764452 184 171 160 1.2652268410463261 6 1266 11 1933
1964 9.5998712177989756 -15.760405370349774 35.132522915088188 4 5 4 1.3458769799872494 9 1501 11 1937 7 1206 1 135 4 1662 3 1653
1965 19.426243298168572 -13.727662025124264 25.663967958724051 205 197 178 1.7733983094671271 8 182 9 2990 11 1941
1966 12.238196773892611 -13.954515376087933 32.235469765082506 59 50 29 1.7108867933056537 9 2266 11 1944 7 1814 1 2308 6 2426 5 2107 12 1683
1967 12.27542537065227 -12.515278449677959 33.314253780081415 80 80 66 1.2555791457764034 9 2284 11 1953 8 1491 7 201 5 1789 4 1681
1968 11.232847970610944 -11.845820816770024 32.649317478747903 85 86 81 0.93671608341956336 10 1407 11 1958 5 1149 3 1091
1969 13.70236763302243 -11.444523335983824 33.501563918334007 31 23 12 1.2915222229163361 10 340 11 1964
1970 17.687452989502869 -10.029702448877236 26.814213733972501 106 102 90 0.71494868376006793 9 2296 11 1967 12 1376 13 1292
1971 17.812433817453829 -10.009319000597532 27.331831700044507 36 33 14 0.84332774589744197 8 2282 9 2298 11 1969
1972 17.809556365312012 -9.7042947281890335 27.056803693391508 109 106 89 0.7889466352045259 9 2299 11 1970 8 2284
1973 7.6597405171045283 -7.4409748700242755 40.824436429579592 33 20 14 1.705663771177278 7 1315 9 1633 11 2015 2 1407
1974 15.644063655562475 -5.1779668965413315 29.93640507173026 65 62 55 0.43053972358931142 10 2156 11 2020 12 1712
1975 15.076821662919567 -2.7809958026772805 29.181432253730513 21 18 11 0.98232290578498005 8 1644 9 1705 10 1559 11 2043 1 1481
1976 17.076410984277267 -1.1156149475939803 27.073549968787407 16 19 10 0.82159047139334274 7 1928 8 1674 9 1720 11 2059 12 1426 13 1311
1977 10.881418598981414 -0.76983232155031744 31.956870042897442 12 13 7 0.011616742730156464 8 1688 11 2066
1978 11.601003186394031 -1.0141003063806717 30.769724751692348 199 189 171 0.94660260100965632 10 1581 11 2068 2 2135 1 1547 6 2147 5 1903 9 1727 7 1427 12 1429 4 1809 3 1772
1979 12.041462994248491 -0.62132048585614896 30.318462811564981 176 167 152 0.99384539583943843 7 1936 10 1582 11 2070 1 2057 6 2148 12 1739 5 2214 8 2382 6 2577
1980 17.378513964341757 -0.31088933007592684 26.109855216668006 169 165 148 0.9590908244413392 9 1737 11 2074 7 450 8 535 12 1017 12 1433 13 1314 11 2488
1981 8.6704424784798846 -0.38145551325313587 33.400294386110133 45 45 44 0.80452874409724418 7 1438 11 2081 1 2050 6 2166 9 1739 2 1557 4 2167 5 2223
1982 24.625641582238607 1.8352657778678114 19.665449184882824 157 146 123 1.2022078771154965 10 2214 11 2086 13 764
1983 28.246312744426419 1.6193451930229534 57.319706464746311 60 57 52 1.7076927912192623 7 1447 11 2089 9 595
1984 14.194265653179416 0.90350914593557774 29.92973778744587 60 57 52 0.47458788044628042 6 2580 10 2206 11 2090
1985 24.99628557350708 2.2405149824258879 19.429805662261707 104 98 76 0.84543712819394534 10 2228 11 2098 14 590 15 677 17 1391
1986 16.949444102459875 2.3203221176372453 27.584052051779878 9 10 2 0.47834057180182882 9 2401 11 2105 13 1107
1987 9.9408117181682591 4.3026315644122937 40.483541826334886 47 48 43 1.7551496952097196 8 705 11 2142 2 663
1988 20.945741242626699 4.7545947087845937 22.983419794959978 18 20 6 0.98526194607731188 8 2852 10 2276 11 2148 13 1143
1989 12.249053388382995 7.5063480380089134 56.059706285168296 59 52 36 1.0227409777098553 6 1665 7 591 8 1815 9 1837 11 2167 1 1626 2 1643 3 1352
1990 21.252951035889055 6.4551436116436189 24.617961214570279 58 57 41 1.5729621390059163 8 2481 9 2480 11 2182 12 1542 13 1375
1991 21.714594375044964 6.7711050090779858 22.642251417709421 62 59 50 0.88765364975627659 10 2317 11 2187 13 1179
1992 16.446652711565207 9.0911465279965391 36.217302313518168 205 199 185 0.88540024830532593 7 1561 11 2210 2 786
1993 20.978008533439002 23.653534893153438 74.234499913295082 196 43 40 1.0139156606337774 6 1760 7 1595 8 1936 9 1968 11 2240 2 1755 5 1998 4 1928 3 1879
1994 14.569898372785726 15.868488452898603 39.767544295801805 142 137 133 1.6291185188125845 6 2313 7 2081 8 1978 9 2545 11 2244 1 1745 6 1810 2 1794 5 1619 12 1198 11 1701 4 1945 3 1892
1995 14.717054404939935 16.282325485279451 38.786076735730688 188 181 175 2.1205008241163599 8 2548 11 2247 1 1753 12 620
1996 19.871513122526594 28.129093185493492 66.088971318575048 31 11 10 1.1537558444137139 8 2557 11 2255 3 1906 3 2243
1997 20.961833392250149 28.502207123654035 67.219884037575937 33 15 28 1.5061950860594351 10 2399 11 2258 12 1841 4 1952
1998 16.94010115395357 37.146885623095585 78.462761223061818 102 124 224 1.4522960130838587 7 1659 8 2031 11 2286 4 1965
1999 18.419649837234022 34.79756658983991 68.288283294983046 197 205 226 1.1661623415756339 7 1673 11 2289 8 1109 9 1152 3 1554
2000 16.160823108583553 23.716287988597685 39.506747393967657 218 240 216 1.246588711178432 7 2138 8 2599 9 2592 11 2291
2001 15.774729352534427 19.030289301053401 29.746970497350535 60 84 56 1.5132570974748032 11 2294 7 1711
2002 18.091655580946263 31.094538925382491 54.019689810257439 61 87 69 1.8116308082682291 6 1898 8 1180 9 1223 11 2301 1 1806 4 1027 3 1598
2003 14.600500858941153 42.525839970496222 83.024459797965093 117 139 240 1.3823482883964453 6 1072 7 1670 8 1129 9 1182 11 2308 1 1778 5 1692 4 1572 3 923
2004 15.196613869971761 42.97479413125518 83.723342529281169 60 87 192 1.1442272930483968 8 1131 9 2073 11 2309 7 946 1 1071 4 1573
2005 14.670136811459036 23.212504350027139 33.531589612982401 43 55 35 1.2666541333976786 10 2465 11 2317 6 2374
2006 12.060639396576262 45.530970905689372 86.71319674344646 93 108 209 1.6823209148020055 6 1091 8 1128 11 2322 2 1867 4 952
2008 12.141469979492275 49.21292342023353 88.515897868841748 67 80 170 1.4545155311325388 6 1889 8 1211 10 1148 11 2331 1 1119 4 997
2009 20.373178429559747 -17.900665211637197 20.515592789436852 193 185 162 0.71940685529734927 8 2961 11 2351 12 1646
2010 18.705196184801792 -18.276561932314792 23.498646214445898 160 149 128 2.0773405345129246 7 2531 11 2354 13 1255
2011 20.829780828175934 -17.052927432519123 23.149234376544822 227 218 208 1.5006085477627016 9 2218 10 2850 11 2365 8 1393
2012 21.871715896957873 -16.261810202671825 21.310922570567545 197 186 159 1.393247704346924 10 2020 11 2366 13 1027 14 973
2014 22.079804906562124 -14.902370934874654 21.178701037732615 171 163 140 1.1477486016990779 8 2675 11 2372 9 2244 12 1347 13 1282 14 979
2015 22.079804906562124 -14.902370934874654 21.178701037732615 171 163 140 1.1477486016990779 8 2674 11 2373 9 2243 12 1348 13 1281 14 978
2016 20.887552107765572 -14.29288552679046 23.097157327570478 228 221 205 1.0002011931808337 8 2985 11 2374 12 1895 13 1439
2017 20.261958174991648 -13.693524511896717 24.122303867561438 177 166 144 0.60869239888284565 10 2866 11 2376 12 1679 13 1440
2018 12.511123101003198 -15.629738411596122 33.075867277872128 63 50 34 1.2948029152814775 7 2217 8 2240 11 2382 7 1807 5 2096
2019 13.061716148353257 -15.134887049301847 31.796258103762163 41 33 20 1.702583052762322 7 2219 11 2383 1 2605 2 2722 5 2395
2020 8.4908345793582356 -14.389703431040362 40.665126824977186 68 73 66 0.88134291591580372 10 2566 11 2391 1 2321 2 2428 5 2409 4 2062
2022 11.191649647853316 -12.191404003225152 33.276608423504889 11 11 9 0.99098663747820392 6 2434 8 2708 9 2282 11 2401 1 2326 5 2118 3 2026
2023 11.434863921756829 -11.240501378840849 31.741140374134712 51 51 45 1.7528048122406441 8 2273 9 2706 11 2402 2 2738 5 2411 12 1903
2024 11.395141268838923 -11.452155574525044 33.902579228556853 32 33 28 1.5679909177178819 8 2714 11 2408 6 2445
2025 11.395141268838923 -11.452155574525044 33.902579228556853 32 33 28 1.5679909177178819 8 2715 11 2409 6 2446
2026 10.794546555439469 -5.6163149784073152 32.173110850685866 23 24 19 0.97476143011849048 10 2615 11 2444 5 2438 7 2297 4 2377 3 2069
2028 13.949696820847759 -2.3538949939567888 29.939612920194044 13 10 3 0.69272244363906099 9 2784 11 2471 12 1935
2029 15.226850100742192 -2.3806424962545574 28.838809286560814 18 15 8 0.97324129382020885 6 2828 8 2788 9 2785 11 2473 12 1936
2030 12.242316410032648 -1.1061188491192171 30.907257024018719 181 170 149 0.64591214868416746 6 2559 11 2482 2 2542 12 1940 1 2417
2031 17.546074741800226 4.6499755760575674 27.234449123559642 49 92 49 0.76587468926479585 7 2401 8 2850 11 2530 12 1774 13 1480
2032 17.861771123899889 4.9076753273371834 26.672900722008503 21 111 37 0.48215025229117259 7 2404 9 2828 11 2531 12 1788 13 1360
2033 25.62769697502408 5.4337912986857191 18.202712507141595 23 16 3 0.79067002957780774 10 2728 11 2535 12 1777 13 1341 14 1022 15 1151 16 1160 17 1438 16 1324 18 1539 18 1540
2034 20.056178326676612 5.7821075253470147 22.549044522883666 97 92 73 1.0261204286917553 10 2734 11 2551 12 1792
2035 11.02843993731549 8.0030516675514853 58.590557411267767 145 111 83 1.1240024812467468 9 2450 11 2555 1 2101 2 2583 5 2266 4 2208
2036 11.02843993731549 8.0030516675514853 58.590557411267767 145 111 83 1.1240024812467468 9 2451 11 2556 1 2102 2 2584 5 2267 4 2209
2037 15.303043292788455 5.7643802636447763 28.435768441551616 120 113 92 0.77466636375634257 6 2629 7 2406 11 2561
2038 22.639744751749078 6.9713981317315223 23.957958982266224 57 54 43 2.3859981523806941 9 2493 11 2562 8 2487 12 1545 13 1376 14 1047
2039 22.811523433653196 8.0782956289532084 21.269346578575178 113 72 42 1.8969375828188215 10 2978 11 2573 12 2115 13 1576 14 1053 15 1182 15 1412 16 1363
2040 16.360835399767694 10.002192176324993 37.024301694617847 196 177 163 1.5185676657930594 6 2655 9 2853 11 2576 7 2666 8 3101 1 2894 2 2867 12 1821
2041 21.779392042015331 22.298318937432338 86.963946951268866 197 118 98 0.94657454986029388 6 2652 9 2510 11 2582 5 2294 4 2235 3 2199
2042 20.653685517056882 23.291068723332391 83.106130899706116 164 142 172 0.68480489308226977 9 2516 11 2590 2 2232
2043 20.487373458378961 21.187754073420933 77.183425337353242 49 17 24 0.92068869312915536 6 2654 7 2036 8 2511 11 2592 1 2155 10 2338 2 2625 10 2757 4 2243 3 2207
2044 20.642795983562809 21.95325836183336 71.801711371848313 207 34 48 0.58704253335833334 6 2287 11 2597
2046 17.955931406899445 16.2290342613639 29.110718233839592 26 23 20 1.503090299459328 9 2558 10 2792 11 2615
2048 16.175732439923326 21.800429986281685 41.352373980754436 144 146 133 0.71035694637708036 10 2796 11 2623 12 1847
2049 18.268040639479519 20.515197587858307 28.667494465442022 38 93 43 0.046226176082973171 7 2506 11 2637 12 1862
2051 15.048543782649858 44.518956416916666 80.459234526031182 43 69 153 0.6544776162536593 6 2345 11 2648 3 2263
2052 14.157115456519579 22.917874438480638 29.931765374509656 112 113 91 0.16843246802223516 10 2480 2 2699
2053 15.6290954150688 24.679696599058168 32.638994873749766 11 31 3 1.211983205413085 10 3053 11 2661 2 2926
2054 19.900387187984897 -18.129782504885508 23.126970209669942 193 148 23 1.1732228416033401 8 2967 9 2967 11 2669 13 1429
2055 21.113762880101255 -15.622780979574593 21.864473737703371 222 213 198 0.7279993537440882 8 2978 12 2042
2056 11.678047527681048 -18.177023689004105 34.41924032827356 59 49 40 0.95373310467202688 9 2667 10 2857 11 2676
2057 9.8924013900120631 -15.878684702424184 34.490455854416432 102 101 106 1.2173332916741426 6 2760 9 2983 11 2687 7 2548 2 2721 5 2394 4 2336 3 2296
2058 11.593401760581878 -16.367870742996789 34.511136860410325 41 38 29 1.4696974915515937 7 2551 8 2681 9 2985 11 2688 1 2808 6 2979 2 2940 5 2588 4 2505 4 2645 3 2466
2059 8.5657355267375976 -14.8715130079307 35.332815756215311 58 63 59 1.3761638315296025 8 2693 11 2698 9 2265 6 2425
2060 13.031368866353862 -12.27069661020262 32.476974593645124 203 197 174 1.259222151331179 10 2563 11 2705 12 1902
2061 9.4455442916784573 -11.505582643252264 35.180695643105928 41 45 44 1.080187740373691 9 2703 11 2712 6 2452 1 2333 10 2575 2 2743
2062 11.173046125813816 -11.622851691755432 34.181895322003733 73 78 72 1.0725196350074011 7 2236 11 2713
2063 11.039626759520623 -9.3277579680333815 32.915852994352079 24 24 22 0.4334012841036391 8 2730 9 2722 11 2719 4 2358
2064 11.025660169554845 -9.3167828016653864 32.876928944469817 24 24 22 0.5318262676310529 9 2723 11 2720 4 2359
2065 11.23516825033709 -7.6694887691965903 32.617338242640642 82 83 76 0.070249745084749585 7 2269 11 2733 4 2365
2066 9.128819264545303 -6.5583564322605676 34.162781806308473 30 34 33 1.3776503733129459 6 2501 11 2741 1 2364 4 2370
2067 10.722447740860973 -3.1475527645184527 33.072128775718554 63 64 59 0.90064317764435009 7 2314 11 2757 1 2394 2 2087 5 2194
2068 11.109109710296513 -3.1554620476165187 32.174566819604799 69 70 65 1.1566953294945208 10 2923 11 2758 12 2063 4 2536 9 3030
2069 14.838310553850144 -3.1477453667686106 30.970927082910247 63 60 53 0.68420201483688514 10 2637 11 2761 12 1929
2071 12.128884582464512 -2.5112013043071157 30.626890685542122 186 175 144 0.84303845185920967 7 2321 8 2794 11 2765 9 2780 6 2540 1 2411 8 2350 7 1915 5 2203
2072 15.100717313756373 -1.2567369185324015 29.24566005487641 59 56 49 0.67889114022693353 10 2651 11 2769 1 2419 8 2373
2073 24.828908679086553 2.7234163717733368 20.838973520679229 131 119 93 1.4410711064248256 9 3218 10 2939 11 2786 12 1952 13 1459 15 1326
2074 20.865461678234492 3.7079762765495041 25.423237877865173 192 117 61 0.55319212399444218 8 3066 9 3066 11 2794 14 1182
2075 14.128675444888428 4.6316309345313407 37.611143980457122 154 150 147 1.012332202212 7 2385 11 2799 8 2838 2 2842 5 2506 12 2100 4 2426
2077 25.272731693152672 5.5838647122200609 18.339705518722866 90 80 69 0.98442611659337798 10 2965 11 2804 12 1972 16 1483 18 1665
2078 13.677640492674488 5.2317831523861065 42.863014912912405 131 126 122 0.85478718396143005 6 2870 7 2383 11 2805 12 2099
2079 21.585613764192228 18.801577350950975 85.402182622061616 206 212 219 1.0286561081165815 8 2868 11 2832 5 2518 4 2438
2081 21.282397484098986 27.157128713654281 71.385280360142445 191 180 132 1.7856064889821937 9 2893 11 2843 5 2548 12 2120 3 2425
2083 15.269546607083797 18.250949632240513 35.692624976304103 130 136 122 1.2133158143334468 10 3010 11 2852 5 2707 12 2129
2084 16.847546798872905 23.620480046791833 41.48655866788868 63 83 102 0.68449686593434989 10 3027 11 2863 12 2135
2085 15.448029719547934 18.886417455961574 28.935574611043545 47 73 51 1.9153470499688201 6 2955 11 2865 12 1861
2087 11.75534838274605 -13.953720992538704 33.884545346824019 92 93 88 1.1811920531221971 6 2768 8 3008 11 2893 5 2594
2088 12.051080928828194 -5.9047124584249779 34.595887420728118 73 74 66 0.57677321859737363 10 2911 11 2911 12 2055
2089 11.057196298678672 -0.44881327897772755 32.122961970803708 60 61 53 0.52600030483524585 8 3050 11 2933 12 2075
2090 17.34134025828806 0.25756988376258866 25.815334702174468 183 177 154 1.745226380051347 7 2340 8 3241 9 3206 11 2934 12 2264 9 3341 13 1712
2091 24.936539036412771 1.7274899289232049 19.665343999245529 163 152 121 0.76923503915037117 10 3125 11 2935 12 2076 13 1538 14 1168 15 1324 16 1534 17 1662
2092 23.584978831774183 5.4633692282126818 23.407441425639835 43 36 30 2.2422083530354864 8 3080 10 3302 11 2954 12 2094
2093 24.500734455509637 5.659868310302735 19.736919885729634 46 41 37 1.0719959138479536 10 3153 11 2955 14 1186 16 1560
2094 14.867763770278287 5.0199061057635381 28.502286730281906 32 26 14 0.48947826222036128 6 3049 7 2811 11 2966
2095 14.867763770278287 5.0199061057635381 28.502286730281906 32 26 14 0.48947826222036128 6 3050 7 2812 11 2967
2096 16.921668061025827 8.0648664492549251 36.717465016127925 215 198 189 1.7988566392150438 8 3405 9 3369 11 2977 6 3290 7 3016 6 3059 1 2885 1 3006 2 3016 7 2414 12 2283
2097 17.309135366476731 12.761241111409063 38.337760559418776 154 142 128 1.1053247089369238 7 2446 9 3101 11 2987 1 2503 12 2116
2098 19.564167548144418 29.473796677368561 72.034983451426513 219 222 176 0.65457745541232959 6 2922 11 2994 3 2428
2099 14.202208944256125 18.873737616655806 35.510555230007043 136 134 122 1.9473052001668674 6 3104 7 2852 8 3318 9 3280 11 3001 1 2924 2 3056
2100 19.81878123998294 18.165011928381578 26.820549020621399 105 134 120 1.6223591384071021 7 2865 10 3210 11 3002
2101 18.963204484735513 19.553012891915351 29.663755467796673 69 120 64 1.2808114222739544 8 3329 9 3287 11 3005 13 1633
2102 18.963204484735513 19.553012891915351 29.663755467796673 69 120 64 1.2808114222739544 8 3330 9 3288 11 3006 13 1634
2103 11.84048122245628 -7.1575660549214435 31.78248786261744 36 25 21 0.82323207501593842 8 3367 11 3044 7 2899 9 3322 1 2963 2 3112 12 2247
2104 11.838917786131672 -7.1708166443328025 31.783693236438541 36 25 21 0.68950460785719869 7 2898 8 3366 9 3321 11 3045 1 2962 2 3111 8 3207
2105 17.69864124242357 -0.93032426996365314 26.188883936914035 185 179 156 1.929563406331722 7 3006 9 3338 11 3066 12 2258 13 1710
2106 16.140467944900372 -0.17120461495383599 28.104366178944634 78 83 76 0.56158855342296898 6 3163 8 3379 9 3340 11 3068 12 2183
2107 17.641797127588422 0.71639808799946547 27.211885286062245 22 24 13 0.86144442422241752 7 3008 8 3381 9 3211 11 3072 13 1654
2108 10.611268208864701 1.3278487140707984 31.750056721915939 44 44 41 1.2205843423338931 10 3287 11 3077 2 3255 1 3095 4 2690
2109 14.662789979235201 3.6560188439246577 39.999784322127276 141 138 131 0.27320855795376348 10 3293 11 3083 12 2272
2110 17.28593614310811 5.8051215517091137 38.571793660398917 151 147 136 1.0435309161395578 10 3148 11 3088 1 2878 12 2196
2111 23.950396521184331 6.5376250859970444 23.814827131832111 34 31 24 1.3348376638983352 8 3408 9 3365 11 3090 12 2197
2112 23.950396521184331 6.5376250859970444 23.814827131832111 34 31 24 1.3348376638983352 8 3407 9 3364 11 3091 12 2198
2113 18.681932391442228 9.3388634740454552 58.816790079376787 32 34 43 0.34505983052808409 9 3235 11 3094 7 2644
2114 23.191680830059497 6.8232780589476789 24.178315290924921 93 92 74 1.1395186945579419 9 3372 11 3096 15 1450
2115 23.191680830059497 6.8232780589476789 24.178315290924921 93 92 74 1.1395186945579419 9 3373 11 3097 15 1451
2117 8.4863784040014814 -17.871764043482184 34.282997393419684 217 212 207 0.76036400053686393 9 3431 10 3359 6 3257 1 3068 2 3220 5 2851
2118 8.3696617092421164 -7.9631364426476416 37.433190184021569 7 11 14 1.2036215953729537 9 3441 10 3264 11 3145 1 2966
2119 17.438334317477562 7.8427066125085396 57.074526564550666 126 122 119 0.94073018132996267 6 3285 7 2924 8 3389 9 3352 11 3163 1 2992 2 3259 5 2884 4 2802 3 2744
2120 24.578818861968678 6.7610734843574809 16.978453834412335 97 92 64 1.3626643931434621 10 3397 11 3168 12 2202 13 1673 14 1293 15 1445 16 1687 17 1808 18 1824
2121 22.07811748965122 6.6897925944305108 16.537286777337144 109 98 80 0.91873921333698549 11 3172 12 2278 13 1675 14 1299 17 1860 18 1829
2122 23.45221531505565 7.0163244970066394 17.491975770524004 109 98 80 1.90034079325699 10 3313 11 3173 12 2279 13 1676 17 1861
2123 21.141193662201324 19.487192526733295 65.580842271824878 24 24 47 0.5225446641753394 6 3199 11 3183 1 3020 2 3172
2124 18.695092017966687 30.401669546781868 60.431465057909449 161 131 142 1.1600130217455953 6 3220 9 3399 11 3191 1 3036 5 2902 4 2825
2125 15.971921019237714 21.535369579782348 38.322739752438821 195 182 181 1.5609911835308592 6 3229 7 2960 9 3402 11 3192 12 2298
2126 21.126857482494746 -17.204308838013677 22.773569822009414 145 108 43 0.94975511186270334 10 3436 11 3208 12 2320 13 1703
2127 25.231954444136612 2.2835761065374696 19.260111239569209 73 65 53 0.71045439511352815 10 3459 11 3231 12 2331 13 1713 14 1316 15 1475 16 1719
2128 16.511330350495669 -7.6632053348076905 29.029788384953939 61 59 47 0.78431563143101879 10 3486 11 3266 12 2403
2129 14.913725044099341 -5.8653746032024161 29.801755057777225 61 58 51 0.82991337250584274 6 3381 7 3098 11 3270 1 3206 12 2367
2130 17.944049611214851 -1.5686597448540749 26.230984582335232 190 185 163 1.0326173726310521 8 3599 9 3558 11 3274 12 2374
2131 14.57692289386063 -1.8292416199874073 29.41238059524937 61 58 51 0.85794551193425839 6 3389 7 3105 11 3277 8 3547 9 3512 1 3215 12 2377
2132 14.531676702657247 0.072828507819093016 29.346781641768786 57 54 47 1.6244792964582395 6 3392 10 3452 11 3280
2135 9.9568220712830566 -1.8283289193004526 33.570515660085483 59 60 55 0.57859613076797745 6 3386 9 3556 11 3315 7 3102 8 3600 1 3212 2 3409 5 3023 4 2914 3 2876
2137 25.150655982227569 4.219586807180745 19.957763828861943 157 145 119 0.70339852830692728 10 3568 11 3341 12 2445 13 1775 14 1367 15 1539 16 1782
2138 22.035634674123315 21.039896483850708 90.090990684339886 79 50 72 1.2573392570891029 6 3461 7 3175 8 3667 9 3627 11 3342 1 3288 2 3445 5 3054 4 2959
2139 21.797587217717414 15.970193409343935 46.787256317648776 203 195 176 0.84980961301989577 10 3604 11 3373
2140 21.797587217717414 15.970193409343935 46.787256317648776 203 195 176 0.84980961301989577 10 3605 11 3374
2147 14.852589860813783 25.533448934691105 36.928977650325692 13 42 20 1.8123227227953014 10 3575 11 3349
2149 4.0071324504685011 -22.790225061814937 38.039899880130299 146 117 93 1.6516732353344121 6 44 7 43 8 74 10 56 1 24 2 31 5 32
2150 9.0316230338963663 -19.486868123215913 36.751667028599066 167 159 145 0.91634278054721729 8 121 1 55 3 1045
2152 8.8592332145601631 -17.14757293748545 35.320839922530133 224 212 197 1.4822713482777365 6 1263 7 1188 11 196 1 93 2 1254 4 1120
2154 10.125735227927883 -16.537818700921296 35.655368944416047 102 105 96 1.1736845900601038 8 200 1 133 3 111
2155 13.016110895884633 -12.198888635314432 32.451142154739593 202 196 180 0.73954328006171299 6 197 7 203 8 270 1 186
2156 13.016110895884633 -12.198888635314432 32.451142154739593 202 196 180 0.73954328006171299 6 196 7 202 8 269 1 187
2157 12.868075121393046 -12.232446067549786 33.762992468261132 196 187 165 0.97204699736785261 8 284 1 211 5 1150 6 1312 7 1248
2160 8.0674078635548714 -7.0952257743448861 36.755910959245043 39 43 42 1.044782219328962 6 329 11 371 1 306 7 288 8 376 5 271 4 283
2161 -8.0747585430603674 -1.8647603553712939 19.020696974028208 71 22 0 1.4767642479153589 6 409 1 388 4 363
2162 -9.6618314620495696 -1.270075484069469 19.388912063954855 85 16 0 0.9558985208041344 6 436 1 414 2 453 5 374 4 413 3 440
2163 -9.0864337278208165 -1.4565026683641409 18.374876642362743 189 111 54 0.98701539435463348 6 1492 1 415 2 452 5 1313 4 1263 3 1225
2164 -9.0930293793878043 -1.295135758488891 19.087506742488792 84 18 1 1.2078105398042169 6 440 1 418 5 376 4 416
2165 -8.2787317892721575 -1.3267495100712492 19.572262975145374 57 4 0 0.98289150324245678 6 2126 1 431 2 1497 5 1321 3 1249
2166 -10.200804576646521 -0.85621315695730893 18.433504978305859 114 71 56 1.1415088236978483 6 431 1 450 2 492 5 408 4 411 3 438
2167 -8.333855873920534 -0.68956983345533562 19.017146408057538 76 28 28 1.0124902236958313 6 467 1 459 4 440
2168 15.806863187895175 -1.1363846109745193 28.521370206493085 146 152 145 0.44748187242597526 6 499 7 415 1 473 12 294
2169 -9.4917886416062984 -0.18718302922464958 18.893843350662905 95 38 1 0.84067024048018479 6 518 1 486 2 515 5 1353 4 467 3 1261
2170 15.710419186673306 -0.64898222705824704 28.427996030200912 132 145 138 0.46954384543941863 6 503 7 417 1 515 12 305
2172 -10.504839274725152 -0.1523869744109784 18.192215157021927 100 74 51 1.0243537489310177 6 511 1 538 5 423 4 461
2173 -9.8880789964394999 0.11738967715937307 17.51683822591648 30 12 1 1.2315206113787351 6 515 1 541 5 449
2174 -9.1194878612110148 0.0043712722439558779 19.112176072439873 165 109 91 0.89032419656371431 6 523 1 545 5 453 3 482
2176 -1.0973087690081358 3.375367425910726 51.143715873898941 165 146 138 1.6632981699831322 6 621 10 632 1 612 7 516 8 655 4 1338 3 551
2181 4.6385615691803093 7.4490578032813195 51.832536357406447 161 160 168 1.2069812824171033 6 1659 7 623 8 757 9 793 10 1723 1 726 5 587 4 623
2183 15.786637029610834 4.7478230986223426 28.201545250689588 131 126 112 1.054036962274187 6 746 7 632 8 771 1 766 13 459
2185 15.740895733103306 4.5441049059986041 27.507884383543693 26 20 8 0.80621229800385197 6 1679 8 774 9 738 1 768 12 473
2186 19.972974356283785 11.18772571638354 62.653723605773749 19 21 36 0.46011397837260515 8 812 11 751 1 792
2189 15.919813509472711 5.4727980254195252 28.197853302695727 89 123 107 2.0024789108102392 7 674 8 823 1 803 12 519 13 927
2190 15.308090679547671 13.775738295337074 38.650655146866207 139 134 134 0.60190406922737871 10 876 1 926 2 896
2191 20.187968992221474 24.273423537266524 67.007344281140973 81 120 71 0.77766745770152335 6 938 11 844 1 940
2193 17.240958038781624 14.551709616677538 27.80212758285726 109 103 93 1.2278474393968741 10 1855 1 1050 12 1203
2194 7.7003754882637088 -18.927037963073087 38.858737116914988 220 210 200 0.75350934702516259 8 138 10 1302 1 1268 3 1053 2 87 6 85 4 91
2195 7.6767546086451839 -18.817946240169181 38.657032983271577 220 210 200 0.52351148049426999 8 139 1 1269 3 1054 2 88 6 86
2196 8.205390318538802 -17.423327171866948 36.82264953418791 76 73 71 0.65222901908229136 7 1186 8 1444 9 204 1 1273 2 1271 5 1105 4 1119 3 1649
2197 15.056573689762901 -12.003916041117918 32.082940399977211 12 7 1 1.0504195337277138 8 1492 9 1544 1 1315 7 1827 6 1313
2198 -10.080850761483834 -3.6497206743842852 18.007675301085339 64 39 33 1.2633037161636234 6 2060 1 1388 2 2047 5 1243 4 1215 3 1175
2199 -10.0412534132433 -3.5727181662616965 18.132664138218118 35 7 0 0.95589263472059194 6 1397 1 1389 2 337 5 1245 4 296 3 1705
2200 15.468041801170216 -4.5404096891348154 27.607621427259069 190 170 169 0.4565349238610974 7 1337 8 423 9 450 1 1413
2201 16.080175888899955 -4.4853852040756177 28.296534979593797 181 155 156 0.65743075547705365 9 1658 11 1403 1 1420
2202 -9.0183858574140316 -2.3133300766238643 18.937495130792023 213 187 192 0.87905808811476649 6 386 1 1429 2 400 5 327 3 394
2203 -9.1878898726308602 -2.3484478027900924 19.352176488622423 213 187 192 0.88427378214424424 6 387 1 1430 2 399 5 326 4 360 3 393
2204 -8.7295627170193271 -2.2007220378849555 20.41719273650147 45 12 0 1.0693644679407774 6 1465 1 1470 2 2079 5 1298 4 362 3 1726
2205 7.4119461995665086 -3.6679698007734958 37.931461412255977 37 23 13 0.91374901574438694 7 352 10 1551 1 1475 5 362 4 372 3 1213
2206 -10.51301864733008 -1.6463527983822266 17.889733026731616 153 78 56 0.81189280332331981 6 1488 1 1488 2 1454 5 1307 4 1257 3 1219
2207 -10.33641006586868 -1.3069122386342624 18.238901696906499 127 75 62 0.71911233650195694 6 1518 1 1492 2 1481 5 1311 4 378 3 1222
2208 -9.220241636554622 -1.620429280434325 19.131836035030467 124 73 43 0.98683703913056819 6 1493 1 1498 2 456 4 380 3 418
2209 -8.757617469382506 -1.4279832501623286 18.310768941222456 92 31 1 1.180463137239848 6 1496 1 1499 5 1314 4 382 3 419
2210 -8.5886956771522343 -1.4832171067327402 20.120621805370099 196 112 52 1.0706987205773337 6 1504 1 1500 2 1496 3 425
2211 -9.5644177261505146 -1.0337030365944078 16.932391146822461 95 67 54 1.0852400233010353 6 2124 1 1515 2 1510 5 1885 2 2107 3 1749
2212 -10.211239672335461 -0.964830330804753 18.318453590460024 71 27 8 1.229251469929904 6 428 1 1516 5 1333 4 410
2213 -10.078844247147508 -0.6637265021562555 17.521147614314049 167 81 25 1.1428162754069486 6 1532 1 1518 5 405 2 491 3 455
2214 -9.4033007839559417 -1.1009532590694007 19.942821066323233 40 5 0 1.3607518901432727 6 1522 1 1520 2 1513 5 1338
2215 -10.563435364840421 -0.49303055990676309 18.440382188458138 77 15 0 1.2622414604332131 6 1529 1 1528 2 511 5 422 4 1288 2 2118 3 1757
2216 -8.4550386392852666 -0.62515030060653676 19.570481769041319 49 9 0 0.99882488233491018 6 1537 1 1535 2 519 4 1293
2217 -10.336213565604297 -0.15501046541113614 18.466676012351719 35 3 0 1.011151799996608 6 1557 1 1557 2 1524 4 1310 3 1777
2218 -9.2531182926574864 -0.01767797593762057 18.375370117120458 42 8 0 0.88859015506556138 6 519 1 1559 3 480
2219 -9.7381909125335415 0.72299930929033074 20.29483704798669 32 30 25 0.94037980344902561 6 1568 1 1565 5 1381
2220 15.556010380214486 2.7069896427320583 29.18945863495852 13 10 1 1.0185357089842484 8 1718 11 594 1 1598
2221 11.587220000913694 4.9400206234070065 36.115449964066343 157 157 155 1.0312847415576558 10 1705 1 1630 5 1483
2222 14.917404955759091 4.8095380018412079 37.754251876703364 112 107 101 0.91456456483928061 6 1648 8 713 10 668 1 1634 2 2185 5 1458
2224 14.442346185344212 6.1550315255867183 30.010653606594058 110 104 89 1.3295426300979185 7 667 8 817 1 1663 12 547
2225 18.592381751831041 33.314526770573238 74.573001808528574 91 94 125 1.0716142554448411 11 2264 1 1768 4 1957 7 2094 8 2560
2228 10.137525939709336 -15.404188012103029 32.831506434369629 59 61 50 1.3392191013817267 6 1983 11 1930 1 1897 4 1665
2230 11.174549522167185 -11.728691723972252 34.196367869842355 80 83 76 1.1953660867224969 8 2272 1 1918 2 1986 4 2073 5 2124 3 2030
2231 8.4929934023542746 -6.3973715672513647 32.515893979430189 83 85 84 0.6465178845112336 7 1884 8 2762 1 1974 2 2476 5 1834 4 1735 3 2063
2232 -10.414426917807539 -3.5005222939531384 17.96343016832434 112 64 45 1.6854033048053885 6 313 1 1975 2 1401 5 1242 4 295
2234 15.168434120060642 -4.3260565244806948 27.382127811256474 73 50 52 0.75624473916423374 6 2077 8 2344 9 1652 1 1994
2235 -10.005518851265577 -2.3527944313143667 17.313520669602063 131 72 41 1.4649147167410097 6 2082 1 1997 5 2186 6 2512 3 1718
2236 -9.4915091165324412 -2.5896435458178781 18.705233059827059 18 1 0 1.2721990396958405 6 2513 1 1998 2 2069 5 1853 3 2084
2237 -10.111762130222246 -1.2234040240850192 16.97483773430918 37 12 0 0.93605509123110375 6 2123 1 2026 2 1479 5 1308
2238 -9.0160792172048918 -1.517975319495112 19.387622905931106 88 23 0 0.95174064727541008 6 1499 1 2027 2 1487 5 1316 4 1265 3 1226
2239 -9.1299433470802018 -1.1642898566840616 19.031815961891215 156 85 42 0.8740374400017471 6 2125 1 2035 2 2111 5 1336 4 1787 3 1751
2240 -10.436385220523865 -0.50627934636392136 17.911290218313951 167 85 39 1.2499748097357619 6 2130 1 2042 2 1521 4 1792
2241 -10.379243409276063 -0.50722168163367687 17.794218840664097 167 85 39 1.1495060336164522 6 2129 1 2043 2 1522 4 1791 3 1756
2243 -10.299379818047626 -0.058965660240540556 18.621092813616919 108 72 54 0.98582230955019257 6 2158 1 2060 2 2139 5 1905 4 1312
2244 -10.193256924810473 0.068785007018264135 18.617524026482997 25 8 0 1.0740673610198137 6 2161 1 2061 5 1371 4 1313 3 1275
2247 9.8541217144828384 -24.5597681788343 39.495887313068202 210 196 170 0.93289785227604272 11 2350 1 2291 2 2379
2248 11.301474352060778 -12.31794369827287 33.659500527399302 9 12 5 1.0893694671692213 6 2435 8 2709 1 2325 9 2283 5 2119 3 2027
2249 14.423826258756201 -11.075966784412433 30.419556426350816 13 10 5 0.48662295098405661 8 2276 9 2294 1 2327 7 1834
2250 13.846638354480147 -11.011460222552872 30.74005972962982 5 1 0 2.0452898724390161 6 2780 7 2560 8 3015 9 2292 1 2328 2 2948
2251 14.162556957404291 -10.94242280245988 30.58552848854988 45 41 40 0.91497051516270744 6 2781 7 2561 8 2718 9 2708 1 2329
2252 14.162556957404291 -10.94242280245988 30.58552848854988 45 41 40 0.91497051516270744 6 2782 7 2562 8 2719 9 2709 1 2330
2254 7.5886806100489901 -10.865836798624837 35.804357963780731 50 54 55 0.46965999766773364 7 2248 9 2715 10 2582 1 2336 2 2435 5 2135 3 2037
2255 8.9853903838477596 -10.553394564916704 33.324612081765629 48 52 49 0.73490762298068002 8 2288 1 2339 5 2132 6 2454
2256 12.480332371035162 -9.7699879610097344 31.274674399853691 206 199 181 0.76676932824827715 7 1850 8 2292 1 2342 5 2140
2258 -10.377326500822885 -3.3629834081993195 17.653383731900753 28 2 0 0.92220761518410055 6 2495 1 2365 2 2480 5 2170 4 2118
2260 -9.8273424026669627 -2.9661403681230061 17.268179673366529 47 14 3 1.1737135089806687 6 2804 1 2379 2 2484 3 2335
2261 -9.9059238308392512 -2.9859485578578235 17.432979418005385 47 14 3 0.99483465664218307 6 2803 1 2380 2 2485 5 2440 3 2334
2262 -8.4256972596597208 -1.8505772721517779 19.512838690678205 73 24 0 1.4635383836468479 6 2530 1 2393 5 1862 4 1778
2263 10.780950777431851 -3.1714174096296164 33.243604442584918 66 67 62 0.7733776497297612 11 2756 1 2395 2 2503 5 2193
2264 -9.9450267278484326 -1.4364160355809128 17.093065997951626 47 7 5 1.0590663259184965 6 2528 1 2403 2 2509 5 2198 3 2096
2265 -10.229672874058629 -1.2974695604347188 18.503092489670813 41 16 9 0.80739351220926736 6 2830 1 2404 2 2510 5 2199 4 2143 3 2098
2266 -9.3858908890787713 -1.6631816885417989 19.145871683570377 41 7 4 1.0323925547124626 6 2529 1 2405 2 2513 5 2456 4 2144 3 2099
2268 -10.074863295085272 -0.9893447340618684 18.267443448063169 57 20 3 0.72788549040845518 6 2831 1 2414 2 2523 5 2206 4 2152 3 2107
2269 12.230892271707406 -1.1189872206496996 30.882311396899464 195 184 161 0.78530376777579336 11 2483 1 2418 12 1941
2270 -10.536489189376132 -0.36139472279995621 17.930752605458309 58 16 0 0.81005701099546223 6 2548 1 2422 2 2530 5 1891 4 1790 3 1758
2271 -8.8401431515549227 -0.11173269888185211 19.383225861871264 18 5 0 0.8441331131820814 6 2568 1 2432 2 2551 5 2218 4 2163 3 1278
2272 20.808779523692923 19.99323019973118 90.037803488950431 203 206 214 1.1855754158607037 11 2831 1 2484 4 2437
2274 16.104421167050432 17.90265635364938 28.063143127754905 63 119 67 2.727731470937337 6 2717 10 2813 1 2551
2275 16.101877314941003 25.435509961255608 33.602049591278508 9 29 1 2.2365911682568087 10 3052 1 2572 2 2925 11 2662 7 2875
2276 6.5146428878571641 -20.082021464417085 33.859788548920868 55 41 35 1.1280154013259203 7 2204 8 2979 1 2590 2 2388 8 2213
2277 11.870335881190499 -15.675096916847133 35.384890419665318 9 9 7 1.2464282364650232 7 2225 8 3003 1 2610 2 2726 5 2399 4 2345 3 2300
2278 7.3181736730839759 -12.342079793137433 35.736580190352008 104 105 105 0.67912863684725955 6 2440 7 2558 8 3013 9 2700 1 2623 2 2427 3 2308
2279 7.5256612701105796 -11.900974014219884 33.137529866568983 59 63 62 0.36034996092485266 10 2881 1 2624 2 2735 7 2559
2280 14.567943122728598 -9.1744257648308842 30.876336417605685 18 15 8 0.5953823464588337 7 2251 8 2733 9 3010 1 2632 6 2788
2281 -9.967612844864929 -4.9508681234117029 17.196013091482655 30 19 10 0.94417909168258496 1 2634 2 2752 5 2149 4 2088 3 2045
2282 14.289485633076829 -8.6836478357417057 29.477826400920691 58 55 48 0.63691367470524585 7 2260 8 2735 1 2640
2283 -9.6326119053038326 -3.7043853869148853 17.110049517087749 60 31 22 1.2036523712293183 6 2796 1 2654 5 2163 3 1704
2284 -10.092418713662541 -3.3909539729273184 18.226073889936799 115 63 15 0.81293110332450169 6 2998 1 2657 2 2768 5 2433 4 2374 3 2336
2285 -10.315161045065658 -1.1929034807075038 17.933950047214505 38 11 10 0.82159509314638612 6 2829 1 2674 2 2792 5 2453 4 2151 3 2356
2287 13.29265230953906 0.70378652109390261 28.515235874958645 15 12 6 0.57784391315674288 10 2664 1 2689 2 2813 8 2810 7 2344
2289 14.635581609130613 2.9490082110529143 40.327900789312736 153 146 136 1.2831751661849973 11 2942 1 2702 2 2835
2290 14.624170449983527 3.3721316588028403 32.45469583550738 153 146 136 1.0933117077025667 9 3225 10 2692 1 2708
2292 16.896752451395901 4.4346557121563484 28.830756449691869 16 8 2 1.3677936649426981 11 2800 1 2725 12 1966 13 1562
2293 12.539630070808119 -17.416257521427113 36.300836625404571 221 210 188 1.3551326667045407 6 2980 8 2996 9 2984 1 2809 7 2542 2 2941 5 2589 4 2504 3 2468
2294 10.738295560184032 -7.7707673893620139 24.172414474440938 41 38 31 1.4648879044960292 6 2990 10 3090 1 2817
2295 8.7327300334021949 -7.2438788203377946 32.442016465537989 18 18 18 0.52292014306502632 6 2997 7 2759 8 3212 9 3014 1 2821 2 3110 5 2607 5 2748 4 2523 4 2659 3 2485
2299 -9.6503142978325425 -2.4303584477809741 18.009253077717879 59 25 15 1.1902140961111898 6 3008 1 2834 2 2971 4 2384 3 2344
2300 -9.045460032760154 -2.5907026706111451 19.068062494701078 19 4 0 0.78223502570500469 6 3009 1 2835 5 2617 4 2533 3 2492
2301 -9.3311343998243892 -1.3970713328093367 18.870294848178787 189 81 11 0.91965075179104538 6 3011 1 2838 2 2973 5 2623 4 2538 3 2495
2302 -10.338518886701461 -1.1017750815398206 17.469935003098797 41 17 4 0.8721765706345801 6 3014 1 2841 2 2799 5 2465 3 2355
2303 15.302338241154949 -0.99645061475656505 27.459094043671829 33 43 34 0.51569383271105818 7 2782 8 3237 9 3203 1 2843
2304 15.291581600862004 -0.99657978959916294 27.41738086984844 33 43 34 0.43067016698031679 7 2783 8 3238 1 2844
2305 -9.9009406005878002 -0.079326848195465538 18.370541903967055 162 65 35 0.98153990636591415 6 3021 1 2851 2 2810 5 2475 4 2162 1 2430 3 2125
2307 2.060163410719781 -23.32285323103784 33.665970052105585 96 69 49 1.4072505715854802 6 3124 7 2878 8 3345 9 3301 1 2948 5 2728 2 3084 3 2587
2308 7.6247272239150359 -11.572668828324822 36.581510681747858 94 100 98 0.88552841226163792 7 2895 8 3206 9 3317 1 2961 5 2597 3 2610
2309 -9.7484563764623484 -3.2157743105619625 18.268078379643665 11 12 9 1.2404701769037676 6 3265 1 2970 2 3116 5 2754 4 2665 3 2488
2310 4.0816554004945527 -20.253602378726939 33.073946033004106 39 26 17 1.3731914797663565 8 3352 9 3429 1 3064 4 2753
2311 7.745921117488261 -14.408404479120644 37.11931095352049 110 114 113 0.66160874718776597 6 3135 7 2894 8 3360 9 3314 1 3073 2 3102 5 2744 4 2652 3 2606
2313 -10.16630618971212 -0.7389082758448664 17.399186710722539 174 64 9 0.88967842521263751 6 3271 1 3086 2 3243 5 2870 4 2779 3 2729
2314 -10.16630618971212 -0.7389082758448664 17.399186710722539 174 64 9 0.88967842521263751 6 3272 1 3087 2 3244 5 2869 4 2778 3 2728
2315 -9.8221604108741118 1.576014028685067 20.490898776594289 16 8 6 0.71135912939461288 6 3341 1 3098 5 2937 4 2797
2316 -9.9707611242116556 6.4663553712000086 19.645726813813955 116 108 97 0.79743252793425345 1 3109 2 3331 5 2949 6 3357 4 2811 3 2803
2317 8.3630515630937392 -19.81906304901208 36.065622317079118 146 135 117 0.64907848387496203 6 3318 7 3044 8 3536 9 3504 1 3138 2 3301 5 2915 4 2839 3 2776
2318 12.280696816171845 -8.7714561751192974 31.392922654192645 210 201 172 1.0855850847607051 6 3324 7 2991 8 3466 9 3438 10 3441 1 3144 2 3307 5 2922
2320 -9.477264981097548 -1.9783350768756025 19.242868856320062 54 25 14 0.69207910681263851 6 3333 1 3150 2 3315 5 2928 4 2843 3 2782
2321 -9.2838656292807133 -0.74691985685726459 19.18727949751429 32 10 7 0.8022479501586256 6 3337 1 3158 2 3319 5 2934 4 2848 3 2787
2324 11.992815385454607 -1.7602469053455174 30.982100832116348 210 196 167 0.48473563384280355 11 3275 1 3213 2 3360 5 2974 12 2375
2325 11.992815385454607 -1.7602469053455174 30.982100832116348 210 196 167 0.48473563384280355 11 3276 1 3214 2 3361 5 2975 12 2376
2326 13.927110690272304 -1.7717353984549373 27.896645288958933 64 61 54 0.72073699482536902 6 3388 7 3104 8 3546 9 3511 1 3216
2328 13.795308670873229 -17.954816696628164 36.686803900827186 147 134 118 1.092341668657981 6 3453 7 3141 8 3630 9 3594 1 3279 2 3435 5 3046
2329 16.16658459002003 -4.1848030015282793 28.943834741893479 78 51 52 0.65655143419940731 10 466 6 1441 1 1415 9 485 11 467 12 956
2330 3.2769711693164965 -2.7970961572538493 40.276965154090369 103 84 71 1.2696227166456013 10 505 6 1526 1 1502 10 2926 8 2790 7 1909 8 1654 2 1499 5 1325 3 427
2331 13.881387470206892 15.647633195592825 37.237684742361346 138 132 126 1.3693566221929863 6 2694 11 2606 7 2690 8 2898 1 2528 10 2380 9 2546 2 2654 5 2330
2332 0.96853626960915395 -22.239615685064717 31.495404472006385 70 54 37 1.3529072377008531 6 1 8 4 7 11 5 0 9 27
2333 9.3902502254754463 -18.446451618425581 36.728464595463805 96 84 68 0.50593527970552943 6 87 7 95 8 141 9 177 1 70 5 75
2337 2.8539563102860606 -11.867729113443573 40.474773007313246 103 71 46 1.416535398239579 6 2460 7 2247 8 3020 9 3000 10 3088 1 2628 2 2746 5 2134 5 2418 4 2357 3 2036
2341 4.4816121618597196 -22.375395798648992 34.097189068466157 169 157 141 0.78463733328183416 8 32 2 13 4 6
2342 6.548638940313003 -21.27495782814902 35.403039376401111 53 29 24 1.0206851920451057 1 27 8 79 2 36 4 1091 3 1032
2343 4.3828023720297393 -21.634442983901916 41.017439929749592 179 141 97 0.99047632555461151 10 135 2 73 5 63 7 75 3 58
2344 8.0542674849227271 -18.070976978015295 40.538460230687491 116 118 110 0.70595939940847774 6 1285 10 218 2 131 5 101 4 1128 3 132
2345 11.292223652640077 -9.7599691059886791 32.955150263781626 81 81 79 0.78965163998124777 8 316 11 1325 2 248 5 203 4 221 3 236
2346 1.3679878867472828 -9.747584453873845 39.699434751552609 130 98 70 0.8280072491150352 1 264 6 1371 10 1456 2 275 5 1211 8 327
2347 7.9722625198657546 -7.0897937561475901 37.142566296018003 21 23 22 1.3916290831867686 6 328 11 1357 2 317
2348 5.4165809449250206 -5.774330660010814 38.927418905003712 105 67 38 0.72327609902251999 7 302 10 452 2 380 3 348
2349 3.5230727317953474 -3.644348994263539 36.411728716327595 133 106 85 0.59512481210225743 7 350 10 491 2 432 3 401
2350 4.9993888847700436 3.6955817648410885 41.315696304552681 114 93 106 0.75213029610947546 1 663 7 520 10 662 2 661 3 584
2351 14.869716513585745 4.2907644304343728 39.478106156192474 186 185 183 1.1138361007790794 10 1660 2 694 5 1938 4 613
2352 21.48538247432084 23.468542742696371 76.26147811653793 180 48 68 0.50539267888859185 11 821 2 859 4 788 3 777
2353 16.406366751912675 32.729110360115598 87.378765711757296 118 119 124 1.2459320566126708 11 875 2 934
2354 16.291308649336422 21.676246227597634 39.03351509316682 212 208 197 1.2533595738650753 10 999 2 1109 5 987 12 685
2355 0.36307483347910657 -20.822402675095546 34.776100640484735 152 136 111 0.76790668355783664 6 35 7 1778 8 68 2 1228 5 27 3 29
2356 10.785369443748495 -16.479301677717466 33.091522424931313 107 94 80 0.71996876302078938 11 1242 2 1258 4 1117
2359 12.012913266354987 -14.186679090978934 32.171108986745999 83 85 72 1.7580000782681371 1 1907 8 1470 2 1286 6 1990 12 894
2360 11.215022363590517 -12.384193665249896 34.118717934111487 83 84 76 0.61518652749678926 11 1957 2 1307 5 158 9 306
2363 2.873898675394436 -5.7880731078971497 39.140755595863936 93 75 71 0.93989282486986048 10 2157 2 1424 4 1230
2364 -9.0017895161289641 -1.593599039318863 20.307841064327192 141 48 0 0.79502553712982216 1 420 6 1502 2 1490 4 391 5 381 3 1232
2365 7.5943784332417303 -0.26999757673632163 47.104890886112329 64 54 51 0.93137333173546633 7 1944 10 1610 2 1555 5 1909
2366 16.416603544984234 5.982060246706113 36.960644935963138 129 124 118 0.85542554920088898 9 1874 11 693 2 1662
2367 12.028637654032442 47.946270426921707 83.966358037680678 34 55 137 1.8753682732779027 11 2336 2 1875 3 1944
2369 -0.68247250562071393 -20.765409269056395 31.779009950083807 231 229 217 1.6196162053545253 7 1153 8 27 2 1936 4 8 3 1024 9 35
2370 -0.4886052329231319 -21.707494869853626 33.294065848583195 173 165 144 1.0305671382488284 7 1771 8 2659 2 1938 5 1755 4 1640 6 17 8 28 9 36 3 1635
2371 4.5976526988318511 -22.037469776413605 36.179814542105277 9 0 0 1.2146371314931852 1 2295 7 1781 8 76 2 1944 5 1764
2375 13.1019895670428 -9.6789429024086271 31.95379137600472 31 32 27 0.61605525264665562 8 1514 2 2001 9 1567 5 1192
2376 10.513662936273679 -0.74977463652983378 32.726337392413406 18 19 14 0.46336485527807508 9 2369 11 2063 2 2133 5 1902
2377 15.295591945936463 15.584301482903697 34.476511540257455 198 189 174 0.78305320502925235 10 1853 2 2278 1 2201
2378 13.68515929553797 21.128395061553498 32.57704002316305 0 0 0 2.516791986601846 6 2720 7 2152 11 2640 1 2553 2 2343
2379 2.0737991136364426 -22.573428278181435 34.374923995016637 115 83 74 1.9860335897302217 1 2284 7 2197 8 2660 9 2647 2 2371 5 2081 4 1641 3 1983
2380 8.0799958606931064 -20.782848322932551 40.692767315477326 221 213 206 0.70450503710567181 10 2516 2 2393 5 2384 4 2332 3 1997
2381 7.3899391757898929 -17.953976171702415 36.517271655075852 215 207 188 0.61685197830344263 6 2413 7 1802 8 2232 2 2395 5 2093
2382 8.98831023416089 -16.499577018206846 33.323854210538634 70 66 55 0.61154498176056526 10 2524 2 2396 5 2095
2383 13.994466406247907 19.89334237654095 37.618276017725861 149 159 150 1.49412352752694 10 2802 2 2669 5 2356 12 1852 11 2269 3 2439 4 2477
2385 -9.9890437382217296 -1.8253744135527485 18.26617516355854 141 66 14 0.96394410240348838 1 2669 6 2819 2 2785 5 2191 4 2136
2386 8.1228693533896408 -0.48824257368011637 29.990505161240982 22 22 21 0.70974763141697805 10 2655 2 2807 4 2400 1 2684 6 2840 7 2600
2387 1.6081568166333073 -22.15239870160816 33.392708739498815 46 30 17 1.1832390777367889 8 3181 9 2964 2 2930 7 1148 5 2580 4 2032 3 1022 3 2277
2388 11.825939700831151 -3.7310503560643982 58.289880840773506 53 37 36 1.7049601614638499 6 2834 8 2791 10 3112 11 3064 2 2975 1 2678 9 2786 5 2459 4 2147 4 2685 3 2357
2389 -8.2494537224708324 -0.65424813653638081 19.386600829974718 42 9 0 0.73422887565512429 1 2847 6 3016 2 2976 5 2627 4 2541 3 2500
2390 0.16615268213418238 -22.186431520683076 32.927984074896308 235 232 225 1.0369970239388093 8 3343 9 3302 2 3086 6 3247 7 2980 5 2729 4 2633 3 2700
2391 8.6271582329495438 -17.200841428452641 36.023772505964757 77 73 66 0.81424648030459057 1 2953 6 2978 8 3194 9 3173 2 3097 1 2806 5 2738 4 2641 3 2600
2392 -8.5304462269181247 -0.34777522233271035 20.169714150391428 255 119 3 0.60131734317599028 1 2974 6 3162 2 3132 5 2764 4 2686 3 2635
2393 2.0817822695732535 -19.951121772239347 32.08587610062618 112 76 62 0.88843781657382814 6 3128 7 2884 8 3348 2 3214 5 2845 4 2750 3 2704
2394 2.8038418036102239 -21.449480230193121 34.337910334154451 12 4 0 1.0926221084786216 1 3062 6 3253 7 2983 8 3456 2 3215 5 2847 4 2751 3 2705
2395 7.2182381685004664 -23.423135995521097 35.66845728766291 233 230 223 1.4269469768547132 10 3479 2 3348 5 2960 3 2820
2397 9.0418440152583184 -5.2951439042442443 33.708239093875328 5 7 4 0.8189753901527469 7 2769 8 3220 1 2828 2 3119 10 3105 9 3021 11 3056
2398 11.84039923452459 -3.4073020296411594 30.395967023935551 206 199 168 0.91008312732566488 10 3446 6 3335 11 3227 1 3154 2 3318 10 3382 8 3479 9 3450 7 3001 5 2931
2399 -10.946699305219624 5.3670555957523538 19.406030558888101 64 56 53 0.4993830306184005 1 2142 6 2251 2 1671 3 1839
2407 -11.569378275820821 1.8427272967145205 20.953760142009447 12 7 7 0.3436383712850351 1 2861 6 3028 2 2989 5 2634 4 2551 3 2373
2408 -11.569378275820821 1.8427272967145205 20.953760142009447 12 7 7 0.3436383712850351 1 2862 6 3029 2 2990 5 2635 4 2552 3 2374
2411 -11.456429271051341 1.6759509819037046 21.488045643803524 139 144 155 0.34906343204666029 1 2983 6 3168 2 3139 5 2775 4 2691 3 2642
2412 -11.456429271051341 1.6759509819037046 21.488045643803524 139 144 155 0.34906343204666029 1 2984 6 3169 2 3140 5 2774 4 2692 3 2643
2418 7.1799602533804947 -11.918242606546452 39.36063082365763 71 61 61 1.2658446842114683 10 2103 4 1697 5 1804 7 1260
2419 7.3108289381102187 -12.056507466521031 40.272983052437411 71 61 61 2.6889092466991071 10 2104 2 1999
2420 3.9232098326450773 -22.327831017357823 34.39091942719589 212 194 174 1.4640984806297921 1 9 9 50 5 15
2421 6.4847593317352032 -21.77613598141134 33.791475378967014 98 76 62 0.77024040774638836 6 1225 8 46 5 17 9 2213 4 1079 3 13
2422 6.5531647830843687 -21.759933372357164 34.075200633151191 102 79 63 0.75903720284911325 7 30 9 79 5 18 3 14
2423 1.4364492257444847 -21.104990760845851 34.620981253189086 86 66 58 1.7751879222403808 1 21 9 74 5 28 4 19 3 16
2424 8.9880356095031484 -17.748659359586462 32.998671363118831 49 41 27 1.0511629837228782 6 77 10 153 5 56 3 63
2426 12.646837659575517 -9.6482610504627857 33.540446267225605 197 175 152 0.8401708149633732 8 319 5 205 4 222
2427 7.841312152668106 -7.2920049699242426 35.210224255322146 29 29 31 0.46539373405046947 10 410 5 265 4 282
2428 7.5852281966594237 -7.672263720768024 41.510917188281688 107 96 94 1.1853310977699643 9 435 11 390 5 288 1 323 3 327
2429 -10.185045266285282 -2.7741329981118485 18.203404769601306 77 19 0 0.371126247102322 1 1402 2 1422 5 302 4 334 3 366
2430 7.8846974171865511 -5.1737165877255524 33.896968359576 28 28 29 0.22377466621192127 10 457 5 308 4 327 3 352
2431 -10.598587751318613 -1.9564262145517755 18.198829362640989 121 39 7 0.53405298394683631 1 382 5 338 3 391 4 356
2432 -10.343971776924318 -1.6301988831179492 17.822895992463025 86 24 11 0.66106654938235276 1 1490 5 340 4 1258 3 1220
2433 -10.368754439138289 -1.3779288825274312 18.634629524499225 70 48 26 0.16674573842741289 1 409 2 450 5 371
2434 -9.6158492764257932 -1.5762740366032353 19.231418659063824 124 75 45 0.57820729848761732 1 1496 2 451 5 372 3 416
2435 -9.1235478219882076 -1.3769877796630814 18.994773299992744 176 97 43 1.0012461450441785 1 417 2 460 6 1495 5 375 4 384 3 420
2436 -8.7339113128549091 -1.2765569493768332 18.711081267607177 91 28 2 1.6935417401013224 1 424 6 441 5 378 4 389
2437 -8.9279542772102172 -1.3532149399594207 20.165156656911162 86 19 0 0.32911890643929437 1 427 2 465 5 388 4 392
2438 -8.5743908585135831 -0.3846605467499209 18.638311545716238 159 54 0 0.23584836894387148 1 488 5 427 3 460
2439 -10.161534016387151 -0.02705893770163164 17.520921413507487 46 16 0 1.5274559867856792 1 1556 6 1556 5 447 4 463 3 1272
2440 -10.835520624390808 2.2681207232876872 22.566130591320722 118 108 99 0.36298834102097155 1 1601 5 493 3 517
2441 13.78980685701565 5.0700224149829358 38.675734247369732 175 171 172 0.66974302914339023 6 684 10 1675 5 600
2442 -9.305261251070684 7.5629275569754491 22.391158969668805 21 20 0 0.71698249223486454 1 881 2 813 5 683 6 866 4 1446 3 702
2443 -9.6405320792626803 8.0130292781233408 23.082290265734098 32 29 10 0.52441568521677651 1 880 2 816 6 867 5 684 3 705
2444 -9.4970676384239727 7.8457646565634969 22.943165567751215 59 58 33 1.6994321970564923 1 882 5 685 2 814 5 1545 6 1749 6 868 4 719 4 720 3 703
2445 -9.3621946932746987 7.9779855580634296 23.299626819942286 8 5 0 0.46983272935110199 1 1688 2 1731 5 688 3 1408
2448 -9.1184084519985174 8.2470444601151769 22.037817723398401 62 53 37 0.67023351458879166 1 1708 2 843 5 716 6 1771 4 1459
2449 15.214048518334986 14.538349367984374 37.681174236310106 205 210 207 1.6657809294311474 6 943 7 1626 11 839 5 787 1 2519 2 2651 9 2883 12 1831
2452 15.483197360890495 42.433962977089479 76.969426717393802 54 71 128 0.86181294143499354 11 1073 5 970 4 1003
2453 12.726097501251468 -13.899054004560995 31.550179159423077 199 189 169 1.3641963463337323 1 1300 2 1289 11 263 5 1127 7 1216 6 1991 12 895
2454 2.8934958631730794 -14.479381167819701 35.321430142465069 116 88 60 1.6012785132149312 8 215 5 1137 4 1144 1 160
2455 2.272272391069968 -15.625274295630641 43.431727243406606 48 30 31 1.7682180940320862 10 2074 5 1148 4 1155 6 182
2456 2.7933792158446504 -13.416971361714772 37.958152872479502 75 42 11 0.68596996383810993 1 1322 8 1487 5 1157 4 1163 2 202
2457 3.4848235834884163 -9.0650648966258753 39.406436882443479 115 83 58 1.1574836192434184 7 1284 10 2132 5 1221 6 1376
2458 -10.220600616137082 -3.8017235698681024 18.564372309938229 17 8 4 0.33616020898795917 1 1382 2 1386 5 1244 4 1217 3 1176
2459 8.0057474663716999 -6.5522572859434955 36.715099146171355 45 47 46 1.2664413331718312 2 1408 9 1634 11 1369 5 1250 4 1223 6 332
2460 -10.059506288721293 -2.6627839513080063 17.027815895082316 82 21 3 0.72580612616490026 1 1399 2 1421 5 1259 3 359
2461 -8.8050942246499808 -1.8386068677163108 18.045121470844421 64 34 20 0.34989408355730767 1 1466 2 1456 5 1296
2462 -9.9276039813215071 -1.2034646866105099 18.645790727370205 87 39 27 0.38434674320302642 1 1495 2 1485 5 1312 4 1278 3 1245
2463 3.0293972418822328 -3.1492126713333084 37.490683781982526 107 82 75 0.79979914324441603 2 1498 7 1391 10 2179 5 1324 4 1271
2464 -10.521962385220753 -0.65630174964839494 18.761477729383824 61 15 0 0.58265110113790941 1 480 2 2109 6 2131 5 1334 4 1289 3 456
2465 -9.1461292567802825 -1.2419144048369302 19.92642591501512 163 91 53 0.19068720448720192 1 1521 5 1339 3 1248
2466 0.79812953354204974 -2.2099692280320431 37.266810953469502 176 135 103 0.48063942807904375 10 1574 5 1346 3 1252 2 1517
2467 -10.752986333764234 -0.33925550889030082 18.118288293345039 130 84 68 0.32544512553261845 1 1527 5 1349 4 434
2468 -9.4314462640487804 -0.45550998854086022 18.677962620700807 69 43 37 1.284157459334399 1 1533 6 1535 5 1352 3 459
2469 7.9982319116094978 -0.57570652271220135 30.68312667215951 23 23 23 0.94105411473333866 1 1542 10 1601 5 1362 4 1301
2470 -10.803011389314211 0.16203382166902902 18.994684375880308 20 10 6 0.13882333942370303 1 1558 2 536 5 1370
2471 -11.373305133246097 2.1376451386904525 21.288056295392423 149 137 131 0.52969788184438371 1 634 6 634 5 1411
2472 16.281818038244705 4.6961558540657107 39.48573934199419 149 141 138 0.51370093420376339 1 712 10 669 5 1460
2475 -11.044498844551512 7.1938642923922913 20.560745515685497 65 55 45 0.70284126081265896 1 2159 2 1724 5 1536 4 1441
2476 -9.5035191314219105 7.4901483603983321 21.972306864851312 15 11 3 0.58185679250592748 1 1687 2 2226 6 1747 5 1540 4 1445 3 1406
2477 -9.1053866616801944 7.6340872942650675 22.886109770490219 48 44 16 0.30585237798725801 1 884 5 1542 4 721 3 704
2478 -8.6864185118549546 7.5869066956841884 22.307488702719684 51 45 25 0.6504156972094105 1 2162 2 2227 5 1543 6 1751 4 1447 3 706
2479 -9.4865908185311856 8.318460572348183 22.766558065470264 115 108 94 0.5616422817405049 1 1707 2 1744 5 1560 6 2294 3 1422
2480 -9.1163925749321901 8.0137538841523988 22.131345242205928 57 48 31 0.69310599490244407 1 2175 2 1745 5 1561 6 2279 4 751
2483 14.365084769878665 18.97094403801994 38.388361459919558 205 213 209 1.7841290106943561 2 1837 6 1848 10 951 5 1668 12 1227 11 1733 4 1973 3 1546
2485 2.5827707478147661 -21.872888550809726 33.747901349136058 177 164 146 1.5624004726559249 1 2285 8 2661 9 2652 5 1756 6 2395 4 1643 3 1987
2486 4.2369363445126149 -21.947558326971777 35.757322069879208 18 4 0 1.1411586561842197 1 2294 2 1943 6 2402 7 1779 8 1390 9 2216 5 1761
2487 -0.16393031129480609 -20.26558566824507 33.531568451078144 176 163 144 0.70310521872186804 7 2201 8 3187 5 1763 4 2323 3 2285
2488 0.26922743043931607 -23.200934717887943 40.436943807385745 0 0 0 1.0225285480588622 1 2592 10 3060 7 2732 8 2975 9 3163
2489 13.136246450763712 -10.563584850055063 29.301482097816702 0 0 0 1.1211877580877068 1 1325 7 1251 8 285 9 329
2491 8.4929934023542835 -6.3973715672513718 32.515893979430231 87 85 86 0.64651788451121794 2 2475 7 1883 8 2763 5 1833 4 1734 1 1973 3 2062
2492 -10.886589316940679 -1.1799952794217325 18.208838361082528 115 69 57 0.58382837016728595 1 2401 5 1873 4 1275 2 1477
2493 3.6913186353298286 -2.4126124011596706 36.023711809817527 101 77 52 0.64364200627966861 2 2098 10 2640 5 1877 9 2360
2494 8.1458820577736404 -2.6098630019220712 31.35232614509119 27 27 25 0.45655086758281288 1 1505 10 2171 5 1880
2495 -9.9031453151571736 -0.62893636196179981 18.038049449739294 65 16 0 0.41673970449131942 1 1529 5 1886 3 1259
2496 -10.293300029041715 -0.27928078279954699 18.868680579991942 57 13 0 1.1414057012025831 1 2044 2 2123 5 1896 4 1291 2 1525 3 1762
2497 -9.4370667185949078 -0.11029768617005223 18.426249761819328 88 54 37 0.54989126954824985 1 2063 5 1897 4 1813 3 1276
2498 -10.678882030414831 0.05023827766853254 20.305031974146274 21 1 0 0.64154195573109851 1 543 6 2162 5 1906 4 466
2500 -11.826588257585815 5.9831089399899735 20.152184878377223 38 29 19 0.5279735773594465 1 2494 2 2601 5 1963 4 2226 3 1841
2501 -10.979552178137958 6.8636178368640097 20.157782436914367 70 60 48 0.69059121641676491 1 2158 5 1977 4 1895 3 1387
2502 -11.623754994898798 11.627875756528852 20.705593379723112 37 21 14 1.6237916996305477 1 2542 2 2280 5 2022 6 2701
2503 7.3119098983398088 -20.855951572514897 36.735951016987997 229 222 212 1.1233699368006043 1 1891 8 2673 5 2086 6 1253 7 69 9 2237 4 1098 4 2326 3 1991
2504 2.4517946685765835 -17.283160298281267 38.942836677514073 186 142 102 1.0731864873067598 1 2301 2 2398 6 2415 7 2213 8 2684 5 2098 3 2007
2505 -11.307353036518792 -7.7522862337984648 20.787749450200135 58 78 115 1.1597400383051546 1 2319 2 2425 6 2437 5 2128 4 1689 3 1670
2506 -11.307353036518792 -7.7522862337984648 20.787749450200135 58 78 115 1.1597400383051546 1 2320 2 2426 6 2438 5 2129 4 1688 3 1671
2507 6.8420786897335777 -10.131613776220222 38.89957224507323 29 18 16 0.95589083861731827 7 2257 10 2115 5 2151
2509 -9.9284958607052438 -2.6741726188022903 17.071756703306246 145 64 34 0.64237483364208969 1 2381 5 2177 2 2060
2510 -10.436273466830158 -0.13360769195965438 18.378420672468128 37 11 0 0.49379177509838501 1 2429 2 2531 5 2209 4 1812 3 1775
2511 -11.377132224202402 6.3773627243969813 20.504179069707796 65 54 48 0.73710236298066867 1 2742 5 2284 2 2860 6 2897 4 2435 3 2390
2512 -9.8356418471168556 7.1597424202678628 22.230875462383654 99 89 78 0.65733064746769787 1 2749 2 2609 6 2904 5 2285 4 2443 3 2393
2513 -11.63781150833813 7.6623442772433332 21.036462824223598 60 45 38 0.62649538845303188 1 2750 2 2616 6 2277 5 2302 3 2200 4 2236
2519 10.253180968140468 -15.510120627069844 36.093964937892459 60 62 57 0.9814271760829677 8 2695 5 2401 9 2992
2520 -11.44042106465348 -7.4944331980856811 21.041676625585026 58 80 122 0.89962832297399686 1 2627 2 2740 6 2776 5 2413 4 2075 3 2032
2521 -11.44042106465348 -7.4944331980856811 21.041676625585026 58 80 122 0.89962832297399686 1 2626 2 2741 6 2777 5 2414 4 2074 3 2033
2522 7.3949611575640857 -9.1286154022462682 35.840614337314044 81 87 87 0.58092604441825879 7 2572 8 3021 5 2426 1 2351 2 2012 4 2092 3 2046
2523 -9.9895697004336608 -1.447023155461286 18.374092854350558 143 66 41 0.45602156100157276 1 2675 2 2793 5 2454 3 2349
2524 -11.943637655925817 1.118449792173249 20.860057719443454 45 41 38 0.30860125490305623 1 2856 2 2818 6 3025 5 2480 4 2406 3 2506
2527 -11.750326908042359 5.9175892773955052 20.88595306775316 86 79 70 0.70377933604638321 1 2490 6 2889 5 2516 2 2602 4 2227 3 2187
2528 -11.202595644159954 7.1659754171880081 21.564883272588641 113 105 94 0.8354723031608704 1 2748 2 2608 6 2903 5 2522 4 2442 3 2392
2529 -9.0296559174452238 7.92487476840392 22.406673871126443 92 86 77 0.54337886213946784 1 2751 2 2870 6 2908 5 2529 4 2449 3 2400
2530 -9.0281952040925191 7.9138854910226355 22.399815631748059 92 86 77 0.39637986832914285 1 2752 2 2871 5 2530 4 2450 3 2401
2531 -11.298320051285287 7.9958428206193597 20.323277564913894 45 29 17 1.122446507338615 1 2903 5 2536 3 2407
2532 -9.0859481240228419 8.4359030188279558 22.515739614480644 91 78 61 0.67837950717302653 1 2753 5 2537 4 2458 3 2209
2533 5.116204721245742 -21.259694119468268 35.455677828622122 57 41 28 1.2574805853409035 1 2801 6 2739 7 2733 8 3189 9 3164 5 2581 3 2458
2535 8.7758319062415548 -2.9453192526688059 31.375477036795807 66 67 62 0.60119639892481913 10 2922 5 2621 3 2351 2 2787 4 2388 5 2451 7 2588 8 2785
2536 -9.3712205943645142 -0.51536622764114159 19.246372041378727 32 9 17 0.38100553316537661 1 2846 5 2626 3 2499
2537 -10.679576088706195 7.2156875139519023 20.81972425006407 28 13 8 0.54270668948696199 1 2901 2 3028 6 3071 5 2673 4 2581 3 2537
2538 -10.766724654074061 8.1440460042024494 21.21542594597911 55 33 24 0.59736441256958039 1 2904 2 3032 6 3077 5 2676 4 2584 3 2408
2539 -10.766724654074061 8.1440460042024494 21.21542594597911 55 33 24 0.59736441256958039 1 2905 2 3033 6 3078 5 2677 4 2585 3 2409
2540 -10.373320337560994 8.220326068836652 21.214817381178168 20 12 9 0.79007407603363067 1 2906 2 2874 5 2678 6 3079 4 2457 3 2543
2542 3.5768327324474245 -21.429256664745125 34.675646245882042 110 81 67 0.78899622816580972 9 3160 5 2732 8 3185 3 2592
2543 9.3004315787809411 -16.712985780176954 34.811221941335901 66 61 49 0.77435064333001047 2 3098 6 3132 10 3252 5 2739 7 2891 4 2643 3 2601 7 2737
2545 -11.742825910120384 7.3775998452744362 20.566018856723755 16 0 0 0.57210278316898855 1 3021 2 3169 5 2799 6 3201 4 2714 3 2664
2546 -11.742825910120384 7.3775998452744362 20.566018856723755 16 0 0 0.57210278316898855 1 3022 2 3170 5 2800 6 3200 4 2713 3 2663
2547 -9.2587105200226212 8.5394873399129345 22.005884820033167 32 22 11 1.0873157171873664 1 3024 2 3175 5 2808 6 3080 4 2586 3 2544
2548 -10.543446952068926 -1.9220168592759266 18.269722265928067 150 62 32 0.38791481547491047 1 3080 2 3236 5 2865 4 2772 3 2723
2549 -10.165060673744241 -0.26446134532674925 17.616016616973823 80 35 19 0.61692338833466942 1 3091 2 3246 5 2871 4 2781 3 2732
2550 -11.817530602736216 1.5225859456638609 20.582854622119562 132 130 135 0.22728538938111831 1 3097 2 3252 5 2879 6 3281 4 2793 3 2738
2551 -11.411659712017851 5.948603493413902 20.666815336144694 91 84 76 0.7551373323351025 1 3105 2 3266 5 2888 6 3292 4 2807 3 2750
2552 -10.300666983339816 8.4788844119140681 20.672472612560899 17 7 0 1.0350587378821829 1 3228 2 3381 5 2994 6 3407 4 2891 3 2846
2554 -9.975751310217186 8.2864680365667596 21.961750639297311 129 124 130 0.73330374861131686 1 3268 2 3418 5 3035 6 3464 4 2922 3 2881
2555 9.289390739939245 -12.807671991185158 34.742072167936279 8 9 7 0.78417439075089379 10 2081 1 1917 5 1788 9 2278 11 2393 7 1826 8 2263 3 2023
2556 18.984669348493437 31.175337532105768 66.419721783938911 35 15 15 1.2441657288274206 10 969 8 1057 11 1738 5 2034 9 2555 11 2622 4 1539 3 1915
2559 -9.9324854686761022 7.684864859470804 23.408901654348828 15 9 0 0.4443503386820617 1 878 2 1710 5 682
2560 -11.663679643406308 11.221158257613265 21.75291345761768 153 138 139 1.6997989373673572 1 999 5 806 6 998
2561 -12.303604259547175 11.616267923034849 20.807583820853978 118 122 121 1.4647961451656411 1 1052 2 993 5 833
2562 -12.053223221624265 11.46116725279899 20.570722679344083 50 54 47 1.4993706332177377 1 1053 2 992 5 836 6 1035 4 861 3 839
2563 -12.057389961494541 12.018555644547664 20.491311808452739 130 126 125 1.9873667775341242 1 1785 5 874 3 865
2564 -11.004209593383528 10.091672654906962 20.612833169434861 73 45 34 1.3182009206212115 1 2199 2 1799 5 1622 4 1508 3 1485
2565 -11.372155361288645 10.513369509967131 21.123195979597394 74 40 34 1.2132239625502508 1 1763 2 1801 5 1623 6 1817 4 823 3 1486
2566 -11.430234335373918 11.002379799265313 21.909393317839456 74 52 46 1.0999357663203921 1 997 2 1802 5 1625 6 1836 4 827 3 1487
2567 -11.996631611257738 10.473104041972258 20.090487767087563 127 119 117 1.3182717160385398 1 1762 2 964 5 1633 4 1507 3 1484
2568 -12.224481857440983 12.759588255471792 22.028484501169967 35 20 15 1.0594759977658743 1 1087 2 1828 5 1660
2571 -11.467110026970637 11.166577466649233 21.836313251648164 63 41 39 1.207264247839668 1 2534 5 2015 4 2278
2572 -11.946614318105155 10.953691247052522 20.226365733456031 146 144 138 1.3006349063721041 1 2207 2 2274 5 2021 4 1946 3 1894
2575 -11.979959034883285 10.238119352475776 21.51015363952606 104 76 61 1.2171459664959856 1 2530 2 2648 5 2323 4 2269 3 2420 6 3092
2576 -11.428307519577343 10.800451528839535 21.518785001044922 161 162 159 1.155038161262204 1 2771 2 2893 5 2324 6 2929 4 2464 3 2230
2579 7.4339022403730493 -6.9707061413045697 32.499449235702073 2 2 2 0.39719789097150304 7 2272 8 3026 9 3015 5 2432 4 2367
2581 -11.440037394129627 11.234374528835245 21.374126637108581 147 147 144 1.191031228409607 1 2920 2 3042 5 2693 6 3093 4 2467 3 2426
2582 -11.440037394129627 11.234374528835245 21.374126637108581 147 147 144 1.191031228409607 1 2921 2 3043 5 2694 6 3094 4 2468 3 2427
2583 -11.692456500651705 11.519828518755896 20.287739286831414 123 124 123 1.3241852025950307 1 3035 2 3048 5 2701 4 2602 6 3223 3 2561
2587 -11.415452209523151 10.227445851264777 22.039018432068676 109 82 61 1.0080166188936277 1 3293 2 3451 5 3058 4 2947 3 2910 6 3468
2588 4.6629887677962847 -13.288355565801197 27.757184918548162 41 29 20 0.69513335933840936 7 3197 5 3074
2589 -10.148258713630234 7.8302510849412581 20.958267461340089 67 63 64 1.163749347121668 1 1705 2 842 5 714 6 1770 4 749
2590 -10.148407756158329 7.8299064220898806 20.963629994022281 67 63 64 1.3988049249726251 1 1706 5 715 6 1769 4 750
2591 2.3168084236586859 -15.456902795336738 36.009825587070075 167 133 98 1.0885783486035936 2 1968 9 2256 5 1132 1 1905 8 2244 4 1676
2594 19.882074220123052 -18.81680000985375 24.113682433933416 199 175 112 0.75638616893576449 9 56 10 1243 12 49
2597 20.823187534212938 -17.514939010763374 23.058811664163375 212 178 136 1.0719648989286357 9 86 12 84 13 48
2598 20.992924835131252 -17.18359443281842 22.287218506717014 164 114 46 2.1171940150845545 9 90 12 87 8 54 11 111
2600 17.051848021091327 -16.945093189622799 27.300781352023083 190 178 153 1.2193830735027618 9 139 12 123
2602 20.179090942326656 -15.117545517821261 24.957870952763102 217 207 182 1.061418874447579 10 184 11 1251 12 146 13 671
2603 15.699999283743658 -15.050085943974794 29.249368410011826 126 120 95 0.9450918701418719 6 98 7 132 12 159
2604 17.410636377627561 -3.8784476549899956 26.329172818504375 57 28 32 1.0725176467438495 11 458 12 267 10 475 13 732
2605 18.255189787113139 -4.0637195493396314 26.927675402628125 177 149 148 0.81625047352142988 8 442 9 500 12 268 7 1367 13 737
2606 17.593762278388891 -2.5272956207305319 26.355252834156499 140 133 116 0.97308252043129384 9 550 12 276 13 745
2607 17.211610958328027 -2.3163513623534882 27.947318316157951 47 40 34 0.80021697970564232 9 546 11 500 12 289
2608 15.654169318435686 -1.1241317246755465 28.646702916500381 117 118 112 0.37462759999026546 6 496 7 412 12 293
2609 15.770624556278863 -1.1409440361719081 28.47038527439668 143 144 139 0.36983541042546725 6 498 7 414 12 295
2610 14.008099169120181 -1.179914568675166 30.236774818583424 12 9 2 0.51147668536284663 9 569 12 301 1 471
2611 15.734867890949641 -0.64251902401055383 28.466558858636478 136 146 138 0.39072691667265164 1 514 6 504 12 306
2612 17.164814498746054 -0.73965300929333944 27.546498454090866 27 39 27 0.82432243974776309 7 422 12 310 13 757
2613 16.639359064954139 -0.086247019673658012 28.610354928883023 46 52 41 0.74827107857051234 1 555 12 320 13 232
2615 24.868614800669196 1.9857155027593667 19.718279591608315 92 78 57 0.9140141848785156 10 1618 12 331 14 582 13 1095 15 675 16 225
2616 21.307111142429655 2.092331127590743 23.616499380386749 150 139 118 0.26643388978393068 8 569 12 336 13 772
2617 23.599873837072266 1.7761094561524291 24.781589892318785 98 86 72 1.2258960138375186 11 555 12 337 14 157
2618 25.009233663524203 2.5096401809294884 20.266928894373507 73 62 41 0.71385392764893263 11 563 12 341 13 282 10 594 16 248 17 882
2620 28.920577218827088 3.9152852481982992 13.019080068055686 149 105 28 0.8792385869952517 11 588 12 364 13 288 16 255 17 257 18 259 24 482
2621 28.765496232860944 4.0656627496127884 12.800872148973305 78 57 23 0.71323884506357993 11 608 12 365 15 200 16 261 18 285 24 1317
2622 27.55132113993027 4.0239532105507552 12.424170686412888 127 103 89 0.40064277324182523 11 1519 12 366 14 178 16 257 17 287 18 286
2623 11.509875556917866 1.5034200327385137 30.742355086369773 187 182 170 0.93447103342711724 5 487 11 573 12 370
2624 26.054076701257575 4.3153439062662251 18.021822419666716 166 158 140 1.0672663942519929 10 1667 12 384 16 314 17 910 18 1188
2625 27.707770735854467 4.5229478289843019 12.676000282494396 51 33 22 0.2325837335040124 11 607 12 388 15 235
2626 28.644181297871491 4.6171477840845077 12.868400525264612 48 33 7 0.8571739184110253 11 1523 12 390 13 309 15 238 16 286 18 288 24 524
2627 27.822215000029566 4.6869209977194428 12.78258953585534 134 119 114 0.36621047223669689 11 1543 12 391 15 236 18 316
2628 27.822215000029566 4.6869209977194428 12.78258953585534 134 119 114 0.36621047223669689 11 1544 12 392 15 237 18 317
2629 20.8680800268925 4.0554848594933199 24.862443255227728 184 103 22 0.81515681786225136 9 697 12 402 8 726
2630 20.46784158250551 3.7472434600932485 22.892157146026122 111 109 89 0.51063239082275669 10 2254 12 405 13 336
2631 24.277773446588579 4.3538536533920009 17.419838041323381 14 3 1 1.2158102813206237 11 633 12 419 14 194 15 255
2632 25.408641404621289 4.69534986850151 18.178123727688082 134 126 107 1.8351272026398955 10 1689 12 420 14 628 15 256 16 313 17 371 18 898 15 257
2633 27.833039489566225 5.2046012162276032 14.108375881180672 67 43 27 0.4342331759336705 11 637 12 425 14 201 18 369 24 624
2634 28.219338752751938 5.2332847010409065 13.370438727034886 52 40 19 0.69150111916615553 11 641 12 427 15 266 14 202 16 317 17 317 18 318 24 1382
2635 20.082954803690495 4.9297716817820465 24.524491303052351 141 39 28 0.55719849846832337 10 718 12 441 13 892 14 693
2636 20.508025509386467 5.1633082596896687 23.051884180644102 49 47 34 0.060608950284490898 11 655 12 444 14 354
2637 25.631549468221007 6.0874383193014046 16.377421161503896 100 93 85 0.71571723564992973 11 711 12 456 14 297 16 430
2639 28.184566334486515 6.2997817904723945 16.547581862831752 40 34 22 0.31840009789531803 11 715 12 460 13 387
2640 25.31110324223831 5.3377268743191175 12.831752004811435 156 135 125 0.98355532763172837 11 1573 12 462 13 826 14 231 15 265 18 903
2641 20.66053037327486 5.5286595985276472 25.283465636555583 52 19 7 0.29266494096843026 9 819 12 483 13 893 14 910
2642 25.111261209152907 6.7036853023214791 16.903599561479176 106 96 81 1.9348362564113346 10 776 12 488 14 361 15 409
2643 25.133934240391969 6.4954933218998026 15.878520481161063 130 122 109 0.62126032456912983 11 744 12 489 13 434 14 362 15 382 16 458 17 494 18 968
2644 24.635537705365493 6.3259090434257521 11.731020361143905 136 128 117 1.1629940198444211 11 1627 12 496 14 366 15 385 17 500 18 504 24 1863
2645 14.952322166636373 5.840442907986148 28.83643423085752 57 40 24 2.1599767315031513 7 671 12 517 1 799
2647 20.369262575808612 8.4094203733525497 20.816503401053183 215 190 172 0.9386403318491876 11 776 12 554 13 936
2649 22.349239517714555 22.550366880008589 72.478457620540482 192 42 52 0.85534972596420156 5 730 12 574 3 779
2650 21.434683631297634 22.942476546242656 69.016514477326211 26 27 13 0.98687536664418851 5 748 6 914 12 589 2 1778
2651 14.528810093582511 14.961999011262792 40.032619755250423 119 131 142 1.2658484042561116 7 839 12 591 6 941
2652 21.546053828666359 25.519772802971346 73.238263039202337 110 104 54 1.124254854331517 2 890 11 842 12 599
2653 21.837621654624467 25.545235476732568 70.928952062690797 90 102 64 0.9260666570529944 2 921 5 769 12 611
2654 17.624892603005616 15.913037047040303 28.931026343027273 27 26 22 1.1802268429877236 10 1866 12 627 13 527
2656 19.80226001428975 18.714551264093405 28.843106860406934 67 80 83 0.8272879177146677 9 2081 11 1751 12 655 8 1152 13 964
2657 20.128736265427126 19.089265110094992 27.276624412805447 54 89 83 2.4739133377717852 8 1189 10 1041 12 673 14 752
2658 18.69142084153248 19.050972060650988 27.270766350965111 16 48 92 0.90359931621175227 7 1069 12 694 13 558
2659 19.716853901957197 19.708325706104823 27.649522564675866 71 106 113 1.7148868203800856 7 1071 12 696 13 973 8 1223
2660 20.119958944497508 35.217424028041712 71.711771803978266 128 136 139 1.3657142339720845 1 1039 2 1036 12 702 6 1051
2661 20.119958944497508 35.217424028041712 71.711771803978266 128 136 139 1.3657142339720845 1 1038 6 1052 12 703 2 1035
2662 20.000009631705421 33.422512655058476 67.623059662028737 41 12 8 1.3479762780413189 2 1041 12 709
2663 18.41489656494733 30.132126857665895 61.083887891325958 28 4 3 1.561563990462753 1 1043 9 1136 11 953 12 710 6 1056 3 909
2664 17.583862982354006 20.150387300812501 28.904000463834596 142 197 145 1.0684384023815316 1 1193 7 1094 12 723 13 994
2666 20.068642112348705 23.331300799514207 28.857547170440498 158 149 141 1.4124912242814487 8 1311 9 1351 12 779
2667 18.853606502973161 25.874725831871373 33.7052881047534 18 12 0 1.5946042322416702 10 1978 12 808
2668 19.028930138384009 -20.418581905189203 25.290714324307082 147 121 76 1.7772795134727057 7 4 8 10 9 32 12 820
2669 21.18268745950121 -16.415377309781732 21.428450951051769 239 229 200 0.87527175457611628 8 1397 9 2657 12 860
2670 21.8175823355018 -14.604789828862167 21.880505068149002 184 175 158 0.43519408763864831 8 1432 12 880 13 674 14 89
2671 15.495566478569957 -15.417174759410445 29.502901161204296 139 128 106 2.0979261209683715 9 1480 12 884
2674 17.463435897564057 -12.147431215129474 26.940301074595762 119 113 99 1.1005196622018065 8 233 11 290 12 909 13 1050
2675 16.307752674196045 -3.5187928681285037 28.659367055771195 183 163 165 0.45724447702598575 6 1481 7 357 8 1621 12 981 9 522
2676 16.335666490196534 -3.5224998922019726 28.683595735469993 183 163 165 0.66507297018782729 7 356 12 982 8 1622 6 1482 9 521 1 1455
2677 16.957494500131784 -2.3713237071335622 26.872035156403893 57 45 42 0.89181682517285943 8 490 9 547 12 1001 7 376
2678 17.287540464535962 -0.78421081201686604 27.454571921763147 123 134 122 0.7133831838731215 7 1432 12 1014 13 758
2679 27.322333834232264 1.7855924347525893 12.3031572342926 113 81 30 0.39889941984308247 11 2087 12 1019 16 784 17 1385
2680 17.084568436523508 0.67060819563838214 26.654106833203706 15 16 3 0.60305956050268261 10 1613 12 1026 13 1097
2681 24.507783375106975 1.7228557450093214 19.822171972387597 75 66 55 0.8822898525011198 10 1617 12 1028 13 763 14 153 15 930 16 224 17 875
2682 22.120979911116862 1.6413800415060007 23.85276427919381 149 137 121 1.1651831860829265 8 2399 12 1035 14 826
2684 24.852256391860205 2.3154968561455544 19.66970564380297 136 127 96 0.55942584614050195 11 1484 12 1039 14 591 15 676 16 790 17 885
2685 14.159038806710983 1.115979451238329 29.865281491941271 16 13 6 0.37536566785665304 2 2150 7 1953 8 1708 12 1044
2686 21.861776062521205 3.5919383866088914 23.274553537094221 138 133 76 0.50182285116434389 8 2414 9 1808 12 1064 13 1113
2687 23.068284693244806 4.1126049918503567 24.377973970112006 97 90 42 1.4487050593995543 11 623 12 1067 14 222
2688 23.507713428538384 3.3740360550071236 23.455430485692716 143 135 117 1.4058923214851802 9 2418 12 1070 8 2833 15 942
2689 25.870216125311611 4.4200519614420646 16.290020581328637 110 97 80 0.70434412083056397 11 1539 12 1071 13 802 14 198 15 705 16 838 17 911 18 1189
2690 27.328383374665641 4.6329116394962169 17.197260743467595 110 97 80 0.56781661365345593 11 1540 12 1072 13 803
2691 27.117537291023954 4.1893400895732364 12.782515835896655 82 65 37 0.57472643855220928 11 2121 12 1074 13 783 14 600 15 689 16 804 17 898 18 833 11 1521
2692 26.992053181901717 5.0116631652985832 13.408443284220981 59 51 32 0.70726022211920081 11 1542 12 1091 13 808 14 617 15 722 16 840 17 913 18 869
2693 21.088789570571748 4.9931552255228544 25.058012370006391 129 47 30 0.40073270114304327 8 1836 12 1104 13 851
2694 21.016761632897062 4.7905057238177262 24.163598421961101 10 15 5 0.62383168382941923 8 1839 9 752 12 1105 13 853 14 694 11 654
2695 20.820565151777814 5.104656630762884 23.979859508809994 16 14 4 1.1170786050216985 11 2147 12 1107 13 1161
2696 22.046393173469177 5.0553506340182208 23.717155881456421 59 60 48 0.44627048647056639 8 1843 9 1886 12 1110
2697 24.150146629788015 5.4524819412757815 12.974302625554955 17 19 4 0.94106956894527549 11 1597 12 1112 13 1146 14 878 15 747 16 870 18 1399
2699 14.768959567724604 5.3193670298559859 28.871404815880883 22 14 4 1.1950049223650265 1 1654 8 1826 12 1136 9 808
2700 14.872994035085183 5.32804793046403 29.030450661704748 22 14 4 0.56963534607964861 6 1686 7 630 8 1825 9 807 12 1137
2701 18.454722490838638 6.2551544057738875 24.648692431256912 108 78 49 0.44740055401428441 11 2177 12 1140 13 1185
2702 20.890216190950838 6.8393656587940512 26.031464941279324 26 20 11 1.233504455543823 8 1876 12 1143 14 926
2703 25.351565064930579 7.6822627433270325 23.898853959210633 58 55 43 0.25353656954762982 12 1148 15 1024
2704 15.286753106785328 16.272314284843738 40.894760881164757 128 131 126 1.372736758775255 10 905 12 1199 1 972
2706 14.230950564794773 17.684624210761804 37.695237471323644 129 134 137 2.3156400666831587 1 1017 2 1013 6 994 12 1219 9 1085 8 1039 3 1526
2707 20.294823109144964 31.038880611762945 68.534298141022049 177 150 149 1.109008844258113 2 1006 9 1103 12 1233 1 1009 5 1650 6 1025 7 900 8 1033 4 1542 3 880
2708 20.294823109145007 31.038880611763012 68.534298141022191 177 150 149 1.1090088442580952 1 1010 7 901 9 1104 12 1234 2 1007 5 1651 6 1026 8 1034 4 1543 3 881
2709 19.997272560747053 32.340475098301432 70.302359355433978 46 38 48 1.0451233283984305 1 1013 5 892 12 1244 4 902 3 879
2710 15.39808166211415 21.344299736068976 38.900535581105487 142 141 129 1.998095933718973 1 1796 5 1710 7 1677 11 1761 12 1249
2713 16.80473699532369 23.538097495301969 31.210404015093925 92 90 69 2.1804201871649149 10 2476 11 2325 12 1290
2714 11.945163031568583 -17.670667041161998 30.325857130051606 220 210 199 2.1780177537343173 2 1234 12 1317
2719 22.059710275316338 -4.6689466932260615 23.347714993202633 192 183 154 1.9382032372407827 8 3028 12 1402 14 562 9 428
2720 22.214686328163157 -4.444310672859733 23.546474461961701 142 131 103 1.2004128301070776 11 2450 12 1403 13 1306 14 981
2721 22.214686328163157 -4.444310672859733 23.546474461961701 142 131 103 1.2004128301070776 11 2449 12 1404 13 1307 14 982
2722 11.033616892859378 -2.6176909741296517 32.323314760577126 61 62 57 0.61011388692603419 1 1508 2 1505 6 1511 12 1418 8 497 4 1784
2723 17.291456163680969 0.068393511082631406 25.938046005017579 178 169 152 0.43318392899461727 8 1693 12 1434 7 1439
2724 24.723209648258585 1.8241472203468458 19.355615793640855 159 147 126 0.95729825891607445 10 2669 12 1445 13 1094
2725 22.628254751316135 3.9982356731202802 21.707643595789694 141 134 108 0.37456660919777063 10 2258 12 1469 13 799
2726 25.693896974920598 4.589955872026807 16.161352020314968 230 218 209 0.6181070075178553 11 2138 12 1470 13 1114 14 614 15 720 16 1135 17 1184 18 1383
2727 15.025248568659002 3.0051189831764002 28.808688130316888 9 6 0 1.2863520089912779 6 2863 9 2396 12 1474
2728 15.025248568659002 3.0051189831764002 28.808688130316888 9 6 0 1.2863520089912779 6 2864 9 2397 12 1475
2729 23.690847283553737 4.6608715630597723 21.746325460405373 62 54 32 1.1700255732473046 9 2439 11 2137 12 1480
2730 28.169559132263654 5.2413353085310632 13.739486360363687 213 204 187 0.7318321489391566 11 2140 12 1485 14 844 15 954 16 1139 17 1185 18 1193 24 2103
2731 28.106431593307924 5.2293480133873107 13.724880797697367 213 204 187 0.72919430426094956 11 2139 12 1486 13 1116 14 843 15 955 17 1186 18 1192 24 2102
2732 28.710888573994609 5.248663278161291 13.084980598300547 23 11 1 0.80541111830996903 11 2141 12 1488 13 810 14 619 15 707 16 1125 17 1187 18 1169 24 2104
2733 20.104737952838054 4.9729991816783805 25.009840049514892 140 38 26 0.69890084874105896 7 2020 8 2449 9 1882 12 1500 13 890
2734 21.30855110207742 5.346615316887628 24.914236801703627 20 15 4 1.0654407021015451 8 1838 12 1504 13 425 14 892
2735 22.436944532696593 5.2896299308094195 22.985441067856005 40 38 26 1.9493473161883421 8 2853 9 2462 12 1505 14 1129
2737 25.999944319580145 5.4720882268650968 15.302294741656871 91 86 69 0.70313746982047065 11 2151 12 1507 13 823 14 859 16 867
2738 16.754784947321447 5.5374908932753435 36.588163909123935 7 2 1 1.6489911523067777 6 715 11 2159 12 1518 7 629
2739 24.51758752756437 6.3326240954268478 14.62922231320662 14 7 0 0.81764576501943553 11 2191 12 1528 13 1166 14 898 15 997 16 1173 17 1249 18 1421
2741 20.36807563198844 6.3972788818429986 24.942079107576102 14 9 5 1.0213542261310296 11 1614 12 1537 13 1175 9 1902 8 1875
2742 21.411082274682784 6.6963312836827766 25.644125012244821 10 11 0 0.55401823811162842 9 1904 11 2181 12 1539
2743 22.750902118455475 6.6089134129631217 21.480812726483542 8 5 0 0.79663000693710229 10 770 12 1548 14 914
2745 26.61371911377983 8.1916934451148684 20.010266304922414 38 39 25 1.8070824903530667 10 2321 11 1638 12 1559
2746 22.334413252821587 11.113442714137992 22.633860109251405 73 42 22 2.3663752458403855 10 1815 12 1565 14 738
2749 20.474323495340226 20.657826425903512 28.669572212683512 30 62 116 0.82778733410842731 8 2606 9 2602 12 1613
2751 17.909674910012097 22.88261847166088 28.526336034473655 96 88 77 0.39682682671054392 7 1758 12 1634
2752 12.074331084751467 -7.3863390174320944 31.577343250065375 212 202 177 0.75505744998712299 7 1871 12 1702 6 2478 5 2160
2753 21.053738086123342 -4.5960033803439275 24.526337990489889 156 149 121 1.2534967775344277 8 2776 12 1715 13 1448
2754 21.053738086123342 -4.5960033803439275 24.526337990489889 156 149 121 1.2534967775344277 8 2777 12 1716 13 1449
2755 14.924707742053355 -1.2419140437285832 28.893356996609416 59 56 49 0.76112672433607864 7 2326 10 2197 12 1729
2756 28.775517492656945 1.5538657446737265 13.27130931001528 79 57 11 0.98186066053593568 11 2490 12 1735 13 1087 14 822 15 927 17 1164 18 1133 24 2295
2757 10.683958166502515 -0.52063009976624608 32.755511678141602 50 51 46 1.4340097644929362 6 2575 10 2202 12 1737
2759 26.890827468205586 4.4707554035373835 15.145956988232129 163 152 130 0.51506165295026674 11 2523 12 1758 13 1115 14 841 15 1123 16 1124 17 1403 18 1369
2760 25.21816541473898 4.8764172511626596 17.711115937423017 102 96 77 1.5968253977363152 11 2522 12 1764 13 1340 14 1006 16 1468 17 1570 18 1396
2761 21.549023882772655 4.9020004571374303 25.262965199037481 20 12 1 0.76871581655493437 11 2532 12 1775 13 1353 14 1036
2762 24.735510936445952 5.2135221763856645 20.664696618766364 104 95 84 2.140635444292164 9 2463 10 2727 12 1776
2763 24.486160524984836 6.0036984876460293 12.328868298383009 23 18 12 0.81209782642098771 11 2821 12 1794 14 1023 15 998 16 1347 17 1439
2764 25.432016423717496 6.4502496950908688 11.821238767341036 24 21 18 1.1142754510875146 11 2565 12 1796 13 866 12 1131 14 703 18 946
2765 25.836362181156137 7.120873224446755 14.853904434951721 51 48 41 0.73124659298735761 11 2820 12 1807 13 1363 14 899 16 1185 17 1259 15 794 18 1437
2766 24.306054567671946 7.304259326239495 15.610734857880683 81 79 71 1.3337278173439726 11 2826 12 1814 13 1489 18 1736
2767 24.306054567671946 7.304259326239495 15.610734857880683 81 79 71 1.3337278173439726 11 2827 12 1815 13 1488 18 1735
2768 16.258291377268442 9.9668729871087525 36.843325011538525 189 176 160 1.451466695728471 2 2868 7 2667 8 3100 9 2854 12 1822 1 2893
2769 14.985900808580526 14.837021342030292 38.103394418293419 159 161 143 0.63387925408922363 5 2009 6 2305 12 1833
2772 19.889952144413233 -14.40257532789637 26.905369264194171 139 128 108 0.34701538870701337 8 1452 12 1898 13 1524
2773 20.095926569400625 1.2634433585271483 21.722712428776575 41 33 23 0.70161350773089171 11 2774 12 1945 13 1537
2774 22.397417700899314 5.2857576633624417 23.886148839281027 74 72 60 0.76294101813512838 11 2951 12 1968 13 1555 14 1195
2775 25.05533553054762 5.8245844310473949 19.102730524807829 44 40 31 0.71906961655770996 10 3157 11 2813 12 1971 14 1121 15 1271 17 1690
2776 26.696203005088254 5.5764456610126629 15.326142454226069 109 103 85 0.95637860090939397 11 2957 12 1973 13 1548 14 1007 15 980 16 1550 17 1571 18 1525
2777 25.956475476663456 6.2514252492785136 16.468823863204136 103 94 85 0.50841280181086812 11 2814 12 1983 15 1272 16 1346 17 1593 18 1541
2778 16.646897045085787 16.909275695328144 37.608045436561937 202 193 178 1.8774469539023129 1 2532 9 3116 12 2007
2779 20.290186652327208 18.31031452235932 23.549034844463772 48 30 8 2.144425382677448 10 3218 12 2020 13 1504
2780 20.863875345785754 -4.9822885134295953 24.532822390985913 198 190 169 1.2950020513966958 8 3027 12 2056 13 1530
2781 14.211176333576857 -4.871663141023638 30.30701254568805 13 10 3 0.63309892044759331 6 3006 8 3223 12 2059
2782 12.237192544512535 -4.3396181745124514 30.212392155430962 63 51 51 0.93883501988982987 8 2779 12 2060 2 2487 5 2444
2783 27.685417934493323 -0.73556521511834061 13.549681665100838 171 165 144 0.77326569744170925 11 2918 12 2062 13 1451 14 1095 15 1227 18 1609
2784 11.070285372316883 -3.1601106288917151 32.063730290242184 68 69 64 0.8573073852501143 9 3031 12 2064 2 2791 4 2537
2785 27.170467992370273 -0.022963051433341548 13.411166602203187 174 166 145 0.69042449595944355 11 2922 12 2065 13 1452 14 1097 15 1230 16 1532 17 1656 18 1610
2786 10.290086422062961 -1.1418070473288173 31.946311571163605 54 55 50 1.0129112880125346 5 2629 7 2601 12 2071 6 3020 4 2544 4 2688
2787 27.519504642026639 1.257296872416134 13.206993273360958 114 94 65 0.62505763122467084 11 2932 12 2074 13 1533 11 3070 14 1098 15 1323 16 1533 17 1659 18 1613
2788 26.736623560342135 4.1925218838261236 14.750587867787813 107 96 72 0.78194776070649552 11 2943 12 2085 13 1542 14 1175 15 1330 16 1457 17 1668 18 1712
2789 25.182468621845278 4.6299098491265926 16.282300959584958 56 47 38 1.0709917244395384 11 2947 12 2089 15 1337 16 1544 18 1714
2790 25.182468621845278 4.6299098491265926 16.282300959584958 56 47 38 1.0709917244395384 11 2946 12 2090 15 1338 16 1545 18 1715
2791 27.788368941462917 5.5293598319283825 13.180258818961047 34 23 18 0.96927313876260845 11 2959 12 2091 13 1464 14 1111 15 1245 16 1547 17 1679 18 1716 24 2463
2792 27.173752168895515 5.3984195221867557 12.892779701627029 34 23 18 0.51839719050843602 11 2960 12 2092 13 1465 14 1112 15 1246 16 1548 17 1678
2793 25.211293282996238 5.6412297559937805 12.914008606553057 34 36 24 1.0189864825183406 11 2969 12 2095 13 1549 14 1189 15 1343 18 1720 24 2607
2795 28.63142072858076 1.5283425417688126 13.039328909570111 130 103 52 1.001139167899378 11 3071 12 2180 13 1604 14 1227 15 1383 16 1602 17 1733 18 1703 24 2633
2796 25.028690590080476 1.7129335019982252 19.719230729709917 166 151 126 0.74356367888058883 10 3286 12 2184 14 1229 17 1737
2798 26.830518880384325 5.2852509750593439 13.454301236480424 49 37 27 0.62560665949008465 11 3087 12 2190 13 1613 14 1235 15 1391 16 1611 17 1747 18 1771
2799 25.822768547309639 5.7974457829630675 14.492528297867544 34 34 21 0.779503853211306 11 3093 12 2195 13 1616 14 1240 15 1395 16 1615 17 1801 18 1779
2801 22.288910425682783 -15.44959778033604 21.185026278882525 200 188 162 1.2552233690303325 10 3358 12 2239 13 1642 14 1267
2802 27.13318627981333 -11.398448545732528 18.093766885237304 161 152 137 0.68488772611321214 13 1597 14 1270 12 2242 16 1655 17 1784
2803 27.372099323003393 0.48782888179082984 13.095237210367538 113 81 43 0.75871331562196975 11 3151 12 2256 13 1603 14 1226 15 1431 16 1666 17 1789 18 1759
2805 27.814250684828252 1.9138178459570361 13.158363679769005 169 159 133 0.70831855093033513 11 3154 12 2261 13 1606 14 1276 15 1433 16 1668 17 1792 18 1762
2806 28.67879365845187 4.3383752812694372 13.0388501870144 70 53 21 0.81342487472631764 11 3159 12 2267 13 1656 14 1278 15 1435 16 1673 17 1794 18 1767 24 2647
2807 17.356692212150335 3.7960266436194843 26.849747393004503 10 6 0 1.0112680465521047 7 3012 12 2269 8 3391 13 1668
2808 26.487156365445063 5.613668708227995 18.018127791936454 138 134 123 0.54663908021721985 11 3241 12 2273 13 1664 14 1322 15 1484 16 1726 17 1854 18 1815
2809 25.949948542992463 5.8489784191103613 15.851988239735363 38 31 20 0.70842313032939552 11 3165 12 2274 13 1669 14 1288 15 1441 16 1682 17 1855 18 1817
2810 25.681898725293443 6.2758117718027018 15.006798683658257 93 85 72 0.66829798165048659 11 3166 12 2277 13 1670 14 1289 15 1442 16 1683 17 1802 18 1818
2813 24.319566116755549 8.1209602739587545 11.85896483446499 73 66 57 1.4780431776696159 11 3175 12 2284 13 1679 14 1300 15 1453 16 1694 17 1817 18 1830 24 2661
2816 19.011998137704378 -12.520503147919507 25.865568335091623 169 161 141 2.0413017790870995 7 3049 9 3435 12 2327 8 3463
2817 27.823074553832491 3.6148380854125657 13.319476472300135 167 155 133 1.8400271784579496 11 3234 12 2334 13 1715 14 1317 15 1434 16 1672 17 1842 18 1851
2818 24.290776898637432 6.3143525587775988 11.723285935891637 156 139 126 1.5537367171694445 11 3244 12 2339 13 1722 14 1323 15 1443 16 1728 17 1857 24 2698 18 1855
2819 24.789726137453425 7.2196738895906956 15.311076722557958 3 4 2 0.98661786061156354 11 3245 12 2340 13 1724 14 1327 16 1730 17 1858
2821 18.603850992642286 5.6477459981177152 26.35888436845697 21 21 11 0.51122888671443156 7 3119 9 3564 12 2385 13 1743
2822 16.147035185219909 17.485354102431408 33.389640790902789 176 169 153 1.8419596225077797 8 3574 11 3292 12 2393
2823 24.073491408362383 7.5442889072361083 13.911115695951517 50 47 38 1.1718505478899905 11 3320 12 2414 13 1746 14 1348 15 1507 17 1905 18 1876
2824 24.172550472581271 7.3149295686218965 12.614467689312352 4 3 1 1.2120829512428337 11 3321 12 2415 13 1766 14 1358 15 1524 16 1770 17 1904 18 1887
2825 21.256638251934024 -19.139962106005576 20.017708833518796 236 229 219 1.0236071494440258 8 3660 9 3618 11 3302 13 1750 12 2398
2826 27.265799920211943 4.3531267216891472 13.858491497963159 160 148 126 0.71063061269222516 11 3330 12 2428 13 1762 14 1353 15 1519 16 1767 17 1917 18 1884
2828 17.753894935188054 -3.4107359458569806 23.912319042091088 177 169 148 1.5066417960486147 10 3567 12 2444 13 1774
2829 24.170603990084228 3.6367955400750991 21.696957240944435 155 143 117 1.1830897282003114 10 3579 12 2458 14 1376
2830 20.803106217353715 22.592228504931992 27.780475769628381 66 59 46 1.6824958878632241 12 1874 10 1160 11 1053 9 2626
2831 14.307087418842084 -2.7820690642699883 30.597815199133919 29 26 19 0.7621845024147661 11 3062 1 3082 12 2253 10 3274 6 3151
2832 19.451367837829988 19.567742111137495 29.669325320571268 0 14 5 1.8630027854225835 10 2815 8 2602 10 2431 11 1749 12 2018 10 3209 9 3141
2835 21.637729157619642 6.8992036840929156 26.197662543393101 36 39 31 0.18704124602780697 9 890 12 525
2836 18.423269087038271 21.81859004361673 30.605125492767954 51 115 59 2.0182793316866032 9 1299 12 757
2837 14.308032042693972 -15.131263348610206 30.246400915193487 0 0 0 0.4127218737916612 8 177 9 214 10 198
2838 16.34507994637001 -15.011890060321761 30.412138013973046 143 140 120 1.1592278766022697 10 1338 12 892
2839 22.080056506268416 -16.753318016959309 20.842314913878845 207 200 174 1.8459827637882777 8 1388 9 1430 12 1325 11 1196 14 792
2840 18.498659028866808 20.825144433598521 31.788963652215184 64 129 69 0.525803393544654 7 1712 12 1610
2841 19.235468073336342 -18.819301172257223 23.750037348689627 207 158 54 2.5658683538662475 7 2193 12 1648
2842 11.773547377404586 -10.304750024817228 31.509124575643039 78 70 52 2.2576563783478814 2 3107 5 2746 12 2164
2843 6.8704370322505621 -23.99702783850341 40.56179410685931 70 53 54 1.5799138198158971 6 1243 10 86 4 23
2845 -11.308506660396604 -18.060978196317141 29.030104070629566 177 156 135 1.0629013163762697 7 1774 4 46 2 1948 3 1989 4 2038
2846 -10.614203339460266 -14.361098492537401 25.740732325750045 198 183 174 2.1878242941229105 1 50 4 76 5 1088
2847 2.1347669829612927 -15.610688828683081 36.99709407792222 30 10 2 0.89209951042127922 1 144 2 144 8 208 9 220 4 136
2848 0.78139746220363215 -13.610586230456919 39.027992758440497 101 76 56 1.1472151367126293 5 162 9 286 4 179 3 1094
2849 2.5971475983034047 -14.693924208670252 45.319848201048998 0 0 0 0.87294330052264391 6 213 10 302
2850 3.2082624035097576 -13.719299835388366 38.749560743374801 116 85 64 0.64400730194058498 7 210 9 293 4 184 6 214
2854 -9.4358246275137816 -2.0203708124147681 18.744515588755604 25 3 0 0.85374255555269452 1 1463 4 359 3 1725 5 1861
2855 -8.3487089822342035 -1.7044037311472753 19.435993093873901 115 41 1 0.49813277143143847 1 428 5 383 4 390
2856 -8.6285333453670798 -1.0668588480958399 18.626154606764935 56 12 0 0.53201393155291654 1 456 4 418 2 1512 3 442
2857 -10.100576989539471 0.067046692851988512 17.523570904311338 104 66 53 0.66684606781046862 1 539 5 448 4 464 3 1273
2858 -12.022137233416347 2.0309321997889995 20.452787348964669 47 41 41 0.23561717397926618 1 1584 2 1586 4 515 6 631
2860 5.0133213435614321 3.4268161690577976 40.542493452017432 36 17 37 0.65778311875092854 1 1594 10 661 4 579
2861 21.122352359980088 16.2698276863464 75.722195264781902 210 195 203 1.1192566564100777 1 1662 6 1708 7 694 10 785 4 695 11 1646
2862 -10.481790936203335 7.1799127527514415 21.222636493823018 39 24 17 0.56104711310120381 1 877 6 846 4 717 3 699
2863 -9.2995844433831429 8.529212591784578 22.578318947550787 83 73 60 0.24889426559231928 1 929 4 752 3 1425
2864 -9.6714423910357468 9.1280125679815693 21.885355594006775 33 21 15 1.1634037849452539 1 949 2 900 4 776
2865 -11.32585867143186 10.743649616140955 20.930070621250582 51 30 35 1.2188391775091227 1 998 2 1809 4 826
2866 17.128385640870302 36.312202627754154 82.069539820759317 74 110 200 0.47472558086806427 10 962 11 1736 4 869 2 977 5 852
2867 19.660258548556463 33.885021576526164 68.476964879099341 38 24 22 1.4898591004479498 5 923 6 1054 7 920 11 951 4 937
2870 1.6312431801382377 -21.961545052003082 36.047592690281611 40 22 15 1.173911792078967 1 1253 5 30 6 1971 7 35 4 1086 9 1434
2877 2.1302677584263479 -14.567874678881372 35.001839930528462 38 14 5 0.79595982664068821 7 155 8 209 4 1142
2878 2.9142813201452902 -14.394509387366478 35.286779838171597 115 87 62 0.88790570408879732 8 216 4 1145 6 166
2879 1.9996388188174214 -13.399818518499918 36.509036247863044 46 32 23 1.8652029730398281 5 1147 9 1537 4 1154 1 1913 2 1974 3 1087
2880 2.5845799519076604 -13.66054692806056 37.898977069946206 157 115 81 1.2132641297132993 5 1156 6 183 9 1540 4 1156 2 1314 7 194 1 197 3 192
2881 1.9463414563637604 -12.767229689054938 36.601311182542716 74 62 59 0.81437468230949128 5 167 6 208 9 1539 4 1162
2882 -10.083552550777481 -3.4872348675807099 17.84367734268216 48 6 0 0.49193078017493697 1 315 2 2048 5 1835 4 1216 3 1703
2885 -10.708955377337775 -2.7625801435108661 18.126162129167451 101 66 42 1.3149373340656938 1 1398 2 1418 4 1237 3 361
2886 -11.350870207642117 -1.0927534109760204 19.140514072981091 57 16 2 0.43342113039269436 1 2033 2 1507 5 1331 4 1276 3 436
2887 -6.8209151449922487 4.4098856919546252 35.706690836135209 114 102 90 1.0594030466768503 8 1802 9 1890 4 1358 3 1323
2889 4.0513990496979764 5.7125504444088984 44.684320451798051 68 69 87 0.90998290650318547 2 686 5 1447 8 755 9 792 10 2295 4 1363 3 609
2891 -12.388234403316527 5.0918389570695624 20.949078398006872 60 56 53 0.79076017800817355 1 1664 2 748 4 1406
2893 -11.156269127904984 6.8278404131181514 20.219676076138796 51 42 27 0.69882651009429086 1 876 6 1741 4 1431 3 1386
2894 -10.914430985981333 7.3559436326104359 20.64284068379321 56 44 30 1.2801529480104543 1 2173 2 2225 4 1443
2895 -9.5920807708660476 8.2902713233134904 22.657037432161122 74 71 66 1.3998037767232621 1 2176 5 1559 6 2293 4 1458 2 1743 3 1423
2896 16.629084950737148 38.206516668344349 76.820700185983696 36 62 176 0.88796245028267795 7 948 11 1780 4 1563 10 1015
2900 -8.2238863679897367 21.106950915106356 24.797153730128013 166 154 129 1.9334734005605412 1 1873 2 2355 4 1619 3 1964
2902 -0.37917633914400783 -20.707398887431332 31.17607496730108 235 228 217 0.84587243101136611 2 1937 9 1414 4 1638 3 1634
2903 0.47652096386716786 -19.998827521518987 32.778241392485505 85 63 46 1.5426258023278974 1 1888 2 1227 6 1234 7 1155 4 1647 9 71
2904 7.3902104994079139 -22.175219748804487 37.5371025085364 218 214 201 0.79656627067977648 1 1257 6 49 7 1791 9 1449 4 1649
2905 -12.646229983453468 -17.36999553054801 30.587643577703446 90 76 63 1.8798725103723359 2 1239 5 1769 7 1785 4 1655 6 1979 3 1645
2906 2.4295046332634973 -15.823847362088486 37.913370292541998 168 133 102 1.3649167573235188 1 1906 6 1993 8 2245 9 2257 4 1677 3 1656
2907 0.95962810847243096 -12.339264955879374 36.8890769738411 154 117 77 1.1666744062488805 1 1924 2 1991 7 1829 9 2285 4 1690 8 2268
2909 7.9702538854982716 -7.0620527233472474 34.009012056098605 34 38 37 0.89319213279446519 6 2054 7 1302 8 356 4 1732 1 305 9 417
2910 -10.383632941623123 -2.2755848928246145 17.884673738893223 53 20 0 0.40955710205181051 1 2389 4 1754 3 1717
2911 -8.7359438820232462 -1.9360625915571368 18.819424342202282 74 38 18 1.0709462191656773 1 1467 4 1767 3 1207 6 1464 5 345
2912 -10.185312992131461 -1.6319301357764442 17.841485294878499 155 77 43 0.47925721073903177 1 2402 4 1775 3 1733
2913 -10.548193504240993 2.398453244080256 27.788909295237367 89 82 74 0.80378872470420981 1 2082 2 2156 5 2490 4 1834
2915 -10.983719412370421 6.9263070815209371 20.512335634717246 22 9 3 0.96388041812062397 1 2502 2 2218 6 2657 4 1896 3 1850
2916 -11.24492512141064 7.8102792653185826 21.987403781636445 51 37 24 1.1118302022090809 1 2174 2 2617 5 1978 4 1905 3 1405
2917 -11.177530197439419 8.1206655005748374 21.910223658451063 23 5 0 0.83318006237526221 1 2505 2 2234 6 2292 4 1910 3 1421
2919 -11.676492528020006 10.813453547981094 19.972664907889833 37 20 12 1.7126228994148416 1 2208 4 1947 3 1498
2932 1.9963590582468831 -16.804018932694845 35.436242331726113 48 31 16 0.59919191374616354 8 2680 4 2050 3 2004
2933 0.75022042946790368 -12.297816093067317 40.325400831655408 130 94 58 0.64615073838274983 1 1928 2 1997 5 2133 9 2300 4 2080
2934 7.1725731683682996 -6.0029660503389284 39.063265386995646 82 72 71 0.80753505302092432 9 2344 10 2915 4 2125 8 1580 3 2074 7 2292
2935 -9.4744293905886963 -1.9541358243670224 19.266532272617543 55 30 10 0.32569839194989486 1 2672 2 2500 4 2138
2936 -10.448364183430758 -1.4682587572026364 17.625546676173215 41 15 1 0.68826554837835574 1 2400 2 2508 4 2142 3 2097
2947 -12.100411751945561 -17.426807767974008 29.799646197369238 125 106 91 1.7999271080058403 2 2711 5 2383 7 2534 4 2328 6 2740 3 2290
2948 11.66676802247307 -11.516008640722671 33.952240313256425 72 77 71 1.5371199771806234 8 2716 9 2705 4 2354 1 2335 3 2031 6 2447
2949 1.0556009811588962 -9.9472123615916637 34.163761339076956 138 100 64 1.8885207718217702 1 2635 5 2424 6 2785 7 2567 9 3004 4 2356 3 2316
2950 1.2418182639936897 -10.780423989354695 40.063145024609675 133 98 68 1.0766166392416054 8 3019 4 2360 1 2636 2 2952 6 2792 7 2570 9 3186 3 2479
2951 9.4912928163396852 -8.0330447570968797 34.26358781004987 88 92 86 0.44690425716563081 5 2428 8 2744 4 2363
2956 -11.184807414856362 -18.27882386333911 29.490035289980803 129 108 89 1.7377922382513116 2 2934 5 2584 7 2729 4 2493 6 2968 3 2287
2957 6.2494565628754311 -11.405938155272047 31.268289342371922 39 28 22 1.6405443909561057 2 2730 8 3009 4 2512
2958 8.5320800256016973 -7.0629582230401544 31.570533049264668 13 17 16 0.21273153881301143 8 2754 9 3013 4 2524 3 2486
2959 -11.207966358831994 1.8535158272084047 21.867781519836463 41 34 28 0.56989923959786826 1 2863 2 3142 5 2636 6 3170 4 2553 1 2985 3 2509
2967 -10.500988732714021 -1.9170367932416388 18.18122365899967 138 63 26 0.36435018092355898 1 3081 2 3237 4 2773 3 2724
2970 -11.013065897277425 2.423502484116645 24.146609658405936 127 119 110 0.25940975665587329 1 3166 4 2849 3 2790
2973 -7.1051225768561981 -3.6885611581079853 13.67341613129091 35 35 35 1.6561137728473796 1 3146 5 2968 4 2877 2 3402 3 2829
2974 -11.453994977700892 -2.915682324201998 29.21464931710581 12 1 2 1.0781423124111043 1 3151 5 2972 4 2879 3 2832
2975 -11.085056312091043 2.5586488558124323 24.71673196133802 126 117 108 1.5108910649440956 1 3262 2 3412 5 3028 4 2885 3 2839
2976 -7.3937932137116356 3.4522050103388375 31.180927662322624 218 214 203 0.74643112419151569 1 3223 2 3372 5 2987 6 3401 4 2886 3 2840
2977 -10.876266758145823 13.124739054760255 23.30399202476389 53 26 5 1.5783424474191914 1 3238 2 3386 5 2999 6 3415 4 2896 3 2851
2983 -8.8895194767841232 16.524519907732294 24.250071713026273 30 26 27 2.2898018043599553 1 3305 2 3470 4 2973 5 3080 6 3486 3 2927
2984 21.458712778247435 11.270474090326397 64.175484948677592 115 112 112 1.5460181924631595 2 2203 7 1538 11 2195 5 1496 6 2236 9 850 1 1650 8 2462 12 1816 4 2432 5 2515 6 2624 7 2649 10 2731 8 2858
2985 9.7615750531449539 -15.075577834114904 33.802438117751819 109 110 106 1.2632101545785706 8 202 2 1284 5 109 4 132 9 236 11 1269 3 136
2987 8.1227395984845518 -5.3045703820815797 36.928059740515508 2 8 10 1.2305074387826516 7 1353 8 1582 11 2460 1 1410 2 1434 5 1266 4 1235 9 477 11 1412 5 310 3 351 3 1191
2988 12.064279062535793 -9.386230271991975 31.985912017454368 59 51 29 1.011747539700373 10 1452 7 1268 1 1345 2 1342 6 254 4 1182 8 318 11 1334 9 366
2990 10.102481661068698 -13.915055553538888 26.555526500369837 208 199 184 3.7726644427502491 12 131 4 74
3008 -10.695198763702267 -18.65641988982561 28.122904745521531 242 230 221 0.72923756700146924 4 1085 7 20 3 15
3011 -12.256652935146345 -18.068060544108274 30.849639591601711 223 204 189 1.6548936150610938 2 1236 5 47 6 1250 7 33 3 52
3013 3.1446278012420597 -14.384981359413642 36.228538643518853 140 113 83 1.1387069099779106 1 1309 8 237 3 162
3015 2.6993043005080475 -13.793980116874751 36.505634946946721 55 24 1 1.0344327930573112 9 278 3 173 8 240
3016 9.5656388346667871 -12.753336848145137 34.877055462899627 79 84 80 0.63673766330582926 5 156 6 190 9 301 3 180 8 265
3019 -10.059506288721309 -2.6627839513080107 17.027815895082345 67 23 0 0.72580612616491103 1 1400 2 1420 3 360 5 1258
3020 -9.1577663995509866 -1.3148464792113854 18.10793622606246 174 100 44 1.4558035813399355 1 1497 6 435 3 417
3021 -8.6202556868533318 -1.331449215770474 18.266305467570188 180 99 34 1.1810796953571656 1 423 5 1317 6 1498 3 421 2 1488 4 386
3022 -8.6202556868533318 -1.331449215770474 18.266305467570188 180 99 34 1.1810796953571656 1 422 5 1318 6 1497 3 422 2 1489 4 385
3023 6.1280537300765401 -1.6158850204343091 20.026630959122141 65 66 61 0.41698493080645532 12 284 3 430
3024 10.958253313726962 -1.0581466474698333 29.267110707783772 55 51 34 1.2951106342204333 7 409 10 523 3 475
3025 -1.0442002880970758 1.9699383875856931 44.119323471983854 179 164 153 0.73913069373631279 1 608 9 630 10 597 3 506 4 1325 5 482
3026 -5.1287075022401574 2.191160140656264 33.802230888455625 191 50 54 1.8743887451838515 1 598 4 526 3 527 6 598 2 564 7 497 8 631
3032 -11.554608897539691 10.740117636525396 21.812624176591431 166 150 145 1.3279174539073597 1 1764 2 949 6 972 3 811
3038 9.0331763525736779 -18.190037722998554 35.846747984717986 214 206 193 0.81002224296378023 1 69 5 1098 8 140 3 1050
3039 2.6578245522271486 -14.821861517926781 36.539971785298654 72 39 15 2.0391975002249665 8 1481 3 1083 7 175 1 1306 3 1081
3041 3.0399439339646035 -10.935354225349615 37.913557171808343 202 176 150 0.73046880947675896 5 1816 6 1347 7 1844 8 2294 3 1121 9 2303
3042 -10.929192915217083 7.3583779841896844 20.65731218782005 55 42 33 0.81807330839677461 1 2172 4 1442 6 1746 3 1403
3043 -10.506656039868457 7.3009744870629865 21.055049681534879 58 44 35 0.67878861538762258 1 1685 6 861 3 1404
3044 -9.3327351984722391 7.4034323147097743 21.959468906461275 44 43 22 0.45174371426586052 1 2161 2 1730 3 1407 4 1444 5 1541
3051 -0.03509931592225831 -22.027424628193248 33.35030817658027 196 184 169 1.1652032587568797 6 16 7 1772 8 2183 9 2209 3 1636 5 10
3052 -10.17340242922274 -2.5875432659059205 17.364455418540508 57 14 0 0.33472094772378186 1 1986 2 2059 3 1716
3053 11.419743354550313 -0.90028744716235709 49.023550015653633 20 20 15 1.3730374546530191 10 2199 3 1781 1 2047
3060 -11.823556408252898 12.189491731730087 20.95086078805004 121 114 118 1.4846930921712582 1 2227 2 2293 5 1659 6 2328 3 1909 4 886
3069 7.3872943569096181 -9.5965275029475983 42.376547051456427 47 38 33 1.7024873440154635 1 1956 2 2021 10 2594 3 2048
3070 -10.219857437337462 -2.2130965939669891 17.031871102847223 40 13 3 0.41991665680945284 1 2388 2 2488 3 2083
3071 -9.4291964156192076 -0.69706369315461447 18.560143279725857 70 41 30 0.44437999777530374 1 2680 2 2800 3 2110
3080 3.3543698222398981 -22.053599410880921 33.464233315134059 101 71 55 1.033228054963216 6 2735 8 2966 3 2279 9 2966
3081 5.6939622516807376 -18.032203230221214 35.915400800517602 30 20 10 0.33968302990215388 8 2231 9 2980 3 2293
3082 1.1374896482726327 -12.108284659226488 39.523959413390862 143 109 76 0.9282961380746364 7 2565 8 3016 3 2315 9 2999
3088 2.193865045881517 -13.347496766166524 36.875474751032954 67 56 42 1.9872042162384655 6 2987 8 3202 3 2476
3089 4.5503138607295552 -14.296398470847214 39.114018466076153 181 142 111 0.76420667245537965 1 2812 7 2751 9 3178 3 2477 8 3203
3112 20.269716925701946 33.642437785966429 70.163257208476139 34 22 18 2.0485283511918646 10 974 6 1846 8 1059 9 1135 1 1040 12 677 4 1565 3 1544 9 1134 11 1757
3113 16.029704110047124 40.870305224235523 77.574027018494064 128 148 237 2.0353371124298287 8 1136 11 1040 4 1584 3 1567 8 2061 11 1796
3114 10.527462541858997 -2.5087031019508159 32.346660133078991 59 60 55 1.0917208216702545 6 2825 9 2772 11 2763 7 2318 1 2408 2 2519 3 2105 10 2173 8 2359
3115 17.164188953671506 33.402871567940672 77.052315396200513 30 35 65 1.9360688993852839 8 3313 11 3000 4 2603 3 2682 10 3335 5 2819
3116 7.7133839719637853 -8.1564343844655536 37.793025160524309 44 46 49 0.77557913235147136 8 352 11 1348 5 235 3 1149 1 279 2 295 10 393 4 257 9 395
3117 4.5986848022288473 7.4230573811752887 48.387144653532552 88 86 95 1.0476683760394481 10 1742 6 1661 7 1521 2 1639 3 1350 10 1741 8 1850 9 845 7 1522 5 1475 4 1380
3118 9.8228677399973385 -18.084895722161153 35.592034158698212 159 156 151 1.4827887205756065 9 2668 11 2370 1 2596 6 2751 2 2714 3 1998 4 2045 9 2250
3119 8.3680050065809102 -0.99627209216770263 30.9866986544301 21 22 17 0.70053864076193262 10 2190 6 2140 8 2366 7 1933 1 2048 2 2535 5 2211 4 2158 3 2119 10 2645 6 2556
3137 19.043460342795598 -19.039811972452934 24.242571529706971 188 156 104 1.7390044845453769 8 20 13 17 7 16
3138 25.425004529768113 -16.688926211521199 16.122296844969412 134 107 49 0.41790450224492731 11 60 13 51 14 53
3139 26.050586083310474 -16.460225549869801 14.898534128306588 142 114 14 1.2014137393169015 11 1176 12 840 13 52 14 518 18 1065
3140 22.273849040097758 -15.674632801535466 20.142381222853487 169 139 70 1.8076978515848656 8 64 13 80 9 96
3141 21.850985138299013 -15.954208706939152 21.63224858791574 201 185 138 0.81599108057237923 9 125 12 114 13 94 14 527
3142 25.275608440630329 -10.710296798421838 17.838932121825771 164 155 140 0.62007567871136848 13 137 16 742 17 1150 14 812
3143 26.093399963033026 -11.319114335888532 17.331504753108707 143 133 118 0.30305996389438639 13 140 17 160
3144 26.302518730071593 -11.03317423836612 17.870714046096907 164 152 138 0.43503430095497703 11 274 12 187 13 141 16 743 17 835
3145 28.40635804047513 -1.1395645627986135 14.588907419295513 143 131 105 0.7015874527235626 11 1447 13 179 18 1115 15 916 16 1280
3146 27.216188574478778 -1.1659683183527825 13.449864666819085 181 170 142 0.92108920755303336 11 1433 13 182 15 150
3149 28.766776565026834 2.1894479990551465 12.634560463908457 154 118 29 1.4171075259596142 11 1475 13 226 18 802 24 385
3150 16.500482735141329 0.11056895540895342 28.633304989433139 52 54 43 0.36818788060937796 1 554 7 443 13 240
3151 24.224085869672418 1.8692133040787009 19.709352330703883 90 82 79 0.19991145383499051 10 567 13 263 14 152
3152 24.894153806513636 2.1917303971014093 20.639290781371169 149 143 117 1.2335563453745781 9 625 13 279 14 588 16 222 17 246
3153 25.374134323980687 2.4851225977179183 20.700016261390211 76 68 45 1.9005094225630481 9 626 13 281 17 881
3154 27.701169327286788 4.2114824834188731 12.445207913106604 62 47 10 0.97835821379874255 11 1522 13 308 16 262 12 389
3155 25.701640633862986 4.5641254301838066 18.581879816884204 146 135 117 1.6973503909447127 10 691 11 632 13 327 16 310 17 369
3156 27.361685358539209 5.2020385812022214 12.594955960568301 150 140 128 0.63665980081398788 11 1575 13 331 14 204 15 268 12 1489
3157 27.188373399065874 5.7531856047825531 16.492698772157262 101 89 77 0.67655022852735025 11 1570 13 350 14 634 17 956 18 1217
3158 20.940504150850483 4.5628254004631374 25.361913095432218 157 121 98 0.39237436452630203 8 730 13 374 14 279
3159 21.100296958090098 4.6336334530940828 25.360793795498129 152 70 14 0.44316933163985461 8 732 13 375 14 280
3160 24.289927008632151 6.5964580882648214 16.214096553238377 16 7 0 0.74560595578700495 11 1622 13 433 14 701 15 410 18 987
3161 15.601515412935681 5.0275509181936009 28.09844290358042 120 116 103 0.81987855016851297 6 751 7 638 13 463
3162 21.923746780124436 6.5144046562701181 23.028616599846046 50 48 33 1.8671071579629039 9 892 12 527 13 472
3163 15.761592531491264 5.2604163300555529 28.878667153783915 128 115 98 1.084741588910682 1 800 6 750 13 482 7 634
3164 20.954560357923803 6.7329697205502583 26.217563742131315 34 29 20 0.9027020019626073 8 849 13 485
3165 20.625290673952787 10.180019601856333 21.036208538386102 75 51 31 0.851298545487569 11 811 12 566 13 502 14 417
3167 25.646656700640122 -16.775919636055661 15.192831784204254 205 199 173 0.76748584010221899 11 1870 12 1309 13 638 14 516 15 888 16 656 17 1344
3168 18.914363629725692 -13.967282731264365 25.588223305430468 204 193 171 0.64204046185560704 10 201 11 1274 13 675
3170 17.32417185399682 -5.0503381020733631 27.11288127856729 68 66 54 1.6215959762235601 7 294 10 436 13 711
3171 27.426435695412952 -2.6976012250696848 11.859844933367459 122 81 27 0.70982180765426273 11 2022 13 727 14 127 15 914 16 1091 18 1111
3172 28.70748997575204 -2.7669907236016456 11.920781596437584 123 80 38 0.95186029796597471 11 2023 13 728 17 180 18 172 24 239
3173 18.177003228711364 -4.3955730887970734 27.411962445450477 53 34 30 0.95545429912723301 7 325 8 430 12 963 13 729
3175 18.362977574747973 -3.1042295258347368 26.967812285422678 191 171 165 0.50090495793005974 7 1390 8 464 9 530 13 741
3177 27.608589832516884 3.6308795244798269 12.339221745982613 148 112 29 1.1229059685671667 11 1498 13 775 17 258 18 258
3178 27.117537291023954 4.1893400895732364 12.782515835896655 93 68 31 0.57472643855220928 11 2120 12 1073 13 782 14 599 15 688 16 803 17 897 18 832 11 1520
3179 16.843486255160517 2.3865111405794313 26.710471697762603 57 55 42 0.69882155337467144 8 608 12 1057 13 792
3180 26.734529840376716 4.621115317839406 15.049377352147889 118 110 87 0.43831640227974356 11 1541 13 806 16 285 17 315 18 1167
3181 25.261520810715453 5.1287164298532142 18.048884814820518 118 113 93 1.0993359629860031 10 1718 13 822 14 858 16 1158
3182 24.674977928569156 6.7665133773599342 11.549653999860858 14 10 4 1.4487074608466117 11 761 13 902 17 503 24 1880 25 1197
3183 16.675998292451911 5.3619300453302667 27.942939866969901 212 210 195 0.83303211757894924 1 1655 6 759 7 676 9 813 13 916
3184 17.976817793172788 16.873215473057037 24.354276519316421 60 91 77 0.89167673506529399 11 1752 13 965 14 952
3185 20.186240808057519 18.005955037091251 20.42043754486528 82 58 34 1.9020301593509039 11 1010 12 701 13 977 14 755 15 1063 16 1017
3188 16.467533079848913 19.443152187520308 27.422150503400026 52 117 65 2.5926447962506747 6 1942 13 996
3189 28.134391754991498 -15.273779936979047 10.827074769972972 179 176 143 1.6833104119078721 11 1873 13 1025 14 797 15 899 16 713 12 58 18 1321
3190 21.491493189629804 -15.644799150565317 21.946009691762423 222 213 196 0.93615649490439468 8 2207 10 1286 13 1034 14 804
3191 17.427201635287833 -0.93464925519397735 26.924818776981891 70 67 58 0.6726188854241707 8 1675 11 1464 13 1086
3192 28.83344425127331 1.7076029127702899 12.782278131705429 170 117 5 0.88544528285007651 11 2491 13 1090 14 823 17 1165 18 1134 18 1350 24 2049
3193 24.395412192661908 1.4206113046519511 19.907528952832649 125 114 93 0.74834310719565178 10 2213 13 1093 14 824 15 928 16 1108 17 1168
3194 25.211255907721831 5.4631922507073467 12.75780618202975 52 43 37 0.89742006648335482 11 2152 12 463 13 1128 18 440 24 2130
3195 25.741232385740453 5.629057447659191 11.800431779315273 45 38 22 0.99304823572255907 11 2553 12 1511 13 1131 14 639 11 1601 15 983 16 361 17 1205 19 1282
3196 21.251106383211848 5.2464785899257098 25.41199468772653 58 1 0 0.30090840604295654 8 1837 13 1160 14 891
3197 24.019899688525072 6.3859935173686262 15.235237022386983 8 6 0 0.98024143135123532 11 1623 12 1129 13 1165 14 897 15 1012 16 1183 17 1248 18 1436
3198 23.532622793914907 6.8226878240735829 16.574446763722523 103 98 79 1.4045099272759229 11 2190 13 1181 12 1550 16 1192 18 1440 17 1257
3200 18.532243726663211 15.196600930178473 28.788672195414662 24 20 11 0.7230800872108597 11 2248 12 1205 13 1208
3201 14.880005932135385 16.591867430683099 29.270129924239935 34 42 24 0.27085117052784324 6 2343 13 1222
3204 20.556293003458418 -17.388544420131588 22.182903349854669 238 224 210 0.92336018031716682 8 2970 11 1888 13 1260
3205 26.635224961428854 -17.271991312178553 15.103384507118355 219 210 181 0.88377770967388791 11 2666 12 1889 13 1262 14 1082 15 1215 16 1423 17 1523 18 1587
3206 22.23324552550454 -16.411883402631542 22.579540397490192 165 156 134 0.5673947069673565 11 2675 12 1670 13 1275 14 972
3207 20.502770073741779 -5.5513419828073074 24.760275202874258 189 176 157 0.43566689062511493 8 2324 9 2752 13 1298
3208 20.712762430213861 1.6663309930446009 25.202108936465372 31 18 10 0.56649863843616222 8 2820 13 1319 14 990
3209 22.317364725373814 2.7472908348562908 23.230851839291041 127 118 90 1.8483382481337225 9 1789 11 2509 13 1327
3210 24.790067427213732 5.3424184073440575 20.022761066162349 98 91 78 0.47437675241514859 11 2533 13 1354 17 1437
3211 24.213759658765557 5.4539744870280398 13.229936364487179 137 106 97 1.1752678229544311 11 2552 12 1778 13 1355 14 877 15 982 17 1230 18 1526
3212 23.182744695597755 7.1657025242263019 23.61198473885948 62 59 50 2.3662810766316098 8 2496 12 1546 13 1385
3213 24.26239053459329 7.5383776951664112 19.081926258965769 36 29 23 2.6185483900748507 10 2739 11 2825 13 1386
3214 21.32453856812911 6.7750004904439898 16.274260053837541 50 46 35 0.60058275270206873 11 2571 13 1387 15 1281
3215 20.982664279889665 8.0033176510376425 10.090157596753723 134 82 46 1.044637896424107 12 1999 13 1389 14 930 15 1039 16 1200 17 1281 18 1452 25 1905 24 1904
3216 24.945274052824065 5.8570538185430436 18.178732941447421 39 40 26 1.3297383412651667 10 3158 13 1472 17 1691
3217 23.020315560609721 6.0913921145459549 13.313534335058479 7 2 0 1.7954259822143144 11 3098 13 1482 14 1130 16 1485 17 1692
3218 20.596859054610061 10.317555586607563 20.911912628965947 76 49 30 0.53706504382160025 11 2835 13 1496
3220 20.007379317963775 6.3184740753893553 26.679408648532117 18 21 16 0.49173731629185796 7 2932 8 3398 9 3363 13 1627
3221 19.334295283487588 17.399505815499424 19.453361102744214 52 30 10 1.150226412246339 11 3123 12 2231 13 1635 14 1305 15 1460 16 1635
3222 26.547639129448982 -16.369154129738149 16.222121867255613 191 180 150 1.0344766234301781 11 3128 12 2238 13 1641 14 1310 15 1424 16 1706
3223 26.009511587913302 -11.569839894620474 20.175009301973112 166 156 148 0.63549717054536525 11 3140 12 2243 13 1645 14 1269 15 1427 16 1652
3224 25.996533597598983 4.5718825296493923 17.55782891517288 157 156 138 0.89363725235899272 11 3237 13 1658 14 1279 15 1481 17 1848
3225 24.674062623131739 6.9285540918309136 16.251564250399575 2 1 0 1.2182764070548036 11 3170 12 2280 13 1677 14 1295 15 1447 16 1689 17 1810 18 1783
3226 24.931245832178224 6.9802793166618109 16.386999699361613 2 1 0 0.94976182574501233 11 3169 12 2281 13 1678 17 1811
3227 22.639863400745845 8.1004362307035418 13.747252719105516 9 15 11 1.8047244172609829 11 3174 12 2286 13 1683 17 1867
3229 27.798762832855846 -3.5812266617210025 12.614647408424633 191 179 153 1.2319178369834032 11 3268 12 2365 13 1707 14 1336 15 1468 15 1497 16 1713 17 1878 18 1845
3230 12.929647669823741 16.112748009515478 25.333580040268473 19 24 9 0.75612685111358058 11 3117 12 2304 13 1729
3231 26.409480221336121 -16.799259075530205 15.389892192461861 157 121 8 0.61300224251248558 11 3253 12 2356 13 1733 14 1332 15 1490 16 1734 17 1870
3232 23.73857804278806 5.4115189537651727 22.04166553768524 68 61 50 2.0057446559354193 9 3238 11 2803 13 1557 10 3303 9 3359 12 2194 14 1185 15 1269 16 1623
3233 22.081996140904835 -16.615804252579206 20.247446653644211 155 149 138 2.2539402097130443 10 3063 8 3183 9 2969 13 1517 11 2673 12 1891 14 1161
3234 18.122364618017855 -4.0433301073490275 27.304939055774366 38 17 19 1.3884444129503903 10 476 11 459 10 473 9 490 11 456 12 266 13 733
3235 17.657402654072346 3.4052379569271047 26.519593224195614 174 166 146 1.6999743278166128 7 3009 8 3385 9 3349 12 2189 13 1661 10 3139 8 3259 9 3065 7 2800 11 2797 11 2944 12 2087
3236 18.949085158101589 -18.645431917325492 23.624142746970396 84 75 44 2.5302513662332435 7 1770 10 40 13 613 9 1423 11 1168
3238 26.763535319232592 -11.169824264585019 17.796402932619866 153 143 129 0.44484799504976813 12 905 13 686 14 110 15 645 16 745 17 836
3240 26.182194948781021 -17.62459120055254 15.473049811891221 186 177 160 0.50527474990431731 11 38 14 27
3241 26.184029664088044 -16.23723197941575 13.714933994716366 174 150 110 0.63138539539558158 12 54 14 61 17 767
3242 27.068032354041144 -15.845930373197186 9.8314570220564335 218 154 39 0.75956359976776422 12 29 13 33 14 66 16 84 17 54 18 51
3243 27.264813497555291 -16.843355201534337 15.698041097893617 187 175 147 0.78958842078611957 12 71 14 78 15 81 17 45 18 700
3244 25.879168517186873 -14.094758859309334 8.6091118194530054 70 64 39 0.61969951720702032 12 832 14 83
3245 26.421736950420737 -14.264345840205126 20.405012131497923 109 97 75 0.26064195451022537 12 151 14 97 16 142
3246 26.421736950420737 -14.264345840205126 20.405012131497923 109 97 75 0.26064195451022537 12 152 14 98 16 141
3248 27.723610716500957 -3.1189408110661776 12.0375515256586 163 148 123 1.4325183570087281 12 233 13 160 14 122
3250 27.333701298167433 -2.9580761994099065 11.765684012924616 150 111 44 1.1524718569931174 12 234 13 162 14 128
3252 28.989399383787415 2.0211809867185662 12.799183970347871 178 130 20 0.77580899557693495 12 1020 14 148 15 167 16 785 17 873 18 1137 24 1753
3254 25.331785631809389 4.5030528915460089 16.18296935042768 60 48 32 0.21275758249263613 13 804 14 197 15 263
3255 28.50246919788917 5.2110202487073236 13.18789500647557 145 132 116 0.97930520270331434 13 809 14 203 16 821 18 320 24 1383
3256 25.755593864138262 5.0846908736329253 18.606954325436945 14 8 2 1.0627237844938195 11 664 14 225 18 899
3257 25.524739633305778 5.3347365394649646 16.788533190574981 97 92 72 0.70209775094177029 12 455 13 347 14 227 17 429 18 430
3258 23.467944258387487 5.1211732919185389 11.094552062929269 57 49 38 0.81312205266465865 13 355 14 233 17 936 16 360 18 442
3259 25.808104177562264 5.6389263880178682 11.394377711289211 138 126 112 0.87416362960380001 12 465 13 356 14 234 16 363 17 388 11 1602 18 906 19 1283 24 1451
3260 23.619950760421506 5.2644474216319184 10.314671162599048 120 110 92 0.97029771828695088 13 357 14 235 15 332 17 389
3261 28.401074886844675 5.8771329167191055 8.6133474485856336 119 109 97 1.0973414561269581 12 1512 13 828 14 236 16 320 17 318
3262 28.207312671964342 6.1972373554629687 5.8640474268624674 46 46 45 0.89011563994999254 13 832 14 244 15 731 16 844 17 937 18 876 24 1816 20 2140 23 1760 21 1904 25 1513 22 2021 26 1652 19 850
3263 26.387298329203947 5.9686370405736371 16.014542128611893 67 57 50 0.5895136393793371 11 714 13 860 14 296 15 746 17 431 18 1238
3264 23.050752925791386 5.7058428972211894 12.54232595298876 55 49 38 0.64298039792584949 12 495 13 864 14 305 15 780 17 438
3265 29.365678782336666 7.0502729471059187 9.7308358144720408 70 71 56 0.86294526445257314 12 1132 14 310 15 337 18 910 19 897 24 1454 23 1306 25 1148
3266 26.043271467756984 6.6284951000626746 4.1144386174628815 167 131 120 0.80689687457606873 13 881 14 318 15 343 16 388 17 457 18 916 19 881 24 652 20 1644 23 1288 21 1448 25 1131 22 1548 26 1675
3267 24.317746540747276 6.7467665514034509 11.555933045127091 139 128 119 1.0459538457765432 12 539 13 903 14 367 15 796 17 502 18 1251 24 1879
3269 22.098265973170584 6.2165655982045598 13.849931807418091 43 41 40 0.47368336513350345 12 535 14 389 17 998 18 1262
3270 21.795827534272238 9.5027304888700765 5.3537840888012687 78 45 21 0.71321866130245348 13 501 14 415 20 984 19 482 21 1539 25 587 22 830 26 1239
3271 21.605167331491593 12.442358656232642 5.83800713436918 238 215 203 0.75240143061402487 13 520 14 424 15 477 16 522 21 1572 22 903
3272 24.642873519160396 -16.309150753642161 14.188497302490386 193 185 164 1.0597070241270985 11 1160 14 503 15 22
3273 27.500492502810776 -16.226162803536401 9.9162665296261867 142 115 58 0.97454442179338341 12 826 13 626 14 504 15 56 16 44 17 53 18 683
3275 27.418202921852448 -15.847847832774811 9.8511345803027215 186 132 25 0.78865915066854797 13 628 14 520 15 58 16 85 17 56 18 702
3276 27.340803371520845 -15.1045654802325 11.003427189854628 89 76 59 0.7227885473043274 12 844 13 649 14 533 15 96 16 700 17 802 18 722
3277 26.937532064065994 -14.673533526551044 9.2391080883007302 118 103 90 0.56224575205689953 12 1303 13 642 14 534 15 617 16 1063
3278 27.8404443665301 -15.223570104213179 10.005720435883463 101 80 47 0.57592497426867795 12 1311 14 535 15 616 16 703 17 115 18 1080
3279 26.318400719731692 -12.989320882512205 9.8545925092619573 222 174 42 1.0117689774913476 12 103 13 665 14 541
3280 27.233441565207976 -13.355254062908601 10.55275817956332 128 110 71 0.8897540821793265 12 871 13 664 14 542 15 113 11 124 16 1079 17 1138 18 1093
3281 26.065812224525047 -11.241192269719956 19.653489337199652 164 152 136 0.27218813936260045 11 295 14 550 15 643 16 740 17 832
3282 26.065812224525047 -11.241192269719956 19.653489337199652 164 152 136 0.27218813936260045 11 296 14 551 15 644 16 741 17 833
3283 28.735850684822815 1.377272430548407 13.537358093869765 102 75 46 0.60846087605660859 11 532 14 579 16 782 18 1132 24 350
3284 23.319789307750067 1.2154077836117771 19.13701563166682 168 157 129 1.0958675884064724 11 1474 14 581 12 330
3285 27.23172123726426 2.7255521690021052 20.109730641136469 161 155 131 1.0611025718933988 12 1040 13 287 14 593 15 679 16 792 17 256
3286 26.348107393743003 4.0635146034846557 15.567726003596896 119 107 83 0.67390130208688348 11 1516 12 385 13 306 14 598 16 283 17 895 18 842
3288 27.915928860025193 4.5541023109444811 7.6036953083638137 33 24 8 0.57105699236447405 13 787 14 604 15 202 16 264 17 288 18 835 19 801 24 1318 20 2455 23 1716 25 1032
3289 27.915928860025193 4.5541023109444811 7.6036953083638137 33 24 8 0.57105699236447405 13 786 14 605 15 201 16 265 17 289 18 834 19 800 24 1319 20 2454 23 1715 25 1033
3290 26.296799489119252 4.9423689571335512 14.076021229216964 154 127 111 0.80995016537367404 12 424 13 807 14 616 16 1137 17 912 18 1191
3291 28.89162381688713 4.8687957028355298 12.965304495776001 156 147 132 1.0163014229644292 12 1471 13 1104 14 618 16 1126 17 900 11 1545 18 1168 18 1370 24 525
3293 25.356909669740897 5.0375048780225997 15.472103430042345 119 110 95 0.95773747661709263 12 1481 14 632 16 839
3294 24.171002248749708 5.1668793400689159 12.070542475886093 240 234 214 0.56637129528242169 12 1779 13 1129 14 637 15 723 16 872 17 1203 18 1218
3295 23.706299032077251 5.0693255575110614 11.870342674257149 240 234 214 0.49613476245402266 13 1130 14 638 16 873 17 1204 18 1219
3296 28.255091880662818 6.2344921755197564 8.3472315659284586 51 50 45 0.99977016043197087 12 1514 13 830 14 640 15 271 17 395 18 383 19 1263 24 1814
3297 28.195772646212866 5.8943751107915148 5.7736746253718918 120 117 101 1.0443004582408819 13 833 14 643 18 844 24 1792 20 2139 26 1650
3298 28.402552396622671 6.4567517944134876 4.2601237415404256 85 83 71 0.8758219722281505 13 835 14 645 15 734 17 940 19 1249 20 2141 23 1762 24 531 21 1873 25 1514 22 2364 26 1653 25 1839
3299 26.165174254154895 6.2737405154901333 16.487108469995228 119 112 103 0.61485875873941265 13 861 14 669 15 380 17 979
3300 24.48109265773855 6.019665784806369 12.594411656558128 107 104 95 0.57517515337237191 11 2193 13 1149 14 671 15 781 16 900 17 958
3301 24.80535019189594 5.6862810886919002 10.416021654279765 153 146 130 0.65551701332901713 12 1114 14 674 15 335
3302 28.691372719394668 7.3105380017445158 9.6739404827341637 14 15 0 1.0139578984003523 12 1553 13 907 14 676 15 783 16 902 17 960 18 949 19 1526 24 1847 23 1813 25 1565
3303 29.170725906156775 7.0951382818246298 9.5342789155135907 7 8 0 0.65644426375209763 13 870 14 677 15 750 16 879 17 449 18 1220 19 898 23 1798
3304 27.637093203854324 6.4241060268107839 7.9633413473263008 40 40 38 0.59886526450669642 13 1150 14 678 15 751 19 1507
3305 26.349119280636423 6.6368505869705023 6.9836872017842966 32 36 44 0.60104665284003544 13 872 14 679 15 340 16 881
3306 26.649492600971858 6.6412106998175879 4.5443635298914833 101 26 23 0.75147712499243802 13 878 14 683 15 758 17 941 22 1546
3307 23.670948871898315 6.2850066190077651 15.425325417773724 12 3 0 0.25650830951045611 11 743 14 699 16 923
3308 25.576898011706717 6.7339423223416173 16.67033481702633 12 3 0 1.5190610896848933 11 742 14 700 15 412
3310 25.601581765416714 6.625882350870687 8.1570624312084874 39 35 32 0.95632120794203945 12 1555 14 707 16 436 18 1246
3311 25.750467179071958 6.7978635788876147 7.6233436377500272 4 4 2 0.57967164276363148 12 1152 13 909 14 708 16 903 19 1290 20 2188 23 1814 25 1566
3312 24.248319410099224 8.4385372843256423 11.951000697532233 31 26 23 0.98892145981017976 13 933 14 733 15 818 16 1197
3313 22.477480382506531 11.800246335996802 2.3364728927988576 58 40 17 0.66691487236065194 13 951 14 741 15 475 18 1021 19 974 21 1960
3314 18.810191179085926 15.626345456216221 23.980557254363283 44 47 23 1.6671093944372639 12 630 14 744 11 892
3315 20.061936929852102 19.28247504403592 27.144646957405097 113 140 129 1.086030583670724 8 1226 13 972 14 756 9 1234
3316 19.901369260224037 19.119973359173887 26.878941490859194 113 140 129 0.72281930388182014 8 1225 14 757 9 1235
3317 26.88772159841124 -14.810910778970232 10.284776623906369 81 71 54 0.65842461206540903 12 1310 13 1024 14 798 15 893 16 1061
3318 27.331414953248188 -15.145293409554675 10.008179567001662 222 189 126 1.0209850323798195 12 1653 13 1263 14 799 16 702 16 1259 17 1350 18 1319
3319 23.551910954646786 -14.352911699699598 15.257282441048376 167 159 138 0.90507101716727489 11 2364 13 1028 14 805 15 1089
3320 27.122975997338802 -13.83488465741503 10.493904356976548 174 169 136 0.87258179883936771 12 1666 13 659 14 809 16 1072 17 131 18 1088
3321 28.611255866107953 -13.896230303471434 10.111858874254523 201 185 150 1.0212054268451112 13 1039 14 810 15 909 17 1139 18 1094 24 1638
3322 28.813161024793438 1.3455622991127403 12.6679751702085 178 127 11 0.91588084194669073 12 1730 13 1312 14 820 15 925 15 1106 17 1382 18 1349 24 2296
3324 20.8144499426494 2.9159353338054079 24.872757647008704 124 80 21 0.86147080950901689 9 2403 10 624 14 839
3325 28.19286444521687 5.713429086543349 8.4419857503312912 11 4 0 0.96238510825267454 12 1491 13 829 14 845 15 269 16 321 16 1143 18 321 19 1245 24 2105 23 1245 24 573 25 1092
3327 26.112317835026953 5.3057623630420405 13.346222957101627 60 10 0 0.38988669703774786 12 1484 13 1125 14 860 15 956 16 1140 17 1421
3328 28.315389173588034 6.7052349316634068 4.3163327280304955 108 89 84 0.57262381723661959 13 1151 14 864 15 759 17 943 18 1387
3330 27.487948416178892 6.3392629255129904 16.384440284164352 35 28 18 0.64295827476689849 11 2165 14 876 15 979 17 1228 18 1413
3333 22.312183048754971 6.1191022324093387 11.377511916130327 41 39 24 0.44256813001601242 13 1167 14 900 15 1014 16 929
3334 25.669890727721246 6.8789098643644744 7.7622893539565512 126 126 124 0.70585110891139113 12 1809 13 1367 14 904 15 1002 16 1177 17 1252 18 1415 19 1527 23 2398 24 2132 25 1882
3335 25.75999767766254 6.8974111416542065 7.7845148027487081 126 126 124 0.66750467422271687 12 1810 13 1368 14 905 15 1003 16 1178 17 1253 23 2399 25 1883
3336 24.474994540270217 6.9688210884782515 13.442020686900443 48 38 29 0.83784591051393809 13 477 14 915 16 1186 15 1013 17 1260 18 1553 15 1171 24 2485
3337 25.124982024785279 7.159842696393663 10.943735429110605 53 48 42 1.0968718974589402 12 1808 14 917 13 1380 15 797 16 1354 14 1137 19 1844 24 2356
3338 21.462460092734172 11.042718715611986 10.41473671753363 50 23 4 0.50804786252164347 13 1195 14 936 12 1193 15 831 16 1207 18 1282 19 1735
3339 21.332992401079434 10.961010080880163 10.332065829862312 50 23 4 0.67600986000900054 13 1196 14 937 19 1734 23 2208 25 2114
3340 21.496960636311606 10.930368772871265 10.336996556005056 123 85 64 0.85625396950434773 13 509 14 938 12 1186 16 517 18 1024 19 1570 25 606
3341 22.59777013039961 15.562537663223814 3.3688592150659513 104 66 43 0.89383278671834565 13 1409 14 948 16 977 19 1345 20 1081 24 888 23 779 25 638
3343 19.710627994092665 17.485659395591181 19.790374854130775 36 12 1 1.5526569843649576 12 1618 13 1226 14 953 15 1064 17 1324
3344 20.692878824317113 18.585520836452758 11.296316699809488 69 55 29 0.67859957097882762 13 1247 14 962 15 1069 17 1337 12 1293
3345 27.123946765787935 -14.797341967132837 10.799240095489509 196 185 166 0.6324050056653796 13 1023 14 976 17 1127
3346 29.43793746023487 -2.979423759547676 11.787884369509225 166 153 127 1.7977440932846658 14 983 17 1534 18 1335 24 2266 16 1092
3347 27.52598204592039 5.8889041474262349 6.4994992654588382 22 37 57 0.51180621634761725 13 1343 14 1009 18 1373 19 1688 23 2129 25 1838
3348 27.50071008369142 5.7361681525428665 6.2406275939237661 15 25 29 0.77326737141303803 13 1468 14 1010 15 1143 16 1314 17 1406 18 1514 19 1689 20 2696 23 2377 25 2055
3349 26.811455786213781 6.618840006949168 7.9940661937273401 50 49 45 0.84517171474237918 12 1985 13 1477 14 1025 15 1152 16 1329 17 1442 18 1654 19 1828
3350 26.811455786213781 6.618840006949168 7.9940661937273401 50 49 45 0.84517171474237918 12 1986 13 1476 14 1026 15 1153 16 1330 17 1441 18 1655 19 1829
3351 28.694368678199542 6.8837728097780344 3.7763383570139117 60 59 54 1.4220061561049806 13 1478 14 1029 16 1473 20 2697 19 1498 18 1202 25 1842 22 2377 26 2044
3352 24.894827075515902 6.6719739724215099 11.539955989887245 14 12 6 0.56856153872425474 11 2572 14 1037 15 1165
3353 25.124454408408091 6.6858408934419815 10.520033016423284 29 26 20 1.2150111093917058 13 1168 14 1038 16 1175 17 1454 18 1425 19 1531
3354 24.077335604221147 6.9977209241972638 11.560713445974704 80 57 39 1.3196022767507849 13 1379 14 1043 15 1173 16 1353 17 1464 18 1554 24 2362
3355 26.074277779939905 8.3642550803375038 8.2991032478777065 15 14 8 1.0215743290524999 12 1818 14 1048 15 1176 16 1494 18 1555 17 1700 20 2990
3356 24.130324792387547 7.7857267124553653 2.6334333376749117 10 9 3 0.78681743765624823 13 1492 14 1049 15 1178 16 1356 17 1467 18 1427 19 1715 24 2352 20 2719 23 2162 21 2442 25 1885 22 2628 26 2328
3357 22.379089721209866 11.949335677798313 3.0028052663504656 120 78 53 0.75464973775661837 13 1395 14 1068 16 1376 18 1454 17 1297 19 1566 24 1908 20 1775 23 718 21 1544 25 1603 22 2430 26 2092
3358 20.585223386926135 18.456053340352831 14.816598602847074 63 48 26 0.73825777510755319 12 1875 13 1422 14 1075 15 1208 17 1511
3359 26.586571972627858 -17.21465832433196 15.447206539874962 137 110 71 0.8203594074387871 11 2667 12 1888 14 1086 15 1080 16 1422 17 1522 18 1476
3360 26.477101628340424 -16.676760428918342 15.452900657262219 122 98 46 0.9654097767394646 11 2352 12 1658 13 1268 14 1088 15 1081 12 1316 17 1525 18 1478
3361 27.808891589760567 -13.753851380135208 10.089265232264426 140 109 37 0.69055095184253157 13 1437 14 1090 15 1222 16 1528 13 1520 17 1531 18 1596
3362 25.453892385835005 -3.1369564873666538 10.465591977277251 184 176 158 1.0384504369651926 12 1711 13 1531 14 1093 15 1225 18 1695
3363 28.891409780376094 1.3529708701382566 12.080873774301423 143 114 73 1.5924437844072117 12 2070 13 1313 14 1099 15 1232 17 1548 18 1611 24 2432
3364 25.4328705579737 5.2027726428757317 13.685167702997392 146 31 30 0.78579365241190025 11 2958 14 1110 15 1244 15 1340 16 1546
3365 27.970470334780355 5.7718973837347081 8.2895285812665964 10 5 1 0.91880799087697029 13 1550 14 1113 15 1248 16 1312 17 1671 18 1633 24 2543 23 2652 25 2324
3366 27.07800838207795 5.5769948393360824 8.0488062475245954 10 5 1 0.65701129423297178 13 1551 14 1114 15 1249 16 1313 17 1672 18 1634
3367 27.646730882254563 5.7937055931926276 6.835258688370522 45 39 33 0.69238933267968272 13 1466 14 1117 15 1250 16 1461 17 1562 18 1513 24 2451 20 2867 23 2547 25 2214
3368 27.325557852319939 6.2701115749991772 6.4123203134241376 7 10 13 0.65760249121151493 13 1467 14 1118 15 1252 16 1463 17 1572 18 1643 19 1822 20 2967 24 2458 23 2555 25 2220
3369 28.295737716975655 6.1716992487159628 5.4403678486841862 20 15 11 1.0850405286378537 13 1470 14 1119 15 1144 17 1673 18 1374 18 1635 19 1814 24 2452 23 2548 23 2653 21 2668 25 2215 22 2862
3370 29.354966525890607 7.07164906647618 9.4839489760891649 19 20 7 0.80958585072353495 12 1984 13 1474 14 1122 15 1257 16 1469 17 1684 18 1652 19 1909 24 2464 23 2559 25 2229
3371 27.683908719936063 6.4743995759601445 8.3012435077859106 11 10 5 0.65737486527502975 12 2103 13 1475 14 1123 15 1258 16 1470 17 1680 18 1653 19 1821 24 2465 23 2662 25 2331
3372 25.709715364567732 6.656931482770772 7.9689426955983045 5 4 1 0.76935210676334276 12 2109 13 1483 14 1131 15 1273 16 1486 17 1580 18 1667 19 1835 23 2567 24 2474 25 2233
3373 25.481349953534945 6.7658757740274105 7.133244360159563 37 37 35 0.91967069477101726 13 1484 14 1132 15 1274 16 1562 17 1582 18 1669 24 2550 20 2980 23 2665 25 2234
3374 25.989074532186354 7.6034650206858521 17.880389650455434 58 55 38 1.4701661667326154 13 1377 14 1136 15 1283 17 1599 18 1562
3375 24.045898333503224 7.8283902984265135 2.886181390597987 104 103 95 0.82143079195953328 13 1491 14 1139 15 1177 17 1465 18 1557 24 2353 21 2589 25 2242 22 2775
3376 23.931352002595027 8.0641014072432728 2.9405281841466979 9 6 2 0.97136281164390303 13 1494 14 1140 15 1284 17 1470 18 1556 19 1842 24 2154 20 2885 23 2407 21 2441 25 2085 22 2630 26 2334
3377 22.49506849022389 9.9244976299535317 2.0939903717296233 74 41 17 0.75100211221584123 13 1497 14 1147 15 1190 16 1371 17 1481 18 1572 19 1725 24 2375 20 2751 23 2422 21 2466 25 1901 22 2650 26 2349 27 2199
3378 22.49877846680829 9.9182562308402336 2.0871510109774492 74 41 17 0.61784453489702462 13 1498 14 1148 15 1191 16 1372 17 1482 18 1573 24 2376 20 2752 25 1902
3379 22.636149266003471 15.381751152560865 3.2591249007520564 55 25 5 0.99318369954954355 13 1502 14 1149 16 1379 21 2273 26 2123
3380 27.411016527636306 -13.720269641778842 10.607873629712227 110 101 51 0.4671113218287713 13 1519 14 1163 12 2040 15 1315 16 1527 17 1641 18 1594
3381 28.807409091061878 -2.5963047584880821 11.833723419735465 118 88 63 1.1832120842534903 12 2057 13 1532 14 1166 15 1320 16 1529 17 1646 18 1601 24 2516
3382 27.865871025716544 4.1523571696018875 7.3452275741634754 149 141 120 1.2072971207410659 13 1539 14 1171 15 1237 16 1536 17 1552 18 1621 19 1892 20 2956 23 2642 25 2193 23 2530
3383 27.722638355376176 5.3504889485112344 7.9133793041831746 120 108 92 0.72027126892998483 13 1547 14 1177 15 1331 13 1611 16 1542 17 1745 16 1609 19 1897 24 2597 23 2713 25 2379
3384 26.034900581009051 6.1214170322361756 16.081428940908733 26 17 10 0.46744379233761124 13 1473 14 1187 16 1561 17 1683
3385 25.297488648536405 6.4183095248571176 6.1523497694571949 19 24 27 1.5063660394149723 13 1567 14 1191 15 1344 17 1686 18 1722 23 2718 25 2382
3386 28.56544449776321 7.2205852084437838 6.2705098759087825 3 4 6 0.96612298035786714 13 1558 14 1192 15 1262 17 1583 18 1658 19 1908 18 1723 24 2603 20 2973
3387 26.097942757760109 6.8208137184142759 4.3477853748261825 23 24 16 0.79224310985068724 13 1568 14 1194 15 1345 18 1661 19 1824 20 2974 24 2468 26 2493 21 2581
3388 24.685344337422734 7.712566015032813 3.3835998081339342 28 37 34 0.82882269640677575 13 1574 14 1200 15 1356 17 1695 18 1671 19 1915 24 2475 20 2981 23 2667 21 2679 25 2235 25 2334 22 2873 26 2608
3389 24.685344337422734 7.712566015032813 3.3835998081339342 28 37 34 0.82882269640677575 13 1575 14 1201 15 1355 17 1696 18 1672 19 1916 24 2476 20 2982 23 2666 21 2678 25 2236 25 2335 22 2874 26 2607
3390 24.656033363808163 8.1680627824542196 2.7463198780761973 129 127 114 1.147823229229177 13 1577 14 1203 15 1358 16 1566 17 1697 19 1919 18 1732 24 2553 20 2985 23 2668 25 2338 22 2875 26 2613
3391 24.661955469186559 8.1667353937125604 2.746121441605113 129 127 114 1.1601513269860806 13 1578 14 1204 15 1359 16 1567 17 1698 19 1920 24 2552 20 2986 23 2669 25 2337 22 2876 26 2612
3392 28.26445740716542 -13.254035386395278 10.374384079677679 194 179 156 1.1647629732011116 13 1594 14 1224 16 1596 15 1317 14 1164 17 1782 18 1692
3393 29.879139664078131 2.1174048226995232 11.91954561656863 174 161 136 1.1888938038472461 12 2263 14 1228 17 1735 18 1760 19 1948 24 2634
3394 27.496141046476914 5.2383150395119413 6.4706408208000097 218 207 187 0.66190099028523042 13 1659 14 1233 15 1388 16 1610 17 1740 18 1769 19 1954 24 2598 20 3025 23 2707 25 2374
3395 27.917861697584883 6.2407558295619925 4.6034365045279397 55 52 43 0.79929706760042252 13 1666 14 1237 16 1612 17 1748 19 1955
3396 27.748844743566337 6.8638650527762435 5.0505514747507663 62 58 46 1.1651286056987333 13 1618 14 1241 15 1396 16 1617 17 1749 18 1726 19 1959 18 1775 24 2655 20 3082 23 2772 21 2782 25 2428 22 2978 26 2722
3397 27.973388178644552 6.9356203557100846 5.0875159193754893 62 58 46 1.0871215908841594 13 1619 14 1242 15 1397 17 1750 18 1725 22 2979 26 2723
3398 24.809920135571367 8.8768364087916396 3.5117307540431342 40 40 35 1.0574896485440997 13 1686 14 1251 15 1410 16 1630 17 1757 18 1786 19 2032 20 3098 23 2783 21 2792 25 2390 22 2988 26 2735
3399 20.122523452025121 7.655219639750424 12.038156348127082 116 72 35 1.1576401979766859 13 1579 14 1255 15 1414 16 1570 16 1631 17 1763 18 1790
3400 18.962275675925458 17.550036403272589 16.285097663264857 125 115 97 1.0287038834989817 12 2236 14 1257 13 1694
3401 27.702096461917936 -13.192103529671193 11.192401334793207 194 189 153 0.90877006431898988 12 2322 13 1643 14 1268 15 1426 16 1651 17 1781 18 1796
3402 26.505700203644924 -11.144126630516697 17.72128741327338 160 150 140 0.6876261022730541 13 1596 14 1271 16 1654 17 1785
3403 29.356136378918634 1.4951767963062248 11.362816243978543 121 91 52 1.0659517623504335 12 2260 13 1652 14 1275 15 1432 16 1667 17 1790 18 1761 19 2008 24 2631
3404 27.125406780675494 5.4522978911908604 12.242902448761212 148 137 115 0.87535434316432692 12 2271 13 1665 14 1285 15 1440 16 1681 17 1799 18 1809 24 2691
3405 23.366549893074531 6.4683659815705283 16.220208890291577 97 94 77 0.73463973677107053 12 2203 13 1674 14 1294 15 1446 16 1688 17 1809 18 1825
3406 23.754579438429726 7.2000620352596147 11.742075072532829 8 4 0 1.0620679884994282 11 3247 14 1296 15 1452 17 1812 18 1826
3407 23.981492453897395 8.0181210748886844 11.739695885917564 68 66 54 1.4033510568195884 13 1680 14 1301 15 1454 16 1693 17 1818 18 1831 24 2662
3408 24.18059907315353 8.0214182742753906 11.140283888811183 19 16 9 0.58207709841215172 13 1682 14 1302 15 1455 16 1695 17 1815
3409 23.717069847694976 7.8744341052816669 10.94401973307917 19 16 9 0.42652613839595521 13 1681 14 1303 15 1456 17 1816
3410 20.216938572872706 17.993953674940023 9.9027770532466555 96 55 33 1.5649091435525821 13 1731 14 1307 16 1732
3411 27.492242852173174 -16.26090150190457 10.30577938792193 150 101 2 0.55399689755136761 12 2312 13 1701 14 1309 15 1464 16 1705 17 1827 18 1793
3412 28.141672375059624 -16.066235226655127 11.161705386319314 194 184 149 0.66652599119693623 12 2315 14 1311 15 1465 16 1707 17 1830 18 1794
3413 28.406396688566112 -14.966780142705336 11.363398543850064 201 189 167 1.0525325079132617 12 2318 13 1705 14 1312 15 1467 16 1710 17 1831 18 1841
3416 27.938101045115218 4.7083437108682435 7.2721438160774836 58 51 45 0.82801955389876469 13 1718 14 1319 15 1477 16 1720 17 1845 18 1802 19 2054 24 2687 20 3123 25 2462
3417 27.160620671135202 4.5904019626669346 7.0952972544309985 58 51 45 0.53939657649630679 13 1719 14 1320 15 1478 16 1721 17 1846 18 1803
3418 27.83333614655432 4.8721420061243688 5.9608757957852045 31 27 19 0.58495837681899343 13 1720 14 1321 15 1479 16 1674 17 1847 18 1804 19 2055 24 2640 20 3121 23 2805 25 2416 25 2464
3419 21.011585155017578 6.7204488040149819 13.925746509231605 52 49 42 0.43873034309755798 12 2342 13 1726 14 1328 15 1488
3420 27.234434337657632 -14.118797106168609 9.5245023677032705 200 192 167 1.0436821232880296 12 2357 13 1734 14 1333 15 1494 16 1737 17 1874 18 1842
3421 28.17406508924995 -13.9506922612326 10.675530619636859 171 112 0 0.52643947095028598 12 2358 13 1735 14 1334 15 1495 16 1738 17 1875 18 1843
3422 27.130478303927578 -3.4697919958432464 10.551150696677791 192 182 153 0.8573260276212894 12 2404 13 1755 14 1337 15 1516 16 1764 17 1896 18 1863
3423 28.951930404663887 -2.3477501142888446 10.969692500782307 136 102 57 1.5665140970709275 12 2405 13 1758 14 1339 15 1499 16 1741 17 1838 14 1314 15 1470 18 1864 24 2712
3424 28.136581513099824 -2.2659362192781831 10.720708102086899 136 102 57 1.0185382392701403 12 2406 13 1759 14 1340 15 1500 16 1742 18 1865
3426 29.912630080853145 2.5859006072428969 12.242744862530463 173 163 137 1.4308529046270666 12 2379 13 1739 14 1343 15 1504 16 1746 17 1883 18 1870 24 2716
3427 28.109426991760795 6.2661879548500758 5.8901352739098405 10 12 11 0.73861830188928501 13 1763 14 1345 15 1520 16 1748 19 2084 24 2720 20 3172 23 2840 25 2490
3428 24.907680259074187 6.0795606613816853 11.127998048389674 8 7 4 0.78902031169931852 12 2388 13 1740 14 1346 15 1506 16 1750 17 1886 18 1875 24 2737
3429 24.738266112232353 7.4790327847878864 11.404173586939955 10 7 0 1.4202509829594656 12 2389 13 1744 14 1347 16 1753 17 1887 18 1856 24 2723
3430 21.170615637574031 7.6817378395508848 9.7672955032204634 25 28 21 0.64921339997776584 13 1747 14 1349 15 1509 16 1755 17 1907 18 1878
3432 24.949125716359458 6.0381525379363659 18.53272194535576 45 42 35 0.89335015693637287 11 3331 12 2429 14 1364 16 1783 17 1922
3433 24.645602485462156 6.2508955787144309 13.354263913952904 31 24 16 1.1130015716557695 12 2430 13 1771 14 1365 15 1536
3434 25.758005836853059 -14.497432322096893 16.648839364333909 204 196 173 1.2047199578785279 13 1781 14 1371 15 1541 16 1784 17 1924
3435 29.861661262624594 -15.483455891402073 14.047246630814197 200 192 169 0.61929052724311395 13 1782 14 1372 15 1542 18 1896
3436 27.535763067611956 -0.40443578107854145 8.9552429889697827 187 175 149 1.0333781255045829 13 1783 14 1374 15 1544 16 1785 17 1926 18 1894
3437 21.313103527302498 9.3925583611094403 8.3917517525469663 128 87 55 0.82115349301864748 13 1790 14 1379 15 1548 16 1790 17 1932 24 2753
3438 28.599734767186728 2.6303945737432279 17.212481886518237 172 164 141 1.0315715546532092 13 1795 14 1383 12 2473 15 1557 16 1797 17 1938
3439 23.106721821873144 6.7080176761899013 12.863992426148064 46 37 28 1.0444216634551233 13 1797 14 1385 15 1558 16 1798 17 1939 18 1904
3440 24.50147237704212 2.3720415829974297 20.516586096361316 105 93 75 1.1849530100350898 10 590 11 559 14 587 9 1769 12 1037
3441 24.418629408398061 2.081020247031097 19.799769789077178 50 45 31 0.68579437995269199 13 765 14 589 10 591 11 557 15 175 17 247
3442 28.90403743556001 6.1513658707983447 3.6258434973119611 13 5 0 0.77827845686366159 13 836 14 210 15 278 16 288 17 915 18 845 24 534 20 2111 23 1219 21 1403 25 1063 22 1467 26 1084 26 2023
3443 29.729985133972914 6.3019654502930154 2.4444800420525423 29 21 3 0.69357151598059197 13 369 14 212 18 328 19 264 24 1321 20 1565 23 1188 21 607 25 1068 22 1471 26 1086
3444 30.529985987216044 6.600288593964093 2.9649337777241604 12 4 1 0.40180123301522419 13 368 14 247 15 283 17 331 18 327
3445 29.842016608559611 6.5262285875319739 2.6557074716010383 12 6 1 0.71368287245263384 13 839 14 249 15 285 16 290 17 916 18 848 24 537 21 1404 22 1470
3447 27.755576755444718 6.6914415189069043 4.1055369255396856 53 42 30 0.81018240319067836 13 880 14 320 16 386 18 880 19 852 21 680
3448 27.008437684560359 7.3825445800711522 2.0162998844290092 42 42 40 1.4790385092724034 13 452 14 375 17 469 16 909 20 821 23 1291 24 1441 21 1454
3449 28.964393349271706 6.2609482881202903 3.7270139882350408 116 113 101 0.7028911435260633 13 837 14 647 16 328 14 245 17 326 18 326 24 533 20 701 23 1220 25 1064 22 597 26 1085
3450 26.198067607993256 7.3387048650951536 1.8728196950936729 12 12 10 0.79253652429828136 13 1172 14 710 15 785 16 910 18 1227 19 1265 20 2487 23 1783 21 2212 25 1544 26 1678
3451 28.10659373809219 7.2073365110933354 2.7086480105172548 61 60 55 0.93573122982537837 13 1154 14 885 15 761 16 1164 17 466 18 1226 19 885 24 595 20 1646 23 517 23 1763 21 689 25 1132 22 1526 26 1676
3452 30.244259737493596 6.3110072596157964 2.6795649031416584 26 17 0 0.89819934239606869 13 1333 14 999 15 1124 17 1407 18 1375 19 1478 24 2078 20 2441 23 2100 21 2403 25 1831 22 2352 26 2024
3453 28.027561498534784 7.2386457937925197 3.1904759364360116 58 60 48 0.98184694314012444 13 1371 14 1031 17 1447 18 1530 19 1700 20 2876 23 2385 25 2071 22 2610 26 2315
3454 28.090750008841024 7.2626896010285806 3.201438263311454 58 60 48 0.92449789825357975 13 1370 14 1032 17 1446 23 2384 21 2423 22 2611 26 2314
3455 29.136722463099218 6.4533917592407057 4.1112020109269807 46 48 35 0.9786329378427886 13 1552 14 1120 15 1253 16 1465 17 1563 18 1637 19 1806 20 2868 23 2361 24 2318 21 2570 22 2762 26 2304
3456 28.03114218038343 7.0974899507457323 2.8868850457037953 9 6 2 0.89475083981542869 13 1479 14 1125 15 1159 16 1335 17 1448 18 1388 19 1690 24 2108 20 2698 23 2132 21 2421 25 1858 22 2612 26 2316
3457 22.369112484694146 8.6266140435998189 2.5564728791467632 46 47 42 1.8031046078004103 13 1495 14 1144 15 1290 16 1499 26 2344 18 1566
3458 28.183352076775858 4.2623311003834958 5.9560704169308769 160 152 129 0.75735315988303142 13 1655 14 1230 15 1387 16 1604 17 1739 18 1766 24 2594 23 2704 25 2370
3459 28.296362338457239 5.6031012346260507 5.4564920300105975 138 130 107 1.3040763504150374 13 1721 14 1280 16 1676 17 1795 18 1807 19 2017 24 2649 20 3078 23 2768 25 2423 26 2716
3461 26.265868743672232 -15.366771603914867 9.9037020319987494 179 145 107 1.7135595322000425 11 1155 15 55 17 55
3462 27.070242375003936 -13.769622033983577 10.257154705695729 158 106 12 1.180078162977874 11 1878 14 90 15 104 17 812 12 1333 18 746
3463 28.30552464848261 -14.05171028528196 11.193095518091823 150 139 111 0.62931551796042007 12 101 15 112 18 125
3464 25.282329551016836 -2.9857849824069742 10.531570926430607 186 174 145 0.32948667938980497 13 164 15 138 18 768
3466 25.358849921020642 2.5809426648922198 19.769120242771265 55 46 30 0.22538247418247404 11 565 15 179 17 252
3467 23.824676693110202 2.4409313547938529 20.162342766464711 87 75 53 0.13632854880339326 11 560 15 193 16 243
3468 24.484141126378081 2.5717793277470653 20.46710358332815 133 125 106 0.42154993696812676 10 592 15 194 17 250
3469 28.139516007761028 4.7681964503641314 5.7086470456473881 35 26 16 0.80850131845035111 13 1105 15 206 16 808 17 902 18 1149 23 1717 25 1486 26 1616
3470 28.106719674564207 4.7633971191973421 5.7080584647007955 35 26 16 0.83743272222054632 13 1106 15 207 16 809 18 1150 23 1718 25 1487 26 1617
3472 25.671277577444645 4.4812340405055684 18.113078402558472 29 24 6 0.75135047957043499 10 692 15 258 16 312 17 314
3473 27.54141383784264 5.1800221111442983 12.819033784217678 60 52 38 0.18615885779876895 11 642 15 267 18 373
3475 28.593274374617966 6.3823426827964305 6.0227258673090942 4 3 0 0.65795428255890076 13 364 15 274 17 398 18 875 19 851 20 2161
3476 25.605108665326501 5.418550851767848 17.481561843620902 146 140 128 0.46771325455927631 11 669 15 321 17 427
3477 26.844216303931468 5.8434360440565145 15.31661260979298 34 32 24 0.86757569702283843 11 1571 12 459 15 324 16 356 18 436
3478 25.342182672536701 5.7431080075831833 14.756573701906703 75 75 64 0.11522670505127948 13 389 15 325 18 943
3479 25.180060939257732 5.4754087532353131 12.40361380834169 107 100 93 0.23265779265823588 11 683 15 330 16 358 17 385
3480 27.192468451250772 6.3261738605091908 6.8325035017978584 51 47 43 1.5055824165183977 13 873 14 240 15 339 16 368 17 397 18 871 19 874 24 1386 20 1668 25 1124
3481 30.213452001812126 7.6640186977766032 3.7731694349942395 66 67 61 0.44875730121037 13 883 15 346 17 460
3482 25.996254128377032 6.7656577604747339 7.4998786237932364 37 38 40 1.0299600302259819 13 444 15 389 16 905 18 950 20 1694
3483 23.310103315889936 6.4955809340950541 11.644210440265159 88 75 62 0.56710140243893226 12 1150 13 439 15 418 17 498
3484 23.905799051833611 7.5435469772577228 3.0087124375773753 40 49 46 1.2599119100926208 13 930 14 395 15 430 19 923 18 533 20 897 25 526 22 1588
3485 23.693236691884128 8.0228849116008796 2.8217316174330946 19 16 8 0.5970074112141539 13 934 15 438 18 988 20 2190 24 1881 22 2070
3486 21.159445314264577 10.825565930345451 10.41128049558713 117 77 50 1.360796599454037 13 1193 15 468 12 586 18 590 23 1865 25 1242
3488 21.364353038654972 18.991420739349437 11.402329779036899 144 117 105 0.42725947425440119 13 588 15 539 17 706
3489 25.180243056546907 -16.234698416989612 15.401402287668256 153 120 35 0.67065178115375035 12 70 15 598 16 75
3490 27.038212246965436 -17.201966173553473 16.056056336772759 146 112 8 1.5459346375834879 11 1172 15 599 17 763 18 675 14 517 15 48
3491 26.781548035123006 -14.839123345652625 11.165651174031023 102 93 78 1.40490240136606 11 1871 15 624 16 1059
3492 27.915992182095405 -13.93633577945393 10.377813301021398 204 172 49 1.0846125965088436 13 663 15 630 12 1334 16 1076 18 113
3493 27.450651079155215 -11.855484170850962 17.749857929903282 171 161 151 0.72450333739055184 13 127 15 640 16 150
3494 26.26430320640209 3.9259931429372532 12.256761505561425 137 120 101 0.48850633548890282 13 307 15 690 16 259 17 1176 18 830
3495 25.964852346923532 4.0386409019599805 14.160853832938646 112 104 85 0.22143880316482964 12 387 15 706 16 284 17 286
3496 25.765093547793668 4.7504641818368425 16.671416060967861 46 38 33 1.1381908978029298 13 329 15 719 16 837 17 930
3497 27.237478052224475 5.3013407182762649 13.289301208019614 32 31 27 0.43064048143991018 11 682 15 724 16 841 17 934 18 371
3498 27.131819183864256 5.8424399020683317 7.9943211329287234 3 3 3 0.56124544220021577 13 358 15 729 18 381
3500 25.863916539362176 7.8972239590611659 3.3252513799722943 0 2 1 1.4477370226767883 13 925 15 799 20 1703 21 1936
3501 22.474020379284735 11.966201686014934 2.2708778093052948 69 42 20 0.70226488717499691 15 833 16 971 18 1280 19 975 13 952 20 1771 23 1362 21 1543 25 1235 22 1628 27 1523
3502 26.36526493672439 -16.620276444532902 15.391230857303663 121 95 33 0.42638744772178355 13 647 15 889 16 1050
3503 26.207392220520617 -14.363491842653477 11.047810891433253 193 185 166 2.0293608723727803 11 2353 13 1022 15 898
3504 28.915437858150057 -2.18291466451748 12.063372532038729 133 96 43 1.0814390068059183 12 1723 13 1070 15 915 16 1093 18 1336 24 2025
3505 25.351096263163935 5.3733205991060062 13.145918817127983 140 106 100 0.46310525162882077 13 1127 15 957 16 1325 17 1422
3506 27.862956575763764 6.0269515902574593 5.2933864812693061 9 4 0 0.56319690843020698 13 1135 15 960 16 845 17 325 24 1793
3507 28.284688666849082 6.8615715205925891 5.958443333316084 44 45 39 0.83360711491992989 13 876 14 880 15 985 16 374 17 1210 24 2121 20 2485 23 2146 21 2431 25 1857
3508 25.698619324737983 6.0972400277953493 17.539642231379688 42 35 25 0.90712935621544644 13 1145 15 996 16 1170
3509 24.818876359978677 6.5569237556470936 10.615122605553797 46 43 38 0.65090204395777596 12 1552 15 1000 18 1414
3510 26.849068344061543 7.2079389780577872 10.78260403304767 16 13 6 0.76572289773545754 13 1169 15 1001 16 1176 17 1251 14 705 18 1253 19 1533 24 2145 23 2168 25 1888
3511 26.267247521596126 7.8714557631380044 17.1357107314019 27 24 17 0.53398394945504857 11 2204 15 1026 16 1360
3512 25.187627450979363 5.1055353369427205 13.778733700358822 105 37 31 0.51996144264582578 13 1123 15 1142 16 1311 17 1419 18 1397
3513 25.704880632934969 7.2329711937806875 8.1774835727934363 40 39 35 1.3873555259656669 13 1490 14 903 15 1166 17 1595
3514 25.826955515392573 7.0132181760379773 8.063902541364449 5 6 1 0.44134686962027631 12 1990 13 1366 15 1167
3515 25.826955515392481 7.0132181760379559 8.0639025413644223 5 6 1 0.44134686962021541 13 1365 15 1168 12 1991
3516 19.325963322833029 9.6404591128271289 18.321050173705974 70 39 17 0.54626027739532912 13 1390 15 1193 12 1567
3517 21.221762499151659 11.113027586738175 10.264037806571512 103 68 39 0.78747759829578612 13 1197 14 1062 15 1194 16 1374 18 1455 19 1738 24 2184 25 2116
3518 22.620285232760473 11.957536907908775 2.8697621620699727 58 26 4 0.54561867654905993 13 1499 15 1199 18 1575 19 1731 24 2179 20 2531 23 2192 21 2469 25 1908 26 2091
3519 27.609976996320849 -14.074359046219099 10.062112061837718 210 185 145 0.58666242026652071 12 2039 13 1518 15 1221 17 1637 18 1595
3520 27.661229280492083 2.399444897805473 22.882114582258101 153 141 119 0.47305231748989957 13 1322 15 1234 16 1451
3521 27.499738235720848 4.7310524748755647 7.6939383251909828 125 119 103 1.0694779219786497 13 1543 14 994 15 1238 17 1396 18 1626 19 1801 20 2961 23 2533 23 2645
3522 28.396189646490164 5.5775546533110525 13.003731996106414 141 133 112 0.69864674892029466 12 1964 15 1247 17 1561 24 2545
3523 28.662035476510365 7.0260850493095477 3.5285110453927087 6 7 1 0.94323404834297842 13 1561 15 1265 16 1474 17 1573 18 1644 19 1816 23 2550 24 2459 21 2671 25 2216 22 2863 26 2488
3524 21.176199101337236 18.932306954900074 14.209542201543316 64 45 25 0.75369161935173801 12 2029 14 1153 15 1304 16 1513
3525 21.93419432800825 19.806069702050912 10.888458967274826 123 115 94 0.50084131347016791 13 1513 15 1308 16 1517 17 1622
3526 26.995042245722363 -16.318341760586161 16.085578874198422 197 189 168 0.98797175805434689 11 2883 15 1312 17 1631 18 1589
3527 27.367375038622232 -2.6770275346530061 11.999331725993397 111 96 50 0.83730203752585675 11 3054 12 2169 15 1319
3528 27.988695614236612 5.0256549559874655 5.5527873915994048 154 147 131 1.4074403130991155 13 1544 14 1103 15 1332 16 1454 16 1537 17 1556 18 1364 13 1330 24 2444 20 2677 20 2957 23 2535 21 2566 25 2194 22 2592
3529 25.128595098274793 6.825654054061971 6.3048524622790101 40 40 38 0.77730063329150034 13 1623 14 1196 15 1353 16 1624 14 1247 17 1754 18 1729 19 1965 24 2608 20 3041 23 2722 25 2386
3530 21.437766404124339 5.8505522667742893 13.485801958075788 55 56 51 0.58194832275522967 13 1565 15 1354 18 1731
3531 21.009204504935109 18.742103534328926 15.622425902293367 75 53 29 0.95835146450581943 12 2145 13 1587 15 1369 16 1574 17 1772
3532 27.844804290941799 -11.876022230716735 10.759451415138383 163 119 16 0.60192533321381325 12 2157 13 1525 15 1382 16 1598 18 1694
3533 29.749211388033991 1.7285535802325571 12.452208290377785 115 89 11 1.0694183580203733 12 2262 13 1605 15 1384 16 1603 17 1734 18 1704 24 2590
3534 23.592328901844258 8.5425950803084412 2.2948561956068723 41 42 37 0.75197342684651891 13 1630 14 1206 15 1411 16 1569 17 1758 18 1739
3535 21.858570591305284 19.419287689814485 20.215642214867071 57 41 21 1.5978013994815621 13 1689 14 1306 15 1416 16 1702 17 1823
3536 21.868980914494752 19.482741361214266 17.017284162852096 61 43 22 1.2755222834316708 12 2144 13 1586 15 1418 17 1771
3537 20.979907288099028 7.5093015590995957 13.924955115444716 13 13 5 0.82860238676191578 13 1629 15 1457 17 1762
3538 25.736988316479529 5.1899768484390689 11.542406284878295 153 145 124 0.8061928353848602 12 2335 15 1482 16 1723
3539 27.900877973850619 8.7338102415761512 9.6391506257319328 53 50 43 1.0233473312449111 12 2431 13 1767 15 1526 16 1771 17 1906 25 2524
3540 26.695707089532092 -0.82248208782145449 11.553446336650717 190 137 7 0.72463979201457385 13 1792 15 1551 16 1793 17 1935 18 1898
3541 28.713477049418248 -0.89711114219764265 12.317394209665398 190 137 7 1.1640777436812995 12 2465 13 1791 15 1552 16 1794 17 1936 18 1899
3542 27.763780673938275 0.67663234603677314 13.984144352009224 171 163 140 1.4754707581504862 13 1711 14 1342 15 1502 11 3230 12 2259 13 1602 14 1274 15 1472 16 1665 17 1841 18 1758
3543 28.946864362984705 1.3184871907074032 12.899352995879855 106 67 5 0.67173035208817922 12 299 16 207 17 217 18 229 24 357
3544 28.699824695434078 1.4623234389936188 12.861482730442823 67 38 0 1.0587275936620615 11 533 16 211 17 218 18 230 24 1256
3545 28.033748259990386 1.7668245169087804 11.780039786999016 92 67 12 0.90524420742792366 12 313 13 225 16 213 19 772
3546 26.707016890063802 1.7542291567221158 11.683812126175223 129 93 23 1.0187630350411532 12 1022 16 214 13 761
3547 30.364070386848336 4.5923573447937533 6.6850576181064127 159 150 135 0.69251527866450191 13 293 15 693 16 226 20 2424 25 275
3548 25.468327750407703 3.5064413613246916 11.372046533081319 172 152 123 0.62577981760059032 13 289 16 260 17 259 18 260
3549 27.777987279627599 5.5429331766747092 7.8058266623160257 109 104 92 0.82727767167471433 14 206 16 287 17 914 18 1170 20 2468 23 1246 25 1094
3550 26.390504406288521 5.9169101526298906 8.1014422937963175 54 51 45 0.44353444140658027 14 238 16 324 17 396 18 382 19 1262
3551 27.248124312812379 5.9537701716784763 6.4603782914373475 0 13 54 0.54381934780138719 14 241 16 325 18 388 24 1387 20 1637 23 506 25 387
3553 28.209067666408274 7.1254151643990227 6.4860434603274708 41 42 46 0.72513218286361913 13 875 16 372 18 462
3554 27.340993598690286 6.8594726443244838 5.5273783003690902 7 6 2 0.50938452817744628 13 407 14 315 16 377 24 643
3555 26.277285291030523 6.6746954745296998 4.3901260826813209 125 44 46 0.86138691808700962 14 317 16 384 18 466 19 882 24 648 20 1641 23 1286 21 717 25 1130 22 1547 26 1154
3556 25.865189094307116 6.8543766541859457 4.0702599560103563 12 1 6 1.4069303599249379 13 450 16 389 24 656 21 719 19 365 26 481
3559 25.959234559562031 7.4537855879779862 7.6060715867023703 24 25 20 0.45305397769384653 13 479 15 424 16 462
3560 25.704353466221583 7.7875951688247822 4.1078594347258202 42 44 43 0.63302673423270539 14 393 15 427 16 464 17 513 19 922 24 756 23 645 25 1176 22 749
3561 25.776429154647481 7.8110257678525068 4.1219586380326412 42 44 43 0.72518629399328027 14 394 16 465 17 512 18 530 15 426 19 921 24 757 20 1702 23 644 21 1503 25 1175 22 748 26 1202
3563 22.432159979903496 9.0581325259074461 2.3822689948663829 122 91 71 0.71639804646276661 14 933 15 823 16 504 17 568 18 1014 21 1957 22 2077
3564 21.651076138834018 12.470145679470813 5.850921685939003 247 233 216 0.77728505222057398 13 521 16 523 23 739 25 611 22 904
3565 27.721465519740129 -16.511034670343435 9.9818143789215412 218 208 172 0.63217286189846744 13 625 16 659
3566 27.825940724935467 -15.216163491217758 10.003965476949821 109 91 44 0.93160774202949437 12 1312 16 704 18 1081
3569 26.993470948036183 0.1178040881916714 14.154023077348725 157 148 133 0.94692745795137734 12 1003 13 195 16 767
3570 25.265133066633709 2.8325728805928647 19.863152521883567 92 81 61 0.14961513096289339 10 1634 11 1496 16 801
3571 28.650767118457111 4.5225537213935718 6.9515414543607177 206 202 194 0.50726525275520362 14 179 15 691 16 806 17 887 18 815 25 1034
3572 27.560038078380877 5.2279981657197467 7.0796568515779441 83 84 78 0.71671785237459462 13 1119 16 824 17 1188 18 1171 19 1222 23 2119
3573 27.664808152900729 6.0251092044243846 6.3187947669182511 182 204 224 0.4510971568023055 14 642 15 730 16 843 17 1209 18 1198 24 579 20 2160
3574 28.651945933482423 6.8111104284536026 3.6021161602369447 57 54 47 1.2133576052644068 13 882 16 847 23 1253
3575 30.268226438900413 6.8152491131927118 2.8715813992233996 12 9 1 1.3156123536417392 13 842 14 865 16 848 17 333
3576 26.510666624495418 4.7893744055679273 24.983173419151857 80 73 56 0.17728210457661175 13 821 16 863 12 1088
3577 27.187208293317362 5.8793585344810246 15.815870661533793 42 36 23 0.42555749715921593 13 351 16 868 17 432
3578 25.434963920797045 5.8206056142016136 11.01712349238043 23 14 3 1.0646522060288386 14 306 15 334 16 877 24 2131
3579 27.811681566371146 6.9639574932759905 5.4315618183694871 9 8 3 0.68649708444694479 14 882 15 756 16 882 17 1235 18 1222 20 2497 23 1780 20 2173 21 2222 25 1541 22 2043 26 1687
3580 26.067765853744302 5.2496464788668096 24.601941782463253 85 81 67 0.68419015303103026 13 340 15 319 16 893
3583 28.623415909291797 7.2647657515721544 10.031140080235057 16 17 2 1.0749769153120645 13 906 16 901 17 959 15 782 18 1245 24 1846
3584 25.851161480587606 6.7328595809984462 7.4862536832692808 37 39 38 0.88303073500115836 13 445 16 904 20 1693
3585 25.274154056244438 6.6664597409897492 6.3505864876550655 43 48 44 0.52548427176966495 13 910 16 906 17 454
3587 26.199247331914417 7.2574671535886566 11.121115928365803 10 5 2 1.1142938589855378 12 1151 13 904 15 1015 16 930 17 504 18 974 18 1423 24 2152 25 1890
3588 22.460577862202488 6.4562873261854934 15.490429240091828 55 53 41 1.2080004904396289 13 922 14 388 16 936 17 530
3591 28.414770567308221 -15.354267659905934 10.276572512980588 227 195 143 0.62604455102880319 14 800 16 1068 17 803 18 1082
3592 27.759794934451477 -14.317906019807381 10.453528043344985 185 134 13 0.59540560287071542 14 540 16 1074 17 1362 18 1090
3595 29.887362760158606 6.3234333638592277 2.8672929715351629 136 128 117 1.0051276110824943 13 1346 16 1128 19 1487 23 1733 25 1067 20 704 22 1469 26 1631
3596 26.34175527254013 5.4037017362993698 13.858849018605852 140 35 34 0.89180042307190177 12 1482 13 1124 16 1138 17 1420
3600 27.351496316625557 6.0227495912441364 6.6426026105622578 77 116 181 0.42596177371388616 13 1344 16 1146 18 1386 19 1495 24 2106 20 2706 23 2378 25 2056
3602 24.816994749320912 5.378001963472931 13.26688147178209 135 114 103 0.87036242309055334 14 1008 15 981 16 1161 17 1202 18 1398 24 2342
3603 25.965769843418617 6.0262697614720979 17.243624645510117 69 64 58 0.79577501776874315 11 2164 12 1506 16 1171 17 1226 18 942 18 1411
3604 24.66004362616475 6.0521654734134058 11.415741253937453 24 23 19 1.0385598010583412 14 673 15 984 16 1174 17 1233 24 1862
3605 24.596288993973349 6.8993176899397444 23.546188594357076 64 60 57 0.35221076279428565 12 1123 15 1023 16 1191
3606 23.357812205105578 8.154957624289759 21.957359609201056 20 0 0 3.3763230219542781 9 1940 16 1199
3607 21.850483316178913 9.3993750515991152 5.4090000035189894 79 43 22 0.54485106285135754 14 935 15 1042 16 1203 17 1286 18 1453 19 1558 24 2174 20 2754 23 2191 21 2468 25 1903 22 2427 26 2350
3609 26.074595720232196 -15.585284778778597 15.758032007648559 176 167 150 0.72823437786963663 11 1893 12 1328 16 1256
3610 26.074595720232196 -15.585284778778597 15.758032007648559 176 167 150 0.72823437786963663 11 1894 12 1327 16 1257
3612 25.325431471546693 2.2980712671039814 19.684330398393676 96 89 70 0.29453797665864367 11 2097 16 1288 17 1390
3614 23.218571383466717 5.8442767233383535 11.564561589766972 126 119 102 0.79181802213478858 13 1357 16 1348 17 1250 18 1243
3618 21.549682342464969 9.1832409034717593 7.3394671084343068 84 52 31 0.74147737256691104 14 1061 15 1188 16 1369 17 1480 12 1824 24 2377 20 2895 19 1728 23 2426 25 2252
3620 27.549999864850069 -17.800486137882153 15.937164544700837 130 103 74 0.3447879447535257 14 1087 15 1079 16 1421 17 1521 18 1477
3621 26.478356148248846 -16.035441582249589 15.784168706545767 208 199 182 0.64800723539381844 12 1892 16 1427 13 1436 17 1632
3622 27.143963041965957 5.9052218438426927 7.0865900475111294 61 98 170 0.66943953166778258 14 1115 15 1251 16 1462 24 2326 20 2705 23 2376 25 2066
3624 29.015573196688877 6.2974827972005301 3.4645501606076756 27 16 12 0.99121296586321872 13 1553 14 1183 16 1466 17 1674 18 1636 19 1807 24 2453 23 2543 21 2665 25 2203 22 2859 26 2595
3625 27.114055370807648 6.5698217724626655 7.6545139931640644 3 4 6 0.63562823566762561 14 1190 15 1259 16 1471 17 1685 18 1657 20 2972
3626 28.113229194883015 6.9025496433829883 5.5975939500991432 19 17 12 0.87653772449589418 14 1193 16 1472 17 1585 18 1660 19 1823 15 1154 24 2467 20 2968 21 2673 25 2221 22 2867
3627 24.878836990504166 8.8182057069577251 6.4017121877923788 47 48 43 0.85314913788040347 14 1205 15 1360 16 1496 17 1602 18 1785
3630 21.231352357364752 7.955192945697938 9.9173104897599984 24 21 14 0.91517632645931923 14 1208 15 1365 16 1571 18 1744 19 1928 24 2615 12 2208
3633 29.150889794632377 -1.3253187414949603 10.841400328280688 144 108 72 1.486265809436188 12 2252 13 1600 16 1661 17 1731 18 1755 24 2586 19 1944
3634 25.818485668482257 7.8728686257811074 2.8428555672222195 2 2 3 0.79772907845561947 14 1297 15 1448 16 1690 17 1804 18 1822 19 2026 20 3093 22 2984
3635 28.423009672189853 -14.062480702807287 10.755752148741349 159 105 7 0.32630144832487751 14 1335 15 1496 16 1739 17 1876 18 1844
3638 22.643439660564361 10.448167168618451 2.4218137442572747 108 68 43 1.5048425521112114 14 1361 15 1529 16 1758 18 1880 24 2724 20 3160 23 2822 21 2848 25 2501 22 3051 26 2798
3639 23.446020708679246 8.7682269578667889 2.8754392767680712 30 31 26 1.1376843542339627 14 1359 15 1527 16 1772 17 1908 18 1889 19 2105 24 2738 20 3173 23 2860 21 2860 25 2517 22 3063 26 2812
3640 22.524882929684839 11.583162924582195 2.5449576275708452 97 65 42 1.2017337159952597 14 1362 15 1530 16 1773 17 1910 24 2725 23 2846 25 2502 26 2813
3641 29.1041074547182 -17.100711958298866 9.4288291340586401 216 209 199 0.76336990674214766 14 1363 15 1533 16 1775 17 1913 18 1881
3642 29.106858934426612 5.0330348217904906 4.3331134133720335 167 159 140 1.0232543173326651 14 1375 15 1545 16 1786 18 1895 23 2876
3644 29.320389015654609 8.3762650925898381 6.8939400848138455 6 6 6 2.2326729824278195 14 1386 15 1559 16 1799 17 1940 19 2133 24 2758 23 2889 25 2543
3645 25.983893423607235 6.4924740997572679 14.760671112230469 84 76 65 1.4011059897006495 11 1624 14 702 16 897 13 863 17 496 18 971
3646 24.445387178738297 2.6076499208657888 19.560460283676914 145 131 107 0.89897426635726407 10 2940 12 1749 13 1323 16 1291 11 1486 14 827 17 1389
3647 26.724854959606034 -1.0151734080955255 13.13026486118207 144 133 108 0.73305542781549804 11 1449 13 184 16 183 12 274 15 154 18 189
3651 26.416789447698509 7.7526604595840753 1.6165010781780236 64 66 65 0.65182514819156445 14 721 15 396 16 443 18 953 21 1470
3652 25.070715607135988 8.567218213259352 -1.5474513093195366 214 209 203 0.91872584101216936 14 403 15 440 16 483 18 978 19 422 24 1461 20 1678 23 1309 21 1473 25 1177 22 1555 26 1188 27 1487
3653 28.663759480659053 -18.813547022893445 7.1720187426226625 194 188 172 0.33826825965258434 14 775 16 644 18 1297
3654 28.814255705394753 6.3651507797430504 -1.8407186365780759 107 92 73 0.99599955503584348 14 1004 15 945 16 826 17 1193 18 1365 19 1483 24 2312 23 2087 25 1822 22 2343 26 2003 27 2019
3656 27.911508560789791 7.2160484928389819 1.7677259322055454 58 58 50 0.6145206426702543 14 325 15 763 16 884 18 882 24 1402 20 1608 23 1764 21 1883
3657 27.773997982971917 7.9110517652696597 0.34525060854194328 12 8 0 0.68851329556029883 14 907 15 789 16 913 18 925 27 1054
3658 27.521979157883937 7.0907321116559121 1.0835473595300691 141 138 122 0.72468636455227442 14 1033 15 990 16 1165 17 1215 19 1500 20 2145 23 1766 22 2001 26 1656
3659 28.386423786264487 5.5984020312304157 -2.2031391173398629 110 79 41 1.3772181582911276 14 996 16 1292 18 1360 17 1178 16 1117 24 2064 23 1692 21 2161 25 1815 22 1932 22 2325 27 1755
3662 28.853368254080806 7.258488191587583 0.85834200494963209 16 5 3 0.63328417649203705 14 1126 15 1266 16 1337 17 1574 18 1520 19 1692 24 2109 20 2686 21 2416 22 2368 26 2046
3663 27.122629297807286 7.7630171864404094 0.6763165066354504 82 82 80 0.69836981152430444 14 1134 15 1169 16 1351 17 1456 18 1402 19 1701 24 2122 20 2489 23 2148 21 2426 25 1860 22 2380 26 2318 27 2051
3664 27.604121820037335 7.6031151980521656 0.39530805460105123 17 14 7 0.66816718896374105 14 1198 15 1277 16 1476 17 1588 18 1662 19 1826 24 2460 20 2869 23 2551 21 2577 25 2223 22 2769 26 2482 27 2189
3665 26.977051693773191 9.2065352888526135 0.32806807786568826 42 39 34 0.66942059130874787 14 1050 15 1286 16 1495 17 1601 18 1675
3666 30.608890173412128 7.725206866946059 -0.82586582161447297 82 78 66 1.2270541859417967 14 1127 15 1348 16 1557 17 1681 18 1646 19 1809 24 2542 20 2962 18 1718 23 2647 21 2666 25 2325 22 2858 26 2597 25 2217
3667 27.74078707434176 9.6275155765923479 0.61839812040691211 17 18 12 0.45579210305602336 14 1253 15 1362 16 1568 17 1701 18 1676
3668 26.570329039771842 7.5914070855738851 1.587242231939924 23 25 24 0.78220980616962832 14 1291 15 1403 16 1625 18 1781 19 1963 24 2546 20 3033 23 2659 21 2736 22 2932 26 2667
3669 29.533875037536188 6.2268031400794843 2.0820218645255855 130 125 106 1.069022879346532 14 1281 15 1436 16 1677 17 1796 18 1770 19 1952 24 2596 20 3076 23 2763 24 2642 21 2771 25 2424 22 2969 26 2713
3670 29.302679980797357 6.8907445555013851 1.2952724716349675 2 2 1 0.90579519120181839 14 1355 15 1522 16 1749 17 1884 18 1872 19 2083 24 2688 20 3152 23 2807 21 2842 25 2492 22 3046 26 2793
3671 28.680398731977245 6.5837494302640609 3.0840691775887468 17 19 10 0.95733521863027693 14 1354 15 1521 16 1768 17 1902 18 1873 19 2097 24 2718 20 3171 23 2837 21 2859 25 2491 22 3062 26 2810
3672 23.450351161736837 10.400571915163924 4.4004176371461377 135 91 64 1.8288695672740405 14 1380 15 1549 16 1791 17 1933 24 2754 25 2537
3673 30.765802540893549 1.3886790303557408 0.69328769529899636 84 79 61 0.80080889189428572 14 571 15 162 16 190 17 864 18 210 19 758 24 329 20 475 23 287 21 1301 25 981 22 1377 26 996
3674 29.679010171655264 4.7974906667623323 -1.64532648831309 89 63 30 1.2364876422986022 14 164 16 229 17 235 18 806 19 1175 24 1261 20 539 15 185 25 240 22 1395 26 1021 27 1386
3675 27.966803897162912 7.2134184878324472 0.30055831369300845 25 18 5 0.59330363707184186 14 334 15 360 16 402 17 413 18 403 21 1431 26 1127
3677 28.802629537316257 7.6812038480457909 -2.0884478344557613 19 16 7 1.483252286793324 14 346 16 412 17 478 24 551 23 1229 25 412 27 412
3681 29.695555582761255 6.5359435652918005 1.5534056382547241 118 113 105 0.66212219368879022 14 650 15 289 16 849 17 918 18 851 19 827 24 492 20 1567 23 1189 21 1406 25 1069 22 1473 26 1087
3684 28.771092879956385 6.5436709625010625 0.55691862172683027 24 20 8 1.1205860243033396 14 656 15 966 16 853 17 1412 18 1177 18 1380 24 495 21 1410
3686 30.062297597411508 6.4510782836291725 1.329334780990004 19 10 5 0.65752894807835738 14 1000 15 1125 16 1301 17 1409 18 1376 19 1479 24 2079 20 2442 23 2101 21 2173 25 1832 22 2353 26 2011
3687 30.026400079463254 6.4429478513378822 1.3280745719105078 19 10 5 0.6441799652963166 14 1001 15 1126 16 1302 17 1410 18 1377 19 1480 24 2080 20 2443 23 2102 21 2174 25 1833 22 2354
3688 30.538625878914448 6.7154347298282788 -1.174085914488699 44 39 26 1.157479557851844 14 1002 15 1128 16 1304 17 1413 18 1159 19 1206 25 1820 26 2288
3689 28.608815490905769 6.1876763601389095 -3.0164750207243545 125 108 85 0.71708522083889303 14 1005 15 1130 16 1305 17 1398 24 2307 20 2415 22 2336 27 1766
3690 26.352491398423311 7.3775105070024649 1.6527494765468862 47 47 47 0.97622125785193126 14 1133 15 1275 16 1350 17 1586 23 2387 21 2425
3691 28.282671477312888 5.4362301889384526 -2.7794703315843616 102 68 41 0.72235354848613398 14 1104 15 1239 16 1455 17 1553 18 1505 19 1655 20 2660 23 2076 21 2383 25 1806 22 2570 26 2270 27 2014
3692 30.880117200607415 8.2288361331195787 -0.84456839968618969 30 19 7 0.50472334924465456 14 1128 16 1477 17 1589 18 1647 19 1818 26 2599 27 2279
3693 28.166737099552243 6.2763990697749588 -2.0506525802016857 35 26 17 0.74918145081004062 14 1180 15 1335 16 1543 17 1675 18 1627 19 1802 24 2445 23 2531 25 2195
3695 27.804971663490203 8.660030999992701 0.31972838010359611 40 37 31 0.98967181633966383 14 1298 16 1627 17 1813 18 1730 19 1964 21 2737 22 2868 26 2606 27 2349
3698 27.916290717808533 -16.653008699697377 10.505812763957232 214 141 24 0.41550633930839231 14 31 15 52 17 51 18 681
3699 27.200631172232928 -13.080809657702668 -3.9427437833474004 96 71 41 0.62015478367375643 15 585 17 61 14 479 16 666 19 605 20 1181
3700 27.139819333928095 -12.928461024921779 -3.8437471376224668 153 127 100 0.86753227610619543 14 494 17 67 18 707 24 1076 23 932 19 607 21 1673 27 692
3701 26.565214917877714 -12.590197883573563 -3.8576084733777174 89 64 34 0.14569496726500067 15 29 16 695 17 68
3702 26.823427205622568 -12.905957854965356 -4.4692828865338727 116 87 55 0.25710358565810087 15 33 17 71 18 691
3703 27.101424011481999 -12.802867957647534 -4.3280718083626395 102 73 41 0.30660317115014635 15 31 17 75 16 670 20 1191
3704 26.423680855673698 -12.179110887061428 -5.9147203017727952 139 114 87 0.68287256582003542 15 886 16 673 17 78 21 26
3706 29.985987195970559 -14.009566572763404 -2.4536425176935399 196 185 167 0.97813104971086817 14 45 15 608 16 690 17 94 18 729 19 33 23 16 23 947 24 44
3708 28.54103376737093 -13.119638275401776 -2.8595280015881408 185 177 164 0.72417194339311519 15 73 17 101 14 510
3709 27.365209186087718 -12.680882388285307 -3.227967415674899 142 118 88 0.85919382976758629 15 75 17 103 19 39 23 20
3711 30.132994899227587 -13.622146961007285 -2.2132172033100228 130 114 98 0.76042313193648958 14 43 17 120 19 44
3712 29.953511008277257 -13.436662677425675 -2.1841787383711111 177 165 144 0.53111944949037004 14 69 17 121 18 104
3713 29.600087061837989 -12.387633960265408 -5.4585528799018173 152 139 120 0.33003884181005949 15 90 16 709 17 127 18 107 24 61 20 79 22 1152
3716 28.064471198258516 -11.315665772084197 -5.4142997977144338 62 48 29 0.38897619018712348 15 98 17 135 16 122 20 89 23 29 21 54 25 17 22 1162 26 836 27 61
3717 28.178763048439684 -13.650581157297102 10.385639682323504 160 130 108 0.56212493648795403 14 95 17 143 18 127
3721 29.24051049578161 4.8940482876809108 -1.8306506949719845 94 62 29 1.2425571939769564 14 595 17 264 18 251 20 1498 26 264
3724 28.697008085787292 6.4736420311339655 1.8453230991680738 25 22 15 1.0084032291471119 14 648 15 288 17 335 18 1173 20 2115 24 1796 21 1857
3725 28.492454633559944 6.4597064028267432 -1.8972445687856874 38 30 22 0.69146940728829454 14 261 17 342 18 299 23 416 21 584 25 301 26 314
3726 28.263736090486226 6.417793872869459 -1.8728535493243956 38 30 22 0.72401879867061048 14 262 17 343 18 300 26 315
3728 32.8041290324784 7.7016357342944612 -3.2887512240848653 25 17 7 0.41647970837014475 14 660 17 350 15 300 16 1151 18 339 19 810
3729 25.702190991176387 4.7224211757237349 17.386708477725914 116 113 106 0.98748837431812231 10 694 17 372 18 362
3730 27.169502435506054 5.5822740199367882 18.35568027395216 91 87 80 0.35886658604739341 13 344 17 374 18 424
3731 26.796558667710592 5.1816522448523976 13.560227305734786 53 27 21 0.56799513674797397 11 681 17 384 18 867
3732 24.09236512986552 5.2596586101821066 11.680516245152651 76 73 66 0.61780266077868129 12 1113 13 827 15 331 17 386 18 904
3733 27.694509165331226 6.7558171557983799 1.3488370890735728 71 67 63 1.1722720247325233 14 327 15 351 17 408 18 884 19 331
3734 -1.3628100771154692 0.25069055569817467 0.89680554017618219 69 53 40 0.66727129741309432 12 1050 17 416
3735 29.007566153317626 6.9336945020175547 10.129601577151721 89 92 73 0.71700144349638884 14 308 17 446 18 909 19 896 24 1845 23 1797 25 1146
3736 25.663387846575208 6.6239663790112244 4.1769314618809581 24 1 0 0.42574227033964462 14 319 17 458 24 654 25 441 26 451
3737 23.049933965103563 6.0179681675348533 15.105915941945897 71 66 60 0.65987745762725325 13 432 17 493 12 1128
3738 24.298078042797524 6.0264556687108808 14.700483995943989 96 92 83 0.37375856874683061 12 1130 16 432 17 495 18 969
3739 27.845402999475599 7.4959013726106702 8.2120439614049481 8 8 8 1.5293494400008125 13 447 17 507 24 706 25 514
3740 25.570003338815543 7.1605705205655061 12.491121807171922 69 54 38 0.85669895124933737 11 760 15 419 17 532
3742 20.601505803999089 7.7062742809763485 12.531961322045099 108 79 61 0.84313685476489075 13 490 17 567 18 1276 12 1563
3743 20.915050562712221 15.627997707299611 -3.2712206740378793 149 145 138 0.60066768457900732 15 494 17 601 18 1035 19 517 24 879 23 1389 21 1557 22 875 26 567 27 1119 28 943
3746 20.030396646929649 15.876825155087806 -2.4336360074828249 147 139 137 0.29915213588362621 15 845 17 627 19 553
3747 19.893855299641839 15.891688802403543 -2.5348909228864094 146 134 133 0.57078314962541576 15 506 16 552 17 628 24 925 23 788 22 942 26 614 19 1017 28 975
3750 25.717029502380598 -16.685197108720764 15.338655143168729 146 103 38 1.1083441216724483 12 50 17 743
3751 26.590387599532821 -17.043404684423596 15.406342997429183 190 142 33 0.59337681348801075 12 838 15 47 16 76 17 744
3752 26.779095710207468 -13.097755102750064 -4.4586956734515413 101 72 40 0.61583765447757066 14 483 15 574 16 58 17 747 18 58 19 593 20 1163 27 1220
3753 26.981352849693312 -13.206437194456825 -4.5000658498478465 101 72 40 0.27832948869677915 15 575 17 748 16 57 18 59
3754 26.997151906872364 -15.88958237671649 10.195723253130016 144 99 17 1.2112111190620176 11 1147 17 771 18 682 15 54
3755 26.997342473876529 -13.23689244916433 -3.4107494270184007 115 89 64 0.89218118095418031 14 779 15 578 16 1047 17 773 18 684 19 1058 20 1161
3756 27.367464853659982 -13.410171257405045 -3.6870143312035486 98 72 47 0.66936424946107309 14 478 15 570 16 45 17 774 18 686 19 1059
3757 27.430652287795183 -12.984523304796468 -3.4034784001054978 89 63 35 0.50628968572401356 15 581 16 692 17 776 18 703 19 1078 24 1628 20 1892 23 1501 21 1671
3758 27.25389743182885 -12.880491534127424 -3.7356041204869013 99 73 48 0.66163850184799589 14 495 16 1053 17 779 15 884 18 708 19 1060 24 1629 20 1894 23 1503 21 1674 27 689
3759 27.25389743182885 -12.880491534127424 -3.7356041204869013 99 73 48 0.66163850184799589 14 496 17 780 15 885 16 1054 18 709 19 1061 24 1630 20 1895 23 1504 21 1675 27 688
3760 26.967583460009021 -12.720709245749445 -4.4745252079919462 110 81 49 0.74113727796527462 15 589 16 672 17 784 14 487 18 713 19 1062 20 1897 23 1511 21 1087 27 1229
3761 26.928815086185196 -12.27623753038068 -5.9652243821276194 42 18 0 0.61723945983441375 15 591 16 696 17 786 18 716 19 1081 24 1645 20 1910 21 1685 25 1355 22 1779 27 1609
3762 30.421695158766088 -14.566170684328538 -0.59842916375306243 83 74 59 0.7241290243201669 14 786 15 890 17 792 18 726 19 1073 24 1618 20 1887
3763 30.45856051332828 -14.584046054337447 -0.60436003975677632 83 74 59 0.77785046337688957 14 787 16 89 17 793 18 727 19 1074 24 1619 20 1888
3765 30.294071532606662 -14.470291839679243 -0.89805720143969348 69 59 47 0.64066642696824228 14 507 15 607 16 689 17 795 19 1075 24 1621 20 1174 23 1500
3767 30.384676965700709 -14.093314241967818 -2.2222462526133677 202 188 171 0.79676553309288967 15 68 17 797 18 93 19 1077 20 1907 23 1518 21 1684 25 1354
3769 30.560205810272432 -14.097472493813761 -1.827479233871258 185 177 158 0.46377728643192939 14 508 16 115 17 809 25 0
3770 30.723720579053879 -13.881008525375618 -2.5315850180036574 123 108 90 0.45026748102517489 15 620 17 810 19 45 18 105
3771 30.211223230747258 -10.774499483475378 -5.355693274126371 107 87 70 0.83822288248117127 15 117 17 824 18 134 20 1233
3772 28.918546236605927 0.92048914107848223 -6.371374328238109 23 10 0 1.0000274884575899 15 654 16 173 17 845 18 773 19 733 20 421 22 296 26 187 23 242 27 886 28 752
3773 26.094408496148013 -0.32510874994608563 13.068878314114617 190 186 175 0.1722469562928407 13 190 17 858 18 796
3774 26.094408496148013 -0.32510874994608563 13.068878314114617 190 186 175 0.1722469562928407 13 189 17 859 18 797
3775 29.702557854408326 4.6352603101407226 -2.0650130591852731 117 94 71 0.7404004087120365 14 594 15 683 17 877 18 1138 19 773 24 389 20 516 23 1134 21 1338 25 1453 23 1682 22 1394 26 1577
3776 28.853264179243308 5.2143796489662355 -2.3707178679741001 122 87 55 1.1751905924804114 14 831 15 212 17 889 18 810 24 1273 20 1501 23 1148 24 1760 21 1810 25 1005 22 1930 27 1390
3777 27.470812672048552 5.119339422219797 7.2276468057007941 41 38 31 0.59826592899288356 13 1117 17 901 24 1790 23 2118
3778 22.75105807700022 4.8389424658996125 11.839788837952824 126 105 92 1.0653577204777342 13 1126 14 230 17 932
3779 27.789944877109409 6.3300813409863226 5.5603915244970574 3 3 0 0.62950831376364791 14 644 15 732 17 938 18 878 24 1390 21 1905
3784 25.422383480006786 7.1632541206737379 11.070229975723588 63 55 47 0.56391009955377003 14 916 15 798 17 981 18 1252 24 1489 25 1200
3786 27.422043148702386 8.3553968541055283 1.0606995440278824 26 26 24 0.75537127943841831 14 722 17 986 18 955 19 400 20 1675 23 613 21 1471 25 1156 26 1187
3787 27.371833498549414 8.3382593187626988 1.061027656860418 26 26 24 0.80277801939475935 14 723 17 987 19 401 20 1676 24 1459 23 612 21 1472 25 1155 22 2048 26 1186
3789 21.194320854053139 15.713857764605571 -3.3484753103178173 32 17 8 0.33519511017893056 15 491 17 1029 26 1258
3790 21.344098614257572 16.105610591607466 -2.9322755674506196 106 96 87 0.62556371335452698 15 842 16 981 17 1032 18 1291 19 995 20 2224 24 2195 23 2217 21 1974 25 1915 26 2116
3791 19.938787449407403 15.778021917773117 -2.2319703999369809 136 130 127 0.25886555514156867 15 1059 16 993 17 1045
3792 20.086498965840946 15.879199912065314 -3.0897939075834566 109 107 108 0.56476037280349445 15 848 17 1047 16 1229 19 1352 24 1920 20 2232 23 1418 21 1978 25 1263 22 2104 26 589 27 1537 28 1310
3793 20.032351865101937 16.1412550948648 -2.24494560563849 18 10 8 0.57972393267285605 15 502 16 1000 17 1058 19 1364
3795 19.743378842103581 15.926859394651107 -2.8669781895481301 123 124 126 0.67864740121565714 15 855 16 1003 17 1061 19 1020 20 1071 21 926 25 1625 22 1667 28 520
3797 19.763798484324578 16.918004844658434 -2.6044748905840689 94 95 97 0.40444136070698739 15 863 16 1011 17 1085 20 1845 24 979 23 831 21 960 25 1292 26 660 27 588
3798 19.694607098282379 17.181884653676107 -2.7034379122472951 46 45 43 0.49775456732080287 15 877 16 1024 17 1087 24 1589 20 1862 23 1448 22 996 21 963 26 1314 27 1185 28 1010
3799 26.746636757655391 -13.047988487402923 -5.3990873353791704 124 95 63 0.77206317647219591 15 881 16 1045 17 1111 19 1049 20 1167
3801 27.156949412766014 -12.179041782938709 -5.8830567125898803 46 31 12 0.93207040942677732 15 592 16 697 17 1120 18 85 24 1093 20 1911 23 1943 21 1696 25 1356 22 1784
3805 29.29032949037785 5.0822726743131836 -1.7610387585360121 122 92 56 0.88752665287384436 14 829 17 1172 16 1111 18 1139 19 1185 20 2069 23 2070 25 1462 26 1986 27 1738
3806 30.241781501620036 6.6275457598380605 1.1279759806441954 140 134 119 0.8361835963113009 14 866 17 1190 19 1481 24 1780 20 2444 23 1719 21 1858 25 1500 25 1834 22 1975 26 2012
3807 31.018515087957514 7.2506911384704331 -0.81440848095403773 26 23 8 1.0459084605558917 14 1017 16 1316 17 1192 15 1146 18 1180 19 1229 26 1618 27 998
3809 25.485505601363929 6.2976967595690354 10.985255494016503 51 53 39 0.73296431978765086 12 1797 17 1234 24 1864
3810 25.16741154291832 8.7204982668406714 -2.534301792497236 24 16 7 0.49812971113395149 15 1033 16 1194 17 1265 18 1431 21 1925
3811 21.955697874526805 12.48888815251957 5.8256644825811659 73 38 14 0.69805954959199279 13 1206 17 1298 24 2384 16 1218 20 2762 21 2475 25 2113 23 2206 22 2657 26 2359
3812 21.486306497603064 15.88639114534481 -3.1343609963019348 131 117 104 0.7320134340727551 15 1051 16 1221 17 1303 18 1465 19 1577 24 2188 25 1914 28 1304
3813 21.475657622861494 15.88915501782002 -3.1274073274832306 131 117 104 0.71927632732786762 15 1052 16 1222 17 1304 18 1466 19 1576 24 2187 20 2542 23 2211 21 2260 25 1913 26 2108 27 1853 28 1303
3814 20.502469446969823 15.758241621490875 -3.1014575758339342 53 49 46 0.73466322878859169 15 1054 16 982 17 1307 19 1351 20 2225 21 1577 25 1262 22 1647 27 1131 28 955
3815 19.939997887789048 17.327223627047797 -2.5953610435349326 114 111 112 0.71111342383348508 15 1213 16 1402 17 1329 24 2213 20 2572 25 1637 28 1630
3816 27.541576170707408 -15.27518609389691 10.077070183757856 244 206 181 1.0942031428368859 12 1654 16 1260 17 1349 18 1320
3817 27.422608416755381 -12.587378287380099 -3.0728936489999024 62 45 30 0.6152270708199219 14 791 15 76 17 1351 18 95 19 1384 20 1909 23 2467 21 2042
3818 29.668652176959021 -12.386569965427718 -5.3935618647843242 139 126 109 0.31992625376509348 15 1084 16 1263 17 1358 19 1391 24 1983 20 2294 23 1949 21 2052 26 1856 27 1616
3819 29.602237745041034 -12.356018855190401 -5.3794651841271204 139 126 109 0.35675649059645809 15 1085 16 1264 17 1359 19 1392
3820 25.600313994370143 -10.279743497447656 -6.1477510386803429 74 54 21 0.5375319085068947 15 1087 17 1365 21 2057 20 2296
3821 31.20558350964891 0.9322599715649168 -0.38609807987659767 198 189 174 0.73146556477677205 14 984 15 1229 16 1444 17 1378 19 1642
3823 29.718313423826018 4.5250492133101732 -1.9012539080432151 54 34 10 1.1121813495645023 14 1101 15 1110 16 1286 17 1387 18 1498 19 1454 24 2055 20 2652 23 2064 25 1796 22 2566 26 1981 27 1728
3824 28.927069495725952 5.2528912205254485 -1.7936654918658057 80 47 16 0.88768652124010927 14 995 15 1113 16 1115 17 1392 18 1354 19 1461 24 2061 20 2410 23 2072 21 2158 25 1463 22 2322 26 1993 27 1752
3825 28.292839124294257 6.0173273636032656 -2.3809117074952129 122 99 69 0.53052122301430382 15 1129 17 1397 19 1472
3826 27.293301974353145 5.5489737755956945 7.4989332937633622 29 28 17 0.69709414688141191 14 847 17 1405 24 2316
3828 27.482237841797211 6.407227455680883 5.4152448947226999 62 59 52 0.59396301842231258 14 1012 17 1426 24 2328 20 2874 21 2574 25 2068 22 2768 26 2486
3829 31.342607840483819 7.5472543705477593 -0.6357286828108919 41 35 22 0.80172486348294647 14 1016 17 1430 18 1178 19 1489 20 1568 24 1363 23 1743 21 1859 25 1077 22 1980 26 1634 27 1450
3830 24.55434545017096 5.597627336557756 10.765760126045217 29 23 15 0.8427909254551389 12 1781 13 1358 17 1440 18 1527
3831 24.957148231632718 8.4198782918429167 -2.4309879037244255 70 64 56 0.95496723570666686 15 1031 17 1468 18 1430 19 1520 24 2135 20 2490 23 2158 21 2225 22 2392 26 2054 27 1812 28 1569
3833 23.325547936405879 9.6617228846331553 -3.1153391307790677 97 63 43 0.98889642523508503 15 1189 17 1477 19 1543 18 1445 24 1894 20 2192 23 2172 21 2237 22 2063 26 2069 22 2405 27 1505
3835 21.282239508904564 15.74630266373482 -3.2984004526264838 35 21 8 0.83865707955236823 15 1294 16 1381 17 1491 18 1579 19 1578 24 2386 20 2541 16 1223 23 2210 21 2261 25 2118 22 2434 26 2109 27 2079 28 1821
3836 20.156111186325532 15.98549306348159 -1.9820027902969104 98 86 86 0.4944143745571899 15 1202 16 1387 17 1498
3837 20.139391328546541 15.916090701378904 -2.8014414960094918 151 143 135 0.5438388905221383 15 1297 16 1390 17 1499 19 1746 20 2770 28 1827
3838 30.315436667740467 -13.961247975957983 -1.6857193263578096 199 192 173 0.68353779663805458 14 969 15 1083 17 1528 19 1388 24 1974 20 2277
3839 26.781783033874305 -11.286486429433284 -5.7030600931652042 96 82 56 1.500059658845351 15 1086 17 1529 19 1393 24 2236 20 2295 21 2307 25 1977 26 2199 27 1923
3840 29.793139071458587 -10.408444915444983 -6.4227743936813324 67 51 38 1.0881690732362115 15 1223 17 1532 18 1487 24 2242 20 2596 23 2281 21 2317 22 2509 26 2205
3841 33.974150438170163 1.7856115947262661 -0.36297019473851588 173 163 153 0.55656217417861942 14 1096 17 1547 18 1496
3842 28.288210308288168 5.435905629535295 -2.7823271677407404 104 70 41 0.79830678226078566 14 1105 17 1554 19 1656 20 2661 23 2075 21 2382 25 1805 22 2571 26 2271 27 2015
3845 24.415010541963383 5.9820701679266817 13.729771395626379 57 51 37 0.95759328576330927 12 1793 17 1578 18 1543
3847 19.824213519927643 15.815481018571619 -2.45325833680063 104 94 95 0.47246942211699022 15 1296 17 1611 19 1747 23 2437 21 2268 25 1924 22 2447 26 2120 27 2087 28 1828
3848 21.263968353199584 16.343235535867034 -2.8431737884962804 114 98 91 0.34927237580219567 15 1295 16 1505 17 1612 19 1858 24 2560 20 2900 23 2580 21 2596 25 2256 22 2783 26 2509 27 2210 28 1955
3849 27.628332519151297 -11.296495803909522 -5.5509793210311145 98 82 56 1.073188724318634 15 1313 17 1639 18 1485 16 1265 19 1755 24 2239 20 2792 23 2471 21 2505 25 2153 22 2694 26 2412 27 2122
3850 29.689066660925572 -10.211022301572982 -4.9644824882926635 80 65 46 0.70899147498771398 15 1224 17 1644 16 1434 18 1598 17 1643
3852 20.937314413674489 16.20313328063126 -3.1012298955746562 57 53 50 0.51434851533692971 15 1367 16 1572 17 1709 19 1930 24 2561 20 2994 23 2673 21 2683 25 2344 22 2784 26 2511 27 2208 27 2291 28 2026
3853 20.346295277824304 16.484928303722029 -2.4563387682430502 15 15 20 0.36533819197030243 15 1368 16 1573 17 1711
3854 30.307245731141663 -13.808882340754899 -2.5592834964705937 122 108 78 0.87349642472919031 15 1377 16 1522 17 1724 18 1591 14 1159 19 1863 20 2911 23 2598 24 2504 21 2621 25 2272 22 2811
3855 29.873755379361018 -12.041661620900081 -5.3212987065735673 60 44 28 0.50645669756850409 15 1379 16 1593 17 1726 18 1691 19 1866 24 2507 20 2999 23 2685 21 2692 25 2353 22 2895 26 2632 27 2299
3856 31.812356369748866 -11.26692245178786 -4.9119036946966226 150 137 121 0.31662341113917103 15 1381 17 1729 18 1693 20 3000
3857 30.608542410196069 5.8825810897310724 -1.3852570072537931 137 102 64 0.66755057867456447 14 1231 16 1606 17 1741 18 1706 16 1539 19 1894
3858 29.928391013421244 5.7414528955410455 -1.3453296433984023 137 102 64 0.92857387275657266 14 1232 17 1742 16 1607 18 1705 16 1538 19 1893 24 2541 20 2952 23 2638 21 2715 25 2321 22 2855 26 2589 27 2326
3859 26.76444845960086 -14.049190494016731 -4.2689281313835048 108 77 49 0.36564617840774477 15 1423 16 1646 17 1777
3860 29.29660101561106 -13.761576515184835 -3.0882574812448431 195 187 174 1.0565906239201379 14 1219 15 1376 16 1648 17 1778 18 1747
3861 32.317071443552308 1.5496939178340727 -4.8353891802995328 148 135 118 1.8936696804093192 17 1786 18 1756 19 1879 21 2540 25 2306 26 2705 27 2255
3862 30.775982140273406 1.8743585433802428 -0.90018123211814405 163 154 139 1.0707084213832803 14 1272 15 1429 16 1663 17 1787 18 1757 19 2005 20 3015 24 2589 23 2698 21 2709 25 2364 22 2911 26 2646
3864 26.533641246705336 -13.927805235560555 -3.4196689507858147 122 91 63 0.92405754315613964 14 1263 15 1462 16 1644 17 1825 18 1791
3865 26.460410619029744 -13.876692699274598 -3.4162925753336131 122 91 63 1.2236234781441335 14 1264 16 1645 17 1826 18 1792 18 1838
3866 26.624667401610537 -13.112899174635503 -3.285077018171032 126 100 75 0.76588898244180681 14 1308 15 1463 16 1647 17 1828 18 1746
3867 28.250234505756662 -10.679562321021434 -5.5835050234682058 96 77 47 0.95348019964991881 15 1425 16 1711 17 1834 18 1795 19 1992 20 3054 23 2788 25 2404 25 2445 22 2949 26 2694 27 2363
3869 29.913011384372112 -2.4504832846174769 11.19577023751857 139 104 64 0.96091821205650285 14 1313 15 1469 17 1837 24 2713
3870 20.477938575128121 7.8308986540679566 13.127569243281789 121 70 41 1.2452726839007187 13 1685 15 1458 17 1866 18 1835
3871 28.309845950386514 -12.699561564955751 -3.5381653299125433 88 70 50 1.4109242714392927 14 1331 15 1491 16 1708 17 1872 18 1840 19 2070 24 2669 20 3135 23 2826 21 2828 25 2444 22 2998
3872 24.343594399289785 9.4339389135353606 -2.20802421614898 14 14 12 1.3178666023220966 15 1510 16 1754 17 1888 18 1877 19 2089 24 2722 20 3158 23 2843 21 2847 25 2497 22 3050 26 2772 27 2458 28 2182
3873 25.983976614886963 -10.800698280230835 -6.0245196604044997 110 86 58 1.1842143248895733 15 1514 16 1735 17 1894 18 1861 19 2072 24 2708 20 3137 23 2828 25 2481
3874 29.442249671997651 -10.281166233650705 -5.5660010157847433 60 34 12 0.9385228610635612 15 1515 16 1762 17 1895 18 1862 19 2093 24 2729 20 3162 23 2849 21 2831 25 2506 22 3054 26 2803 27 2438
3878 28.419879857611139 -12.367746198081463 -5.5428910832167464 47 38 21 0.1824938868544787 15 1534 16 1777 17 1915 18 1883
3879 21.062032366277982 7.88373153898221 13.028560719198959 118 74 52 1.471060716210858 11 2580 12 561 13 1187 17 1280 14 737 16 957 18 1451
3880 24.363393325675503 6.0116730144564663 13.369306304280379 7 3 0 1.5779566266996019 11 2564 12 1529 13 1147 15 779 14 304 16 899 17 1594 13 1356 15 1164 18 1544
3881 21.577457551328475 9.1978495727470939 7.343260305920742 42 26 15 0.79506361745770204 14 1060 16 1368 17 1479 12 1825 13 1192 15 1187 18 1574 24 2378 20 2896 19 1727 23 2427 25 2253
3895 29.683179959498528 8.3919645453961245 -4.7043504064184054 32 18 7 0.94848412703228568 15 1404 16 1621 17 1752 18 1776 19 1905 20 2964 23 2650 21 2667 26 2598 27 2337 28 2070
3896 26.242881273714477 -1.6801547144154709 13.094961022429832 181 172 150 1.4689360653181376 16 1745 17 1880 13 1708 14 1315 15 1471 16 1714 18 1848
3899 27.380026097776494 -14.241558826253383 -4.0724112658184186 150 120 94 0.4118784886150097 16 18 18 42 19 586
3900 27.324129675425173 -16.50773637672102 11.37627920673717 193 142 20 1.4796865780299833 14 29 18 49 15 601
3901 26.741402338167696 -12.981738412523983 -3.6370278838319186 150 122 98 0.5583054263248709 17 57 18 54 27 687
3902 27.519988129859463 -13.344130558665688 -4.5989446361100947 151 124 95 0.50624732754836843 17 70 18 61 20 1185 27 16
3903 23.418202819366673 -10.82434024447805 -6.2492317210646906 53 43 30 0.66119007022933429 17 787 18 64 19 1064 24 1636 20 1902 15 883 16 676 23 1520 21 1687 22 1139 27 1241
3904 22.892550762337862 -10.838350111033275 -6.2933391413443918 98 91 72 0.13815421788025609 17 41 18 65 20 40
3905 27.254405085934447 -12.77994174029482 -3.8660323753182828 156 129 102 0.59794242353550708 16 97 18 80 24 1079 14 499 20 1190 21 9
3906 30.086172379051884 -14.547407669272038 -0.54914683363857109 222 215 205 0.27447207694530956 14 33 18 89 15 62
3909 30.826264459477692 -12.412849726423516 -5.1322691603448689 134 126 107 0.67257752594130027 16 120 18 115 22 28 20 85 27 58
3912 32.265674013454223 -1.2673106037931827 -5.5403551214201334 85 72 54 0.84864240523524759 15 145 18 162 24 221 23 1055 19 1132 21 277 25 137 22 252 26 1938 23 2017
3913 32.183520919784797 -1.6463980014691837 -5.595345695129593 106 93 76 1.0799744992031806 16 156 17 176 18 163 15 135 20 357 21 1234
3914 29.408219222886252 1.0612484190642633 -6.7514113202570813 27 19 8 0.29876821451772634 16 174 17 846 18 176
3915 25.493495731714575 0.86163770807158502 -7.1680735465086256 149 121 111 1.0933499805942402 17 192 18 178 16 168 19 1148 20 2020 23 2031 24 2030 21 1273 25 946 24 1211 22 1884 26 1954 27 1682 19 1440 28 1155
3916 29.244747417323126 1.7625431082095309 -7.1454361811276952 27 20 7 0.62479364261185932 16 196 17 201 18 198 19 179
3917 30.824793184174727 1.3913322782366246 0.68640730457701182 78 71 61 0.80790795782499492 15 163 17 863 18 209 14 570 19 757 24 330 20 474 23 286 21 1302 25 980 22 1376 26 995
3918 30.837422068727207 1.4136381059437422 0.35110507496311832 76 69 59 0.89417893279332827 14 138 16 194 17 204 18 211 19 759 20 1457 23 288 21 416 25 208 22 367 26 230
3920 31.493427965654472 4.8815512167167689 -1.7212774707830671 105 83 60 0.22728935191927579 15 180 18 245 17 234
3921 29.413153581202145 4.5436297622189921 -2.0850673357645522 112 94 74 1.2084445106794213 16 219 18 247 19 217
3922 29.556439955514474 4.7938714433725238 -1.8498531260741178 119 90 61 1.4782680683855909 16 231 18 249 20 1494 25 229 15 183 14 166 26 263
3923 29.240510495781603 4.8940482876809099 -1.8306506949719845 88 60 20 1.2425571939769124 14 596 17 265 18 252 20 1497 26 265
3924 27.069180647566132 5.0637665788890862 -6.3413793626449433 161 115 89 0.75476729721041103 16 241 18 256 19 218 23 333 21 462 25 233 22 397 26 1016 27 297 28 813
3925 28.71741963697221 4.5362375899170093 7.9945612609510661 114 108 92 0.98673877172415747 13 310 18 261 20 1558
3926 28.279983796355534 5.2771295797838125 -2.4510923523006722 149 121 91 0.96992882328080643 15 213 18 265 21 510 27 328
3927 28.42106079441362 5.448234230805447 -2.3405184050208199 79 48 16 0.76771984224790324 14 185 15 214 16 812 18 267 19 786 24 416 20 567 21 511 22 443 26 1037
3928 28.443064374035746 5.413143163803019 -2.7099309234147864 85 49 15 0.62369008646449953 14 184 15 215 18 269 20 542 24 417 25 242
3929 28.152498980939011 5.5836855239939851 -3.6048480397433109 70 40 5 0.66640825798160586 15 217 18 270 17 890
3930 27.042498531829374 5.6567991480838096 -6.0419769398380172 82 36 5 0.7846962521732348 16 277 18 279 19 230 24 442 20 1511 23 362 25 1010 22 422 26 278 27 309 28 299
3931 26.949415536883293 5.9247368260775346 -5.990323269908429 162 119 90 0.52418147764431011 16 279 18 281 24 444 25 1026
3932 31.721180884439011 7.346050197600893 -3.7363443376755692 67 61 53 0.40256041586855618 15 302 16 299 17 349 18 303
3933 26.605869097795601 5.3472965710612517 6.6026429525590089 126 116 115 0.86569521573224106 14 208 18 324 19 289
3934 30.189817055154329 6.9745653153307545 -2.5340866450135962 78 73 67 0.10926544945857655 15 296 18 336 14 658 16 828
3935 31.253684328342988 7.7302091153721282 -4.4635982583132092 36 29 19 0.69320574053349504 16 343 17 948 18 344 28 350
3936 27.089212060568478 6.7220622412422371 -5.8582041569807677 77 22 8 0.49295991996011795 16 344 17 364 18 348 20 582 28 332
3937 27.930390680795849 5.2708807460003921 14.024463221593871 131 122 111 0.28619999422465631 11 638 18 370 24 1429
3938 28.679810921820422 6.2602502049723041 8.6610696968781742 45 42 35 1.242707822131222 14 237 15 727 18 379 19 1261 12 1513
3939 29.649200420375628 6.9395634107031281 3.3316007283900788 2 3 1 0.60216310205268364 14 246 15 281 16 329 18 391
3940 28.100101836202846 7.2379116677769177 0.28143246854686416 21 10 4 0.65915688759336799 14 333 15 361 18 402 19 335 20 721 23 1259 24 599 21 1430 25 405 22 606 26 1126 27 424
3941 26.948534809328009 7.7834592370847302 -5.9604517322203829 128 95 35 0.59741898228480717 16 421 17 484 18 414 21 591 25 370 22 545
3942 26.395154841825612 6.7510458907606257 7.7223457823194082 4 4 4 0.66291775052006796 12 1153 18 459 19 1284
3943 26.46728775429289 6.6017559071144269 4.1674674594425811 74 4 5 0.81645678058844406 13 410 16 387 18 468 19 880 24 1395 20 1642 23 1287 21 1906 25 1129 22 1522 26 1153
3944 25.069278653499964 6.948470705896014 6.4869546614860267 4 8 7 0.54463532542045323 13 448 17 509 18 508 23 1325
3945 26.079089868322221 7.4480675903401927 1.8654546727325454 6 6 6 0.63088356099793308 15 393 18 512 23 569 24 666 21 722 25 493 22 684 26 459
3947 23.364054020327622 9.6684018528775493 -2.8432353035465763 93 69 57 0.84747228721919854 16 505 18 565 21 1507 22 1590 17 1284 28 424
3949 20.846452709187506 15.788900824278711 -3.6728235913536662 63 59 50 0.8055107150071813 16 531 17 604 18 641 19 520 20 1021 21 876 22 881 26 570 27 500
3950 20.805530165400555 15.751556832105289 -3.6699149296291318 63 59 50 0.85456964059182794 16 530 18 642 19 521 20 1022 21 875
3951 21.181287161289283 -10.078702033409757 -6.7275493706244704 129 111 87 0.74907329877115492 16 655 17 756 18 674 21 1678
3952 28.045049877734197 -16.856544871131941 10.543606824121776 130 102 52 0.32689466271748691 16 43 17 745 18 680
3953 22.956095142751515 -10.751100908135419 -6.2858101952756611 56 49 33 0.55153775443359965 17 753 18 695 19 21 20 41 21 1101 16 679
3954 22.862573150977294 -10.41699390150956 -6.4456988196181912 116 98 75 0.26971718952923363 17 789 18 696 19 615 23 1524
3955 27.430652287795183 -12.984523304796468 -3.4034784001054978 87 64 32 0.50628968572401356 17 777 18 704 19 1079 15 580 16 691 24 1627 20 1893 23 1502 21 1672
3956 27.332213265371301 -13.011456741378385 -4.4448496588010382 148 123 93 0.63647835526501928 16 54 18 710 19 18 21 1085 27 17
3957 27.108977166833434 -12.794578654939238 -4.335398390595171 112 86 52 0.26375246978416755 16 669 18 712 20 1192 21 1088
3958 23.765980764235504 -10.529982936232981 -6.3156406179078202 116 99 70 0.90790458915684835 17 800 18 717 24 1648 20 1204 23 952 21 1112 22 1789 27 1249
3959 23.316498714627809 -10.518182503686434 -6.3559977207766876 120 108 94 0.69768521598060995 17 788 18 718 19 1085 24 1649 16 104 20 1914 23 953 21 1689 25 1359 22 1148
3960 23.16881262577639 -10.398543912091865 -6.4145896691048918 42 26 11 0.70987856602994692 17 80 18 720 19 1087 24 1651 20 1915 23 1523 21 1113 25 1360 22 1790 27 737
3961 28.14444775401833 -15.694284921249114 10.434734248508477 175 146 128 0.16618298890751379 15 615 17 1118 18 723
3962 30.774212243232949 -14.469101660122163 -2.4156006000758135 142 136 121 1.4698013773887364 16 90 18 728 15 66 19 620 15 65 14 38 21 1668
3963 29.140961104320922 -12.4047566383937 -2.2452610236598902 163 155 136 1.1327856855685832 14 85 16 715 18 748 21 1116
3964 28.600480409771635 -13.792537176963 10.243458719902051 145 122 100 1.0375863858057739 16 138 17 145 18 751 24 1639
3965 30.290463043277693 1.2459797319383734 0.60691183936708559 174 167 157 0.915744041715429 15 659 16 764 17 861 18 790 19 755 20 1454 21 1303 25 1446
3967 25.449373572131023 2.5183616871913737 -7.5020330452811193 130 119 101 1.4637854785599684 17 216 18 799 26 999
3968 29.244392612674897 4.3287746000817338 -1.6517423398668387 143 122 101 0.9854886803634938 14 583 16 218 18 803 21 456 26 1013 27 1374
3969 29.699430255854562 4.4801792829356373 -2.0689953303650186 59 38 19 0.80039353002301528 15 672 17 876 18 804 22 1393
3970 28.771393259490363 5.2013634646842126 -2.3316828444872435 122 90 54 1.1388284522943173 14 832 18 811 24 1761 21 1811 25 1006 22 1931 27 1389
3971 29.504756094923167 5.1919507607813458 -4.6695097775038068 84 64 40 0.98533764283854064 15 188 18 812 20 517 24 394 22 414 28 293
3972 27.225681159124687 5.0782129891693097 -6.2540715667650826 108 62 44 0.66591472824481091 16 239 18 813 17 276 19 777 24 1264 20 520 23 1136 21 1325 25 995 22 1389 26 1015 28 812
3973 29.216092781194394 6.0533601955065013 -3.6398757853427237 97 65 35 1.3419773319279007 15 713 18 818 23 354 27 964
3974 28.765987763288226 5.5594028592725397 -4.1811935028344918 96 70 50 0.95293486762561752 16 813 18 819 24 422 20 552 23 355 21 482 25 1007 22 448 26 268 28 838
3975 28.613997578078539 5.7098957063230449 -4.0257698334560326 50 22 2 0.7222187124497258 15 219 18 820 22 451
3976 31.151063906907854 6.1018996930797744 -5.923429643837709 59 41 13 0.65114106236927272 16 815 18 823 15 940 24 433 20 1507 23 1683 21 489 25 1008 26 1024 27 1395
3977 26.868795931955798 5.5668845619044856 -6.1411843841483593 155 121 84 0.56029111483462013 16 278 17 280 18 826 24 441 21 1341 25 260 28 1204 23 1697
3978 29.794245992725607 6.1202862648500895 2.7407913643975919 22 16 3 0.3364437080946206 15 239 18 836 20 1563 25 1065
3979 29.806229936388622 6.1213738701438123 2.7412049500193021 22 16 3 0.40608705722827243 15 240 18 837 20 1564
3980 30.498830634437802 6.6947345899101123 -5.2757899333414748 81 61 36 1.2475153596981403 16 1131 18 840 17 903 20 2417 21 1824 15 947 22 2328 25 1817 26 1594 27 1407 28 1214
3981 28.767057160505281 6.4383748675601291 3.643484816194674 51 50 48 0.89105369888228059 15 279 17 327 18 847 24 1353 21 1875 25 1098 22 1996 26 416
3982 29.082555762760315 6.4095691456686197 1.8100787472899493 112 108 96 0.53204052595815565 15 736 17 917 18 850 21 1405
3983 31.76947645754192 7.6095419808760223 -4.232424548624472 34 25 20 0.74965581552150418 15 309 17 354 18 859
3984 25.937426689469298 6.0212266881174488 6.4005289683388558 42 41 41 0.80221271462463928 14 242 18 872 19 875
3985 29.394764785709913 7.7905232745428155 -1.433333251284455 14 9 4 1.2551739552741878 14 343 15 368 18 887 25 1527 21 1862 22 2007 27 1470
3986 26.958017193615792 7.2563319776822635 -5.9635677453529041 87 53 25 0.61038309994951645 16 1157 17 1224 18 892 19 837 20 1545 23 1204 21 1396 25 1084 22 1457 26 1081 27 991 28 1245
3987 26.771647224198258 6.5274020676421491 7.8628498669795084 46 46 44 0.85011307212666387 13 398 18 914 23 1308 24 639 25 1150
3989 27.225251464773187 8.1314321650145622 -5.8839719407147673 104 74 33 0.73064214847406794 16 451 18 933 23 494 21 628 25 1110
3990 26.921628115234711 8.3028137747860047 -6.2219886359346503 90 66 32 0.53989065596409269 16 920 17 993 18 936 24 614 26 1100
3992 28.334454116006356 8.4668934163170952 0.43312633085240954 29 30 25 0.37289134502507704 14 724 15 1018 18 954
3993 28.873410213108571 9.3583802948937578 -5.0941176994870645 90 74 64 0.85719841381047723 16 933 18 958 23 574
3994 23.0594919023562 7.5687467351995705 -3.8929521874817898 43 22 5 2.6721138451026238 17 525 28 898
3995 26.767098206547089 8.7231515013308467 -2.3421509947434869 9 6 1 0.65055910477084089 15 803 16 473 18 979 19 905
3996 25.257785566193643 8.9454826442772752 -2.530031309312724 140 133 125 0.75951901470832117 15 443 18 992 23 617 24 763 25 530
3997 25.257785566193636 8.9454826442772717 -2.5300313093127222 140 133 125 0.75951901470826433 15 442 18 993 24 764 23 616 25 529
3998 25.730752290454671 9.4003618454586775 -5.4248828715134279 112 98 89 0.63058212065240404 16 947 17 1009 18 997 22 1534
3999 25.357704371751264 9.2331487439247972 -5.5287979930138595 53 33 17 1.2680467193335352 16 948 18 998 19 1302 24 2138 21 2213 25 1874 22 1535 26 1680 27 1056 27 1808 28 1787
4000 24.247226315010057 9.6516398355636426 -5.6058728244151874 129 103 89 0.87506948145554064 16 499 17 1013 18 1003 24 766 20 875 23 1328 19 1314 21 1475 28 906
4001 23.312576521190589 9.5352929362322012 -2.7653944030759723 25 14 9 0.78299050521958569 17 571 18 1007 22 754 27 473
4002 23.316521002737019 9.6246459814680421 -2.9412211372335841 31 6 2 0.88497483733960647 16 960 18 1008 24 1502 26 1216 28 921
4003 21.035731376966758 15.688612853400283 -4.010929360019551 106 97 95 0.45397378544189615 16 986 18 1037 17 1033 19 988 24 880 20 1791 23 1390 21 1550 25 1245 22 853 26 1246 27 501
4004 20.723814579681115 15.603584618784298 -4.4753324745528698 13 12 8 0.95058350747847742 17 1039 18 1039 19 990 24 882 20 1027 25 1247
4005 20.662715166900394 15.544215916936132 -4.4724496408946104 13 12 8 0.85238476905856764 17 1040 18 1040 19 991 20 1026 23 1381 20 2214 25 1246 22 856 26 563 27 1115 29 385
4006 20.740805977336436 15.721316446593416 -3.1123574320444183 53 52 50 0.74287569019260369 16 529 17 603 18 1044 20 1038 25 622 22 876 26 568 27 518 28 473
4007 20.580540478383263 15.751634158087072 -3.2351343195207742 166 165 165 0.4160283035694417 16 532 17 605 18 1046 19 997 24 891 23 766 25 624 22 878 26 587 27 520
4008 20.556633086725224 15.61505136875701 -4.7823274272198155 67 68 63 0.62002466335713569 17 616 18 1052 24 886 20 1008 21 868 19 993 25 619 22 863
4009 27.153722432319125 -12.256608996757704 -6.1616460602289171 92 75 56 1.6167885611457364 17 1121 18 1073 19 624 24 1646 20 2278 23 1519 21 27 25 6 25 1690 22 1785
4010 23.490569663240127 -10.63868659692675 -6.2940566642238478 52 37 28 0.87530452860119223 16 677 18 1074 19 625 15 593 24 1975 20 1912 23 1521 21 1688 25 1357 22 1781
4011 23.18110271133261 -10.523933010361354 -6.2014450393410661 52 37 28 0.46424985952687625 16 678 18 1075 15 594
4013 23.764895988360859 -10.262991226496601 -6.5542896121335668 69 52 27 1.2933448948382484 16 1057 17 801 18 1077 19 1606 24 2237 23 1948 25 1365 22 2197 27 1250
4014 29.241458239322593 -12.317284929420319 -2.1743576955827519 128 120 101 1.5393712847999534 14 803 16 1069 18 1091 17 1364 23 1534 24 1656 21 1699 25 1702 22 2196 26 1443
4015 28.129915631123311 -10.313407070043663 -7.1429883122654356 38 25 8 0.47538457062011302 16 1077 18 1098 19 1394 15 631 24 1988 20 1937 23 1542 21 1707 25 1707 22 2204 26 1868
4017 28.583955127729119 -3.4758105062029117 11.914689239302556 189 142 31 1.1953602739790388 13 709 14 563 18 1109 15 137 16 159 24 1180
4019 25.563414391359654 1.3109996119741096 -7.1468512277032055 129 117 93 1.4304234042605539 17 854 18 1118 19 737 20 2027 27 1341 27 1692
4020 24.752235638839242 1.5157201711776385 -7.420698292608888 99 70 30 1.0704155314924786 17 856 18 1119 19 1157 20 1421 23 1642 21 1275 22 1894 26 1556 27 1342 28 1166
4021 30.113078365640472 1.5637539393456359 0.68142824907220345 184 177 167 1.7022453184769553 14 576 15 918 16 1099 18 1125 24 2044 20 2394 23 2049 21 2140 25 1786 26 1564 26 1973
4022 29.555369273585679 1.5277056996487526 0.70134658020406249 184 177 167 1.3885659615715922 15 919 16 1100 18 1126 20 2395 21 2141 26 1974
4023 31.482897162982145 1.8130199807681366 -0.53538341813929957 170 164 152 0.84313118894301997 15 663 18 1127 26 1006
4024 25.842017845540941 1.9569721996479941 -7.16207705950732 124 105 91 1.1896259518208832 17 1160 18 1130 28 1492
4025 25.47737285308207 2.1302187593039266 -7.2254158961004489 78 59 45 1.2655959439139817 17 1161 18 1131 19 1644 20 456 24 306 21 1309 25 982 22 352 26 998 27 1701
4026 28.573000771777359 4.2612872417164267 -6.8477695154925611 94 85 70 0.63416940266849575 16 1106 17 1166 18 1136 23 301 21 447 25 220 22 384 26 246 27 924 28 795
4027 29.484410879169605 5.1115671288160396 -1.7890504030416046 123 93 60 1.1017553366198825 14 830 18 1140 23 2071
4028 29.255848634680614 5.2577227521071697 -4.724492790557079 40 24 8 0.98255113422203211 15 932 18 1142 19 1176 21 1813 25 1467 22 1927 26 1578 27 1730
4029 27.688156318315013 5.151025116651069 -5.9522987963049792 35 25 7 0.80301717955528817 16 799 17 891 18 1146 19 1179 20 1487 24 397 21 1806 25 1456 26 1014 27 939 28 1195
4030 28.503227463386455 5.2628207119956825 -2.8557309866828349 136 107 36 1.1408230433923874 14 606 15 697 16 797 18 1152 15 698 21 1812
4031 29.423851406842292 5.7202614029313938 -4.4716217180508009 39 20 5 0.55330398704266792 15 1117 17 1393 18 1153 19 1189 27 952
4032 26.924420993396648 5.7865217876348209 -6.0235728768062353 145 101 74 0.62035893553692822 16 817 17 1180 18 1155 19 1193 24 1763 20 1512 23 1152 21 1340 25 1469 22 1938 26 1029 27 1397 28 1206
4033 32.20074856279566 7.0915155504792633 -1.256602938577329 36 27 11 0.317172680388215 15 1127 16 1303 17 1414 18 1160
4034 29.48725971919103 6.6846977631824913 -2.3711610826232019 33 31 27 0.38633407109851642 14 867 18 1161 15 973
4035 29.375028103401309 6.5913501724339616 1.474195937050869 10 7 1 1.2224989622990574 14 652 15 963 16 850 18 1174 23 1224 24 1798 21 1856 25 1071 22 1976 26 1632
4036 25.517523940235442 6.8592411132955506 -7.1987164181124443 92 83 44 0.61041831979377403 17 953 18 1185 19 1214 24 1329 20 620 23 1713 21 1374 25 1048 22 1432 26 1061 27 1413 28 855
4037 28.758792875884584 7.5034430609413496 0.046477868333367513 28 25 16 1.3502589871697543 14 335 15 362 17 971 18 1208 20 1584 21 652 27 1468
4038 33.702515138764447 8.7971179322767608 -4.5727246737313445 21 12 7 0.84175547459588129 16 890 17 1219 18 1211 19 1235
4039 27.546416028780925 7.6156438204423367 -5.7019596950811948 120 94 77 0.83726987007125708 16 1345 17 1433 18 1212 19 1491 23 1202 25 366 28 356 22 542
4040 27.205207968956103 6.6752389706132016 6.472269900990212 4 5 13 0.54900814979098533 14 879 15 986 18 1221 20 2172
4041 24.744536406802865 6.1776798377387001 11.618697503668768 143 139 136 1.6459347120997474 11 1626 18 1244 24 2144
4042 24.752447636520706 8.5144379313951823 -5.6986345077477969 99 75 62 0.85739615767064126 16 1190 18 1257 20 2150 25 1548 22 622
4043 25.557967934273982 9.3705973236796059 -5.2334502805186744 15 7 1 0.80569511461802201 16 946 18 1263 19 1301 20 1655 23 620 21 1914 22 692
4044 23.825834759766838 9.5948342306304433 -4.6817690183051628 25 21 10 0.59216238633818252 17 1012 18 1269 19 1312 24 1490 20 903 25 548
4045 24.23576549657453 9.4700788793192388 -5.1760869115512271 88 74 61 0.81486207425671753 16 952 18 1270 19 936 24 1477 20 873 23 1327 21 731 25 535 22 694 27 1077 28 1275
4046 24.040338320773568 9.4614684670824243 -5.6239315857796592 70 42 27 0.53472536069608223 16 498 18 1271 17 557 21 733 28 1276 24 1870
4047 21.269030829835884 10.92899404771096 10.329005580401143 42 19 0 0.95154713151401193 15 832 16 1206 17 1289 18 1281 24 1910 23 2207 25 2115
4048 21.172077363217902 15.673364362516818 -4.1095908275318207 31 15 9 1.0171569088380648 16 1224 17 1030 18 1289 23 1379 19 507 21 1549 25 1244
4049 20.473485013642751 15.684659998958844 -4.4927430849896455 19 19 14 0.59003476738668992 17 1041 18 1295 19 1346 24 1542 20 2218 23 756 21 866 25 1253 22 860 26 1260 27 1120
4050 22.681983946046817 -10.885448763041957 -6.2798876359120115 112 100 75 0.39721088965326845 17 1113 18 1309 21 2036 27 1603
4051 22.743093797360213 -10.91663633675938 -6.2926697040316126 112 100 75 0.45091201019028615 16 653 17 1112 18 1310 19 1378 20 2586
4052 23.512321592309142 -10.448356394381401 -6.3598999781505565 45 32 9 0.55233028303106901 16 1056 17 1352 18 1313 19 1386 24 1977 20 2279 23 1944 21 2046 25 1691 22 2187
4053 23.271386447081429 -10.272519859011469 -6.4704862171812252 108 92 68 1.2796476140978892 17 1354 18 1316 19 1387 23 1947 21 2047 25 1693 22 2191 27 1615 28 1653
4054 27.53501536777275 -10.558776940761959 -5.7128067364052448 119 100 84 1.3798359198173584 17 1367 18 1324 24 2241 23 2279 22 2504 26 2416 27 1925
4056 29.183322621254437 -10.447716932340231 -6.2071510929739384 50 24 10 0.83073581190987911 16 1270 18 1329 17 1142 19 1612 24 1670 20 2302 21 2312 22 2505 26 2204
4057 31.445474002809032 -10.565302597871183 -5.257107402029483 135 122 109 1.1911161144383471 16 1272 18 1330 19 1102 17 158 16 143 24 1673 20 1946 18 143 27 2126
4059 31.237226467440379 -0.85419262556461018 -8.1327070101772723 23 13 4 0.92195790993646154 16 1090 17 1153 18 1334 21 1751 23 1609 24 1706 25 1411 22 1858 26 1512 28 1453
4060 24.245261054006974 0.96904450720428392 -7.1288980100174442 137 135 123 0.93665721090659415 17 1376 18 1339 20 2368 25 1775 26 1541 28 1471
4061 31.941050297199858 1.396229857891456 -5.1489772092474322 102 89 73 1.2713502612244596 15 1103 18 1343 19 1643 20 2382 21 2126 22 2555 26 1960 27 2157
4062 28.917385572743964 1.0097133040588304 12.438210519968161 139 92 36 1.1009050727788305 11 2478 18 1348 24 2047 17 869
4063 28.799450109908278 5.2224438544782688 -1.7582020090985708 86 55 26 0.75942672786843657 16 1116 18 1355 19 1462 24 2062 23 2073 21 2159 25 1464 22 2323 27 1751
4064 29.461903691587274 5.6051920998136966 -1.818291446291604 113 83 36 0.99540594199900367 14 834 18 1356 16 811 19 1186 21 1821
4065 29.098087439478373 5.5454368985340263 -1.7964188549327518 113 83 36 1.5231063722351939 14 833 15 937 16 810 18 1357 19 1187 24 1758 21 1820 21 2160 25 1477 22 1410 26 1585
4066 28.439342568955809 5.3803005265464421 -2.528629013818676 124 94 66 0.85306485484222183 14 997 15 938 18 1359 24 2065 20 2411 23 2074 21 2162 25 1804 22 2326 26 1995 27 1754
4067 28.402707541326755 5.5151810367204144 -3.4454778941164079 91 57 22 0.65305995039649734 15 1116 18 1362 20 2070 23 1693 25 1465 26 1586 27 2010
4068 26.178843504599442 5.6228485730408391 -7.0309556888253315 14 32 55 1.1181290444130325 17 1402 18 1363 19 1467 23 1684 21 1816 25 1810 24 2067
4069 28.946709040163473 6.2481652279026738 -4.2620780103022833 78 59 41 0.80471181942752246 15 1131 16 1130 17 1399 18 1366 19 1200 21 1822 23 1165 24 1771 25 1478 22 1934 26 1590 27 1405
4071 26.977183664335723 6.7901703476316282 -5.822315908792616 74 30 16 0.61164251892553212 16 1156 18 1381 19 1485 23 1712 21 1833 25 1825 22 1946 26 1604 27 1428 28 1227
4072 30.233413143922292 6.8702990485069373 11.191437592676895 151 143 141 0.82465728764107948 12 1798 16 1326 18 1400 25 1871 13 868
4073 27.01531319490018 7.7290411171664628 0.69083469313210477 77 79 76 0.72589304861481885 15 1170 17 1457 18 1403 24 2123 23 2149 25 1861 22 2381 26 2319 27 2052
4074 30.211966447205857 8.4028948460509802 -0.8634327146474774 96 63 38 2.3114321783190892 16 1339 17 1450 18 1404 20 2477 23 2138 21 2202
4075 26.029961494361125 8.8834065134301934 -5.7772630479125722 54 29 9 1.2612696709317068 17 1272 18 1432 19 1522 27 1798 28 1263
4076 24.134216094677537 8.5797069109028463 -5.7992621751185514 80 67 58 1.008785415306575 17 1469 18 1433 25 1875 26 2050 28 1264
4078 24.612996702081197 9.4240308209874755 -5.186530125387578 30 21 4 1.1909737626316457 16 1497 18 1441 19 1843 24 1869 24 2355 20 2715 23 2396 21 2434 25 2082 22 2619 22 2772 26 2061
4079 23.314679608774039 9.4719328106336693 -2.1799232694368946 9 19 4 0.91732551261071305 17 1476 18 1443 24 2164 23 2170 21 2236 25 1894 26 1706 27 1826
4080 23.764102100402777 9.7349454743698391 -4.4392979901808269 30 15 8 0.73942584403782152 16 1365 18 1446 15 1041 19 1544 24 1885 20 1709 23 2174 21 1938 25 1578 22 1578 27 1818
4081 23.718085221471323 9.7378758178463443 -4.6519464369748444 122 105 87 0.56511535817672165 16 1366 17 1478 18 1447 19 1545 24 1886 23 2175 21 1939 25 1579 27 1820 28 1579
4082 23.83755846879497 9.8018662052362462 -5.0955176709175554 117 93 79 0.61987593329933133 16 1367 17 1603 18 1448 20 2507 25 1889
4083 21.953315593468844 11.595285295653829 7.6461052856080016 110 76 52 0.58204759132545536 17 1485 18 1459 24 2383 25 2108
4084 20.896628968210042 15.674237511730448 -4.3888935338018467 67 64 57 0.70658760262974007 17 1496 18 1467 20 2537 23 1867 25 1912 26 1733 27 1848 28 1300
4085 23.343074204624038 -10.967648792961628 -6.1760522294253741 105 93 75 0.6852356926701767 16 1249 17 1524 18 1479 19 1382 20 2276 23 2269 27 1917
4087 25.527045035703779 -10.04821289643329 -7.741073593444356 88 75 58 0.549578799435822 16 1430 18 1486 27 2123
4088 31.45461377395949 -0.53662293219900636 -8.1973079298031575 125 117 104 1.0084679010035589 16 1437 17 1536 18 1490 19 1777 20 2625 23 2493 22 2715 26 2441 27 2144 28 1894
4090 32.382482846737489 4.9120804517628383 -4.4913045652828574 128 113 94 1.2660638906944655 15 1108 17 1663 18 1499 19 1650 23 2344 25 1797 22 2311 26 1982 27 2002
4091 31.045309386600533 5.9648151926895965 -5.0459860414438493 83 70 53 1.782277026648371 15 1328 16 1541 17 1555 18 1502 19 1463 19 1464 28 1757
4092 27.479980350141101 5.8682105278873253 -6.9392602622494426 48 21 13 0.80710790177780245 17 1401 18 1506 16 1122 19 1466
4093 30.806230441220972 7.0177078322742279 -4.0319765295359069 32 23 12 0.98336113827592986 15 1243 16 1460 18 1508 19 1665 20 2671 23 2532 24 2440 21 2558 25 2196 22 2751 26 2277 27 2176 28 1928
4094 31.768828197156743 7.5228606422180979 -3.9024182789473594 67 60 54 0.45639023449909466 15 1254 16 1467 17 1566 18 1516 19 1667
4095 31.971406024105903 7.588532933853763 -3.9433768397789692 67 60 54 0.78797078255026032 15 1255 18 1517 19 1666 20 2670 24 2314 23 2356 21 2394 25 2039 22 2585 26 2279 27 2022
4096 27.9644926041254 7.3954638436131583 0.32670301891520892 78 69 56 0.99884158090688469 14 1034 15 1160 16 1338 18 1521 27 2041
4097 25.75548897149795 6.762272072130739 3.9824299424170446 26 18 20 0.6231925704817296 14 1124 15 1263 18 1529 20 2707 24 2338 21 2582 25 2069 22 2770
4098 30.125403050230776 8.8637240069853558 -2.526126836219766 32 33 28 0.31878473999492091 16 1488 18 1534 15 1278
4099 25.808167671394152 7.880578272048222 -6.4999289958229278 123 109 96 0.69804602707836416 17 1244 18 1536 19 1819
4100 26.278367184749385 7.5973108719031552 2.3267467624970295 36 36 36 1.1360061259227401 15 1005 17 1597 18 1546 25 2074
4101 23.736244779101028 9.5844665506857289 -5.7072718781383269 59 32 15 0.86946198092025673 16 1502 17 1474 18 1563 23 2401 22 2620 26 2326
4102 22.211936553407511 8.5665888239927881 2.5861788615593606 47 47 47 1.2437570792555599 16 1498 18 1565 19 1846 14 1143 15 1289 20 2734 23 2414 25 2096 26 2343
4103 23.940461673963171 9.8560627582079032 -5.5735854027364349 143 126 107 0.68000668602708991 16 1501 17 1604 18 1570 19 1717 24 2360 20 2723 23 2403 21 2437 25 2086 22 2624 26 2329 27 2054 28 1792
4104 23.940461673963171 9.8560627582079032 -5.5735854027364349 143 126 107 0.68000668602708991 16 1500 17 1605 18 1571 19 1718 24 2359 20 2722 23 2402 21 2436 25 2087 22 2625 26 2330 27 2055 28 1791
4106 21.000924821056067 15.755140538156622 -3.7046471237383201 158 155 146 0.5874917459881307 16 1386 17 1494 18 1580 19 1582 24 2190 20 2543 23 2213 21 2257 25 1917 22 2435 26 2110 27 1855 28 1596
4107 29.286739462919929 -12.651033922372617 -2.9045180807009179 141 134 124 1.4535968276325462 14 1162 16 1525 17 1638 18 1592 19 1754 24 2234 20 2791 23 2469 21 2306 25 1976 22 2691
4108 26.797315662933663 1.2054642883882232 -7.2540247650303851 124 122 97 0.70404185635175909 17 1651 18 1604 19 1779 20 2639 24 2421 23 2333 21 2359 25 2019 22 2551 26 2253 27 2155 28 1905
4109 27.341664487778232 1.8432566164321236 -6.9537452041080163 13 4 0 1.0358573567067393 16 1531 18 1606 17 1654 19 1880 18 1700 24 2424 23 2516 21 2542 21 2652 25 2182 22 2733 26 2454 26 2574 27 2158 28 1996
4110 27.304230837556322 1.8477187244821491 -6.9472676812438081 13 4 0 0.96431776740578745 17 1655 18 1607 24 2425 23 2515 21 2543 25 2183 22 2734 26 2455 27 2159 28 1997 18 1701
4111 31.476583830952311 5.3338436643006908 -6.0184397179427105 95 86 71 0.8322479047521153 16 1453 18 1614 17 1549 24 2298 20 2653 23 2519 21 2375 25 2187 22 2740 27 2167 28 1752
4112 31.534500621730288 5.3458849245089795 -6.0456259978559705 95 86 71 0.70578056221464935 15 1325 16 1452 17 1550 18 1615 19 1791 24 2299 23 2520 21 2376 25 2186 22 2739 27 2166
4113 27.760079926749256 4.5875512864402186 -6.4295607272199682 172 160 154 1.3345380500202304 16 1448 17 1666 18 1618 19 1886 24 2531 20 2834 23 2522 21 2549 25 2311 22 2741 26 2461 27 2162 28 2003 26 2582
4114 27.775767203857793 4.5874966415139617 -6.4332901544345296 172 160 154 1.3599941980371932 16 1449 17 1665 18 1619 24 2530 20 2835 19 1885 23 2521 21 2548 25 2310 22 2742 26 2460 27 2163 28 2002
4115 28.69274546387107 5.3501169898714291 -3.1999909934018711 164 136 69 0.73873452146758267 15 1327 16 1540 17 1667 18 1622 19 1793 24 2435 20 2839 23 2526 21 2551 25 2188 22 2746 26 2465 27 2266
4116 26.792063056144713 6.7934931970508163 -6.3030078358165316 103 76 38 1.8314141688661143 17 1676 18 1641 19 1670 20 2429 25 1826 26 2281 27 2016
4118 28.339550154098404 8.3015642626730326 -5.284403371556448 85 72 55 0.8335345453643731 15 1279 18 1663 19 1694 24 2332 23 2367 26 2295 28 1781
4119 22.233743357923974 8.6021047201630214 -6.0189880481518605 97 73 55 0.79791669072763083 17 1704 18 1680 19 1840 24 2480 20 2878 23 2563 25 2238 22 2615 26 2321 27 2049 28 1947
4120 21.159998352584108 15.674381801632546 -3.5639001170952356 28 12 5 0.81326677708193984 16 1382 17 1607 18 1682 19 1740 24 2189 20 2763 23 2212 21 2470 25 1916 26 2355 27 1854 28 1812
4121 22.950294902191807 -11.370560355319732 -6.2502376723792787 93 71 59 0.23599223093772326 16 1587 17 1722 18 1685
4122 23.443869603331891 -11.087410210676339 -5.8584768237671154 90 68 53 1.9898646066836716 16 1589 18 1686 15 1311 20 2910 21 2620
4123 26.362797593510518 5.8636140118792852 -6.9044666032139101 59 75 107 0.63738179891815705 17 1743 18 1710 19 1890 24 2539 20 2950 23 2639 21 2658 25 2317 22 2852 26 2588 27 2268 28 2004
4124 32.429366247878157 8.4280869560765037 -4.041152422367424 57 54 47 0.96877056144084783 16 1620 17 1682 18 1719 16 1558 19 1812 20 2857 23 2545 21 2562 25 2211 22 2759 26 2474 27 2274
4125 27.138856072139401 7.128325597462565 2.8646173702097193 22 23 18 0.36120711186727272 15 1346 16 1555 17 1688 18 1727 23 2657
4126 27.373743206461292 7.1850561019681374 2.8810798234317549 22 23 18 0.41764413601824324 15 1347 16 1554 17 1687 18 1728
4127 24.707469481145459 9.45232835992147 -5.4876243976388963 122 105 88 1.0128687502701486 17 1759 18 1740 19 1917 24 2479 20 2880 23 2561 21 2583 22 2771 26 2495 28 2020
4128 24.562135120619807 9.4159488890939205 -5.4572465580119633 122 105 88 0.45455524656727481 17 1760 18 1741 26 2496
4129 23.84497387867194 9.6193122660890058 -4.3958403353483613 21 20 18 0.90036067198344849 17 1764 18 1742 19 1974 24 2555 23 2670 25 2339 26 2610
4130 29.69643893923848 -12.360198724170393 -4.9209048424942488 149 142 132 1.3727244760770294 17 1779 18 1748 19 1990 17 1832 24 2578 23 2741 16 1591
4131 29.386084102808329 -12.236757850739631 -4.8806120895502962 149 142 132 1.7082489590201251 17 1780 18 1749 16 1650 24 2577 16 1592 23 2742 22 2894
4132 31.077295755181702 -11.525057535512765 -5.2751429576641202 95 77 57 0.67545495271276113 16 1597 17 1783 18 1750 19 1935 24 2579 20 3001 23 2686 21 2694 22 2897 26 2633 27 2362
4133 31.945352078970092 -9.768679833229335 -6.8230465323542484 89 76 59 1.8102634897759511 16 1599 18 1751 24 2580 21 2751 22 2818 27 2235
4134 26.532800029202559 -0.97207663370013464 -7.4971587761530865 26 23 14 0.78984764163025756 17 1730 18 1753 19 1936 20 3006 23 2793 21 2756 22 2956 26 2700 27 2306 28 2044
4135 30.711763865947859 7.058020942874033 -5.9335906665102573 119 89 33 0.88348710521648666 16 1678 17 1797 18 1768 19 1951 24 2637 20 3020 23 2706 21 2716 25 2415 22 2916 26 2652 27 2327 28 2066
4136 28.566960011446678 7.9931683044981279 -5.0364835498699776 72 58 44 1.7061794543400104 15 1402 16 1622 18 1773 24 2599 20 2958 23 2649 21 2725 27 2335
4137 26.811982221199074 7.360721539453742 -6.1216072178490517 147 111 36 0.88932630944331381 17 1800 18 1774 19 1899 20 2849 23 2644 25 2322 22 2857 26 2476 27 2273 28 2009
4138 27.17008628688847 8.3014621898921241 -5.6225506991348198 128 116 77 0.72832653114829848 16 1684 17 1806 18 1777 19 1957 24 2601 20 3027 23 2714 21 2726 25 2326 22 2924 26 2661 27 2338 28 2071
4139 24.856158051732184 9.6103337248418512 -5.0764456683713721 28 22 7 1.546792306224541 16 1697 17 1819 18 1787 19 1969 20 3089 23 2723 21 2675 25 2336 26 2670 27 2347 27 2395 28 2082
4142 26.538428621315269 5.3363476388776601 -6.5730468239906088 49 14 4 1.7755215060629255 16 1722 17 1844 18 1801 19 2012 21 2765 27 2380
4143 32.549175782572192 7.9950664336171489 -5.8524003538128175 48 27 19 1.2385811706858976 16 1725 17 1853 18 1808 15 1483 19 1953 24 2643 20 3073 23 2764 21 2767 25 2418 22 2915 26 2651 27 2384 28 2120
4144 31.071803955670848 7.4926084626697049 0.095950833276558331 129 122 110 1.1805492343447068 15 1485 16 1724 17 1851 18 1811 19 2018 20 3026 21 2722 26 2596 25 2206 23 2365 24 2319 27 2387
4145 25.108671260508942 8.2571908023737492 -5.6662814597273092 113 95 73 0.73273145383302929 16 1692 17 1807 18 1819 19 1960 20 3029 24 2604 23 2716 21 2728 25 2381 22 2926 26 2664 27 2339 28 2074
4146 25.583969623191301 7.7948311297539643 2.8428897011347947 2 2 2 0.5487109738176158 15 1449 16 1691 17 1805 18 1823 19 2025 20 3094 22 2985
4147 23.899761958223365 9.1804472638022432 -5.8133703700027066 64 37 18 0.8197912443513039 17 1865 18 1827 19 2028 24 2660 20 3090 23 2777 21 2785 25 2436 22 2981 27 2394 28 2127
4148 23.822164027218143 8.7427100725762568 -6.2314270983669111 102 73 59 0.93569724312002533 17 1862 18 1828 19 2027 20 3034 21 2732 25 2384 22 2930 26 2668 27 2342 28 2078
4149 30.501294126477728 4.0970416813008184 -2.4454232073437052 145 134 116 1.067976947523869 16 1669 18 1850 17 1793 25 2366 26 2710
4151 24.167258442716449 7.2336913790119173 10.352950291361891 46 47 42 1.3894758686965947 12 2343 13 1725 18 1857 19 2062
4152 24.086996732877957 9.6853616523349402 -5.3733664446288349 115 94 77 0.67883876993981884 16 1756 17 1890 18 1858 19 2061 24 2700 20 3126 23 2815 21 2819 25 2474 22 3020 26 2729 27 2428 28 2158
4154 26.898934289008796 0.34756813605145287 -7.1811711760109826 15 19 20 1.0859156997366874 17 1898 18 1867 16 1743 19 2076 24 2733 20 3144 23 2854 21 2836 25 2509 22 3035 26 2785 27 2446 28 2169
4155 26.096534777736359 1.9801336478058371 -7.0474034846865674 98 85 74 1.1651045024915565 17 1881 18 1868 16 1716 19 2049 20 3147 27 2418 28 2173
4156 25.914951112418922 1.9121794084269252 -6.9921866582564807 98 85 74 1.3931972243024768 17 1882 18 1869 19 2050 24 2715 20 3146 23 2833 21 2838 25 2485 22 3038 26 2786 27 2417 28 2172
4157 28.480630422822827 5.4796984221973206 -4.1301481686255679 89 63 43 1.0176905111923427 15 1505 16 1747 17 1901 18 1871 19 2081 20 3115 24 2684 23 2802 21 2812 25 2459 22 3014 26 2759 27 2449
4158 22.523453394310987 9.4102142415020236 3.0918792683826903 141 100 69 1.2039132793827851 15 1511 18 1879 14 1360 19 2066 24 2703 23 2845 26 2797
4159 25.512464068778907 9.7520089672839312 -0.53799692730265947 21 17 14 1.6247637729938629 15 1528 17 1909 18 1888 19 2104
4160 28.891366373121045 8.7655701436834459 -1.3340607412326912 7 7 5 0.40186960746310857 15 1537 16 1779 17 1918 18 1892 19 2112
4161 21.823695348624256 11.643470561979351 7.3523706358070937 115 70 42 0.81870535197766192 15 1540 18 1893 19 2113 25 2525
4162 35.346882786211438 3.4061560517913718 -4.3126620269419602 147 134 118 0.82061061891047404 16 1788 17 1930 18 1897 19 2119
4164 26.474654426658656 3.8475237693169211 12.148201215751467 65 52 24 1.5160412555648128 14 601 15 687 17 1171 18 1157 13 784 14 602 16 805 17 899
4165 21.610692191156826 12.229380547392983 7.7652833611638865 45 29 16 0.79804545217309686 12 1838 15 1047 14 1067 16 1377 17 1488 18 1578 19 1739 13 1394 20 2768 24 2385 23 2433 25 2117
4166 28.946946122563059 5.8455596808431141 8.6375873133461241 7 6 1 0.66048486294893671 12 1492 15 270 16 322 18 322 14 846 16 1144
4167 26.670706062920349 -1.0104606561422071 13.102510635286135 142 133 108 0.70772539309807747 11 1448 13 183 18 188 12 275 14 132 15 153 16 182
4168 27.231315941233856 4.8649006945896147 -6.3277881734518813 146 109 91 0.96587384051918068 17 243 18 255 20 519 24 371 21 461 25 232 22 396
4169 26.955018958888999 5.5013363097156178 -5.9851381843206939 165 113 85 0.30142620525481911 17 278 18 278 24 440 21 492
4171 27.057527505965339 7.120144874008548 -6.0315229266310029 114 76 41 0.54126099219514001 17 419 18 352 20 619 16 861 21 1373 25 318
4172 26.260283355130209 7.1948533282538651 1.8007974622547958 48 48 46 0.7173389932771479 16 396 18 475 23 1292 24 1442 21 1455 25 454 22 1528 26 1677
4173 26.395856577511864 7.2402500951396167 1.4346909326728516 48 48 50 0.70504945340101899 16 398 18 477 22 1529 23 570
4174 26.950359323666351 7.2098484437500066 0.45712908459519852 81 74 62 0.80379095685467639 16 406 18 478 20 760 27 441
4175 21.56141754989342 9.4181152865413296 5.4370393346181647 249 229 210 0.51595585221947882 17 575 18 580 19 484 24 830 21 833
4178 27.510284701714788 7.4359507331411709 1.3618345893817443 4 4 6 0.38869361914986078 16 397 17 471 18 920 23 523 22 1527
4179 26.319888613196149 7.1348697544205519 1.1486992239629561 6 6 7 0.44765000190200205 16 399 17 965 18 922 23 524
4181 26.372456434039055 7.3902427145479006 0.83283825594308381 4 5 7 0.93995062953389363 16 912 17 475 18 924 19 371 20 1651 23 1295 21 1457 26 1162
4182 27.449431236167417 7.8027582632502988 0.37187051927620446 2 5 3 0.24649759230351678 16 914 18 926 27 1055
4183 27.48218678288378 8.0719920318250047 -5.7680914339987481 108 102 84 0.74099312612634449 17 977 18 932 19 867 20 1576 25 426 22 1484 28 367
4184 26.971674996864994 8.342534301281388 -5.9324431232955472 82 49 1 0.42931215609093859 17 992 18 935 16 1182 24 613 20 1591 23 1266 25 1112
4185 24.37983618437287 8.4770658809408594 -0.34720206459587277 49 46 39 0.72074093852117438 17 544 18 989 20 901 21 1488
4186 22.718931533630112 9.0656684033103758 2.3492478897283338 27 9 1 0.79391546724646422 17 569 18 1013 19 955 20 967 25 571 26 1228
4188 26.914009546460989 6.3521139949769321 -5.9963081355712653 91 13 2 0.68578064201905364 17 1197 18 1163 19 1202 24 1307 20 1524 23 1176 21 1359 25 1027 22 1413 26 1044 27 972 28 1215
4189 27.430165670324815 7.1645564485821138 -6.2691768921026982 72 22 1 0.55386122025452533 17 1221 18 1184 19 1212
4190 27.407427391124283 7.2456557126911152 1.4054844201938137 52 54 52 0.67033642707991814 16 885 18 1228 15 764 17 963 19 1266 24 1820 20 2475 23 1768 21 2211 25 1545 26 1655
4191 27.384199787985732 7.9741917855843765 0.45105142045820684 9 9 8 1.0600997000100656 16 1180 17 1254 18 1419 20 2164 23 1784 19 889 25 459 22 2028 27 1486
4193 27.324098700891025 8.2961730464951948 -6.3367746092334842 96 73 26 1.1284284945257603 17 1689 18 1535 16 1563 20 2691 23 2124 21 2192 25 1848 25 2059 22 2594 27 1775 28 1782
4194 23.810906094500602 8.6231872654997126 -1.8876250089330384 28 21 13 1.9445235704546648 17 1703 18 1734 24 2554 23 2568
4195 27.921325895157835 8.4404936393662773 -5.9421550316538259 127 114 75 1.4865795583207153 17 1903 18 1874 16 1769 28 2180
4196 27.275194915616154 -12.986839729483787 -4.4455980466160598 153 126 99 0.4480649367627958 18 711 19 19 21 1086
4198 30.817764869227002 -14.051991602351626 -2.3507736445255953 162 155 128 0.4150362133801333 17 119 19 43 20 54 24 40
4199 23.530925617884609 1.1071368616797428 -7.6925319944043 87 23 25 0.95117113804176434 18 187 19 158 24 1213 20 406 21 361 22 303 26 193
4200 24.423298231143693 1.4132623720184696 -7.4087451796469432 72 29 6 0.92984019367820459 18 202 19 166 20 429
4202 30.877329788755802 0.98112126989142923 0.48203723470130738 87 80 74 0.95450654235376209 15 156 19 175 25 190 17 199 22 346 26 228
4203 32.62894592777937 2.101564952536723 -6.1539066245861971 75 64 46 0.90713296031588198 16 766 17 209 19 178 24 1730 16 1284 20 1441 23 268
4204 28.806560100950147 4.210619973209746 -2.3944004165881037 141 126 107 1.6887830782306927 17 238 19 213 21 459 25 1454 24 1258 27 1729
4205 27.072111366805107 5.1199567470300886 -6.457849700870038 79 38 9 0.63957087689817704 16 800 17 892 19 219 27 298
4206 27.030365355905513 5.30914447011153 -6.2188111820281344 160 115 77 0.74845652281461861 16 240 19 220 25 259 22 420 24 402
4207 26.838194359282021 5.909499852020776 -6.070634342847872 81 40 15 1.114344865189127 17 309 19 255 26 298 28 839
4208 30.413827376723734 7.055881592719107 0.39586064879092414 138 131 124 1.0618902770240388 14 256 19 299 27 408
4209 27.926113115942403 8.1751490921513792 -5.494418109714525 76 61 41 0.71122110542075401 17 481 19 349 21 623 23 1234 25 425 22 580 26 394
4210 23.140705530984711 9.4415813372380537 -2.1554605386488759 32 17 2 0.66770346095122124 15 457 19 451 20 929
4211 23.493127360117775 9.7866427706240664 -4.6314101183339744 81 51 35 0.98323905002426382 16 510 19 453 24 1491 25 552 28 918
4213 20.499911079221924 15.648723630886689 -3.3911003048070971 175 165 163 0.75846174241110764 18 1047 19 519 24 896
4214 20.788773555983596 15.739421478572169 -3.7903594820509054 57 55 54 0.97790188583565096 18 644 19 522 23 751 16 534
4215 20.477700966053913 15.84972344198092 -3.6703098901829652 25 16 17 0.40077920312281973 16 536 19 526 24 1547 20 1805 23 769 25 641 22 884 26 572
4216 20.447148160741101 15.769485755113427 -3.9826231035836854 144 139 136 0.48228963800457858 16 538 17 613 19 527 24 900 20 1024 23 753 21 1564 25 628 27 503 29 397
4217 20.285213379466573 15.740276380155803 -4.418330565444081 58 58 56 0.51450422094558801 17 635 19 530 25 632
4218 20.700918744065429 15.825520954985228 -4.7929472922679901 43 33 31 0.70532778803328322 17 618 19 532 20 1028
4219 20.186347836897298 15.877177763446143 -2.9362980850207108 69 68 64 0.45917823168770749 15 847 19 538 24 923 20 1067 23 789 21 896
4220 20.02068161373742 15.758356755438561 -4.1852955555550997 101 98 97 0.34062328114373314 17 634 19 539 20 1048 23 771 21 878 25 642 22 889 26 579
4221 20.004443157520956 15.855604789331974 -2.9479907368855414 64 60 61 0.31617089645853985 16 553 19 556 17 630
4222 19.75657710320128 15.913837551385189 -2.7266180501440185 134 132 135 0.34635641256655497 16 573 17 646 19 559 20 1090 23 792 25 660 26 615
4223 30.539921289390289 -14.476661810222081 -2.4381357877269245 208 202 186 0.87767640604388431 14 21 19 618 24 1074 20 1177 21 1073
4224 30.438962467191498 -14.165426856826972 -2.3475747627251908 200 190 170 0.74757907372636323 15 69 16 91 19 621
4226 25.812864034851192 -11.081541387100156 -5.9352108401143733 122 97 68 0.6722919482591545 16 711 19 628 27 1613 23 2273
4227 29.616778392489007 -12.262039577932551 -5.4828472541732962 48 39 29 0.76662003781927246 16 716 17 134 19 631 20 1216 23 957 21 1117 25 810 26 5 27 60 16 121
4229 31.524711830923557 -10.613065702842531 -6.1943813217529202 73 56 40 0.88203840178141801 15 637 19 643 25 1371 22 1178 26 1455 27 1264
4230 32.432044791218118 -1.2357596795122245 -5.4334543923827319 156 145 127 0.84966832170023077 15 651 16 753 19 704 17 175 20 1360 23 174 21 276 25 138 22 251 26 920 27 843
4231 24.754940929139778 1.1279575432329423 -7.2477734588041498 117 50 36 1.6443558770520903 18 775 19 738 20 1419 17 849 23 1086 24 250 21 358 21 1274 26 967 27 872 27 891 28 735
4232 23.621684856287104 1.1605578212616123 -6.9916671216014077 119 58 50 1.5351060411872763 18 776 19 739 24 276 20 428 23 1105 26 968 25 949 27 232
4233 26.382930353046671 1.9426075821584823 -7.2062352365731455 90 77 63 0.73767388078806495 16 200 18 793 19 748 20 2040 24 1734 26 983 27 1356
4234 26.430010335914481 1.9608871666419818 -7.2133882579433397 90 77 63 0.87704025918098938 16 201 19 749 24 1733 20 2041 23 1120 21 1292 26 982
4235 30.136655782451093 1.7813810390892113 12.527260934634924 128 98 46 0.66519987407348558 13 202 19 769 12 314
4236 29.080751140499249 5.0355753743603158 -2.1260200329856724 94 61 16 0.54395431710411668 16 233 19 785 24 390 27 1387
4237 27.014777505833841 5.6835992348614246 -6.4931719310092362 59 21 5 0.99595288014295935 16 1121 17 1181 19 789 27 956 20 556
4238 29.705550874208406 6.2292785537997766 -4.3659147959863445 51 34 12 1.0886979985205398 16 814 19 794 15 714 21 1352 28 1213
4239 25.295524558455167 6.1438196514184886 -7.6122309434918689 78 77 87 0.8227895606913731 18 312 19 797 24 474 20 1514 21 1360 26 1046 22 1939 28 1209
4240 30.004552803713331 6.7694722185184197 0.90656530353524101 25 20 17 0.28346542767970234 14 654 19 829 20 2099
4241 25.185304968946511 7.1736148046037664 -7.0216948231087954 104 86 70 0.58127382502011204 18 896 19 838 24 1370 20 625 23 1206 21 551 25 1086 22 547 26 325 27 993 28 856
4242 25.301096319305266 7.2626619159151398 -7.6807541590439374 116 94 71 0.50769718723914503 18 418 19 839 20 629
4243 27.932567756512697 5.8426124991171964 7.9668601810706114 45 41 38 0.59753103129909702 15 272 18 384 19 848 20 1635
4244 28.709276880085802 7.0493774290666504 3.2600573959349393 40 41 36 0.92121832779965573 15 345 19 853 17 406 20 1606 23 1258 21 1451 25 1100 22 1524 26 417
4245 32.102032183615648 8.2196010863789066 -0.2824348943412513 107 100 94 0.60672204348711678 16 886 18 885 19 857
4246 30.592865258202117 9.133730465126261 -4.4950386764929648 12 8 6 0.57959981453088882 15 790 19 865 28 1258
4248 28.722659260086044 7.166613319574032 5.9253981810419134 7 8 4 0.76423408157774264 14 312 19 878 20 1670 26 1180
4250 26.942273930588666 7.1476224026600432 1.2538842170431783 58 59 54 1.0147106506237877 17 472 18 921 19 886 24 1403 20 2147 25 455 22 650 26 423
4251 26.052034883392739 8.5709963439546062 -2.1906033214177367 47 48 43 0.48159102567210849 16 471 19 904 23 614
4253 23.566457267886367 15.68002686397325 -2.4436562080985014 109 82 65 0.59844738651667562 17 1302 19 985 24 1535 20 1000 18 1031 22 1632 27 1111 28 934
4254 20.893255030621791 15.613042703701401 -3.8334248393008608 64 56 54 0.86809480039831133 18 1290 19 987 23 747 21 859 25 623 22 1636
4255 20.880600291990788 15.703974844967783 -4.1341074948323318 103 97 96 0.44230626209784407 17 1034 19 989 23 748 22 855 26 557
4256 20.542754806588555 15.782784804204772 -3.7774255343162104 153 145 147 0.47807636154319388 16 537 17 611 19 998 24 1541 20 1793 23 752 25 627 26 573
4257 20.850988686477201 15.736226249573264 -4.2544242284646758 43 39 36 0.33213209730344179 16 539 19 999 23 749 21 863 25 625 22 858 26 561 27 502
4258 20.724495863840804 15.746066242239865 -4.2273936430593784 102 98 97 0.81598582382722051 18 1050 19 1000 24 883 20 1792 23 1391 21 865 25 1250 22 859 26 575
4260 20.159867668745971 16.008131916319329 -4.6745424008840661 109 104 108 0.39888163744934929 17 1055 19 1010 24 908 20 1052 23 776 25 646 22 893 26 582 27 508
4262 19.478358177368893 15.850718304021793 -3.8115129098393137 35 36 40 0.44647486629454375 17 652 19 1021 20 1075
4263 19.992438378776129 16.512399299422501 -2.407467177516132 61 60 65 0.75411046863480857 16 572 19 1030 17 1060 24 957 20 1108 22 1679 23 1426 27 1164
4264 23.533559743649363 -10.569582000977309 -6.1969851870745032 112 89 72 1.0175426955547502 15 595 19 1084 23 951 22 1788
4265 28.328724962430208 -11.327728021009078 -5.358402257750206 96 80 65 0.57595517923863193 17 1134 19 1093 24 1662 20 1222 23 962 25 1704 22 2200 26 1859 27 1620
4266 28.669457278787402 -10.666285554192962 -5.6366317623943623 108 91 65 0.51012537883322384 16 723 17 821 19 1097 20 1935 23 969 22 1801 27 1623 22 2203
4267 29.290552535835275 -10.35130441480278 -6.9381939314941654 39 26 7 1.4066142788813569 17 1143 19 1100 20 2304 16 1081 23 971 21 2062 25 1710 22 2206 26 1867 27 1629
4270 27.845084986193239 4.9171637507631152 -6.0723099316244804 56 44 40 1.0601066614664711 16 237 17 242 19 1178 22 1922 23 1674 26 1572
4271 28.99185141604735 5.6543939694510286 -2.0037887107846442 122 86 54 0.63737867859307606 15 695 19 1199 24 1759
4273 27.448249926841125 6.711385541581893 -5.7782471424219235 148 70 71 0.73953158933114338 17 1198 19 1209 20 2078
4274 26.939920178089569 7.0212772210792345 -6.1422322845077595 81 32 5 0.57150120115113479 17 1431 19 1211 24 1783 16 1322 20 2091 23 1722 21 1834 17 1220 25 1490 22 1431 26 1060 27 990 18 1183 28 1230
4276 28.534969980953569 6.584270002132409 1.0839015553891913 66 65 60 0.67082021277557902 15 964 16 1149 17 1191 18 1175 19 1227 20 2118 23 1739
4279 28.333175325143721 7.5929525182577295 -5.5959392775542138 40 23 7 1.031594968544632 17 951 18 891 19 1236 24 2085 20 2090 23 1721 21 1844 22 1456 26 1622 27 1774 28 1544
4280 28.108786625053035 6.1391218224044213 6.3738710033834503 158 191 232 0.7597420233917227 13 1134 19 1247 23 1249 25 1096 26 1673
4281 27.855793186305377 6.3231127446219055 5.330494656114789 50 55 49 0.72945184895157089 16 846 17 939 18 1201 19 1248
4282 27.002842771290229 7.7039885312681378 0.51780606488539926 74 83 91 0.57024215559933089 15 788 17 969 19 1269 16 445 24 1445 21 1458 22 1531 26 1164
4283 27.002842771290229 7.7039885312681378 0.51780606488539926 74 83 91 0.57024215559933089 15 787 16 444 17 970 19 1270 24 1444 21 1459 22 1532 26 1163
4285 28.848310127539158 9.1602410349198227 -4.8932599382737099 83 72 58 0.88645594706877895 15 806 19 1275 16 932 17 990 20 1614 21 660 26 1135 28 1259
4286 26.115960113932903 8.6898977880769639 -2.3968773851164848 62 62 57 1.2873888672729699 15 810 19 1285 24 1851 23 1803 21 1911
4287 25.857437107812892 9.0331647298399744 -3.309703051659926 63 63 55 0.72799400812298998 16 943 17 1007 19 1297 24 728 20 1681 23 1314 25 1158 26 1191 27 1074 28 1274
4288 24.142482831655343 9.6829968831596247 -5.228823773774514 90 73 53 0.80666895271736827 17 1279 19 1315 16 1202 24 1493 23 651 26 486
4289 20.452957349992271 15.666610115850284 -4.4804233123572246 29 26 21 0.66251753094847599 18 1296 19 1347 24 1543 23 755 21 867 25 1254 22 861 26 1261
4290 20.265443716925326 15.769228735380894 -4.045989601828107 153 149 146 0.79323165906812632 16 996 17 1051 19 1348 24 1550 23 1880 22 888 26 577 20 1045
4291 20.287143620303663 15.801265331076795 -3.5372080936266497 141 136 132 0.53618253619512779 16 994 19 1353 20 1044 16 554 23 1399 21 1561 25 1264 22 885 26 1268 27 523
4292 20.266187445403528 15.762044599123264 -3.7284931378126465 144 135 136 0.34668084487386197 16 556 17 1050 19 1354 24 1549 20 1806 23 1402 21 1562 25 1265 22 887 26 574 27 522
4293 19.936892118855287 15.836986676589289 -3.8323798805133991 51 52 54 0.36365330028970133 16 1231 19 1356 23 1406 26 1269
4294 22.0729052739084 -9.9960360503311616 -6.3905177379117921 118 100 78 1.0392871180851933 16 1049 17 1117 19 1383 20 2283 22 2189
4295 23.519139468339418 -10.45119971272211 -6.3653767292705439 44 26 16 0.57321204209208609 16 1055 17 1353 19 1385 24 1976 20 2280 23 1945 21 2045 25 1692 22 2188 27 1614
4297 26.086732576009407 0.84518492869587791 -7.1816990610494864 29 18 6 1.1389694390195977 16 1442 19 1438 17 1541
4298 24.968109136402123 1.4351374665526899 -7.1103583867289322 75 68 41 1.6210031517010424 17 1379 19 1443 20 2375 21 2361 22 2729 27 1693 28 1906
4299 24.098278054405906 1.7722548843936734 -7.4815435303822522 98 70 36 0.92269543422697353 18 1344 19 1445 24 2038 20 2042 23 2039 21 1783 25 1781 26 1557 27 1343
4301 27.223910484200211 4.8520741484571142 -6.4659730210647695 95 60 38 0.79574333503082706 16 1290 19 1455 17 1170 20 2065 21 1326 24 372 25 1457 26 1573 27 1372
4303 25.13462007031087 6.2863326447692884 -7.6125704795003308 34 25 21 0.66519823451678117 18 1512 19 1474 24 2309 20 2420 23 2089 21 2163 25 2036 26 1999 27 1744 28 1527
4304 30.105330472534582 7.8506693650913695 -2.5948115728456411 86 83 78 1.4787148775945429 16 1340 19 1490 20 2445 21 1863 23 483 25 359 22 1479 27 1451
4305 28.090882896859565 7.7634057366301983 -5.8223394938789568 115 89 74 0.52638059177900109 16 1344 17 1432 19 1492 27 2029 25 2049
4306 27.045520466023028 8.2323513528351331 -5.2385259290654345 105 90 70 1.3501394724561397 17 1461 18 1234 19 1505 24 1414 23 1770 21 1415 15 1008 25 1109 22 1986 26 1099 27 1790 28 1260 28 1555
4307 28.13560364771504 6.8134474479144185 5.9545534131610367 50 52 39 0.70904825075965916 17 1211 19 1508 24 2120 23 2147 25 1856 22 2388 26 2057
4308 26.993005499509465 7.2906148732141061 1.0010666464709441 16 19 10 0.81700614456880083 14 906 15 992 19 1511 24 1822 25 1859 22 2379 26 2047 27 1805
4309 24.613932661571127 8.3212409280421831 -1.9057670665101489 7 4 0 1.8590416744327214 15 1287 18 1428 21 2224 24 2136 28 1578
4310 24.010226962534304 8.2599759092287179 2.4522131927907482 25 24 26 1.0202421883425048 15 1285 16 1361 17 1600 19 1534 24 2482 20 2510 21 2591 22 2781 26 2503
4311 20.635340926730031 15.639600637281204 -4.5789030503706787 88 83 77 0.78244801580364975 18 1468 19 1579 24 2192 20 2545 23 1868 21 1971 25 1615 22 2094 26 1734 27 1524 29 1137
4312 20.168554675233796 15.853039386003042 -3.5267277914465001 34 33 32 0.90180634025727147 16 1228 19 1585 17 1310 24 1914 23 1879 21 897 20 1047 26 1741 27 1536 28 502
4314 24.020223658963552 -10.189901861648845 -6.3828941870788709 79 57 34 1.321677992166107 16 1261 19 1605 17 1636 24 1981 23 2472 21 2308 25 1697 22 2693 27 1618
4315 27.627993000779732 -10.885401012438212 -5.6203152437262487 77 58 41 0.88334501600212678 16 1429 19 1608 23 2277 25 2154 22 2695 26 2201 27 1924
4316 29.880509338081886 -10.602205601510128 -5.2292349689252235 103 86 68 1.8185848048163034 16 1080 17 1371 19 1611 24 1991 21 2060 25 2156 15 1316 23 2477 22 2508 27 1627
4317 32.045342070820979 -0.47705903155701224 -8.0469076937502457 66 57 42 1.376667891909954 17 1374 18 1489 19 1625 22 2533
4318 23.580331211554654 1.7965483919959289 -7.5339563424107281 113 83 55 1.2195383982470227 18 1494 19 1645 24 2039 23 2043 21 1786 26 2260 27 1702 28 1727
4319 31.579818081792602 1.5202151770873862 0.92094698363856076 198 191 181 1.0735869741768664 17 1546 19 1648 25 2184 23 2518 24 2430 22 2735 26 2459
4320 29.351339335773329 6.8224887393241698 -6.095768620586254 44 34 29 1.4141739500305357 17 1568 18 1628 19 1659 20 2843 27 2270 28 1926
4321 31.033042901321718 8.578993154533638 -4.5064269490937692 43 34 25 0.98323375632200538 16 1479 19 1679 15 1350
4322 23.192903464053305 8.4912266093876401 -6.3037755722344109 96 69 52 0.66477585672662176 18 1560 19 1712 20 2700 23 2151 21 2215 22 2383 28 1566
4323 20.21027352149547 15.731742170297577 -4.6149430118803973 113 113 111 0.44884892693931183 17 1615 19 1742 24 2194 20 2547 23 2215 21 2262 20 2548 22 2436 26 2113 27 1856 28 1599 29 1358
4324 20.173767728118225 15.893537701658255 -4.0543017436234488 30 29 27 0.60894383319990408 16 1506 17 1613 19 1743 24 2387 20 2766 23 2434 21 2472 25 2120 22 2655 27 2084
4326 23.356210645209405 1.4395106439800582 -7.4660920551079322 98 38 32 1.038633820584606 18 1608 19 1780 24 2423 20 2826 23 2335 21 2364 22 2557 26 2254 27 1982 28 1907
4327 29.345850804979484 0.54325445678007978 1.2387715333788836 177 171 157 0.85496177778434601 16 1600 17 1652 18 1699 19 1783
4328 31.011212989154167 1.6431688365596349 -0.32800306425197967 186 179 169 0.66021029995341274 15 1231 19 1786 24 2292 20 2832
4330 30.63417077741423 6.3832604533183881 -6.1688109991227895 99 83 57 0.62553825120245332 17 1670 18 1708 19 1795 20 2840 24 2537 23 2527 21 2552 22 2747 26 2469 27 2267 28 2006
4331 25.780457396660964 5.9316592661060632 -7.2424193459875674 58 87 128 0.60788551086880804 18 1629 19 1797 24 2437 20 2841 22 2748 26 2466 28 1919
4332 25.63553452929396 6.2899302503527448 -7.3900820524296806 37 34 40 0.53378274061785191 18 1630 19 1798 21 2386 26 2273 28 1927
4333 25.508461477645263 6.0196718366366895 -7.6359972835336984 60 75 112 0.80620863496022599 18 1631 19 1799 24 2439 20 2842 23 2529 21 2554 25 2191 22 2749 26 2468 27 2169 28 1920
4334 25.501099967221176 6.019732048489824 -7.6353811335744348 60 75 112 0.81292842829161471 18 1632 19 1800 24 2438 23 2528 21 2555 25 2190 22 2750 26 2467 27 2170 28 1921
4335 32.560042948710034 8.4703484618786167 -3.4896340373856809 83 80 75 0.92409224153948011 17 1575 18 1649 19 1811 24 2320 15 1267 16 1341 20 2679 23 2366 21 2408 25 2048 22 2356 26 2294 27 2183
4337 26.283195578146998 7.6948461123894019 0.99817786645092765 2 1 6 0.62102038930064296 17 1693 18 1670 19 1830
4338 24.724378982251885 6.3985212531674964 7.7092601817706052 7 9 6 0.29899374952411095 16 1487 17 1581 18 1668 19 1836
4339 26.319883624762038 7.7684098854110903 3.9724784224614025 2 6 9 0.65080196082197861 16 1492 17 1596 19 1837 24 2346 21 2588
4340 22.243403311926304 8.6040170236347251 -6.0229688944858086 103 87 71 0.85571885543447823 18 1679 19 1839 24 2481 20 2877 23 2562 21 2578 25 2237 22 2616 26 2322 27 2048 28 1946
4341 23.666659949525489 8.6475372077916539 3.1252215753042538 39 39 39 0.43863995260138761 14 1141 19 1845 24 2486 23 2573 22 2782 26 2505
4343 23.739519510712277 1.020175465395003 -7.2523708830479157 144 135 126 0.81978981699838394 18 1697 19 1878 24 2522 23 2503 21 2538 25 2301 22 2724 26 2450 27 2251 28 1994
4345 20.308861795817613 15.825839521842017 -3.2822942864140225 111 105 101 0.32542549734622833 17 1710 19 1931 24 2490 20 2901 21 2597 22 2785 26 2510
4346 27.630056683099369 6.5828330246508937 10.141065241544213 47 46 37 0.65246712473447521 13 1617 19 1962 23 2661 24 2549
4347 23.770324980850575 8.1332248092877997 3.0401614733997104 3 3 0 0.86496794366168162 15 1409 17 1756 19 1973 24 2609 20 2987 23 2725 25 2388 22 2940 26 2677
4349 31.208311280024208 -12.971444920966697 -5.1501181470448705 153 143 133 1.3079292654973551 17 1833 19 1991 23 2786
4350 33.446296165722792 -2.126957909919954 -5.5174989640596372 156 147 132 2.202361946007136 15 1428 17 1835 19 1996 20 3110 24 2675 21 2755 21 2809 25 2451 26 2754 27 2305 27 2413
4351 48.811190430934396 3.9201433540525952 -0.61932889935251767 186 179 169 1.4623277220735085 15 1473 16 1717 19 2007 18 1799
4352 29.890686056804668 7.2300779327533808 0.15186228293448048 133 125 112 0.55774113109956269 17 1852 18 1812 19 2019
4353 20.177506625139486 16.011877905439103 -2.7021075777693491 141 131 130 1.0792886430494457 16 1699 17 1820 19 2039 24 2618 20 3103 23 2732 21 2795 22 2992 26 2740 27 2402 28 2134
4354 32.765623478928454 -10.436781313623177 -6.3722522194181055 132 123 107 1.0623284056314966 16 1712 17 1877 19 2042 21 2802 25 2446 22 3003 26 2749
4355 28.407907587882157 -12.743202475625765 -3.5739057103164495 91 79 57 1.401157113366523 16 1709 17 1873 19 2071 20 3136 23 2827 21 2829 25 2443 22 2997
4356 26.131598864471385 -10.847230677186547 -6.0647740484683901 118 97 68 1.0126866897839695 16 1736 19 2073 24 2709 23 2829 25 2482
4357 30.029831900843956 4.9153665517878018 -2.0722617172546198 117 90 47 1.0290160533821393 15 1518 16 1766 17 1900 19 2080 24 2717 20 3149 23 2834 25 2488 26 2790 27 2448
4359 47.804435234906258 -0.90607119614173326 -0.73398037808318728 192 185 175 1.5248422794733514 14 1373 15 1538 16 1781 17 1919 19 2110 20 3188 18 1891
4360 22.970267430217177 9.7107739740141401 -2.2552157257994851 66 40 26 1.4485908293998531 16 1757 18 1859 15 1512 24 2701 27 2397
4361 30.748049531571368 0.81575981026517053 0.4164946543423193 194 187 179 1.5690890650580795 17 198 19 174 16 1098 18 777 19 1164 20 2381 24 2286 25 1778 22 2296 26 1968
4362 28.005959977122711 6.2902217154336881 2.2945831252785829 25 21 12 1.9158775226938911 13 844 14 250 15 286 16 331 18 849 19 1226 16 1147 17 1189 18 1515 23 2362 21 2406 20 2683 25 2204 20 2863 21 2567 22 1974 23 1223 26 2025 24 1357 26 379
4363 30.282497272729682 6.7941053087333563 10.697626405797788 147 141 127 1.4441827665301656 12 2102 16 1551 19 1958 14 1236 16 1616 24 2602 25 2330
4365 27.254864329862851 5.0113692444545901 6.1424019036017912 56 51 45 0.71896724455612926 17 295 19 262 15 709
4366 28.981473371590468 7.2631076447589162 9.9063606488614244 65 68 41 0.93331421878620247 15 386 17 448 18 453 19 391 25 512
4367 22.250794812335887 11.742858053528506 2.2467786535030756 90 72 58 0.49055252842485153 18 589 19 491 21 841
4369 26.868009470266699 6.4136901218748763 7.9204436982097128 9 9 9 0.3413996056220111 17 452 18 913 19 873 23 1307 20 1667
4375 28.064034965801163 6.1999022393392647 9.0002865766256903 129 123 109 0.87157747895972082 17 1850 18 1810 19 2023 24 2654
4377 27.896921584045614 6.5236960543232021 1.2573448221009109 9 11 6 1.0285505640542703 18 853 19 828 16 334 17 410 21 1408
4383 27.616117889000005 -12.964900002336261 -3.559461298842741 168 142 111 0.29086964327113335 16 93 17 104 24 13
4384 23.360099339919014 -10.763094149125177 -6.3463842372847248 97 87 84 0.8991394129674698 18 67 24 27 23 950 21 1102 17 79 22 1141
4385 30.470146326150044 -14.204380439091578 -2.1013167278672058 137 130 114 0.53124229120136601 14 37 24 38 20 49 25 797
4386 31.022906015468269 -14.437060233889918 -2.9200380356844948 219 209 192 1.3817349306367901 18 94 24 46 17 96 21 2
4387 28.810185283263554 -12.86154482610938 -3.3933702025606061 101 85 60 1.3194136948168329 17 124 24 50 22 1145
4388 25.76126641897481 -11.198474001108785 -5.880192520356391 51 25 3 0.41005653367208089 16 102 18 98 24 55 20 72 21 1110
4390 31.309423653480156 -10.863884763258451 -4.9837455347913924 158 147 127 0.83635673052209658 15 114 16 1085 24 96 20 1238
4392 23.996189882955317 -5.4656314240955455 -10.057016848344952 97 93 82 0.61628498550325517 19 97 24 153 26 74 27 128
4393 22.73298455781255 -4.4529001856095265 -9.7413593237081084 176 170 158 0.58759752238813379 19 109 24 165 21 203 22 169
4394 25.312939321205533 -3.5220948447621678 -9.313461599337586 142 124 103 1.1433646281826897 19 130 24 189 23 146 21 241 25 124 26 909 27 177
4395 23.54351165028444 -0.93161830952725799 -8.9019775340215475 134 114 42 0.92675195205102667 19 137 24 203 20 327 23 1040 21 264 25 131
4396 23.129366491316574 1.7456573574643057 -7.4706240601691363 41 23 0 0.7205515324701427 19 183 24 280 20 432 21 392 25 196 23 1109 22 327 28 210
4397 30.871720677383642 0.5975988481794019 1.4086790136064615 163 157 141 0.99835414974338887 18 190 24 295 22 343
4398 30.705718636154117 0.97599236755515262 0.497736734745649 49 43 30 0.74882994079443221 15 155 16 188 17 200 24 297 20 477 21 413 22 345
4399 30.782022996596972 0.99089266039399138 0.48623385888614995 49 43 30 0.81919911421636549 16 189 24 298 20 476 21 414 25 191
4400 30.767034307038394 1.0849717844668803 0.40083068579493347 193 187 176 0.45140057057797051 16 192 24 299 26 994
4401 32.309347734147899 1.7107417237420162 -6.1835867402996154 103 85 63 1.2116595495532116 18 1116 24 303 23 1651 25 967 22 1892
4402 23.666859150677727 1.8470933219256642 -7.6361641094450619 137 106 78 1.1284749909188041 18 207 24 309 25 972 20 1444 22 1356 21 1785 28 759
4403 22.134939376705223 1.784283583117072 -7.7246230904166202 94 21 14 0.70113736234501678 19 186 24 315 23 256 21 401 25 200 22 332
4404 31.078217374193468 1.4591791589153784 0.19063227385232936 190 184 170 1.2050520588278972 14 140 15 164 24 331 20 1458 23 290 21 417 20 479 22 368
4405 29.854326197495254 1.8874846849806335 11.990773358560483 190 172 145 0.71284076773994576 18 236 19 209 24 364
4406 30.990664035303233 1.8476558882003331 11.5137396224964 188 169 154 0.30487427301407166 17 224 24 367 25 219
4407 25.899583234890436 5.1169184884609127 -9.8286861212318364 132 118 106 0.90763631528077993 19 215 24 375 20 509 23 312 26 250 28 265
4408 25.601839273985604 5.1152294034748333 -9.8374801064236319 22 4 2 0.23816410543627156 19 780 24 377 25 238
4409 29.593363381719456 4.7147724916302005 -1.7677941580883991 124 101 66 1.5375652993130193 15 680 16 228 17 878 24 387 16 230 20 1493 23 326 21 1337 25 228 22 1396 26 262
4410 24.832846165696697 5.638426082300966 -9.7383085276727783 25 15 7 0.78254960148163133 19 792 24 408 23 342 26 261
4411 28.333929860206979 5.3824446571010158 -2.7174222721406562 98 61 14 1.1918817217081201 17 267 24 418 20 543 21 513
4412 28.550864544157928 5.6071165294386152 -4.1073296783425652 96 73 49 1.0235546144378906 19 787 24 423 21 483 22 449
4413 31.442234972683885 6.2352150250354619 -5.8314428297097072 127 98 46 0.27418304844824704 18 273 24 431 20 1506 22 1936 28 295
4416 28.337725418764965 4.6587446119462914 5.771239022376947 118 115 101 0.19128384993292474 13 313 24 461 23 1161 21 1387 25 293
4417 31.092504355936235 7.0358266761177584 -5.8491632741921871 132 115 37 0.79640625029746848 17 926 24 469 26 294 21 521
4418 31.123622358797149 7.2851853320968178 -6.0634296420159215 109 76 25 0.46386768072530421 15 312 24 471 23 1172 22 1427
4419 26.928016956734979 6.5267629720473206 -5.9057331522736529 158 107 74 1.0511004756896809 17 361 24 473 16 835 20 581 23 386 19 254 25 1046 22 492 26 1056 27 1411
4421 30.095562049184892 6.6314264646244796 1.2182012675056819 149 141 128 0.67174382939744504 18 331 24 493 20 658
4422 29.413867779448942 6.8025223702929605 3.3479499207160166 74 71 68 0.79744700591808682 19 325 24 536 20 753 25 391 22 599 26 1119
4423 26.809372512602327 7.7444754942414171 -6.0735739636138488 136 105 41 0.59485227451930489 16 426 24 559 25 371
4424 28.105493464920052 6.0509385502689188 7.1638752295489825 123 166 235 0.63491273579022489 19 323 24 578 23 502 25 385
4425 27.600091281401848 6.5395985023467933 5.5924560437843551 5 6 2 0.65377915246182938 16 373 24 584 15 753 20 2162 21 1445 22 2041
4426 27.907276824865132 7.1361184743574082 3.0580402500904214 71 70 66 0.59569949996064187 18 472 24 593 20 1645 14 321 21 685 22 643
4427 28.269148027683265 7.3492207913704224 2.6207117606000652 18 19 14 0.77507381269339737 18 473 19 366 24 596 20 813 21 1453 23 518 25 448 22 647 26 452
4428 26.41852776436934 7.2741808645683967 0.98530553359511452 47 47 47 1.0244672347445316 17 966 24 598 21 694 25 456 22 1530 26 460 27 440
4430 29.553741236386966 6.9481968075274381 9.702536842506154 53 50 40 0.80270322593716692 18 452 24 632 23 595
4431 26.996193013674258 6.6891236104292702 7.8020139243610886 5 4 4 0.68894530952151034 18 458 19 900 24 641 20 1692
4432 27.722855401571753 6.8420903254659775 5.3159297022223857 66 67 61 1.1168169821747784 16 376 24 644 15 755 26 1152 25 438
4434 26.050852873147786 7.5440582009759529 1.8950603251234692 59 59 59 0.68889743545668303 17 517 24 668 20 868 21 723 25 495 22 686
4435 27.869762162720228 8.7902737087444613 -2.4038466690314366 34 30 29 1.9216971727412446 19 402 24 671 22 654
4436 28.697529781085596 9.2680569653556866 -4.8309434214962783 13 3 1 1.041207988926161 18 957 24 677 27 1473 26 427
4437 20.934666833990274 7.463515017355344 -6.8053626722447031 49 43 29 0.78215812428519527 19 909 24 691 23 1275 21 632 25 1142 22 625 26 1105 27 418
4438 26.420722095326962 6.9498722788873151 10.6220733497538 117 116 112 0.44155508590595066 13 442 24 749 23 672 25 1190 19 919
4439 23.977988911647738 7.8259815517949338 2.5424494981831542 13 7 2 0.62782795828982085 14 400 24 760 20 927 23 647
4440 23.872223576053514 9.6481169203426038 -5.2965970588143101 134 119 98 0.77363151872050739 19 439 24 785 21 732 28 409
4441 24.126530401978684 9.8274603065657562 -5.2069250699477632 138 117 98 0.82549692757147253 16 962 24 786 25 549 26 500
4442 23.826259702359252 9.8521226305994229 -5.3328501193020941 135 112 87 0.79071702561114232 17 572 18 570 24 790 16 512 23 657 21 757
4443 20.172102136213585 8.7597183316973108 -6.8168701311218589 76 70 55 0.91666860750464263 19 1321 24 791 20 2181 25 1583 28 1271 29 816
4444 22.600464956992493 11.89036108240701 3.000745787881836 72 39 17 0.33124406501141562 17 581 24 843 20 998
4445 22.648490443873804 11.797675672801553 2.8114911468202264 43 16 0 0.29924011309180298 16 520 24 844 21 1542
4446 22.648490443873804 11.797675672801553 2.8114911468202264 43 16 0 0.29924011309180298 16 521 24 845 21 1541
4447 20.561163021888468 15.622431586333706 -4.787946371980814 86 81 82 0.46776171613106732 17 617 19 994 24 887 22 862
4448 20.528759946689767 15.793845968099195 -3.534382509750734 166 157 160 0.30622633175394515 16 533 17 608 24 897 20 1041
4449 20.092967408211162 15.822359950307444 -4.5754986514698572 59 53 55 0.47047358048236082 17 1054 24 907 22 890 21 882 27 1125
4450 19.996681714064909 15.877098873137546 -2.4278397077263922 160 154 156 0.37003736525760328 19 554 24 921 20 1066 21 922 22 941 23 787
4451 19.805053143507276 15.883775650327538 -2.8053786885048959 54 52 55 0.48718510261645592 15 508 19 557 24 927 20 1070 23 791 26 612 27 545
4452 20.105537814609622 16.371753604608518 -4.8917085792520032 86 85 84 0.34464280980273954 19 1012 24 939 20 1056 23 778 21 888 25 651 22 897 27 531 28 486
4453 19.72054091395794 16.320660815538947 -4.6228219304655598 154 149 146 0.42752406809504379 19 1023 24 942 23 798 21 1583 22 912 26 1272 27 1136 28 1308 29 1149
4454 19.47220739741746 16.530347356110795 -3.4537635627693906 103 100 97 0.91481963153542389 17 669 24 963 25 682 26 645 28 523 29 878
4455 19.061549383112933 16.685621705950613 -3.4015059509246135 112 110 113 0.49196468146158434 17 693 24 986 20 1122 23 837 21 972 25 702 22 982 27 594 28 541
4456 19.059734038572223 16.675960125781849 -3.3911290404084666 112 110 113 0.47914031458389683 17 692 24 987 25 703
4457 19.03390003033212 16.822238234271431 -3.7881944071417508 37 33 38 0.4339227545048458 16 1033 17 727 24 990
4459 18.790185108034599 16.760834753665925 -3.2694131438843113 122 124 122 0.48021750845102418 17 723 24 1006 16 636 20 1867 23 862 21 975 25 1308 22 999 26 666
4460 27.275043421947583 -12.881602315067564 -3.9407564943957798 112 89 55 0.47514509772566166 14 497 16 694 24 1077
4461 30.718553429361762 -14.4414362103928 -1.9327979097315848 225 216 201 0.86108731425875196 19 619 24 1089 23 927
4462 23.956865283602948 -5.2831678752424169 -10.10112448503982 121 117 107 0.34075245876354848 19 665 24 1143 21 1191 23 104 25 876 27 133
4463 23.314839655039201 -5.3181901939204819 -10.049059354945173 173 167 155 0.38607236810325612 19 656 24 1145 20 1287 21 1190 25 863 22 140 26 881 27 131
4464 22.938101171055759 -5.1481314019871087 -9.9684941232157005 132 126 114 0.48599594839589039 19 667 24 1147 20 1290 23 1010 25 81 22 1224 27 797
4465 22.647858121761896 -3.8658760822544171 -9.5815280018656068 137 134 116 0.46587768568811749 19 683 24 1162 26 1494 27 816
4466 25.056747523644873 -3.0663754315425811 -9.002794009182157 105 83 69 0.32135915239034429 19 695 24 1171 26 122
4467 25.021025796849795 -3.0544989161263523 -8.9745017831236247 105 83 69 0.58274681513416215 19 694 24 1172 26 123 20 304
4468 23.847651226229569 -1.2088534506613657 -8.8910449053109097 43 20 6 0.81456816051397041 19 134 24 1176 20 324 23 1039 21 262 25 127 22 1269 26 131
4469 23.385973552696029 -0.95368223632773041 -8.9598627310260355 20 11 0 0.79570943948050299 19 698 24 1177 20 1342 23 161 21 265 25 903 22 1271 26 134 28 100
4471 23.313418846347258 -0.49688759437056712 -8.926398682177533 166 153 104 0.84355180554550269 19 1129 24 1185 20 1353 23 1049 21 1236 25 905 22 1280 26 921 27 835 28 705
4472 23.026869307960055 0.26087933984975981 -8.7995693598075686 72 3 6 0.99221780762536149 19 1136 24 1194 20 1998 23 1614 21 1241 25 1421 22 1300 26 941 27 198 20 364 28 1136
4473 23.597750859484051 1.1725736057304554 -7.3676701958181301 122 37 44 0.61493072151299566 18 186 24 1228 23 223
4475 23.629072653300828 1.4691453984043661 -7.362025923836498 147 111 87 1.0953296647081099 18 780 24 1231 20 1426 23 1107 21 359 25 950 22 1352 26 1543 28 756
4476 23.088299685167794 1.302380499910081 -7.3551987243741648 88 6 13 0.96196437109446309 19 169 24 1232 20 1422 21 362 25 1426 22 1327 27 1344
4477 22.863347963513622 2.0937148983594867 -7.8414348951375876 40 13 0 0.73814972866619977 19 752 24 1244 20 1446 23 275 21 402 25 1442 22 1369 26 990 27 259 28 772
4478 24.31540059394657 4.9051672973261651 -9.5997548758552824 19 4 0 1.2232700404675383 19 1183 24 1259 20 1480 21 448 22 1384 26 1012 28 808 29 734
4479 27.513530392836245 5.8468073328188064 -9.2752645364101554 124 114 105 0.49353070817180067 19 778 24 1265 20 2067 23 1685 21 1807 25 1471 22 1928 26 1017 27 943 28 1514
4480 26.241292048141272 5.3156223619366063 -9.0781458971524227 127 118 103 1.8427992640841515 19 223 24 1266 20 524 23 1130 22 400 26 1018 27 284
4481 27.331540796086166 4.4593590603806987 5.2961492686354612 190 184 168 0.61607352247942193 16 267 24 1294 17 261
4482 27.811684761270428 4.676435169436874 5.4396789053031318 126 120 104 0.81626402390856634 15 694 24 1295 21 1842 22 1959 26 1614
4483 30.784320824303251 5.8791058425624465 -0.81857891719623788 108 91 64 1.2049567958256369 17 297 24 1297 15 210 22 1419 27 981
4484 26.958131227639182 6.5000237370133949 -5.7845707867163512 83 11 0 0.71862112194475314 16 306 24 1308 20 580 25 1040 19 816 22 491 26 1055 27 338 28 331
4485 24.787042187134308 6.366970857779692 -7.3318106247174528 105 89 79 1.1046750065742479 18 1186 24 1313 26 1047
4487 30.13760794223467 7.7077205492717287 -5.1847430743141851 76 63 47 0.87695121201508353 19 276 24 1326 22 1453 28 865
4488 25.3029895196585 6.8577546726226712 -7.4725400918522142 101 83 60 0.59002738677486644 18 356 19 820 24 1330 20 623 23 392 21 555 25 322 22 498 26 327 27 342 28 842
4489 24.622877074952353 6.995992386983751 -7.2427614398351672 158 135 117 0.70558811435458668 18 1215 24 1332 20 1547 21 1376 25 1507 22 1433 26 1062
4490 23.792566982411564 6.7007886973974786 -7.8083058669763208 72 48 24 1.0349779434204573 19 823 24 1334 25 1051 22 501 27 344
4491 23.704848530410764 6.927304429719122 -7.8542315322826637 147 132 105 0.81467966527032287 19 841 24 1336 20 1550 21 561 22 502 27 365
4492 23.491099285458112 6.819334444026687 -7.9349118921112654 155 139 114 0.8783671127453514 19 842 24 1337 20 1549 21 564 25 333 22 506 26 1065 27 975
4493 27.804969475313431 5.8084747015370759 5.755033659948003 135 127 118 1.1531627640892794 17 322 24 1350 18 843 20 2138 24 1791 21 641 26 1651
4494 28.58253687367235 6.1329685979059638 5.7972286340043171 22 18 9 1.0652137547569285 19 849 24 1352 20 1603 22 2020
4495 30.966673079773802 6.833633924756259 2.8055829140439861 68 67 63 1.1223324741389336 19 291 24 1356 23 1222 22 1499
4496 32.629603361632718 8.6167456615092792 -3.9142887987370352 87 79 68 0.89452647975370803 18 1209 19 834 24 1364 20 1571 21 616 25 360 15 770 22 1982
4497 30.276558101686547 8.4525011473597349 -5.0338358761179007 31 9 0 1.310315919268777 19 836 24 1365 20 1573 26 1094 17 1241
4498 27.217514196318945 7.4857742863849825 -5.8658440521596855 148 122 95 0.52289732329537431 16 1167 17 1222 24 1368 20 1575 23 1203 21 1845 26 1080
4499 27.452568977107948 5.5988786710412528 7.8579973515797912 15 11 5 0.43340596925469038 14 207 24 1385 23 1248 25 1093
4503 21.1471325706807 8.5430589172203426 -6.151892732147159 102 92 85 0.77725737527690131 19 442 24 1480 20 2178 23 1804 21 734 22 1560
4504 19.595036988465207 8.5193411518759934 -6.9546558305817676 117 116 111 0.80534344793341528 19 950 24 1495 20 882 23 667 22 703 27 1063 28 903
4507 22.864694868420322 9.9395375995959991 2.0080857183923051 148 94 60 1.3311560069725614 19 963 24 1510 21 1535 25 1227 22 811 26 1232
4508 21.18003775633041 8.1870586752184256 10.030503426114667 56 17 0 0.91794775392673245 16 502 24 1516 25 1229
4509 23.60551735776421 15.714930784053504 -2.4548976355053118 117 86 66 0.38958692539371675 17 1301 18 1030 24 1536 20 1001 23 1376 21 1546 25 612 15 482 26 1731
4510 20.477883241856492 15.847097471783307 -3.3445736183385013 168 159 163 0.34818723600891616 16 985 24 1546 20 1802 23 768 21 1560 22 1648 26 588 28 945
4511 20.426546857012369 15.763953078801288 -3.8406950512087694 68 60 58 0.52750121816622553 16 987 17 1036 24 1548 20 1807 23 1400 21 1558 25 1251 22 883 26 1259
4512 20.217269216118375 16.289773186866018 -4.733310510062819 96 94 95 0.84336248166152217 19 1011 24 1552 23 1407 21 884 25 649 20 1055 22 1650 26 594 27 1134 28 483
4513 20.019303451338498 15.829774117449132 -3.2283656127182812 20 27 28 0.29027383510378224 16 1230 17 1311 24 1558 20 2233 23 1878 25 1620 22 2105
4514 19.642440289731791 15.971660482065561 -3.6457661936964443 37 40 42 0.59647172837447793 17 1063 24 1559 20 2234 23 1887 21 1581 22 2106 27 1538
4515 19.889420511311066 16.904689255649863 -3.1378843297747303 10 20 21 0.62986387665969734 16 591 24 1572 23 833 21 942 25 1284 22 978 27 589 28 992
4516 19.702727993416346 17.153857232923293 -3.1733027967149257 140 139 134 0.74900345489748466 16 1027 17 1088 24 1573 20 1848 23 1436 21 1621 25 1294 22 1685 26 1316 28 1337 29 1175
4517 19.709961262947015 17.15758925999959 -3.1755098766377494 140 139 134 0.87110405687171677 17 1089 24 1574 16 1028 23 1437 22 1684 26 1317 27 1166 28 1338 29 1174
4518 19.39534868026616 16.524247526160021 -3.3588468263350455 153 153 153 1.1229938497415211 16 595 24 1575 23 1428 21 944 20 1117 25 683 22 980 26 1299 27 1544 28 1322 29 1162
4519 19.456864633749504 16.689803262884944 -3.3389233182663594 1 1 1 0.45880570664486059 16 1015 24 1576 23 1902 25 1632
4520 19.396060073760381 16.627034816183357 -3.6028035826375899 69 68 66 0.89770190357259538 16 1016 24 1577 20 1120 23 1429 25 684 22 981 26 646 27 572 29 443
4521 19.267079237325717 16.642029280566412 -3.562967639796319 157 156 154 0.52055392444097248 16 1032 17 1333 24 1578 20 2244 23 1438 21 1607 25 1285 22 1686 27 1545 28 994
4522 20.254176866848457 17.518838064928833 -1.0866169403884698 165 151 144 0.61616746387769061 17 1327 24 1584 15 1074 20 1143 21 1637 25 1300 22 1018
4523 19.592136868054247 17.126176320667323 -2.4094651865023784 32 28 25 0.73785754763570255 16 1023 17 1328 24 1585 20 1863 15 873 23 1447 21 1618 25 1301 22 1702 26 1315 27 1186 28 1354
4524 19.560145095115754 17.310913284917834 -2.6126550078636543 26 24 20 0.89801114966500017 17 1101 24 1590 20 1866 23 1451 26 1343 27 1188
4525 20.028879410817222 17.933317751108426 -1.2795955927886824 164 150 150 0.8178397985050424 17 1098 24 1599 25 1315 22 1730 26 1359
4526 30.635627290327122 -14.53653507463082 -0.53554362626195784 214 206 196 0.4802609658457504 15 891 17 794 24 1620
4527 27.428002616157883 -12.943892401437051 -4.6130845885682197 140 109 77 0.32847572782259099 18 714 24 1632 20 1898 23 1512
4528 31.282172380383084 -14.561125394332954 -1.720000622673078 213 205 192 0.66360894445816987 16 114 24 1642 23 1515 21 1667
4529 23.444566075070643 -10.58263774057035 -6.4074923874274372 128 118 109 0.71318202186634116 18 719 19 1086 24 1650 25 1358 22 1149
4530 26.266634327830872 -10.438484257659109 -5.8838305434836773 131 107 81 1.1084021010716827 19 1094 24 1663 20 1929 16 719 15 626 23 1537 24 1659 22 1796 26 1448
4531 28.744527802697256 -10.294499545210524 -7.0766851658418268 51 38 21 0.51458157401927584 16 730 24 1671 20 1940 21 1133 17 156 26 842 27 1263 25 1709
4532 23.867751257365647 -5.1841383853099643 -10.197409659948118 166 160 148 0.51672869971683744 19 666 24 1683 23 1582 21 1192 25 877 22 1828 26 882 27 796
4533 25.142388384332328 -3.8016543286609967 -9.3089620619409299 107 87 67 0.84641318005801092 19 1424 24 1691 20 2350 23 1597 21 1743
4534 23.382564109859196 -0.6340619593944109 -9.0472672300891386 34 23 8 0.75478597361568656 19 1427 24 1703 20 1986 23 1604 25 1405 22 1852 26 1509 28 1124
4535 23.246354092605376 -0.24315216739219939 -9.1918199699891279 121 94 34 0.84322423505174238 19 1130 24 1704 20 1988 21 281 25 1753 23 2018 22 1281 26 1515 27 1307 28 1125 28 1445
4536 22.925713108856993 2.124116522229246 -7.7168828838853383 109 83 58 0.81572197582065897 19 1167 24 1736 20 1445 21 1297 25 1441 22 1368 26 1000 27 902 28 771
4537 31.405665851735076 1.8922193157148273 -0.99103712909521557 175 166 151 0.86726398586056674 15 664 17 866 24 1740 20 2054 23 1668 22 1909 26 1007
4538 30.82493908226191 1.8493538485461483 -0.83302831724919857 175 166 151 1.2737686848689793 14 818 16 774 24 1741 23 1669
4539 29.8443655453373 0.92590488897751633 12.073639698202308 148 113 73 0.70987797308859646 17 870 24 1746 15 667 16 779
4540 26.203106975829812 5.2851152710608647 -9.8273795959606201 47 39 27 0.74696895969998345 19 779 24 1756 23 1676 26 1020 27 935 28 805
4541 27.290726717039387 5.8232988445564731 -5.8976240141957614 51 4 0 0.67243831739608939 19 1192 24 1762 20 1510 23 1695 21 1815 25 1468 22 1937 26 1028 27 1396 28 827
4542 26.650783674461792 5.932269034965902 -6.8073384284924243 84 79 93 0.35421846362325926 16 1123 24 1765 28 1208
4543 24.613639156938618 6.8833196638148006 -7.3873777858984848 106 83 52 0.74278583249002472 19 1237 24 1785 23 1723 25 1491 22 1949 26 1606 27 1415
4544 24.613639156938618 6.8833196638148006 -7.3873777858984848 106 83 52 0.74278583249002472 19 1238 24 1786 23 1724 25 1492 22 1950 26 1605 27 1414
4545 29.191656781785095 7.6930856965188639 -1.4045302408241462 24 19 6 0.96455779961370303 19 1254 24 1800 20 2124 23 1744 21 1861 25 1526 22 2006 26 1636 27 1471
4546 27.902865967572541 7.229335789710241 1.2396448393455213 33 30 24 1.0218455496554717 19 856 24 1819 21 1884 26 1125 17 470
4547 27.119722100888044 8.3353584760283645 -5.1336411993770543 47 27 8 1.6954334725773117 15 792 17 1255 18 1233 24 1824 21 1417 22 1507
4548 20.954771226471784 6.9622445256343353 -6.5092453619349904 82 77 73 0.72144655475408437 19 1280 24 1829 20 2129 25 1116 27 1015 28 876
4549 26.113522975851371 7.614463374457646 2.1344991816764249 29 31 30 1.0549194370008501 16 911 17 515 24 1849 21 721 25 490
4550 24.737993505515782 5.5772688583365788 13.262965243773303 18 20 14 0.36846614183016335 16 871 17 435 24 1859
4551 25.337754656363987 7.0699586676787725 6.8994910489580841 42 43 47 0.52322728366603688 16 439 24 1865 20 2189 25 1172
4552 20.199069807314263 8.4160993642387503 -6.8736042025643833 42 39 14 1.5780354896405744 19 941 24 1872 20 2502 25 1182 25 2083 22 699 26 2055 27 1061 27 1799 28 397
4553 20.067126031160125 8.4963128618560084 -6.9115968979474687 143 139 101 0.90639463254495556 19 1317 24 1873 23 1821 21 1478 26 1177 27 1062 28 398
4554 19.950674888111951 8.4472320582933982 -6.9929120004157186 83 76 56 0.70120575080277525 19 942 24 1876 20 1686 23 1806 21 1929 25 1183 26 1682 27 1484 28 1270 29 1122
4555 21.14861919565729 8.8641027381930027 -6.3246907574336664 134 108 91 0.98549380639279072 19 1536 24 1889 20 2179 23 1819 21 1927 25 1581 22 2051 27 1482
4556 20.520165978545482 15.950628455723043 -5.0602080432696273 99 94 93 0.39963287333192193 19 1349 24 1912 20 2220 23 1872 21 1973 25 1617 22 2097 26 1739 27 1525 28 1302 29 1353
4557 20.01657454115599 16.027976564392272 -4.3116737384446751 37 35 36 0.47686708763668051 19 1357 24 1915 20 1810 23 1881 25 1268 22 894 17 654 26 1270 27 528
4558 20.147293306860952 16.001125759904518 -5.0840223724582927 38 33 29 0.44641371535949464 19 1358 24 1916 20 1795 23 1882 21 1567 25 1258 22 1651 26 1263 27 1124 29 1145
4559 20.05887952559727 15.943041621769266 -5.1909857620122981 119 109 102 0.34620268354812178 19 1359 24 1917 20 2222 23 1393 21 1976 25 1259 22 1639 26 1265 27 1533 28 937 29 841
4560 19.830287588016152 16.105870492262909 -5.2031705723518584 62 60 63 0.81704772571840067 19 1361 24 1918 23 1884 21 1977 25 1922 19 1588 22 2101
4561 19.657068297935719 16.326370687309762 -4.3291044499714397 153 152 147 0.54646326178085647 17 1322 24 1922 20 1824 19 1366 23 1888 21 906 25 1275 22 910 26 1284 27 1142 28 957
4562 21.398681406177253 17.17099031095978 -1.60425833605303 119 97 84 0.31725475660356883 17 1313 24 1923 20 2236 21 1593 25 1630
4563 21.400923136332633 17.172179471742655 -1.6042564552059844 119 97 84 0.3690370354079921 17 1314 24 1924 21 1594 25 1629
4566 21.747663833697327 17.796077128848864 -1.9650157770192433 82 64 50 0.84467408749939477 19 1368 24 1927 21 1597 23 804
4567 19.468572773862764 16.514620041761823 -3.5666484159051643 179 175 172 0.23290699604379816 16 1236 17 1321 24 1930
4568 20.014096244273304 16.983999503664695 -2.0585115538110785 101 93 91 1.310404455073835 16 1008 24 1935 20 1858 23 1433 21 1990 23 1899 22 1699 26 1311 27 1567
4570 18.984092521999433 16.933366628897755 -3.9303860669382269 160 157 158 0.7991221982503367 17 1519 24 1949 20 2567 21 1991 25 1639 22 2115 26 1760 29 1376 28 1621
4571 19.795518675306617 17.677041372092123 -0.41613351906072121 144 133 130 0.97196724938020851 16 627 24 1963 23 1923 25 1952 17 1517 22 2158 26 2153
4572 22.691468802998884 -10.028978388066763 -6.5139342838501637 86 63 40 0.98781447927831234 16 1253 17 1356 24 1978 22 2190
4573 28.230473865055576 -10.253819522690486 -7.392876289988445 103 88 69 0.830284711516313 17 1369 24 1989 23 1543 21 2063 26 1870
4574 22.581148930189105 -5.9076761032842073 -10.68840571661257 92 82 73 0.59118301265077422 19 1401 24 2001 20 2314 23 1970 21 2074 25 1381 22 2517 26 1884 27 1273
4575 22.942804830242494 -5.4101958375397583 -10.219211586374712 98 92 78 0.42734690546143783 19 1407 24 2003 20 2334 23 1989 21 2079 25 1724 22 2232 26 1891 27 1643 28 1395
4576 24.701412688139154 -5.7122446700360383 -9.9411284778513433 144 136 126 0.3757199385405372 19 1119 24 2007 20 2330 23 1987 21 1729 22 2230 26 1476 27 1281 28 1394
4577 22.690669966521849 -4.3151064967211159 -9.68707026140269 106 100 88 0.42157382775382235 19 1415 24 2008 20 2348 23 2004 21 2092 25 1739 22 2251 26 1910 27 1652 28 1081
4578 22.690669966521849 -4.3151064967211159 -9.68707026140269 106 100 88 0.42157382775382235 19 1414 24 2009 20 2347 23 2003 21 2091 25 1738 22 2250 26 1909 27 1651 28 1082
4579 24.127742937141587 -4.420038551379637 -9.6520124048065306 104 97 80 0.4987897999528646 19 1420 24 2012 20 2344 23 2001 21 2096 25 1736 22 2245 27 1654 28 1403
4580 24.127742937141587 -4.420038551379637 -9.6520124048065306 104 97 80 0.4987897999528646 19 1419 24 2013 20 2343 23 2002 21 2095 25 1737 22 2246 27 1655 28 1404
4581 22.645418916869531 1.9513951919162675 -7.8528799146850066 139 93 75 0.69430712056836175 19 1446 24 2040 20 2384 23 2044 21 2127 25 1782 22 2289 26 1962 28 1493
4582 22.457308712900186 1.9298234876465883 -7.761550854330264 139 93 75 0.7950675744879756 19 1447 24 2041 22 2290 26 1963
4583 22.623388005092735 2.3169802030377418 -7.9845546080975724 55 25 5 0.81648398067116845 19 1450 24 2042 20 2386 23 2045 21 2137 25 1788 22 2297 26 1969 27 1703 28 1495
4584 22.294726104524727 1.9705892684135042 -8.158466885325069 95 31 46 0.76368090126992383 19 1448 24 2043 20 2385 23 2046 21 2128 25 1783 22 2291 26 1964 27 1704 28 1482
4585 26.282155943663675 5.145413371839866 -9.6859495539374159 130 121 106 0.90778264026132272 19 1456 24 2052 20 2397 23 1675 21 1800 25 1458 20 1479 22 2313 26 1568 27 1722 28 1191
4586 25.425138496261933 5.6738885296619648 -9.8021759868732232 54 47 37 0.95020097689913041 19 1195 24 2059 20 2068 23 1690 21 1330 25 1814 22 1925 26 1575 27 1380 28 1197
4587 28.158049737546516 5.3218144827259399 -2.2306901256633851 112 79 32 0.8774741282552837 18 1358 24 2063 23 1691 25 1803 22 2324 26 1994
4588 24.834389973319379 6.2869135439711981 -7.6861482540662047 141 127 85 0.99683845059870335 18 1165 19 1475 24 2075 20 1527 20 2421 23 2352 21 2387 25 1819 22 462 26 2000 27 1745 28 841 28 1762
4589 24.831673354488036 6.2144655014315466 -8.0689860778957616 34 25 17 0.78422683433968332 19 1476 24 2076 20 2658 23 2350 21 2388 22 2331 26 2274 28 1759
4590 27.003824240222475 7.0684074499442797 -5.8468804074133018 118 87 63 0.9710858789979272 17 1576 24 2086 20 2673 23 2107 25 2042 26 2004 27 1768 28 1769
4591 25.150002996897751 7.0273523337061166 -7.1802010729478303 168 148 126 0.64402373325513573 18 1524 24 2087 20 2675 23 2108 25 1827
4592 27.191675151774287 7.7582615571011111 -5.5904287206255825 91 67 39 0.5729165879301541 18 1395 24 2097 21 2178 28 1554
4594 27.51683430868859 7.6955735958146647 0.049793786366458127 108 66 46 0.54162958680839768 19 1512 24 2111 20 2476 23 2136 21 2428 25 1862 22 2613 26 2048
4595 27.522781417791467 7.6971974635362805 0.048652830068957313 108 66 46 0.61110953030360915 19 1513 24 2112 23 2137 21 2429 25 1863 22 2614 26 2049
4596 24.468678619182096 7.8362414970069523 -7.0867825409477856 7 8 1 0.86414603967379988 19 1258 24 2115 23 2369 25 1849 22 2361 26 2036 20 2128 27 2034
4597 23.974629361175538 10.071480379158247 -5.4585717488938243 84 53 31 1.0593836970045352 19 1546 24 2157 21 1940 28 1580
4598 21.058217923991137 8.1157031855858115 9.8470302107940544 138 99 70 1.0150376885371895 16 958 24 2173 15 822 23 2425 19 1557 25 1906
4599 22.569279271354489 12.04905009011776 3.2948840736899951 138 96 66 0.44407765361243867 19 1565 24 2178 23 1855
4600 21.337770146765482 11.009025867723372 10.01320393562146 47 19 5 0.4572764148155441 18 1456 24 2181 25 2110
4601 20.482220735470882 15.732867944294989 -4.8398775228764679 36 31 35 0.48333457252041367 19 1741 24 2193 20 2546 23 2214 21 2258 26 2104 27 1849 28 1598 29 1531
4602 19.961821495033913 16.063102473689305 -5.0624805915625952 20 19 22 0.66732804977998605 19 1744 24 2198 20 2553 23 2435 21 2474 25 1921 26 2114 27 1857 28 1817 29 1536
4603 19.725777007795436 16.893043833530005 -2.9619666903860544 102 107 106 0.29661622742492266 16 1398 17 1506 24 2204 20 2564 23 2230 21 2277 25 1937 22 2452 26 2127 27 1881 28 1617
4605 19.108666293839264 16.716926767327827 -3.5764156724108496 20 18 24 0.49852911606979095 16 1406 17 1509 24 2206 20 2566 23 2231 21 2278 25 1942 22 2453 26 2128 27 1883 28 1618 29 1546
4606 20.431973776809549 17.708270323187183 -0.99865722866797491 104 88 81 0.32774821944412547 15 870 24 2212 23 2243 21 2015 25 1949 22 2133 22 2464 21 2291 26 1777
4607 29.136672666209442 -13.535348499411093 -4.7273185298356308 167 142 108 1.7664838473207976 15 1078 24 2229 27 1916
4608 22.323000661638108 -10.017473396528539 -6.6182532274775259 87 63 38 0.39706432855622031 17 1346 24 2231 21 2048
4609 23.612079539041105 -7.0945775548220436 -11.347951745078532 45 37 24 1.5768228541832621 19 1398 24 2248 20 1247 23 50 22 1188
4610 22.829038831687072 -6.5900156005747244 -11.140282317134258 75 67 54 0.64143685053052357 19 1759 24 2250 20 2601 23 2286 21 2320 25 1985 22 2514 26 2215 27 1929 28 1656
4611 24.652732893084551 -5.9848758910576496 -10.330487607008545 142 140 119 0.58797109105438139 19 1406 24 2251 20 2332 23 1985 25 1723 22 2223 27 1642 28 1385
4612 23.908898289679659 -4.1748409512078357 -9.5011802523835982 156 154 139 0.58351018764693363 19 1421 24 2258 20 2613 23 2300 21 2097 22 2247 26 1919 27 1943 28 1672
4613 22.481689180805958 -3.7381411210709921 -9.8536282050084782 88 76 60 0.78499707155220144 19 1771 24 2259 20 2615 23 2301 25 1997 22 2524 26 2227 27 1945 28 1676
4614 22.481689180805958 -3.7381411210709921 -9.8536282050084782 88 76 60 0.78499707155220144 19 1772 24 2260 20 2614 23 2302 25 1998 22 2523 26 2226 27 1944 28 1677
4615 23.539467952145785 -0.88536814474554559 -8.7055840013507968 184 132 30 0.79296209951055041 19 1774 24 2263 20 2621 23 2307 21 2337 25 2002 22 2528 26 2234 27 1956 28 1887
4616 23.539467952145785 -0.88536814474554559 -8.7055840013507968 184 132 30 0.79296209951055041 19 1775 24 2264 20 2620 23 2308 21 2338 25 2001 22 2529 26 2235 27 1957 28 1888
4617 23.477647292351126 -0.64753011900409918 -8.7893377430748565 59 45 48 0.88447723135868783 19 1623 24 2265 20 2622 23 2312 21 2339 25 2003 22 2263 28 1444
4618 23.01423099010626 0.56072450734240931 -8.5355904914246921 172 136 130 0.86836222924354656 19 1629 24 2272 20 2630 23 2321 21 2114 25 2010 22 2276 26 2245 27 1966 28 1463
4619 23.005414116137757 0.5602364116919637 -8.5314054460716235 172 136 130 0.9041160265991931 19 1630 24 2273 20 2631 21 2115 22 2277 27 1967 28 1464
4620 20.991960470027436 1.3881898218664648 -8.6251021585213579 61 46 45 1.433638338955795 19 1781 24 2277 23 2032 25 1777 21 1281 20 1406 26 1958 27 1685 28 1475
4621 23.07298051990087 1.2388301285465442 -7.549910312781126 166 152 146 0.71471355684517168 19 1638 24 2283 20 2642 23 2336 21 2363 25 2022 22 2552 26 2255 27 1981 28 1718
4622 22.456897676919439 2.1496697912890936 -8.0719614068890024 122 92 73 0.79552547824829434 19 1646 24 2288 20 2388 23 2338 21 2129 25 2025 22 2298 26 1965 27 1705 28 1494
4623 29.314577776709719 0.84910575810054323 12.746771265444346 212 155 15 0.34599461257221931 15 924 16 1285 18 1346 24 2294
4624 24.881331588958844 4.9884901909740975 -10.237939073039405 58 47 38 1.1587511355277149 19 1790 24 2297 20 2650 23 2345 21 2374 25 2029 22 2737 26 2264 27 1995 28 1916 29 1589
4625 29.304472604884587 5.9454278916321588 -3.2211028003214559 190 152 73 0.70206150461955152 15 939 16 1118 24 2303 14 998 20 2662 23 2077 21 2384 25 1816 22 2572
4626 31.454938654665415 7.1028280535974444 -3.5258221612467611 26 20 21 0.68304454487783661 18 1507 19 1664 24 2306 20 2668 23 2351 21 2392 25 2037 22 2576 26 2276 27 2021
4627 27.368853534078745 4.871367229478591 6.8270136632971967 46 45 43 0.76785432941791143 19 1477 24 2311 20 2456 23 2099 23 2534 25 2201
4628 28.965797946451964 7.5196655262452667 -2.03636105861615 148 145 138 1.3918996853714996 18 1390 24 2321 19 1232 27 1786
4629 22.425630057732359 6.8430852155099586 -8.1704647189848245 63 64 8 1.0819085021268238 19 1494 24 2324 20 2436 23 2114 21 2168 25 2053 22 2340 26 2008 27 1769 28 1233 21 1837
4630 29.279660358630132 5.1754873902055865 13.260135634289652 8 1 1 0.55517499060737718 15 943 16 1298 17 1404 18 1371 24 2325
4631 27.829197968309128 7.1799610078574148 3.1818475749284092 66 64 63 0.74480849182326869 18 1531 19 1699 24 2329 20 2875 21 2422 25 2070
4632 21.03642396181554 7.049032512797428 -6.7974970082361965 150 140 138 0.78068577116954441 19 1702 24 2334 20 2692 23 2371 21 2411 25 2062 22 2595 26 2299 27 2035 28 1773
4633 21.03642396181554 7.049032512797428 -6.7974970082361965 150 140 138 0.78068577116954441 19 1703 24 2335 20 2693 23 2370 21 2412 25 2063 22 2596 26 2300 27 2036 28 1774
4634 28.462432514244423 5.7115359603717781 13.16117047600952 150 145 129 0.93918180980343469 14 861 16 1142 24 2337
4635 23.819730358253363 7.7565803818731967 2.899189081095547 160 154 142 0.7667927567128815 17 1466 18 1558 24 2354 21 2590 25 2241 22 2776
4636 19.128337932874295 8.6738473241802545 -6.870063763883322 128 104 83 0.81154760697241468 19 1719 24 2361 20 2724 23 2404 25 2088 26 2327 27 2057 28 1572 21 2226 22 2398 29 1343
4637 23.286835799284958 9.1640469776315356 -0.42566394382059719 54 51 63 1.4799057825263826 14 1059 24 2364 22 2413 20 2518 27 1834
4638 23.191125960103346 9.7020320692351181 -3.6920624173906931 110 68 44 0.32846888697297016 19 1921 24 2365
4639 22.258244917906367 11.706125369603189 2.3507275822296561 74 44 27 0.37652473558140187 19 1855 24 2380 23 2428 25 2105 22 2428 26 2351 27 2200
4640 22.272174069801899 11.71583647011221 2.3491832248307647 74 44 27 0.38553777297324948 19 1856 24 2381 23 2429 25 2106 22 2429 26 2352
4641 19.836051417571042 15.97764568375845 -3.227870021323616 25 29 30 0.28307683884176865 19 1748 24 2389 20 2771
4642 20.988376243993937 17.180954195675206 -2.0060064050762074 68 48 37 0.58000597190170855 16 1393 24 2393 15 1301 20 2775 19 1752 23 2441 21 2479 25 2129 22 2666 26 2365 27 1876 28 1849
4643 22.191532861044664 16.085773749018305 6.2035350046157811 75 43 33 0.75915642202175682 16 1380 18 1583 24 2394 15 1201 25 2130
4645 18.979456800545826 16.765882449079093 -3.4116018441945113 111 112 106 0.81976574069810859 16 1516 17 1508 24 2400 20 2782 23 2232 21 2284 25 1943 22 2459 26 2138 27 1884 28 1619 29 1384
4646 23.144303143689221 20.316050146024853 0.60648536363872085 42 33 18 1.1912073692012637 17 1627 24 2406 23 2459 26 2161
4647 24.160568782861635 -5.6317570686556051 -10.259938557428327 136 132 118 0.45472243418038832 19 1762 24 2415 20 2801 23 2480 21 2514 22 2699 26 2429
4648 22.843735361607521 -4.1416946618434478 -9.8619824299993883 167 164 149 0.61418933110420981 19 1770 24 2417 20 2612 19 1620 23 2485 21 2329 25 2166 22 2521 26 2225 27 1656 28 1673
4649 21.09591110239807 2.2717216257709176 -8.3797296079409485 157 96 75 1.1286486730794292 19 1785 24 2428 20 2645 23 2339 21 2138 25 2026 25 2185 22 2300 26 2262 27 1987 28 1735
4650 30.482182756984166 5.402101746946518 -1.1658268712646236 131 104 77 0.9207102634023836 18 1504 19 1654 24 2434 20 2659 23 2525 21 2556 25 2031 22 2745 27 2013
4651 25.72010943523582 6.6779726842889433 -7.5251428670754956 130 116 108 1.0787875861723009 18 1642 24 2441 20 2844 27 2174
4652 24.602655204386615 6.9602297665798147 -7.7018726205682491 158 133 100 0.68773788509754719 19 1900 24 2447 20 2850 23 2538 21 2559 25 2197 22 2753 26 2472 27 2175 28 2008
4653 23.885382680729293 6.8617812246430372 -8.2322670716379829 140 124 101 0.68849734454060707 19 1813 24 2448 20 2851 23 2539 25 2198 22 2578 26 2283 27 2017 28 1764
4654 27.423619411538233 5.2006207218784182 6.8508789276479058 64 59 55 0.63076184950718173 19 1805 24 2450 23 2542 25 2202
4655 27.214225493102123 6.6160446521710341 7.6851585579250115 2 1 6 0.68545021011369978 15 1260 18 1656 24 2466 20 2971 23 2560 25 2230
4657 29.633993561578599 7.0648795798408113 10.535242959171379 12 16 3 0.41262908202684762 16 1328 24 2471 17 1579 23 2558
4658 25.000196882275894 8.5315006656335637 -0.8734802572059438 46 43 34 0.66035475277663203 19 1838 24 2477 18 1677 20 2714 21 2432
4659 19.378331587017996 8.5611539866697903 -6.719892196809222 9 4 2 1.1374389463141144 19 1922 24 2484 23 2571 21 2587 25 2340 26 2499 27 2193 28 1948 29 1610
4660 20.867638085748752 15.679244230977599 -4.0390449058138742 97 88 89 0.32882202550921114 17 1708 24 2489 20 2899 23 2579 22 2653 26 2356 27 2080 28 1814
4661 20.137922920797223 16.104193784055269 -4.8889784605555873 106 101 106 0.74456355486794235 19 1859 24 2491 20 2902 21 2473 25 2257 26 2357 27 2082
4662 21.87084409470858 18.079158610346024 -1.2641783059404643 164 149 146 0.78050214471960844 15 1298 16 1511 17 1618 24 2494 20 2906 23 2444 21 2487 25 2131 22 2790 26 2516 27 2098 28 1967
4664 19.873845044320891 17.791684329618175 -0.98521957867313259 147 136 132 0.60169067441139901 16 1584 17 1718 24 2499 23 2593 21 2615 25 2264 22 2673 26 2382
4666 31.144474843264067 -10.454952936574696 -6.5859709790943395 55 43 26 0.29747830979527234 19 1867 24 2509 22 2817
4667 23.464897536441793 -0.73726148311671658 -8.9831927152415201 31 19 23 0.83015812908100706 19 1873 24 2514 20 2933 23 2490 25 2287 22 2710 26 2434 27 2138 28 1987
4668 25.727140252995863 5.0025304349622886 -10.079924816860107 32 12 7 0.72769934133303771 19 1947 24 2532 20 2948 23 2635 21 2653 25 2312 22 2850 26 2578 27 2260 28 2001
4669 24.823534052914209 5.260290457472613 -9.6459138478881616 124 117 107 0.92931583112804161 19 1887 24 2535 20 2949 23 2636 21 2654 25 2313 22 2851 26 2583 27 2262
4670 25.106388997894154 5.8247547092522209 -11.858278183602648 24 18 2 1.5975019272143762 19 1950 24 2536 20 3018 21 2657 25 2369 22 2914 26 2586 27 2321 28 2061 29 1776
4671 26.510634107161128 5.8955330173986091 -6.9750150119594503 72 82 130 0.54723127092268486 17 1744 24 2538 20 2951 23 2640 21 2659 25 2316 22 2853 26 2587 27 2269
4673 21.952476590470752 8.4400071296962462 -6.2256493488926674 42 37 33 0.92117410093551644 19 1966 24 2551 20 2969 23 2564 21 2579 25 2239 22 2864 26 2490 27 2188 28 1944 28 2018
4674 19.476865812909736 8.8778385802433508 -6.6069630994563706 121 103 81 0.77802890625448673 19 1979 24 2557 20 2983 23 2671 21 2676 25 2342 22 2870 27 2285
4675 21.601131873215284 16.733530957234237 -2.5592485879415379 32 12 4 0.81732020828237517 19 1982 24 2559 20 3048 23 2674 21 2742 25 2343 22 2881 26 2617 27 2356 28 2029
4676 19.763945538723032 16.125321043337539 -4.3711658855033599 15 16 19 0.43689523031223665 19 1984 24 2562 20 3049 23 2733 21 2743 25 2345 22 2942 26 2616 27 2353 28 2087 29 1752
4677 30.449025250346978 -12.950963004132268 -2.2638585676047311 155 147 126 1.0665312897264316 19 1934 24 2576 23 2683 21 2749 25 2351 22 2892
4678 23.143618059061957 0.47842877485284779 -9.0258204719942832 70 5 11 0.86853160898665727 19 1942 24 2583 20 3007 23 2621 21 2643 25 2358 22 2840 26 2565 27 2249 28 2049
4679 21.675089265253089 2.2595681585299818 -8.3125894530761855 25 4 1 0.89781534940036012 19 1946 24 2588 20 3014 23 2697 21 2708 25 2365 22 2910 26 2645 27 2314 28 2055
4680 24.841292069602183 8.1584679566447402 -5.5597273193507695 120 103 85 0.74563632100198418 19 1961 24 2605 20 3030 23 2715 21 2727 25 2380 22 2925 26 2663 27 2340 28 2075
4681 20.40306319114493 8.8656989138866855 -6.5979016634328218 114 91 69 1.070000705086344 19 2033 24 2610 20 3037 23 2724 21 2738 25 2389 22 2933 26 2671 27 2348 28 2083 29 1785
4683 20.745267934148451 15.76471054164395 -3.4570721320733067 176 170 170 0.51353952325068386 16 1731 17 1869 24 2617 20 3101 23 2784 21 2793 25 2439 22 2989 26 2737 27 2399 28 2131
4684 20.193773103093843 16.928092390685016 -3.2234961886177342 3 7 10 0.68234222293637792 16 1701 17 1767 24 2619 20 3051 23 2735 21 2746 25 2399 22 2944 26 2682 27 2358 28 2090
4685 24.585561040270857 -6.996123895939947 -10.724888716304864 69 59 41 1.2817979872181346 19 1993 24 2624 20 3003 23 2743 21 2695 25 2355 22 2950 26 2695 27 2237 28 2097
4686 24.953713598014371 -4.5958639510066375 -9.6081908115326105 90 77 62 0.90525256107101215 19 1995 24 2626 20 3057 23 2745 21 2754 25 2406 22 2951 26 2698 27 2366 28 2102
4687 27.827617247112389 4.8552680410812084 5.9469421986834146 108 103 97 0.53176488482118522 18 1805 24 2641 25 2417
4688 28.34081839419391 5.6082323106651177 5.4562860518558542 163 158 139 1.4599144681634353 19 2016 24 2648 20 3077 23 2767 25 2422 26 2715
4689 25.291689090808102 8.6720585683532114 11.608187038568662 20 21 16 1.7059525419070147 18 1832 24 2663
4690 20.11036466337697 15.836329023475882 -4.6485099622171795 74 68 69 0.55725524287817896 19 2069 24 2665 20 3102 23 2785 21 2794 25 2440 22 2990 26 2738 27 2398
4691 22.662986428236483 -4.7653314695976281 -9.7725060352425022 168 162 150 0.48713625250886994 19 2045 24 2673 20 3109 23 2791 21 2807 25 2448 22 3006 26 2752 27 2442 28 2139
4693 22.661182125124089 1.3635461120037087 -7.9756650138030256 89 15 12 1.2408414584915706 19 2048 24 2680 20 3065 23 2797 21 2761 25 2454 22 2958 26 2703 27 2376
4694 26.87072118030737 5.665295185389005 -9.9421591546026455 128 121 111 0.72474020320755073 19 2051 24 2682 20 3114 23 2800 21 2811 25 2458 22 3012 26 2758 27 2419 28 2147
4696 25.395790508131316 6.3252070592873189 -9.0639162532817856 5 0 5 0.32765237477351805 19 2082 24 2686 20 3116 23 2803 21 2814 25 2461 22 3015 26 2761 27 2422 28 2148
4697 19.565587242743515 7.6493775125224959 -6.9826846712037485 134 119 33 1.1518701281589852 19 2030 24 2693 20 3081 23 2773 21 2772 25 2430 22 2970 26 2718 27 2341 28 2072 29 1741
4698 27.333939063455762 7.9845249019013931 9.0676571618788895 48 49 44 0.44832809224189274 15 1487 23 2821
4699 19.860207044924355 16.581260015359437 -2.6416023824482493 30 31 33 0.91645831431643032 16 1774 17 1911 24 2726 20 3161 23 2847 21 2849 25 2503 22 3052 26 2799
4700 24.398482004323981 8.1753239323343507 -6.6754358594244367 15 18 19 0.70027488573745378 19 2098 24 2736 20 3168 23 2841 21 2843 25 2514 22 3047 26 2794 27 2456 28 2198
4701 25.418092499982848 7.0689971099729005 -7.1352250102059536 136 117 89 0.60687265119245426 19 2111 24 2745 20 3167 23 2856 21 2857 25 2511 25 2523 22 3061 26 2808 27 2475 28 2194
4702 24.060271840292987 8.852759334078284 -3.6499001040379624 17 13 10 1.3478470960028655 19 2116 24 2747 20 3190 23 2870 21 2877 25 2527 22 3081 26 2828 27 2486
4703 24.060271840292987 8.852759334078284 -3.6499001040379624 17 13 10 1.3478470960028655 19 2117 24 2748 20 3191 23 2871 21 2878 25 2528 22 3082 26 2829 27 2487
4706 29.586284448148362 4.6422142347457331 10.933693567378974 186 177 162 0.35998265248457106 19 2129 24 2756
4707 29.811777567036632 -13.907621175873894 -2.3734115752167537 197 186 168 1.9451715553182389 14 44 17 95 19 34 24 43 15 70 19 622
4708 26.425812663256217 -9.8924895536314761 -7.2555199332142193 96 80 64 1.804974159158047 18 1326 24 1990 17 1140 19 1395 20 2595 21 2311 27 1625
4709 27.915333694414404 6.5173880960496922 5.4289645459438933 61 57 50 1.0824247210318343 14 1011 17 1425 24 2327 13 1559 16 1464 20 2873 23 2549 21 2573 25 2067 22 2767 26 2487
4710 30.646597847759512 1.2704294176858262 0.57034379354558207 174 167 155 1.3299556556232299 14 816 17 1159 24 1739 15 658 16 763 17 862 18 791 19 756 20 1455 23 1664 21 1304 25 207 25 1445
4711 27.34240923557471 4.9255502799615316 7.0206957458186769 72 66 66 0.86771894481871903 13 1118 14 848 18 1158 24 1778 15 708 16 823 19 1220 20 2457 23 1731
4712 27.037084888517121 -13.244484096850938 -4.6835887362126369 126 96 68 0.16303909905899347 16 59 17 749 20 0
4713 27.206978128869203 -12.966548779332634 -3.8862766174566081 174 150 124 0.39436194739010361 16 51 20 26 27 691
4714 30.470146326150019 -14.204380439091564 -2.1013167278671996 147 136 124 0.53124229120140098 14 36 24 39 20 48 25 798
4715 30.662621410330331 -13.993845020514955 -2.3478665775931606 178 165 148 0.68146564448820346 17 118 24 41 20 53 21 1095 22 1132
4716 31.148517918856424 -14.11104258327387 -2.4148293784165817 141 131 114 0.44622286243206533 24 42 20 55 23 14 21 22 22 2
4717 31.627426847473433 -14.804382993069799 -3.1340618927983193 173 161 151 0.030734844936003557 24 45 20 56
4718 26.477589086109379 -11.991411624798538 -5.0903903048346519 82 66 53 0.65509435517822445 18 82 25 800
4719 26.302333507121951 -12.045502150504358 -5.9762713698271863 106 83 58 0.19944472289420237 16 62 18 84 20 64
4721 27.565661977666583 -10.852130394710317 -5.7818699714588293 130 110 86 0.3999426572184866 17 138 20 93 25 20
4722 31.477327513262047 -10.570546773151991 -6.7835533706494342 56 39 24 0.49020262536407844 24 97 20 125 21 94 25 29 22 57
4723 22.893042500455511 -6.6191539760528597 -10.393269310207819 115 105 93 1.1490425872091334 19 69 20 141 26 25 25 829 27 88
4725 22.429981058102545 -6.2932664332687436 -11.117924524097292 88 81 73 0.52257034118866286 24 113 20 149 23 63 21 112 25 43 26 32 27 766
4726 22.697167635205972 -6.047703218108583 -10.654782385825229 150 142 134 0.23486333082343039 24 122 20 163 21 128
4727 22.455305869211518 -5.9982641037928062 -10.759286409754473 202 195 187 1.0394959562620998 19 72 20 165 25 42 26 42 27 767
4728 22.28487781723824 -5.8765215577008139 -10.708432826277789 98 89 80 1.0756875307426348 24 124 20 167 25 838
4729 19.687565151743403 -5.1763052519233055 -10.419299798840042 74 88 70 1.5294732894939813 19 649 20 175 23 68 27 775 26 1470 28 627
4730 23.399700459213992 -5.6961787174709739 -10.288704021732567 117 110 100 0.38166648706665812 24 137 20 191 21 148 25 76 22 99 27 111
4731 21.742103556775096 -5.1532232042504855 -10.66183979493815 200 189 183 0.34207092295818931 24 146 20 196 23 999 19 1117 21 153 25 87 22 109 26 872 27 786
4732 24.403973865951222 -5.6947687016910251 -9.9793059422035721 76 68 57 0.44936729689639104 24 150 20 212 23 99 25 69 22 131 26 69 28 28
4733 24.702337944825302 -5.7680641435501103 -10.166499636694859 76 68 57 0.42780989937302127 24 149 20 213 23 100 25 68 22 130
4735 23.934671988878822 -5.5509159138923527 -10.34754108845692 93 87 76 0.46070877606818117 24 1144 20 217 23 1008 21 179 25 862 22 138 26 880
4736 24.721158961353186 -5.5964464709564838 -10.672966555514098 166 159 149 1.0556556745285668 19 99 20 219 23 103 24 154 21 180 25 74 22 136 22 1223
4737 23.863885432246256 -5.3028477070932665 -10.208347140432942 130 123 115 1.1189392134872016 24 1146 20 220 21 1189 26 76 23 105 22 143 27 132
4738 20.065242819284656 -4.3215685725599418 -10.116010983466147 91 89 69 0.51512001151146813 19 91 20 228 23 115 21 190 25 91 22 153 28 49
4739 19.727579780396276 -4.1611071490581883 -10.1644525719245 104 115 100 0.56225369143761839 19 1120 20 230 23 119 22 154 26 80 27 802 28 664
4740 19.767006595183201 -4.4083140085038277 -10.817141397071694 70 83 73 1.3905781484719224 19 661 20 232 25 95 28 39 29 24
4741 19.793348835644512 -4.413104123384568 -10.858052151963488 70 83 73 0.59282931602172706 19 660 20 233 25 94 29 25
4742 19.860973104356081 -3.8196882210135801 -9.6732802964165909 75 86 71 0.16766937530083634 19 110 20 253 21 210
4743 19.903109580167591 -3.889723927631088 -10.164834594505141 74 96 78 0.6872354542692336 19 106 20 258 21 213 25 880 26 93 27 158
4745 19.76402944180743 -3.5975128384610038 -10.2838108553337 104 99 85 0.7302686612901742 19 676 20 261 21 216 26 99 28 52 29 27
4746 22.439356299626347 -3.9508011447175573 -9.7477249627831153 102 90 77 0.5525743024292058 24 171 20 274 22 191
4747 22.914363333325987 -4.0065879693349675 -10.159670887503916 118 106 92 0.37371177913285542 19 118 24 172 20 275
4748 25.891627975702871 -3.1291468133565772 -9.6363979457226225 78 64 53 0.69779197982489327 19 132 24 197 20 306
4749 23.849914980978593 -0.96012755018214324 -8.8017269536536364 201 158 107 0.63642928422026745 19 697 20 326 22 225 24 202 26 133
4750 30.914723357190322 -0.61063700230468088 -8.2898268478353483 81 80 70 0.80884499200245918 24 1192 20 358 23 1058 25 140 22 255 27 845 28 120
4751 22.410702666771847 0.11012141373400365 -8.1725335856410517 125 56 37 0.35416115661559977 24 227 20 361 25 154
4752 22.804850132646873 0.053900576866396106 -9.2849192374609935 114 90 79 0.53737279824690232 24 229 20 365 23 182 25 145
4753 21.656478513556433 0.80498659416102814 -8.6110381268014535 106 52 45 0.88994335776385547 24 1206 20 391 23 206 21 337 25 936 22 283 26 176
4754 23.357437464578915 1.5378947352649681 -7.4237010124173501 33 9 0 0.84707571913894897 19 741 20 430 23 1108 18 1121 21 1294 25 971 22 1354 26 985 27 894 28 206
4755 23.731442516417221 1.6662104542768876 -7.6384562043898976 123 99 76 0.98633689158832627 18 206 24 1234 20 431 23 249 18 786 25 195 26 208 28 209
4756 23.323189840701005 1.7612170865092154 -7.5592545574224195 63 23 2 0.61584900415526378 19 182 20 433 21 391 22 328
4757 23.145255095164856 1.2744082499580196 -7.7890354119423213 74 17 17 0.86603452044107898 24 278 20 434 25 953 22 306 28 178 19 1159
4758 22.892738583626478 1.6522340513150227 -7.9077211672079786 130 58 61 0.81842963330846918 19 171 24 282 20 435 23 254 21 396 27 238
4759 22.662658266813231 1.7293160050102523 -8.0545206314099449 130 47 54 0.86855429089314762 24 284 20 438 23 255 21 400 27 239
4760 21.044897090306087 1.4835405964649877 -8.7413769161797816 139 98 90 0.89561711089927609 19 745 20 441 21 368 25 184
4761 23.313444635846238 1.87067876358387 -7.1232214442595101 34 20 0 0.81970026066240909 24 307 20 459 21 390 28 227
4762 21.447697421291302 1.8289959038124013 -7.6821468330887361 72 8 22 0.51265187518386834 24 319 20 460 25 202
4763 22.446528462088988 2.2025349543146846 -7.8880547928763072 58 20 1 0.88979952303734022 19 188 20 461 23 276 24 316 22 355 26 234
4764 29.177035196807086 4.2593999747105826 -1.9488501209694959 158 134 115 0.54966210138401994 18 246 19 216 20 515 21 1324 22 395 27 293
4766 25.682522260564401 5.8880993942831745 -9.6847571194496371 38 28 26 0.85595713738346102 24 447 20 529 21 498 19 235 25 269 22 430 27 302
4767 25.886769535563623 5.9561603258127578 -9.9904574645876618 87 77 75 1.013100910833362 19 236 24 1286 20 531 23 1141 21 1331 25 270 22 431 26 283 27 945
4768 23.330072932640217 5.0469121963498669 -9.049794291155612 40 41 33 0.25369207171109465 24 1269 20 532 23 1139 21 1332 25 999 26 259
4769 28.37080116124724 5.2703811624676788 -2.3375401085177758 99 65 29 0.29617291159632608 14 182 20 541 21 509 26 291
4770 28.92084869792555 5.3013274328051523 -3.5821173254372596 112 75 23 1.4127590148307914 15 216 20 546 25 243
4771 29.66110547675839 5.7748642285880027 -4.1270745249060869 75 41 15 0.68669292891037026 24 421 20 550 21 480
4772 28.734979846588313 5.585504538553467 -4.0508167911115933 55 28 9 0.87879742516850157 16 274 17 268 20 551 21 481 25 247 22 447 28 306
4773 28.353847809882147 5.8092333876485025 -6.0316146053410273 60 39 33 0.84303865747468476 24 439 20 555 23 360 22 421 25 1009
4774 26.531446924397798 5.6440596802315941 -6.0472515671177485 68 34 8 0.77735745047181948 19 231 20 557 23 365 25 261 22 424 26 279 27 311 28 828
4775 27.112867461762438 5.5809745140484424 -1.8553413289634952 150 116 71 1.3869541829601777 16 269 20 566 23 375
4776 28.742042488877413 6.3748581667866899 -4.1489650579304103 46 37 21 1.1880214172888408 24 465 20 571 23 378 21 1353 25 282 22 1422 20 569 27 966
4777 26.013915472077713 6.558225411550902 -7.5707871705093259 112 105 98 0.27146069063302952 19 256 20 584 21 525 18 311 22 461 26 299
4778 24.734787908201831 6.5444418210062558 -8.9717198731275598 69 64 60 0.67871235558347787 24 478 20 588 25 1029
4779 30.825187881263705 6.2463662892318412 -0.97148929041560217 106 96 85 0.87145072790794154 24 1298 20 603 25 1488 27 353
4780 28.707110651233116 6.6279400293027155 -2.1490059087282916 95 90 87 0.82256331662822979 15 295 19 268 20 613 16 827
4781 32.125143221227752 7.7674399235439147 -3.7060316580018791 26 19 13 0.56298838297486264 19 270 20 614 23 424
4782 27.650778300980605 7.4962386348384848 -5.7751917208969115 110 70 56 0.71270800152321367 17 420 24 555 20 618 21 589 28 354
4783 24.943585413000477 6.73261460594947 -7.4493101787193972 142 123 98 0.98903941032983456 18 355 24 1331 20 624
4784 24.077979061609469 7.0064743951285786 -7.5509889318317214 66 41 18 0.75260310732129088 19 840 20 631 23 1208 24 509 21 560 25 1088 22 549 26 332 27 363 28 857
4785 23.847933198360483 7.0426646929495362 -8.0770066148286741 39 21 7 0.86458776643302393 19 843 20 633 23 442 25 375 27 366 28 859
4786 22.802524396373265 6.6280016006477078 -8.1900787844613117 134 126 82 0.82635762898706955 24 513 20 634 23 444 21 1382 25 1055 26 338 27 346 28 322
4787 21.765346495618193 6.4403946814756896 -7.6599846598624843 77 70 17 0.43399007196240497 24 514 20 635 23 447 22 509
4788 31.587822979079835 8.298602507761478 -2.9942643004443497 94 91 86 0.74333948380884651 17 1218 20 672 18 888 21 1411 26 388
4789 31.440595102427913 8.325989835069576 -4.7445801784784623 20 11 4 1.6013124898227142 15 771 19 310 20 680
4790 28.216432324815063 7.8050409520014759 -5.7530821573460402 117 93 72 0.31217642286833441 24 1366 20 684 22 540
4791 27.31710071786647 7.9168214528831182 -5.398642831190589 127 109 86 0.44834306522109213 19 348 20 686 21 624 22 581
4792 25.012547482800784 7.7366764208192738 -6.6257475279957765 18 9 4 0.77294868573667097 24 618 20 690 26 398 27 393
4794 21.598146438281933 7.1390476034514352 -7.9679898801205891 57 55 56 0.84370976315083479 24 619 20 694 23 1240 21 597 25 1118 22 1459 26 373 27 368 19 871 28 342
4795 21.54286176124852 7.312795007159326 -7.8848529236102429 24 20 18 0.68285588170693823 19 893 20 695 27 399
4796 27.772465668046578 5.8623830387097744 3.1349751332964937 139 136 121 0.69387004356294835 15 710 20 702 17 328
4797 29.944941330455826 6.8146549358518476 1.2922174251045038 70 69 65 0.2368157893425073 24 539 20 712 23 467 26 381
4798 28.155152818007181 6.85639378031627 1.3135133513615465 89 85 82 0.91265460854078773 18 883 19 332 20 716 22 603
4799 28.457601577293168 7.0408132850328693 1.2493624396389229 7 4 1 0.79396035233604689 19 333 20 719 21 650
4801 28.850115207521103 7.7419830798137168 -1.8782961596312771 26 23 18 0.66433831442416202 19 342 20 724 25 413
4802 21.013836312137002 7.2120783448224479 -6.1136285724949868 97 94 87 1.0843383623132106 24 686 20 737 26 400 25 1141
4803 28.143224017300916 7.5242346961325168 0.068492065971839447 84 87 73 0.43329331366098339 24 601 20 763 26 1660
4804 31.605956341509945 9.941175011842482 -5.6655060961156494 44 24 15 2.0309879575013383 18 517 20 768 28 894
4805 30.472054062784586 9.7930699525960296 -5.280395915240006 14 10 2 2.6555154918804775 17 537 24 674 20 769
4806 26.142968578680716 8.5824111806091246 -4.7333607529406372 51 30 20 0.20461611964388485 17 538 20 771
4807 20.072794602118467 7.7600831289057952 -7.2589238622832184 134 112 38 1.1841761767101213 24 1856 20 781 25 1563 26 1145 27 1030 19 925
4808 26.477373189791592 6.8510329137291919 4.0936490823313259 6 2 1 0.75598010830821361 18 469 20 807 26 450
4809 28.114496428777599 7.302488808309147 2.9400631084599382 8 7 3 1.4241825653809925 24 1400 20 811 25 1543 18 1225 19 1510 26 1157
4810 21.886300485793271 8.379341331309254 -5.9723262176730731 104 81 68 0.86441337082630898 24 1468 20 841 21 705 28 899
4811 26.295885183285549 6.7796460525227475 4.5143189179975902 16 1 6 0.79775270303846357 18 467 20 862 21 716 25 440 23 554 22 678 26 478
4812 24.249393528555611 9.6158193080388674 -5.0363432670713726 40 30 28 0.33378256869373923 16 953 20 874 28 408
4813 20.99068132855027 8.3244564054850532 -5.8284872286337635 78 65 56 0.90994554407901984 24 1479 20 876 23 627 26 471
4814 20.871094089086085 8.6341149420370602 -6.0043397719857232 122 105 87 0.29254268255317689 19 938 20 877 23 658
4815 26.059338410925399 7.8041047339071019 4.1051439880049392 1 4 3 0.31575209201650706 18 529 20 895 22 747
4818 25.038432244046767 6.8688686935895706 6.6970540945303823 43 44 48 0.60280518153487495 24 711 20 923 23 635 25 519
4819 17.579927948533605 8.407527617952633 -6.4386158977403136 60 37 23 0.33339631555783522 19 464 20 934 21 765 22 731 27 453 28 907
4820 20.924945763550568 15.648671374760911 -4.4754872334856222 90 79 83 0.34510871997695025 19 511 20 1006 21 860 25 617
4821 21.761913453881128 16.225817594586285 -3.0463400316288336 34 15 9 0.41325047189260461 24 877 20 1019 23 1388 21 872 25 1614 26 566
4822 21.082266679658446 15.812498441672394 -3.0004945737757835 38 27 25 0.30076587725429715 24 1540 20 1020 22 1641 26 1257 27 517
4823 20.510287525965094 15.442871873022883 -4.1040360173294212 47 38 41 0.73172901093967013 18 621 20 1023 23 750 21 864 26 562
4824 20.346771533297595 15.666304753574396 -4.6528339102822391 93 91 92 0.24619418376721286 17 620 20 1029 25 630 22 864
4825 20.137010112196236 15.630884604306166 -4.5700075281399464 125 123 124 0.47253952320358311 19 533 20 1030 22 866
4826 20.337149074254942 15.733178017978016 -3.1307341401909738 135 133 135 0.38986074538171184 19 1007 20 1043 25 640
4827 19.742589515976579 15.757828250211643 -4.4643371541813668 67 66 71 0.55172017939613927 19 548 20 1053 25 648 23 777 26 583
4829 20.853118093465536 16.200944653882313 -1.9681844220083824 110 96 96 0.28094388322384128 19 537 24 917 20 1064 21 915 22 930 15 498
4831 19.889840977300434 15.923718991343083 -3.0847243763432961 99 97 103 0.69927118058042481 15 510 20 1072 23 790 19 558 25 659 27 546
4832 19.833893117685562 15.9161003198017 -2.2705406633825902 141 141 143 0.40746187581972321 19 555 20 1087 23 786 25 658 26 610 27 565
4833 19.472763193641139 15.75779392747212 -2.6883778879306708 35 34 39 0.57640904594600662 19 560 20 1091 21 927
4834 19.590613249977189 16.376952176576474 -3.1339442517480305 86 81 87 0.51933241870306124 19 577 24 960 20 1096 23 817 22 950 26 644 27 570
4836 19.819179728070953 16.838080458882065 -3.0190668419433999 37 38 42 0.11916317463803057 16 590 17 666 20 1115
4837 19.863525964716676 17.213393775782109 -3.1328203015629814 18 17 22 0.39945851433164664 24 983 20 1118 21 966 28 567
4838 19.49328273472123 16.902236050447044 -3.1807556138510482 21 20 25 0.6324406361402849 16 617 17 688 20 1119 21 967 25 701 27 592 28 540
4839 18.922321897855017 16.665901334810265 -3.6394755011977153 103 98 104 0.34858559573086317 16 623 20 1124 23 838
4840 19.031776284251549 16.937871928304453 -4.3997860726750764 178 171 169 0.62257496961129122 24 1580 20 1125 23 841 22 984 27 1156 28 1317
4841 19.664618721564214 17.031922447032322 -2.1128356887013333 109 103 105 0.60450153902797865 24 1000 20 1130 23 853 26 1312 16 1021 15 872
4842 19.549548642274054 17.067876430113515 -2.1885487893362847 108 103 104 1.28994235938482 16 612 20 1131 17 1082 28 583
4843 19.525471510309849 17.14986968598058 -2.3332388465953544 133 127 131 0.7939163316789648 15 555 16 613 17 685 20 1133
4844 19.319986851405332 17.272113199952283 -3.1360137204234535 25 24 29 0.63080343505469194 16 635 17 720 20 1135 21 974 23 861 24 1007 25 1307 22 1000 26 663 27 1189 28 569
4845 19.319895017865221 17.098783362532778 -3.4730164934110115 122 121 126 0.52354714498564559 24 1005 20 1136 22 998
4846 26.613069204385017 -12.993081811777254 -4.8052680143399149 134 104 76 0.85486552521642289 18 1068 20 1165 27 1595
4847 26.586996478232106 -12.978011959266377 -5.3694403376448703 138 105 74 0.6370914414498231 16 1044 17 1110 20 1166 15 880
4848 30.127969856603425 -14.221797918294241 -2.1409869989639967 215 210 201 0.18069265340703489 15 64 20 1176 21 1074 18 90
4849 27.502053009803905 -13.00061542502978 -4.0410664771647573 109 83 58 0.51885509487237313 24 1078 20 1189 23 935 19 609 21 1077
4850 26.839365274695293 -12.898508875706277 -4.4366158819693151 137 107 78 0.84880299826780614 14 486 17 72 20 1194
4851 30.143210200776402 -12.421781351819861 -5.1718320453537894 154 140 134 0.85283314367297214 15 89 17 133 20 1215 27 1254
4852 26.563323575541272 -10.354720210357049 -5.6577898984988471 133 112 85 1.2424491387243706 15 628 20 1223 23 1538 26 1860 21 2056 22 1798
4853 27.344216064556207 -10.228083237577126 -7.2703378798475118 39 26 10 0.58431129309976537 16 726 19 638 20 1230 23 970 21 75 22 43 24 1117 26 16
4854 30.913479965049333 -10.724080282942678 -5.5110524310973741 74 47 36 0.41241234378548103 15 118 20 1239 21 1136
4857 19.572166612902915 -5.4077906983501585 -10.357603830902685 85 77 74 0.45605961180247684 19 67 20 1252 23 67
4858 22.60979917910797 -6.2620868716777798 -11.346458884665131 192 183 174 0.27187803099790381 24 1127 20 1262 23 986 21 1149 22 1203 26 852
4859 20.516747883080512 -5.0490630225336623 -10.232917806587636 122 140 118 0.29605958286132517 19 653 20 1278 21 1174 25 859 23 84 27 785
4860 24.88041595277841 -5.9295339099120525 -10.237480068652603 131 123 110 0.47349130564770753 19 655 20 1284 23 1004 24 133 21 1169 26 55
4861 24.60869633056571 -5.5316512279458161 -9.8858481510582301 79 69 59 0.46395983868104518 24 1140 20 1286 23 1005 21 174 25 870 22 129 26 877
4863 21.33736755550694 -4.672837550971872 -10.528741809243062 110 105 99 0.44797869102652266 19 658 20 1295 23 1012 21 1733 25 1388 26 1479 27 800 28 33
4864 20.977519147752545 -4.7361504200067754 -10.399761611991144 106 103 96 0.68771838734125357 19 657 20 1296 23 1576 25 865 26 887
4865 23.997015455619316 -5.1834869491550544 -9.6278131360899479 124 116 103 0.71711905597074554 19 664 24 1142 20 1303 23 127 21 176 25 875 22 167 26 878
4866 24.645453830224294 -5.286879223128639 -9.840396325171481 116 106 94 0.21070820071901802 19 96 20 1304 23 128 22 165
4867 20.318154088756881 -3.6214054445282624 -10.774801884720899 58 42 29 1.3571490352436271 19 112 20 1325 23 141 21 217 25 114
4868 30.579892005180813 -0.97739810194196641 -7.931319704092056 60 56 45 0.90920298723415527 24 222 20 1361 23 176 22 1278 27 844 19 705
4869 22.81005258742865 -0.1141151049608027 -9.0833006944379342 109 87 50 0.75736524426159979 24 1195 20 1365 26 924
4870 23.051767708238796 0.022322144237700358 -9.53287520529536 22 10 0 0.8102124597192667 24 230 20 1366 23 184 21 285 22 260 26 143
4871 23.802290000763026 0.13879095652097526 -9.5768471474289303 75 43 20 0.69949685061413047 19 1138 20 1367 21 313 22 1298 26 942 28 128
4872 23.008089958599463 0.38084698954053453 -8.7517463811539269 121 56 64 0.98875302552345345 19 718 20 1387 25 158 27 199
4873 21.514025438176368 0.80194983243747131 -8.3890269553014214 64 6 4 0.50250597291739818 24 1205 20 1389 25 938 22 282
4874 25.669974266169515 0.8173443345892315 -8.4563461538282692 50 22 11 0.87751416851862873 18 772 24 1212 20 1400 23 1087 21 328 25 925 22 1313 26 955 27 873 28 737
4875 22.730957688206345 1.0308334326985558 -8.510936446245644 154 145 137 0.84151973653783452 24 1216 20 1401 23 1091 21 1262 25 929 22 1330 26 959 19 724 27 879 28 1156
4876 22.671488899469193 1.0273250405094974 -8.4749391743306983 154 145 137 0.87787333614956387 19 723 24 1217 20 1402 23 1092 21 1261 25 930 22 1329 26 958 27 880
4877 23.290987440647669 1.1796367475050906 -8.6734383601356662 36 9 5 0.90018023807483116 24 1218 20 1403 23 1090 21 1279 25 954 22 1328 26 970 28 740
4879 24.015095898875991 1.6354356364748419 -7.9222912208421343 140 103 78 0.81075377512110114 18 784 20 1427 28 758
4880 30.124329263804484 2.0510787530178654 -7.3650322293030817 70 60 42 0.77672422625899662 17 867 24 305 20 1443 21 387
4881 22.37535012617198 2.268030538390799 -8.1754773514035417 61 17 2 0.85512439973338472 19 753 20 1448 23 278 24 323 25 211 26 235 27 260
4882 20.295129038625291 2.4580889245884201 -8.9318032386765847 112 60 47 0.95791008510884179 19 1171 20 1452 21 1310 25 987 24 1251 26 1001
4883 30.559812842293201 1.5403425545062694 -1.0293165162241531 197 187 178 0.85508564708346635 17 205 20 1459 21 1794 22 1378 27 912
4885 26.967542140221347 5.4362142150869248 -12.492496285574846 30 21 12 0.73275869944279171 19 1174 20 1473 21 1321 27 929
4886 28.46682586251551 4.4163830176024037 -6.5734816718244202 53 43 34 1.1830752691421738 18 243 19 770 20 1475 23 1127 25 1450 22 1383 26 1008 27 932
4889 29.377575689795428 5.2488664767085131 -4.74874980000767 48 31 10 0.9305745436498718 24 1263 20 1486 28 1202
4890 26.370955722652003 5.7748609301744587 -9.6250638799070458 123 116 107 0.89614153983895706 24 1757 20 1488 23 1688 21 1329 25 1475 27 1379 28 1196
4891 31.805310472367502 6.4006968430002802 -6.2292353396491356 106 90 59 0.64014718625382772 24 437 20 1508 23 1149 26 1025 28 1203
4892 25.82407590321478 6.1901193878052378 -10.079386065534742 34 14 18 1.1851996147657766 24 449 20 1516 21 499 25 272 26 284 27 304 28 817
4893 22.607313845052659 5.8245414248255711 -8.9225019229813363 63 59 56 0.65089632110330153 19 260 20 1517 21 1346 23 1160 25 1030 26 287 27 319 28 834
4896 25.346935972771039 6.6593136352683659 -8.7942780598786108 14 5 2 0.75867906815800468 19 1204 20 1528 23 1179 24 1776 21 1361 25 1483 22 1417 26 302 27 314 28 843
4897 23.476751882228758 6.6601603961178597 -8.3337271134740725 151 132 109 0.76316711262561998 24 1338 20 1529 23 1182 21 1379 25 1054 22 504 26 334 27 974 19 1217 28 845
4899 30.698054225193836 7.3808737453048501 -5.6464684728024981 39 46 45 0.55334091156562337 24 1327 20 1541 23 1171 26 1601
4900 27.625202896706121 6.9755315635597679 -5.6172982476360058 112 79 76 0.72813067873932391 24 1781 20 1542 23 387 21 1372 19 817 25 1045 22 493 26 1057 27 989 28 854
4901 25.123270124941328 7.162876392914769 -7.2784257683216227 148 129 102 0.90708540311835606 18 1214 20 1546 21 1375
4902 24.230731659145455 7.2150864952033125 -7.9132661898916448 35 17 3 0.89606213273524227 19 1241 20 1551 21 1378 25 1089 22 1964 24 1807 27 994
4903 24.032279420873603 7.1348708644239274 -8.3342095528321725 27 9 1 0.6506148558503273 19 1240 20 1552 23 1725 27 1431 20 2433
4904 23.661134825021165 6.8833313219845245 -8.4885415338437742 61 47 20 0.62803434784532319 19 844 20 1553 23 1726 21 1835 25 1495 22 1951 26 1063 27 976 28 323
4905 31.531847845145339 6.6317360670941277 1.2337841064125408 164 158 144 1.1846837465814331 24 1322 20 1566 23 409
4907 24.776987480518109 7.6639686894669499 -7.062643894594812 45 38 25 0.70916703314076002 19 355 20 1579 21 593 25 1532 26 1625 27 1009 28 873
4909 26.928225081210481 8.3307145858708758 -5.9202887362116554 101 61 4 0.74405756850980964 18 934 20 1592 23 1267 25 1111 22 583 19 353
4911 20.871100494080988 7.6082179386963364 -7.3230845077088382 80 76 75 0.99061059843592192 24 1449 20 1597 23 1276 21 1423 25 1551 22 2013 26 1107 27 1028
4912 25.699538311141929 8.4893138916163391 -5.6321867489962596 136 123 101 0.62843492552097324 16 934 20 1619 21 665 25 471 22 2009 26 429
4913 25.268296056410342 8.4917302074246006 -5.4440207156721003 48 31 11 1.0889598371563156 24 1835 20 1620 23 1787 17 1270 21 1893 25 1140 18 965
4914 20.374895496914895 7.6107314057276962 -7.2289251121629681 136 127 84 0.65346355768534059 19 912 20 1622 21 669 22 1510 28 372
4915 20.004358435256947 7.4686410144612765 -7.0422066228555327 136 127 84 0.87669086172208976 19 911 20 1623 23 1792 24 694 21 670 25 1553 22 1509 26 1144 27 419 28 373
4916 16.164173812567437 6.3534131790950683 -6.4277449505019213 55 49 43 0.60911072066991789 19 928 20 1627 21 674 25 478 27 421
4917 28.127035289093325 6.5485332111712378 6.1686590433220978 97 99 83 1.0012031670434802 18 874 19 876 24 1388 20 1638 23 1281 25 1126 26 1151
4918 27.116780324062773 6.5002806214030633 5.7332481609673493 7 5 8 1.2405344759917711 24 1393 20 1639 23 552 22 676 26 440
4919 21.585461459932567 8.3239476145468316 -6.9704628648440892 65 58 46 0.90751759905401741 19 1307 20 1660 26 1142 22 664 27 1044
4920 20.265749175183121 8.1762893382122108 -6.7641710449011256 39 36 37 1.4793282161996903 24 1481 20 1661 23 1318 24 1871 21 1917 25 1571 22 2035 26 1172
4921 26.131780442316412 7.6132077988118976 2.3537673723832975 34 38 38 0.70482535908808863 18 951 20 1674 22 683
4922 25.603332126053743 8.7440720926944504 -1.6901546607680553 220 215 211 0.41025384256356867 24 1462 20 1679 23 1310 21 1474 25 1178 22 1556 26 1189
4923 24.753522457408316 8.763009732109559 -2.5941636954953236 58 54 45 0.97807542028860583 19 423 20 1680 23 618 25 533 26 484 27 1072 28 406
4924 25.907955199789843 9.0502976805850714 -3.3197699369818716 63 62 58 0.73540859175092865 17 1008 19 1298 20 1682 16 942 23 1313 25 1159 26 1192 27 1075 28 1273
4925 21.506919977139482 8.8223074067563338 -6.658118233488012 109 101 90 0.79341394227029449 19 939 20 1685 23 1317 21 1476 25 1569 22 1561
4926 15.791608321009569 8.1077378861297191 -6.2879644402166743 176 116 105 0.57574213800780627 19 473 20 1726 25 1212 27 464 28 908
4927 15.951215608429965 8.5467781363008282 -6.2004071332706889 164 121 115 0.57524828230371938 19 1334 20 1735 23 1347 21 1524 25 1223 22 1602 26 1220 27 1090 29 820
4928 16.039727754549958 8.7014082701373283 -6.2666768796096575 57 42 44 0.52420278115119778 19 1335 20 1741 23 1348 21 1525 25 1226 22 776 26 1226 27 1093 28 1285 29 1127
4930 21.179365735374379 15.719400582591469 -4.4411584694641837 38 21 12 0.32117621966403381 16 980 20 1785 27 1112
4932 19.789155239336452 15.727088068610172 -3.7856916792667117 62 67 69 0.34751096458082648 17 1053 20 1809 23 1405
4933 21.152864074781366 16.62335264351864 -2.7794086434777738 129 114 110 0.35380002120149784 19 1005 20 1816 21 1575 23 784 25 1261 22 905 26 607
4934 19.61260715198155 15.906512071691203 -3.4840005563442578 44 43 48 0.24757112811303206 17 1318 20 1819 27 1539
4935 19.631866727238116 16.049794134914269 -3.583682860204545 153 149 155 0.61393284689282435 17 1064 20 1820 29 427
4936 19.975813291151798 16.339130693427393 -4.4407563420030804 17 17 22 0.25453960757191735 24 937 20 1821 23 795
4937 19.614561249178809 16.194454677299017 -4.4008437854924383 47 39 42 0.65820339144342854 17 1067 19 1022 20 1823 21 1582 26 1271 27 1135
4938 19.728112143242676 16.825016154949065 -5.3223340799493171 73 62 63 0.24846834347534133 24 965 20 1827 26 619
4940 20.894042047847392 16.979966763499924 -2.184454861555428 126 108 103 0.64948591389330423 19 1027 20 1831 23 1422 21 1598 25 670 22 971 26 1747 28 989
4941 20.894677303026075 16.975467302563352 -2.1814597319420272 126 108 103 0.56874975695729879 19 1028 20 1832 23 1423 21 1599 25 671 22 972 28 988
4943 19.576258076631699 16.468997743033945 -3.3321294911888102 43 38 44 0.4738748381776744 16 594 24 1564 20 1835 23 818 21 943 22 951 26 1295 27 1154 28 976 29 877
4944 19.415283491167827 16.876715466400398 -5.1555393056348802 63 56 48 0.56905958095827103 24 1567 20 1836 23 821 21 1589 25 1286 22 955 26 622 27 1145 28 962
4945 19.607933499554704 17.242075373145653 -5.4562851052548718 43 27 11 0.29121602868604879 24 1934 20 1837 22 1672
4946 20.088691331930768 16.879104191388283 -2.4643001575090175 68 72 75 0.42381738390469909 24 977 20 1842 23 1432 25 1282 27 1551
4947 19.679769497634847 16.725191291968013 -3.2790990164110632 23 22 27 0.64082454740458106 16 1014 17 667 24 1939 20 1846 23 1892 22 1680
4948 18.997867260181575 17.12428442154906 -4.4372496243740516 103 105 110 0.4046100939597207 24 1591 20 1852 23 842 22 985 28 546
4949 19.311156375023369 17.700372588939704 -5.418884752172314 80 70 65 0.5154373915425331 24 1595 20 1853 23 849 21 1609 25 1298 26 1302 27 1158
4950 19.314427976254091 17.749261314732497 -5.2906089812858239 16 14 17 0.53512665959344041 24 1594 20 1854 21 1610 25 1297 22 1690
4951 21.729347016070417 18.137511854783575 -1.125138231364688 141 124 117 1.054175609853828 16 580 20 1856 21 2000 25 697 22 1695 27 655
4952 19.684533484315022 17.06126113152586 -2.7500885892349132 186 180 182 1.0817313419272283 15 876 16 1022 17 683 20 1861 23 1434 17 1086 21 1620 22 1705 26 1313 26 1318 28 1336 27 1893
4953 19.618824558216314 17.159916173783969 -2.4308188803184283 33 27 29 0.55396959397407919 15 874 20 1864 21 1619 22 1703 28 1355
4954 19.571916985427109 17.241181255992053 -2.6922611843500395 155 151 152 0.87898889774487543 16 1026 20 1865 23 854 25 720 22 1706 24 1003 26 662 28 1011 27 1568
4955 19.114459019921672 16.97734211044656 -3.7228422740171427 74 69 75 0.40004007393812657 24 1008 20 1868 23 839 25 704 28 544
4956 19.460927213094902 17.116194848187455 -2.2012953293557649 99 93 95 0.77883044325620443 17 680 20 1872 25 717 26 680 24 1586
4957 19.319755189303933 17.471494423660051 -2.4326149589695301 144 142 143 0.57901374944932393 17 716 24 1601 20 1873 23 1465 21 1628 22 1024 26 1767 27 1198
4958 19.19059011776848 17.160002947731542 -2.6984647286927248 48 44 43 0.67237522095406255 17 714 20 1874 22 1022 26 682
4959 19.2186909263222 18.475014235369819 -5.2569858074223426 139 132 133 0.46759850533335218 24 1037 20 1878 23 1475 21 1001 25 1328 22 1711 26 1347 28 1327
4960 19.210818673033661 18.462283823891141 -5.2502583133484446 139 132 133 0.40724540476212479 24 1038 20 1879 23 1476 25 1329 22 1712 26 1348 28 1328
4961 19.190897694022532 18.458198609470745 -5.1220751729818241 19 14 19 0.64198010507896419 24 1036 20 1880 23 885 21 1631 25 755 26 1349 27 1191
4962 20.150098937653297 -9.7401361319710364 -8.1124710325574156 82 68 45 0.69751127277459801 19 1046 20 1884 21 1681
4963 27.114357736790907 -12.96566627968661 -3.4490367751805024 156 129 100 0.36675106256137258 16 92 17 778 20 1891
4965 23.019956667361871 -10.54540688475643 -6.3394921831299014 58 45 36 0.52077893097329919 19 1065 20 1913 23 1522 21 1692 22 1780
4967 30.790742084321263 -11.901428921775958 -5.0849489753886603 96 86 69 0.66727778562293016 18 1095 20 1932 23 1954 24 1986 25 1980 22 2201 26 1858 27 1258
4968 29.228003264167938 -10.909081166182574 -5.3381851776878673 112 94 70 1.417505130079266 17 822 20 1933 25 816
4969 27.40150850185665 -10.528467577136245 -5.9474263142000225 87 69 49 0.23385566176027242 24 1664 20 1936 25 820
4972 29.001587005806496 -10.218363404046764 -7.1470708026178711 105 93 79 0.40595772818912684 18 1102 20 1941 23 1546
4973 23.011173875369341 -6.4242277431531738 -11.10709441274475 151 147 136 0.69918401146474407 19 1106 24 1997 20 1960 21 2070 22 1814 26 1462 26 1878 28 1064
4974 23.113932359248643 -6.4543518465621901 -11.178424571648932 151 147 136 0.76536209742772421 19 1107 20 1961 22 1813 24 1996 26 1463 27 1272
4975 22.964616787415686 -6.3586608503440587 -11.313370812044834 74 70 59 0.78038033531151585 24 1676 20 1962 21 1157 25 1377 19 1109 22 1201 28 1065
4976 23.068969363223772 -5.3836333345643803 -9.9558915818063483 94 87 80 0.49520355118395271 19 1114 24 1679 20 1968 21 1722 25 1385 22 1827 28 651
4977 23.969098169017371 -5.1647853711467642 -9.9890371773743034 162 155 145 0.46129436701999454 24 1682 20 1972 23 1022 21 1188 25 1392 26 879 27 795
4978 20.367448874610385 -3.5338488180801981 -10.035504307019249 88 72 57 0.10188989881542913 19 675 20 1976 26 905
4979 19.977494556852719 -3.5030344265622948 -9.991408180141514 57 41 26 0.57244729125537508 19 1417 20 1978 23 2006 21 1742 25 1741 22 1840 26 1496 27 1659 22 2252 28 1087
4980 19.916763176271566 -3.5318216875058543 -10.262725381711276 89 71 55 0.74870284482238003 19 1123 20 1979 23 1595 21 1215 25 1397 27 820 28 669 29 589
4981 24.295521950355365 -4.0984784440787703 -9.4710904231644779 119 111 100 0.67771533365761805 19 1125 20 1980 23 1596 21 1211 25 1400 24 1690 22 1841 27 815 28 1090
4983 23.280882368478665 0.1524434048980923 -9.11103733414987 131 92 30 0.89942311682386644 19 1135 20 1997 23 1059 21 1240 25 1420 22 1297 26 944 27 1308 28 1455
4984 22.249290979452201 0.64555031342915759 -11.03677017031926 37 30 24 0.69366047166376077 19 1139 20 2005 28 719
4985 23.097981400682553 0.51306324683736171 -9.3575061610901855 55 10 3 1.1350812185510786 24 1715 20 2014 23 1625 21 1763 25 1763 22 1862 26 1531 27 866 28 1146 19 1434
4986 22.352552896636052 0.48396395233624689 -8.8886287621524414 55 10 3 0.89101697968587423 24 1716 20 2015 23 1626 25 1764 22 1863
4987 22.44945664454502 0.75765881044438621 -8.8403071920790648 69 10 5 1.0795490134924253 24 1203 20 2017 23 1072 21 1259 25 931 26 956 27 867
4990 32.237608692211815 1.2184292261308778 -1.3113095475141519 193 183 174 0.69436902090975361 24 1728 20 2037 21 1792 25 1434 22 1901 26 1562
4991 23.246487717228323 1.9175193022567829 -7.6836395318156274 120 95 73 0.61427745230039177 19 751 20 2043 23 1654 21 1787 25 1438 22 1896 26 987 27 901 28 1173
4993 25.19160642563088 5.1895084518676713 -10.899083781552193 28 13 8 0.9277340292719195 19 1173 24 1751 20 2060 23 1678 21 1320 25 1460 22 1386 26 1570 27 928 28 798
4994 25.458097359335557 6.0496589637217406 -8.7855787091268844 23 26 41 0.96680508395655163 19 1194 20 2074 23 1698 21 1343 25 1476 26 1032 27 1378
4995 27.271628315290776 6.6893155909409696 -5.7719998553992626 147 75 72 0.6432937524390987 24 1774 20 2077 21 1831 25 1041 23 389 24 1309 22 1945 26 1602
4996 24.800134636793604 6.6286671424752566 -7.604130361958191 144 119 97 0.97446591830988205 24 2088 20 2081 23 1178 22 1948 28 1218
4997 23.066521556667499 6.519729478869114 -8.4256206930722808 163 152 130 0.95417004290745988 19 1486 20 2082 26 1049 23 1181 24 1787 27 1417 28 1221
4998 22.748876869889003 6.589786860476365 -8.8587688499564354 31 28 19 1.3215071880210822 19 1674 24 2089 20 2083 23 2093 25 1828 22 2339 26 1611 27 1760 28 1529
4999 21.313330370534128 6.3420259804251957 -8.9503983950584747 11 4 0 1.0243723490390098 24 1788 20 2085 23 2096 21 1826 25 1059 22 1438 26 1051 27 1419
5000 23.729902358703605 6.9952180698484989 -7.0870171185515822 114 92 68 0.30037320085946412 24 2099 20 2093 21 1847
5001 22.630809489022944 6.8020626772613557 -8.0477171527099021 138 129 95 0.99096139703623942 19 845 24 2100 20 2095 23 2113 21 1836 25 1837 22 1952 26 1609 27 1418 28 1232 29 778
5002 30.613246310102976 6.8395373984328396 1.3358919946142451 13 5 5 0.78925834006845152 24 1797 20 2098 23 1225 21 1855 25 1070 22 1977 26 1633
5003 23.850074292924411 7.5942079654599102 -6.9601862768425242 132 125 105 0.64550320416409668 24 1825 20 2101 23 1753 21 1418 25 1533 22 1487 26 1643
5004 17.039458046699309 5.8478241975334679 -6.4984710659566121 45 75 120 1.4209021012970631 19 1281 20 2107 23 1243 22 1968 21 1851 26 1083 28 861
5005 15.59805250977467 5.5075856045203304 -6.6438714383440356 61 83 130 1.6832541355388189 19 1708 20 2108 23 1244 21 2183 22 1970 26 1629 27 1770
5007 30.026014477088118 7.6198423267888575 -0.1434394531760928 105 104 96 1.1441134944038247 19 1501 20 2119 22 607
5008 29.472558986534267 7.5648148338355643 -0.94665566093620412 101 98 86 0.8677903861062598 19 858 20 2121 18 406
5009 28.645632103137842 7.7823668163862907 -1.2618991868905816 33 23 15 0.69037479796290968 19 1255 20 2125 25 1105 26 1662
5010 25.899525329427096 8.0534002534144875 -6.4451986607793534 133 115 105 1.6173391874958771 24 2461 20 2127 23 2546 21 2193 25 2060 25 2218 26 2296 27 2032 22 2760
5011 28.030867918463237 7.016914452470723 3.3451011922823004 13 12 10 0.84842663827087395 14 686 15 347 20 2143 22 2025 24 1399
5012 27.373341763895276 7.0518712003242134 1.0981739670819042 129 126 112 0.6157699732020705 15 991 16 1166 17 1216 20 2146 23 1767 22 2002 26 1657
5013 24.857841826950434 8.548012962406494 -5.7355381847600793 108 92 72 0.84027177211232973 18 1258 24 2124 20 2151 25 1547 25 1866 22 623
5014 21.106012722124518 7.8480298073924795 -6.37827905478294 84 77 71 0.86439233419824757 24 2140 20 2152 23 2153 21 1896 25 1876 22 2012 26 1666 27 1475
5015 15.772946795532418 6.1988942818504098 -6.8729248760345767 89 97 100 1.2549772917299069 19 1289 20 2154 23 1775 25 1555 27 1020 28 880 29 795
5017 19.845589894124682 8.2949054710630339 -7.014796913514596 141 133 53 0.73306604622033356 19 1316 24 1483 20 2167 23 1805 25 1573 22 2036 26 1175
5019 15.624020566123928 6.6147802785253722 -6.7982642921993541 87 97 103 0.74697584316418331 19 1539 20 2170 23 1305 21 1900 25 1879 26 1671 27 1463 29 1115
5020 20.946107602455445 8.7619651793922948 -6.2138777007908281 123 106 90 0.83328605047552329 24 1888 20 2180 23 1820 21 1928 25 1582 22 2052 27 1483
5021 23.39846398083186 9.6794331760090486 -2.8193189234851652 112 86 68 1.2414960392659593 24 1893 20 2191 23 1829 21 1506 25 1586 17 1283 22 1589 26 1215 27 1829
5022 16.195452458595948 8.4804915604996509 -6.2092434065191835 138 78 77 0.60086175044453682 19 1329 20 2199 21 1515 23 1340 25 1211 22 1594 26 1710
5023 15.747101967271194 8.3142395958127739 -6.4804257243443137 105 83 81 0.65351406389841638 19 1330 20 2202 23 1341 21 1516 25 1214 26 1223 27 1091 28 414
5024 15.562312427733978 8.9906581646153256 -6.8200138796285916 127 112 106 0.46577635671638151 19 1559 20 2205 23 2189
5025 15.303067601649245 8.9154430668293809 -6.5789666367396054 66 43 33 1.0605888424762482 19 1336 20 2206 25 1597 29 1128
5026 20.415960814811339 15.776150901480435 -5.1452350348722522 23 12 5 0.59204952524392596 19 1350 20 2219 23 1871 21 1552 25 1618 26 1736 19 1584 27 1526 28 1297 29 1138
5027 20.388507717920078 16.15311256216879 -4.9924313479931302 111 112 115 0.5163826093815872 24 2197 20 2221 21 1975 25 1619 22 2437 28 1816
5028 22.603538202248931 12.666537172165816 7.8621070472575214 121 83 55 0.77255368926499046 24 1534 20 2227 23 1385 25 1612
5029 21.862271057828579 16.93739989142329 -2.8008640078879665 37 17 18 0.59536706895388791 24 2196 20 2229 21 1574 25 639
5030 22.301411361414747 18.278199762956003 -1.1680420139652767 44 25 19 0.91133475207528181 16 998 20 2238 22 2670
5031 20.058637664063063 17.14500513538102 -2.5388442888128151 34 34 35 0.11160710470562658 17 1083 20 2241 16 1010
5032 19.866772247532619 17.021777788570454 -2.7860630083264657 36 34 39 0.91514183849773001 15 1071 20 2243 22 1683 26 661 17 681 28 566
5033 20.585680610250762 17.311562606184214 -1.4652751746989294 168 153 150 0.10922125965148249 17 1070 20 2248 15 1070
5035 19.318150537230604 17.254884780255829 -3.3539718027428362 26 25 30 0.39268892022070961 24 1948 20 2251 23 1909 21 973 25 1650 22 1707 26 1320
5036 22.0737076442892 18.736897787245905 -0.89474696358293615 110 96 87 0.2590022314755801 24 1942 20 2256 23 1905 21 1999 25 1643 22 2129 26 1341
5037 22.07700952533137 18.926710144673649 -0.84926128389042987 108 94 85 0.44242424098169764 24 1943 20 2257 23 1906 21 1635 25 1645 26 1357
5038 20.735163600727009 17.712780523666105 -1.0594093627835752 116 101 98 0.68653736331792636 15 544 17 1081 20 2259 21 2002 22 2130 24 1945
5039 18.747885921380014 17.602167971937092 -3.922885096985905 6 1 9 0.84369269946913095 24 1961 20 2267 25 1325 22 1723 21 993 26 1771 27 1573 28 1341 29 1394
5040 18.677706982808417 17.36313547835805 -4.079724967489021 84 79 86 1.0544400109880134 24 1960 20 2269 26 1773
5041 23.098249325474509 -10.299867696895355 -6.5349564673164 134 115 85 0.51020268495044552 18 1314 20 2282 25 1972
5042 29.882582071610887 -13.039019614842235 -2.1649771633390498 153 145 124 1.6483720185362691 15 896 20 2287 23 2272 21 2043 22 2497
5043 25.480001090929491 -11.217636755972135 -5.9821516438968976 116 96 71 0.81147655040031941 18 1084 19 1089 20 2289 21 1697
5044 29.340519519282253 -10.170642228309669 -6.9786265745107601 107 90 78 0.75220419734799138 15 1096 16 1082 20 2305 23 1961 18 1103 25 1372 26 1874
5045 21.599298049008468 -6.3077595425382258 -11.373828690968553 37 30 22 0.5634240493717334 19 1614 20 2310 23 2289 25 1716 26 1880 27 1636
5046 22.458503378400696 -6.0551613714609598 -10.97152266285107 207 200 190 0.34684453570375473 24 1998 20 2315 23 1972 21 2073 25 1718 22 2217 27 1638
5047 22.672546896870593 -6.1140715859397492 -11.123217990719294 207 200 190 0.2027697933248559 24 1999 20 2316 22 2218
5048 21.07096605812108 -5.603814389202979 -10.401982988417526 40 34 24 0.44112343444544888 19 1400 20 2317 23 2290 21 2075 22 2219 26 1886 27 1639 28 1382
5049 22.579339966497088 -5.6463246948966717 -10.551880316126711 103 93 81 0.21888879406545661 19 1403 20 2323 23 1977 21 1723 25 1720 22 1822 22 2224
5050 22.76752650485227 -5.4688832449515825 -10.593497966958815 97 87 75 0.74633033032438256 19 1408 24 2006 20 2324 23 1572 21 1724 25 1725 26 1892
5051 21.18057138137133 -5.0830621824764517 -10.564961247695521 71 75 61 0.32685227676085254 19 1404 20 2325 23 2294 21 2082 25 1988 22 2225 26 1895 27 1277
5052 19.608390775586656 -4.5122841741443249 -10.758483639985595 28 46 32 0.63555944717613977 19 1405 20 2326 23 1980 21 2083 25 1728 22 2226 26 1899
5053 24.323222079221608 -5.9092675283365343 -10.136746165639995 141 134 124 0.48106954474822555 24 2252 20 2333 23 1986
5054 21.509595147413986 -4.8172254505399117 -10.521070495498368 203 195 191 0.42270595862014948 19 1411 20 2335 23 2296 25 1993 22 2235 26 2224 27 1646 28 1396
5055 20.131789064404607 -4.1603448989943441 -10.117425891120009 88 85 68 0.40140086632313976 19 1618 20 2336 23 1995 21 2087 25 1996 22 1831 26 1902 27 1647 28 1669
5056 24.050240878025441 -4.5952733512997286 -9.5420963460372388 157 149 136 1.0047803238115465 24 2010 20 2342 23 2299 21 2094 25 2165 22 2707 26 1907 28 1402
5057 23.139027165750388 0.28245263361717099 -9.4119851520054247 114 78 62 0.8808631191310845 24 2020 20 2361 23 2019 21 2107 25 1760 22 2268 26 1946 19 1429 27 1672 28 1457
5058 23.65476434315697 1.0569125512280648 -8.265242100533964 89 55 53 0.82674829145328332 19 1441 20 2371 23 1630 21 1768 25 1768 26 969 27 1322 28 1473
5059 21.792546524360258 1.1798811251486059 -8.6640011590319599 22 3 2 0.69558953239380206 24 2275 20 2372 21 2116 25 2177 22 2283 26 1957 27 1324 28 1474
5060 23.14774569763452 2.2981216506164666 -7.8534229537113811 41 22 8 0.79671335346422034 19 1449 20 2383 21 2136 27 1357
5061 26.674732933248894 5.2346284286416314 -9.8678085917825751 137 127 113 0.58816723502121215 19 1457 20 2398 21 1801 27 1721
5062 32.947120875704641 5.5688956761007997 -6.1575874448176924 82 70 54 0.6884467997385546 24 1755 20 2403 23 2055 25 1455 22 1920
5063 30.47385316770125 5.7841637470587699 -5.8724467027997207 99 89 80 0.82631978908782477 18 1353 20 2405 27 1739
5064 26.430066423738097 6.1146824398132775 -9.8191455550941953 47 38 37 0.82129995355363239 19 1469 20 2406 25 1812 26 1989 27 1734 28 1516
5065 33.531392989125116 7.3650843085836701 -4.9628901703453092 108 97 72 0.32449674357325536 24 2071 20 2416 23 1706
5066 27.33921917173835 6.4152057866890653 -6.3838144871953846 119 80 50 0.95438382446908587 17 1569 20 2419 22 2330
5067 24.272338340141012 6.5242744740754919 -8.1721747212067619 170 153 135 0.74396610981261313 19 1671 24 2310 20 2422 23 2092 21 2164 25 2043 22 2332 26 2001 27 1757 28 1528
5068 27.713324242560489 7.2576020282211182 -5.6436594881057429 106 78 64 0.78973623311635077 24 2315 20 2428 21 2166 25 2041 22 2346 27 1767 28 1545
5069 24.299933135876287 6.7955697272441054 -8.0720516433666134 75 50 31 0.59618237330499413 19 1672 20 2430 23 2090 25 2045 22 2337 26 2005 27 1758
5070 24.232656480732995 6.77930062969887 -8.0273999264696005 75 50 31 0.51086919313632984 19 1673 20 2431 25 2044 22 2338
5071 24.713453522291548 7.1944940897263585 -8.3314446974002543 143 122 103 0.37723872372034917 19 1682 20 2432 23 2112 26 2007 27 1759 28 1538
5072 23.150529354083858 7.1974291192219724 -8.3492707970014965 133 130 100 0.74288311169596377 19 1493 20 2435 21 1848 28 1539
5073 20.916497686069665 6.4349873743682293 -8.5577038533294676 11 12 3 0.96599039345210558 24 1789 20 2437 23 2116 21 2169 25 1830 22 1953 26 2009 27 1761 19 1685
5074 30.65414818115044 8.2286956623158254 -4.6792849190864603 32 22 16 1.0458543639988753 16 1343 20 2447 15 1163 23 1747 21 2177 25 1503 26 2016 28 1553
5075 30.657416864531875 8.4510555253616442 -4.5610994750815843 28 19 15 0.7502595820687169 24 1802 20 2449 23 1748 21 2191 25 1846 22 2357 26 2032 27 1788
5076 30.572697824843228 8.4223646451140066 -4.5316524061702745 28 19 15 0.7178736944088856 24 1803 20 2450 23 1749 25 1847 22 2358 26 2033 27 1789
5077 24.649209291456266 7.7195791160910199 -6.177306888761338 16 9 7 0.77986380311941894 19 1257 24 2333 20 2462 23 2125 21 2194 25 2061 22 2360 26 2035 27 1776 28 1558
5078 28.052495836613225 6.6963180052763427 2.8263535275132403 4 5 1 0.39297304485778634 24 1818 20 2472 22 2365
5079 26.789774500109626 7.0708196241720831 1.4290124535600208 66 61 60 0.30429813091125546 17 964 18 1229 20 2474
5081 26.564041924484229 6.9000609733914766 3.7032007331736625 68 60 56 0.57854762730429976 18 1224 20 2486 22 2045
5082 25.14058460450498 9.3361128719002249 -5.4245304938855403 116 103 91 0.82764328380251084 18 1264 24 1852 20 2491 25 1568 22 1558 26 1681
5083 27.393541840183278 7.040004450228178 4.7699121206019184 63 65 66 1.0556080145905169 19 1509 20 2500 26 2324
5084 25.544582476749124 10.149694906310399 -1.9110611068833625 50 50 50 0.95667436572230158 24 2163 20 2511 25 1893 22 2403 27 1824
5086 16.301483538218431 8.6333026854929642 -6.1353643495885883 65 49 52 1.2360946242437085 19 1556 20 2522 23 2574 21 2449 25 2100 22 2634 26 2072 28 1585
5087 22.23864257665133 11.68416370827978 3.2317055199321238 70 34 15 0.35705906409365756 19 1564 20 2530 21 2252 24 1907 22 2080 26 1730
5088 19.745501507786603 16.601383948486312 -4.7479354336204533 51 37 36 0.62146866132151146 24 1931 20 2555 23 2222 21 2264 25 1277 22 2441 26 1285 27 1865 28 1606 29 1364
5089 19.745501507786603 16.601383948486312 -4.7479354336204533 51 37 36 0.62146866132151146 24 1932 20 2556 23 2223 21 2265 25 1276 22 2442 26 1286 27 1866 28 1607 29 1363
5090 19.110856429431458 16.754004113012698 -5.0161478884182102 163 156 148 0.52957533942949175 24 1940 20 2560 23 1894 25 1633 21 1982 26 1288 22 1671 27 1146 29 1151 28 963
5091 20.614045841451244 17.181311493001857 -2.8097435855735702 35 35 38 0.70474496846491974 24 1929 20 2562 23 2227 22 2113
5092 19.110765143466676 16.984269478030967 -4.1201924119731554 40 35 41 0.43765760033674755 24 2207 20 2568 23 2233 21 2279 25 1944 22 2454 26 1749 22 2114 27 1885 28 1620 29 1375
5093 19.112927678317618 17.055095084961451 -4.7170790952657171 187 179 177 0.41061300348146501 24 2208 20 2569 25 1945 22 2116 26 1750 26 2129 27 1871 28 1613
5094 19.799885241372952 17.436946539170592 -3.173159465803856 18 18 20 0.335344441506711 24 2215 20 2573 23 2238 21 2283 25 1940 26 2137 27 1894
5095 19.375496355034233 17.40333038054743 -3.0551236901405097 134 131 140 0.70567589593705438 16 1242 20 2575 23 2239 21 2286 22 2461 26 2139 27 1895 28 1851 29 1390
5096 18.741570890775186 17.081050324597644 -3.755363624069449 52 46 51 0.47781681965734385 24 1951 20 2576 21 1993 25 1652 22 2121 26 1325 27 1571 28 1339 29 1385
5097 27.264384762887733 -10.790578129870175 -6.5081460624151237 88 67 41 0.48139305705965363 24 1985 20 2594 22 2501
5098 28.081594350349235 -10.05341641603823 -7.085990938749946 97 84 68 0.99975682926296727 18 1328 24 2243 20 2597 21 2313 22 2506 26 2207 27 1926
5099 29.130661178879237 -9.8260529570840927 -6.4564405888384444 85 72 55 1.1987553490006855 15 911 24 2247 20 2598 16 1086 22 2511
5100 32.294305074897487 -10.635402091373294 -6.6085802632910067 125 115 103 0.98848645528490975 24 2245 20 2600 23 2282 27 752
5101 22.066968078832751 -6.4496736657759577 -11.096870804681767 61 55 43 0.54349304515028674 19 1613 20 2602 23 2288 21 2321 25 1986 22 2516 26 2217 27 1634 28 1657
5102 20.258393545232792 -4.6921998020757396 -10.174736695500904 165 161 144 0.35354851917842933 19 1764 20 2604 23 2482 21 2326 25 2160 22 2520 26 2222 27 1937 28 1666
5103 22.200811068236646 -5.0853303787910331 -9.8974875954667816 164 157 147 2.3553274378491835 19 1763 20 2607 23 2481 25 1726 24 2005 22 2700 26 1893 27 2130
5104 21.00662226602395 -4.3673752619347299 -10.15056031237577 38 31 21 0.40887631414442388 19 1617 20 2610 23 2483 21 2515 25 2163 22 2701 26 2430 27 1939 28 1667
5105 24.789032192619075 -3.5601775095711727 -9.3548044383681077 142 127 103 0.57194713556629184 24 2261 20 2616 27 1950 28 1682
5106 31.391855300337141 -0.53721135689267063 -8.1754639320338551 136 133 117 0.80525518747248359 24 2268 20 2624 23 2492 21 2343 25 2008 22 2532 26 2442 27 2145 28 1895
5107 23.324788238804398 -0.11173132691967447 -8.6992690836802655 185 151 39 0.82955912724682435 24 2269 20 2626 23 2315 21 2341 25 2006 22 2534 26 2237 27 1960 28 1704
5108 22.314588242455297 0.21821399889541801 -10.639375223879926 65 58 52 0.82537522518969542 19 1627 20 2627 21 2342 22 2264 26 2238 27 1962 28 1706
5109 23.718893502275481 1.0323578638360262 -7.8042314325873425 96 45 46 1.0901009185920383 24 2274 20 2636 23 2325 28 1472
5110 20.415180260205709 1.4038345492527569 -9.2717409565801034 121 73 59 1.2957168542294177 19 1636 20 2638 23 2327 21 2123 25 2179 22 2553 26 2256 27 1976 28 1476 29 1477
5111 26.773589610585599 1.2143490737101641 -7.2434416763322682 145 141 132 0.45404343947338399 24 2420 20 2640 23 2332 21 2360 25 2018 22 2550 26 2252
5112 27.852819573302888 1.4350731716728404 -7.3421123641907267 6 9 11 0.72345703865304956 24 2422 20 2641 23 2508 21 2358 25 2176 26 2453 27 1980
5113 18.327830699972633 2.2404988483695423 -8.7257675665618208 75 67 64 1.2519213512285519 19 1787 20 2646 23 2517 21 2369 25 2309 26 2261 27 1708 28 1736 29 1292
5114 31.629145858393439 6.0581878310200361 -6.507325242115658 98 87 82 1.1010160036741623 19 1653 20 2654 23 2348 24 2300 21 2380 25 2033 22 2567 26 2268 27 2005 28 1758
5115 26.998770900318725 5.9324206492406351 -6.3076117046200464 72 22 4 0.60510107327920593 18 1625 20 2657 22 2329 26 1998 27 2012
5116 27.609600947291327 6.1490624013585995 -5.9069953899349539 162 116 119 0.67469854125947226 24 2308 20 2663 23 2349 21 2385 25 2035 22 2573 26 2272 27 2011 18 1509 28 1761
5117 30.333173077494241 6.6031570537227022 -1.1666428672164511 63 53 47 0.5364329880943326 19 1207 20 2667 23 2354 21 2398 25 1821 22 2582 26 2287
5118 33.667929262896187 8.0208364438902482 -4.397382014811611 84 75 70 0.43492472426955547 24 2313 20 2669 23 2355 21 2393 25 2038 26 2278
5119 28.498343823300456 7.1405336755491469 -5.6828089101374317 44 35 32 0.64803028735981538 19 1669 20 2672 23 2357 25 2040 26 2280 28 1768
5120 24.633965597924924 6.8554554013605902 -7.0047943491147393 174 157 129 0.63448264245318975 19 1681 20 2674 21 2395 22 2577 26 2282 27 2024 28 1770
5121 27.638661957504873 7.8890315481987772 -5.88696776958444 104 78 62 1.1893922613556416 16 1482 20 2680 23 2368 25 2050 22 2590 27 2031
5123 23.528763147833896 8.1891379237011694 -6.6709912267834737 46 27 18 0.63898062847084669 19 1523 24 2341 20 2701 21 2206 25 1868 22 2606 26 2051 28 1559
5124 19.478079905394463 7.4913606454787454 -7.1345521067830155 130 125 66 0.74954105790944936 24 2347 20 2702 23 2388 21 2419 25 2075 22 2607 26 2309 27 2040 28 1783
5126 28.450864777303575 7.2872219704505161 5.8459325246421407 58 58 58 1.0179142004789243 19 1697 20 2713 23 2156 25 1872 22 2394
5127 15.709719091446491 8.2021841686371602 -6.1741093519862185 95 68 69 0.59265592835216452 19 1851 20 2731 23 2411 26 2338 27 1821 28 1797 29 1519
5128 22.552546734632479 8.7425988262643273 2.3843369532222556 61 61 61 0.14306887633704848 18 1568 20 2737 21 2456
5129 15.837647458443769 8.6802760753322215 -6.3466851275596339 67 56 59 0.68892835128727481 19 1726 20 2740 23 2416 21 2242 25 2101 22 2415 26 2079 27 1830
5130 27.090303257762866 10.489079832141506 4.8632560075433595 58 57 62 1.2219778980124949 24 2371 20 2743 23 2420 25 2099
5131 20.019501559495875 16.466914713001565 -5.1320990946691545 23 22 30 0.64395894858667357 24 2390 20 2767 23 2436 25 2121 22 2656 26 2512
5132 20.004956026326891 15.809204099820629 -2.7468057952875684 161 155 148 0.21849501811882255 19 1745 20 2769 21 2263 22 2439 27 1863
5133 20.472619392124063 16.571812346547642 -2.3000647134178753 25 21 23 0.44585208000444787 24 2492 20 2773 23 2442 21 2480 25 2128 22 2663 26 2366 27 1870
5134 18.952798221422274 16.77503404244052 -4.2637883512990618 167 159 158 0.63365424836633333 24 2396 20 2777 23 2446 21 2482 25 2133 22 2668 26 2368 27 2212 24 2496 28 1957
5135 19.226559232466524 17.214234656650419 -5.0054892945417375 25 12 18 0.45860757307737071 24 2397 20 2778 23 2447 21 2483 25 2134 22 2669 26 2369 27 2088 28 1829
5136 19.099985430994792 17.17988953502859 -5.2139442696939966 100 88 92 0.61916648648206318 24 2399 20 2779 23 2234 21 2280 25 1946 22 2456 26 2131 27 2089 28 1830 29 1617
5137 21.030557447714177 17.527133406552267 -1.4139701866270262 118 103 100 2.0743216005234575 16 1397 17 1504 24 2202 20 2780 15 1211 25 2132 27 1579 28 1862
5138 19.208626594782491 17.394672596350251 -2.5754194515910118 35 37 36 0.43394711141188713 16 1412 20 2784 27 2103
5139 18.624861111775619 17.236261513806472 -3.4520829072972412 47 41 43 0.46736428215593007 24 2404 20 2786 23 2454 21 2289 25 2139 22 2467 28 1865
5140 20.141438709099379 -5.3967735809336421 -10.300287049544202 84 94 78 0.75953371584532881 19 1870 20 2799 23 2478 21 2512 25 2158 26 2425 27 2128
5141 20.420826941150334 -4.0970424721799255 -10.043032566503607 166 165 153 0.45624136545768296 19 1766 20 2803 21 2519 25 2284 22 2702 26 2432 27 2132 28 1880
5142 19.761060548416776 -3.6068149725911529 -10.51072766282679 47 42 28 0.64958147609088779 19 1769 20 2804 23 2487 21 2520 25 2168 22 2703 26 2433 27 1941 28 1675 29 1565
5143 20.980435354093238 -3.6390404003568375 -10.051603824425268 71 60 50 0.65726687727626931 19 1621 20 2805 23 2486 21 2330 25 2167 22 2522 26 2228 27 1946 28 1674
5144 24.436033922844366 -0.97152954943963099 -8.8287326475587058 69 22 31 1.0083805466004145 19 1773 24 2511 20 2808 23 2615 25 2286 22 2827 26 2556 27 2137 28 1886
5145 30.05249247166293 -0.83538382067314232 -7.9587267464139906 27 25 19 0.73751050280355757 24 2515 20 2813 23 2491 21 2524 25 2289 22 2717 26 2437 27 2143 28 1896
5146 21.24297959448656 1.754294437929556 -8.5088790795983353 152 104 96 0.73392065508416715 24 2526 20 2827 23 2633 21 2544 25 2307 22 2730 22 2844 26 2456 27 2156 28 1908
5147 25.587295538793558 6.1390450039012423 -11.507482487462756 21 13 11 1.0582779272290379 19 1796 20 2837 22 2315 27 1737
5148 22.340907003979229 5.9566577861466117 -8.3236099256674638 59 56 51 1.4421691712708382 24 2443 20 2845 23 2353 20 2664 21 2389 25 2192 22 2574 26 2470 27 1747 27 2171 19 1662 28 1922
5149 23.676651271686108 7.4020190528569243 -12.252163522307004 31 18 12 1.1304686278912375 19 1803 20 2848 23 2643 21 2391 25 2200 22 2575 26 2471 27 2173 28 1924
5150 23.908898011202311 7.2102533844996612 -8.3937965306799907 36 18 14 0.71796471932739447 19 1901 20 2852 21 2661 22 2756 26 2473 27 2177 28 1929
5151 22.180226652486045 6.5756391464619623 -8.3086760741779742 152 147 140 1.331646086417458 19 1902 24 2449 20 2853 23 2540 21 2396 25 2199 26 2284
5152 34.100756647570009 8.857452176740372 -4.4892533493816096 79 72 65 0.38365126721212794 24 2454 20 2858 23 2544 21 2561 25 2210 22 2758 26 2475
5153 29.87744734721473 7.9843738930789696 -4.882817103170777 70 57 47 0.93744158269951861 24 2455 20 2859 22 2588
5155 19.80384264679634 7.2855511826448902 -7.1495108884801368 0 9 14 0.73069532048078356 24 2548 20 2872 23 2552 21 2569 25 2228 22 2766 26 2481 27 2185 28 1937
5156 19.809083170728226 8.4113003406515041 -5.9231312617721423 114 95 78 1.350224512877864 24 2483 20 2881 23 2569 21 2586 25 2243 22 2773 26 2497 24 2556 27 2192
5157 26.372105452534843 8.0596967830615327 3.7354733257628134 26 32 30 0.75972284719109584 18 1551 20 2883 25 2079
5158 17.254912060083463 8.6903772818702532 -6.1476535049404415 85 51 34 0.72354214034556075 19 1850 20 2888 26 2337 27 2061 21 2447 20 2730 22 2406 28 1794 29 1611
5159 16.874783205070774 8.7094148764446508 -6.1784672145905422 100 83 72 0.66251122122062023 19 1926 20 2890 22 2780 25 2248 27 2197 28 1795
5160 15.575569733033788 8.3844423834011597 -6.4097369120625407 168 105 87 0.80365981246404727 19 1852 20 2891 23 2186 21 2450 25 1900 25 2250 22 2067 26 2073 27 1823 28 1583 29 1520
5161 20.410322891669189 15.046887540649404 -3.9374120738984328 42 28 17 1.212921437913006 24 2488 20 2897 23 2578 25 2255 22 2652 26 2353 27 2201 28 1813
5162 19.817630954625898 16.885975232540833 -2.3586336577244769 43 46 46 0.335238240769833 24 2495 20 2904 23 2582 21 2601 25 2259 22 2791 27 2221
5164 22.661984434806524 -5.5759497470142945 -10.272842720208052 158 151 141 0.65470926452329181 19 1872 24 2414 20 2924 23 2607 21 2628 25 2279 22 2819 26 2551 27 2238 28 1979
5165 21.559350552942181 -0.19354348936638804 -9.1516759257671225 43 28 21 0.87449099450903001 19 1937 20 2934 21 2700 22 2901 26 2562 28 1988
5166 20.996454259447862 0.53028492252137061 -9.5589253197536195 47 39 37 1.4782583225461272 19 1874 20 2938 21 2646 23 2624 25 2294 22 2834 26 2567
5167 22.727647865066345 1.3514033253110806 -8.6821994289575919 39 21 19 0.85518242379123921 24 2524 20 2943 23 2630 21 2650 25 2303 22 2843 26 2573 27 2252
5168 33.638043048559567 7.6357136825065393 -3.4173518318453153 58 54 51 1.0687766141738031 19 1895 20 2954 21 2660 22 2856 26 2592 27 2330
5169 16.297600474190521 7.0745828707805387 -6.4028866652652443 53 50 55 0.65375500325930813 19 1972 20 2976 28 1942 29 1687
5170 16.583289768164679 7.1994692535832101 -6.5551093832177383 53 50 55 0.93620275539189057 19 1971 20 2977 23 2720 21 2733 25 2387 22 2865 26 2605 27 2281 28 2017
5171 19.666818200052845 8.9654620976243571 -6.7014976004475706 116 99 74 0.78632338759783316 19 1978 20 2984 21 2677 22 2871 27 2284 28 2021
5172 17.013155285916763 8.3903347477513961 -6.2051009952459903 109 95 83 1.3616543952867959 19 1924 20 2988 23 2728 26 2611 28 2022
5173 16.28220503674428 8.3777190077772197 -6.1343246226002197 62 59 62 1.2793232953528919 19 1927 20 2989 21 2680 22 2877 27 2289 29 1612
5174 19.941948959365099 16.38862270392179 -3.3321806359666919 174 169 175 0.66587194286813911 16 1634 20 2995 23 2581 21 2599 21 2685
5175 26.046622454642293 0.66663721383834995 -7.1010665504384889 8 13 12 1.4849762035148897 17 1732 24 2521 20 3010 21 2703 25 2360 26 2572 27 2309 28 2050
5176 22.170135647796229 1.7839068458442935 -8.3157959674809838 154 142 139 0.78683462333354082 19 1945 24 2587 20 3011 23 2694 21 2707 25 2362 22 2908 26 2644 27 2311 28 2052
5177 24.226068902622114 5.2615118271328338 -10.639264085024642 61 57 52 1.3413718976365181 19 2010 20 3016 21 2710 22 2913 26 2648 27 2320 28 2060 29 1774
5178 34.048298544047576 5.6028637580266718 -5.8767104882263146 105 98 77 1.0698892072803345 24 2591 20 3017 22 2912 26 2647 27 2323
5179 31.954418990811135 7.3423476024122589 -6.3632714822898446 119 98 45 0.51429893591623388 24 2636 20 3021 23 2705 21 2717 25 2414 22 2917 26 2653 27 2328
5180 20.446812792265984 6.6423213635419103 -7.8493264489448062 11 15 14 1.2011065574382314 19 2022 24 2600 20 3024 23 2712 21 2720 25 2378 22 2921 26 2658 27 2331 28 2067
5181 18.509803319032237 7.2962562671040505 -6.9308212545566192 34 18 14 0.4143620521689641 19 1918 20 3031 21 2729 22 2927 26 2665 27 2277 28 1938
5182 16.374530173427374 6.3602286049708532 -6.4056896590951125 53 49 46 1.0470369559447614 19 1967 20 3032 23 2717 21 2731 25 2429 22 2929 26 2662 27 2278 28 2013 29 1683
5183 16.445258427343813 6.8467571673678007 -6.7045304844308395 143 62 57 0.59944324054780518 19 2031 20 3035 25 2385
5184 16.620662803697957 7.8694884669356533 -6.3369149025072842 64 55 56 0.81131973730120777 19 2035 20 3042 26 2672
5185 23.109385212644924 9.6477304624505287 -2.4421790492821684 120 80 53 1.2871985798608516 17 1868 19 1977 24 2611 20 3044 23 2727 25 2391 22 2878 26 2678 28 2128
5186 19.460082207541859 16.597961789219315 -5.2944614907312921 48 31 23 0.79824520400732979 24 2666 20 3050 21 2744 25 2398 22 2943 26 2681
5187 20.724118405817524 -3.8164593092694701 -9.8960512005412546 89 86 71 0.94289770530328565 19 1994 20 3058 23 2746 21 2752 25 2407 22 2952 27 2303 28 2040
5188 24.686925603240962 0.28428278020639491 -8.9265720200687024 56 42 35 1.5662653475965094 20 3061 21 2759 23 2796 24 2678 25 2452 22 2957 26 2701 26 2755 27 2372
5189 25.069726831709222 0.18459902280173263 -9.1326175103309044 56 42 35 1.524926523725622 19 1997 20 3062 21 2760 26 2702 27 2371 28 2045
5190 21.593982687970069 1.3688820086235622 -8.3956940901660388 35 33 38 0.88319614296919924 19 2000 20 3063 23 2753 21 2704 25 2409 22 2907 26 2641 27 2310 28 2051
5191 18.718107381865327 1.9696095323161049 -8.8746168398216181 141 133 128 0.82829199856573454 19 2004 20 3066 23 2756 21 2763 25 2412 22 2961 26 2707 27 2312 28 2053 29 1770
5192 19.787155228174328 2.3763666599398596 -9.0073729127342901 35 17 5 1.0860394491442027 19 2006 20 3067 23 2759 21 2764 25 2413 22 2963 26 2708 27 2315 28 2056 29 1771
5193 24.22359696417886 6.7882783875604753 -8.4995877034668705 106 84 70 0.84597757915389715 24 2644 20 3070 23 2760 21 2768 25 2419 22 2965 26 2712 27 2383 28 2115
5194 22.184727597551277 6.5758691134543419 -9.0237794462479304 118 112 95 1.0906135717251582 19 2014 24 2646 20 3071 23 2762 21 2770 25 2421 22 2967 26 2654 27 2329 28 2064
5195 19.438381900998497 6.0074610919006624 -7.9155600375487536 10 12 6 1.1263769866756463 19 1903 20 3075 23 2766 21 2718 25 2427 22 2919 26 2657 27 2271
5196 29.040481580744288 7.3930758767943399 2.0893426210485471 45 44 39 0.31558745719642867 24 2651 20 3080 23 2771 22 2973
5197 30.242326266878703 7.4624887727668803 4.2004999037959436 124 62 48 0.97776125891854282 14 1244 20 3083 21 2774
5198 30.242326266878703 7.4624887727668803 4.2004999037959436 124 62 48 0.97776125891854282 14 1243 20 3084 21 2775
5199 26.14317244159604 8.4398714027476984 -2.619009904338566 17 13 10 0.28448232071775054 16 1729 20 3085 21 2778
5200 25.175151096307896 8.8134485940132858 -2.4433038092964789 167 158 153 0.51316795336644849 24 2658 20 3087 23 2775 21 2784 25 2434 26 2727
5201 25.175151096307896 8.8134485940132858 -2.4433038092964789 167 158 153 0.51316795336644849 24 2659 20 3088 23 2776 21 2783 25 2435 26 2728
5202 18.315725100997 7.8578890711802378 -6.7112647456548205 37 27 25 0.60571649400718441 20 3092 23 2816 21 2787 25 2469 22 2983 26 2726
5204 19.570106356241944 17.846536452143411 -5.146582051110161 16 9 16 0.50774553767013042 24 2667 20 3104 21 2798 25 2441 26 2742
5205 22.398919883553951 -5.5431471066630076 -10.798083545987913 92 82 70 1.3083790945801441 19 2043 20 3106 21 2804 25 2447 27 2406
5206 24.246016553806776 -5.6030947569043974 -9.7016721090693387 113 105 92 1.6541443742779278 24 2711 20 3107 21 2805 28 2164
5207 20.136217307638038 -4.4771002055692541 -9.9042221244305928 162 159 150 1.0149207817504768 19 2044 20 3108 23 2790 21 2806 25 2484 22 3005 26 2751 28 2099 27 2364
5208 20.357131408402154 0.3510943417565548 -8.569817700373374 87 82 78 1.0923973060637679 19 2046 20 3111 23 2794 21 2810 25 2453 22 3008 26 2756 27 2414 28 2142
5209 25.447164929096413 4.9574680602015802 -6.2247655339026267 52 42 33 1.6645306718397366 19 2053 24 2681 20 3113 23 2799 26 2711 27 2420
5210 30.970243676598695 6.6011115769021496 -1.1286295238414443 96 87 82 1.4276112730526984 24 2685 20 3119 23 2806 21 2816 25 2465 22 3016 26 2762 27 2424
5211 19.89726022641058 6.0346350667850954 -6.984116434691555 143 140 125 0.59374425398519493 24 2719 20 3120 23 2835 21 2815 25 2489 22 3041 26 2763
5212 21.745797462069287 6.669820420905638 -6.8955485358748518 37 30 22 1.1126997632294977 19 2058 24 2690 20 3122 23 2809 25 2467 22 2968 27 2385 28 2116
5213 20.492277581399094 8.0166639619146931 -6.8098948945134694 15 15 3 0.95253412849609631 24 2692 20 3125 23 2812 21 2779 25 2468 22 2974 26 2724 27 2390 28 2124
5214 18.896844024941839 8.8467146760003406 -6.8523409575412249 97 70 52 0.82116439371034899 19 2065 20 3127 21 2820 25 2475 24 2702 22 3021 26 2773 27 2429 28 2156
5215 18.126252041127525 8.4939502253250794 -6.4405492421426107 97 70 52 1.29150017483655 19 2064 20 3128 27 2430 28 2157 29 1786
5216 20.073657602023786 16.070760340513608 -3.8450614940151322 37 42 45 0.43142477472595653 24 2704 20 3132 23 2823 21 2825 25 2476 27 2432
5217 19.368933802866618 16.235577808744591 -3.6302267995675455 175 171 172 0.79945213243985702 24 2727 20 3133 23 2824 25 2477 26 2776 27 2434
5218 19.368933802866618 16.235577808744591 -3.6302267995675455 175 171 172 0.79945213243985702 24 2728 20 3134 23 2825 25 2478 26 2777 27 2435
5219 22.543720269783613 -6.1251888013569662 -10.316680828870462 152 145 135 0.62655248636049954 20 3140 23 2830 21 2832 25 2483 22 3031 26 2783 27 2441 28 2162
5220 21.832758215858572 1.8523815903564491 -9.4599496705687454 152 100 87 1.385770732278534 19 2077 20 3145 23 2831 21 2837 25 2486 22 3036 26 2787 27 2416 28 2171
5221 16.927478064574917 5.8764443660447885 -6.7259309771800844 69 102 159 0.77808362574901235 19 2085 20 3150 23 2838 21 2840 25 2493 22 3042 26 2791 27 2452
5222 18.316771399338435 6.428241583160939 -6.5782406162756146 24 28 27 1.3667650825412894 19 2099 20 3169 23 2859 21 2845 25 2513 22 3045 26 2796 27 2454 28 2179
5223 18.032955135579179 6.3129934513694295 -6.3988797146819039 24 28 27 0.91549128542769365 19 2100 20 3170 23 2858 21 2844 25 2512 22 3044 26 2795 27 2455
5224 18.873362615805149 16.1850781853021 -4.019440854555353 177 169 167 0.44169830572799862 24 2739 20 3174 23 2861 21 2861 25 2518 22 3064 26 2814 27 2477 28 2200
5225 29.039749315674996 -12.578533428857632 -5.7839352922423926 58 45 28 0.96774780957497164 24 2741 20 3175 23 2862 21 2863 27 2479
5226 29.069820356365899 -12.586998062643525 -5.8018009554368311 58 45 28 1.0118482410964806 24 2740 20 3176 23 2863 21 2864 22 3067 27 2480
5227 28.026938088383702 4.3809802770453627 -8.2328931425544347 46 36 27 1.4378800201347715 19 2121 24 2749 20 3193 23 2879 21 2883 25 2531 26 2837 27 2491 28 2224
5228 28.275823879461008 4.4093221123530295 -8.3498731261999453 46 36 27 1.2572933156040069 24 2750 20 3194 23 2880 21 2884 25 2532 22 3079 26 2838 27 2492 28 2223
5229 23.816720427490672 18.213923899892613 -2.0929142113284649 45 24 21 1.0158356753156565 24 2751 20 3195 23 2882 21 2885 25 2533 22 3088 26 2839
5230 29.139994613220519 6.9190479631666317 0.52879164497043218 133 128 116 1.0145651494297505 14 1015 16 1315 17 1429 19 1488 20 2459 14 657 15 738 17 946 24 1360 25 1072 21 611 22 1979 22 2355 26 2292 27 2039
5231 25.284513347517763 8.9161029111217971 -2.9790186219450909 6 4 0 1.0051534958437662 15 813 17 548 16 1195 18 994 20 871 19 1299 24 1463 23 619 25 534 22 690 26 1688 27 1073 28 1282
5232 26.708023853739455 6.6456086518424673 4.5474034308038069 104 25 29 0.74615176247585713 13 879 17 942 20 1640 14 684 16 383 19 879 15 757 26 444
5233 27.641189101189308 8.3061134196848077 -5.5667077059219325 79 64 46 0.61844565095530046 16 919 19 868 20 728 18 931 24 611 23 1235 21 1414 25 1108 22 1485 26 1098 27 1027 15 1009 28 885
5234 20.903609616140571 16.244566374617019 -1.9812161128802681 56 47 42 0.34857202405242305 19 536 24 916 15 497 16 541 17 623 20 1063 23 780 21 914 22 929 26 605 25 1270 27 562
5235 28.513866572151699 7.5979684150710263 -0.37835537544435893 18 18 12 1.5700170214496889 14 1246 16 1618 17 1751 15 1401 16 1556 18 1772 19 1956 20 3028 15 1349 24 2544 23 2654 22 2860
5236 27.750473082589693 7.9536116497794573 -0.28810651477356947 15 5 0 0.98238869307768151 18 1405 19 1514 20 2478 17 1237 14 715 19 1272 20 1612 21 696
5237 27.963166323366224 -11.269764226956493 -5.3828645815993719 66 50 35 0.28638019280476346 17 136 23 28 21 55 25 18 22 1161 18 118 26 837
5238 25.473017386022558 -10.258473638805071 -5.4290298072836727 128 107 81 0.77542004590802238 20 94 23 31 21 63 22 32 27 744
5239 27.78265229499825 -10.636078186145792 -5.5098831722098955 105 84 57 0.40145719524992146 16 133 23 34 15 108
5240 19.706585618249051 -5.1250067822616563 -10.836224165690904 80 103 85 0.95942483359739927 20 180 23 70 21 139 25 51 26 53 29 582
5241 21.769207153788763 -5.2543078286948228 -10.65804624609356 95 86 69 0.42580432265398982 19 80 23 80 25 59 26 58
5242 24.894696855992208 -5.7323344196749897 -10.774624236824053 98 92 76 0.5172122365539138 20 216 24 152 23 102 21 178 25 73 22 139 26 73 27 130
5243 20.251360416960818 -4.5922639890349162 -10.04338546550974 140 138 126 0.27655282791946884 20 225 23 110 25 88 22 149
5244 19.346235624443665 -4.2854531388024988 -11.919048519194314 14 11 2 0.43754150917690693 20 207 23 123 26 68 27 149
5245 21.753292083242783 -4.498206578455008 -10.430431739714029 111 99 87 0.38921964952830768 20 249 23 130 21 186 25 100 22 1245
5246 22.945344514079238 -4.1605876228827769 -9.5074099808325201 176 170 154 0.70169828351883146 19 116 23 135 22 190 25 882 27 161
5247 22.275956605335857 -3.9837308373231828 -10.382767468218471 105 96 79 0.5760605197003501 20 277 24 173 23 137 21 226 25 106 22 193 26 105
5248 20.696294061181977 0.62708400996466318 -12.431705457784251 115 118 53 0.2478183115582491 20 373 23 189 26 153
5249 22.27806484881965 0.40933345082887507 -7.9146381367348173 70 29 24 0.9349702785113625 20 384 24 242 23 199 25 918 26 160
5250 23.298663495655159 0.68454645863653885 -8.807601145065334 176 147 139 0.74966093669819656 19 149 23 201 26 170 27 200
5251 22.951637543124296 0.82325561748065723 -8.8366221722045495 78 28 31 0.80457789360055609 19 719 23 203 25 167 22 279 27 201
5252 23.859654087109057 0.97115162609989381 -6.7805971189182221 180 131 129 0.55185581413747364 19 153 23 219 25 177 26 190
5253 22.06219637143402 0.9795773743410835 -8.7824782592201807 115 53 52 0.76035953972827108 19 728 24 1220 23 230 25 940 22 285 28 157
5254 22.786337289248809 1.7167229870965879 -7.6723381880279797 87 23 17 0.50292852754264816 20 436 23 253 21 397
5255 32.464650543935065 1.7825553856406233 -6.5286242690234397 92 75 57 0.58372745463589293 18 194 23 269 25 192
5256 23.471505299465807 1.9258518809849856 -7.626296539219096 57 26 5 0.66606313228661962 19 750 23 271 21 395 25 198 22 329
5257 30.841594438757003 1.4117034666471244 0.35161565492294039 111 105 91 0.86704080985577159 14 139 17 203 23 289 21 415 20 1456 25 209 16 195 22 366 26 229
5258 25.323303932329218 5.0893442222387586 -11.0856822615197 66 51 46 0.79044863587530578 19 771 23 316 21 452 25 225 27 273
5259 25.006782674920238 5.3552624959459898 -12.113752739797958 61 50 44 0.84865555832188933 20 513 23 322 22 391 24 1752 27 276
5260 29.634490764274901 4.9254594240499179 -1.5882340105594601 138 112 87 0.9605012358529873 15 681 23 327 14 165 16 794 25 241
5262 27.03118091370867 5.6190061038018468 -8.9120173265539471 63 49 36 0.45241095027192146 19 222 23 335 21 463 22 398 26 258
5263 25.283110238759896 5.6914326940053694 -9.0298067956035748 57 48 39 0.79890236551804172 20 526 24 446 23 338 25 268 22 427 26 281
5264 25.496106754681925 5.4532474945487754 -9.7735825570776598 97 94 87 0.82272901572317103 19 782 23 340 25 998 27 286
5265 25.519492298646021 5.4589405336216501 -9.7674949164586842 97 94 87 0.79022123699854052 19 781 23 341 21 467 25 997 20 527 22 405 27 285
5266 31.029304415665546 6.3003595282608984 -6.2044203172259804 122 97 73 1.0268942411564548 15 224 16 816 17 274 23 359 22 1412
5267 27.693339615595661 4.4899164841616281 5.5432552925302501 133 125 112 1.5637042910313022 18 263 23 373 25 294 21 579 22 1445
5268 30.066381332616547 6.8891597687387192 -4.1919931844700535 49 37 26 0.6655886876277114 19 274 23 379 22 484
5269 31.421699778707968 7.40994954985735 -5.8810816048532217 99 86 37 0.8262179685414266 18 307 23 383 21 545 25 313 24 1306
5270 26.76219535853869 6.2896006602971468 -5.7934509926788085 171 103 81 0.83440128199890251 19 795 23 385 25 286 26 1043 27 970
5271 27.351747971600673 6.7369579116267424 -5.8093926205738873 168 88 77 0.22202892485217987 17 363 23 388 25 1042
5272 23.263783756880443 6.4118006706565609 -8.3244980140930647 124 111 91 0.72866185452175825 20 591 23 400 25 335 26 304
5273 22.314356698461914 6.5554779261900924 -9.7344518132025559 76 56 38 1.4730384654277255 20 2084 24 518 23 403 21 1365 25 1060 27 961
5274 27.290191214068624 4.3841662936638732 6.8232707972345308 99 96 93 0.39946735736534372 20 647 23 406 25 291
5275 29.62155720341481 6.2401419645138363 1.5404068761535932 158 152 137 0.51844822566167836 18 291 23 410 26 347
5276 30.380563202479461 6.8532030847930434 -0.76074009742945392 107 101 89 0.28389519868539731 19 804 23 413 18 1179
5277 28.881375746889155 6.9418321079078282 -1.9151816871644172 67 64 56 0.54847603327632233 14 263 23 417 26 357 17 346
5278 29.06738200258286 6.9844350748211745 -1.674011770016153 127 126 121 0.42760478407865032 19 302 23 418 25 355 26 354
5279 28.938094072754033 6.9602236437497194 -1.6316389608639248 127 126 121 0.78648516801585422 19 303 23 419 25 354 26 353 27 1003
5280 31.795418541819842 7.9093883530251716 -6.2709502393437875 71 35 27 1.1415601828810069 18 860 23 434 21 548 25 315 22 1429 26 319 24 1328
5281 22.334176693922949 6.4648152263575192 -8.0674057955293925 62 61 7 1.0890728033423693 19 314 23 445 21 565 26 337 27 347 28 321 29 266
5282 28.702390636472082 6.5194710190432703 3.5735324414601592 48 53 49 1.1927516531133735 15 280 23 460 22 598
5283 29.034546346776345 6.2588393802738489 3.000999003462101 24 18 11 0.74357107377525844 15 282 20 705 24 535 23 461 21 606 25 340 26 376
5284 29.822948784856315 6.3948315500350237 2.542758507987108 140 133 121 0.82476098740145376 20 707 23 462 26 377
5285 29.065817819329276 6.2528697655362411 2.5545965557430237 140 133 121 0.9309979055857267 20 706 23 463 22 1472 25 1499 23 1736
5286 29.961559713222215 6.7290648060460168 1.0948471927197134 45 41 35 0.73791817318001518 17 337 18 852 23 468 16 851 25 342
5287 32.319056556854221 8.432970231505168 -3.7256964256933802 57 52 46 1.1783166657312369 16 414 23 484 22 573
5288 28.668734737576671 7.9134297775537554 -1.4017105972594266 110 110 107 0.38545864128957685 19 341 23 532 26 1129
5289 22.944389810569259 8.3350555982696779 -6.5445205229285914 23 1 0 0.63070919660812674 20 777 23 584 21 667
5290 14.984903735282348 6.1826860555050605 -7.154945457944673 93 96 101 0.78438364529914617 20 790 23 588 22 629 27 405
5291 14.891408327129501 6.1681048638477991 -7.2230449652388611 63 64 64 0.69759236330336338 20 791 23 589 22 589 26 409 27 406
5292 29.002265363758557 7.0708864316974811 9.9058272609103959 85 90 61 0.19285635273191923 19 389 23 597 25 485
5293 25.335850311242325 6.6329139735779767 6.7414976843125594 37 38 40 0.16823719178943611 16 438 24 710 23 604
5294 25.923674394296118 7.6887424342790958 1.5439693224035196 2 4 3 1.1096766595631593 20 869 23 611 22 687
5295 26.160977096307612 6.8524254753760063 7.8946991545346989 7 14 7 1.05603431070482 13 443 19 417 23 634 25 515
5296 25.321107167890258 7.2155798355503853 6.4817082115137126 55 59 58 0.5121184081879957 20 1720 23 639 25 523 22 743 26 1212
5297 26.041806841237271 7.8573298929943478 3.7953400174110237 37 45 42 0.94242716746354027 18 531 23 646 21 750 26 499
5298 24.390002768454298 9.7541836375270528 -5.5222775571339238 115 98 77 0.59187473274262115 17 560 23 655 25 550
5299 15.31259687900666 9.0518160040158975 -6.8648340474145968 118 100 85 0.46361181358403469 20 971 23 696 21 801 22 785 27 477
5300 21.79513646806646 9.5285936149790587 5.7771708320662469 237 225 211 0.25605198554298092 20 991 23 714 25 593
5301 20.410399702686735 15.746362738130941 -4.4216721605733813 95 91 88 0.46694181775648369 19 529 23 757 26 576
5302 20.19462910368452 15.808934502689496 -5.0838097963521447 99 90 91 0.40187984444565394 19 1002 23 759 21 1553 25 1257 22 869 20 1033 28 936
5303 20.399859957447234 16.025308214216235 -5.0536972029046199 63 65 63 0.46843424339373213 20 1034 23 760 25 635
5304 20.235490300844734 15.963675612356106 -5.3162082548913192 25 9 4 0.34632824189918709 19 1003 23 761 28 461
5305 21.566444068683328 16.331281305213381 -2.9517092196950552 128 111 99 0.11473664598241799 20 1037 24 889 23 762
5306 19.957096717428062 15.921927741126618 -2.2283826679502026 66 56 60 0.32591414854834833 17 626 20 1086 23 785 25 657
5307 20.107583045910946 16.642386783789185 -4.9899954541285103 124 120 118 1.2075006350544157 20 1826 23 797 22 911
5308 19.747717772291587 16.700366076420618 -4.6864649101589411 157 146 144 0.77804816553541067 20 1825 23 799 26 618 19 578 27 551 28 506 29 862
5309 19.65317204100166 16.494780235813511 -5.1625951943317414 74 65 68 0.46692353687772131 19 571 20 1078 23 801 27 534
5310 19.77390583376895 16.799377976710407 -5.20967688627732 56 54 55 1.3596312269503352 19 580 23 803 26 599 24 964
5311 19.480781947810634 16.399647891072291 -3.4232051107578134 188 184 187 0.56842030709093228 20 1097 23 819 21 1588 22 952
5312 20.748613162009143 17.183975891541515 -2.1712383713005359 102 87 84 0.46519945233194576 20 1104 23 826 25 672 24 954
5313 19.859757907870122 17.100871781701404 -2.4076477311423194 58 57 62 0.21203163535809444 20 1860 23 830 21 1617 25 698 22 993
5314 19.821564831296087 16.850146365137121 -3.1255625883143132 8 8 18 0.54945113655748123 16 592 23 832 21 941 22 979 28 991
5315 19.789578259174448 17.013332636401234 -3.1566250653635732 7 6 12 0.77887300645246249 16 616 24 981 23 835 21 1605 17 1330 27 1553 28 538
5316 19.381950899524632 17.158769273694329 -2.7636075089737941 37 38 35 0.25037404248505662 16 618 23 855 25 721
5317 27.3586080114098 -12.931890106245085 -4.002108851461216 126 97 67 0.42071090780148596 17 69 19 610 23 936
5318 23.098996323104846 -10.811492610649168 -6.3186198671210461 57 43 32 0.52348076787281916 16 680 23 942 21 1100
5319 23.215010492146114 -10.456983905400365 -6.3193582189178308 120 111 94 0.23062827249964943 16 103 23 954 21 1690
5320 30.602658474808091 -11.79929498843831 -5.1915750332013957 127 111 92 1.6834426997477046 20 1225 24 1110 23 968
5321 31.263304072707186 -10.579576177891605 -5.7571092132249513 78 61 39 0.50925515516344377 17 830 23 973 25 1370 26 1454
5322 23.539587801552642 -7.3495769189997846 -12.079313473690734 52 44 33 0.81204013185786494 20 128 24 1672 23 975 25 1373
5323 19.997678430647838 -5.9524282010563372 -12.543195539650686 86 104 80 0.60328107296557731 20 134 23 976 22 1195 26 850
5324 19.944304695192663 -5.5116460187162435 -10.821157413750246 71 70 62 0.54940663250447541 19 646 23 979 21 1151 22 1815 26 1465 27 772
5325 20.966780324337133 -5.8991323252140777 -12.813475135699385 22 24 16 0.27742031472490686 20 156 23 982 21 118 22 82 26 40
5326 20.220879695616791 -5.7057366743101428 -12.32545998821157 94 112 96 0.19892328981630203 20 157 23 983 22 83
5327 19.875222492393483 -5.4900278199852268 -10.454270435960373 94 91 84 0.67897427297254709 20 1251 23 989 26 854 27 771
5328 22.547374045346078 -5.7640751707627915 -10.90454423979236 126 118 97 0.19329323353412883 20 1273 23 998 25 848
5329 19.609235038271947 -4.9616401021857994 -10.303882389544352 65 89 63 1.1451786602960869 19 1113 23 1000 25 63 20 179 22 115 26 866 22 95 27 787
5330 19.985852827768419 -4.2438888041146852 -11.84439184941472 119 102 67 0.38128496976191673 20 1969 23 1015 22 1232 26 1482
5331 19.881161848448333 -4.0946536710846173 -11.572568576870751 91 77 52 0.3393458125497737 20 1297 23 1017 26 85 27 145
5332 19.54788563388475 -4.3363978446507847 -11.963597370868484 90 83 67 0.27613463898129414 20 1282 23 1019 21 164 22 162 26 875 27 147
5333 22.639481936014093 -4.0684071669473463 -9.9350873844777698 117 105 89 0.87958223789587009 19 1126 23 1025 21 1213 25 883 22 1250 26 1495 28 668
5334 20.102364174239735 -3.6573836358562386 -11.119902762007586 49 44 27 0.65692189627520137 19 678 23 1027 21 1205 25 888
5335 21.439122713876763 -1.1414744518862849 -13.041338720401736 22 14 12 1.4872680420397608 20 1336 23 1036 26 912 27 179 27 827
5336 22.203907484861542 -0.59111662830655054 -13.192458865201719 62 52 40 0.67579998086112669 20 318 23 1041 22 1847 26 916 21 1228 28 698
5337 22.398282888128406 -0.59957241129941297 -13.355214708485278 62 52 40 0.60680607416731436 20 319 23 1042 21 1229
5338 23.753277272714829 -0.47679383990097807 -8.4845651998447433 144 131 119 0.684052019170311 20 333 24 1702 23 1048 25 909
5339 20.839888612787107 0.44479009191788205 -9.9875799565021826 74 65 60 1.1636193217497623 20 2003 23 1061 21 1764 22 1306 26 1534
5340 21.078406042385065 0.72551575166437421 -12.271367443688154 79 69 60 0.31598438992927153 20 1376 23 1064 25 923 26 949
5341 20.477932696975465 0.71237934252400514 -12.159437874292804 50 50 1 0.76552428256340188 20 1377 23 1065 21 1253 22 265 28 134
5342 20.586891909692422 0.80683955043524858 -12.123528513294055 103 104 64 0.6909397965367271 20 1378 23 1066 21 1252 22 1309 26 950 28 135
5343 23.347765471032165 0.56972088484548933 -8.544274022806162 61 27 20 0.64832630585473816 19 717 23 1070 25 927 21 330 28 150
5344 22.449456644544938 0.75765881044438266 -8.8403071920790151 75 9 0 1.0795490134923995 20 2016 24 1204 23 1073 21 1258 25 932 26 957 27 868
5345 20.435376302946125 1.386673577290028 -11.906595532563355 111 108 97 0.50806191761104524 20 1395 23 1080 21 1266 22 1320 26 962 27 210
5346 21.846539359464352 0.92408325034257188 -8.7229717743426107 68 8 7 0.66979444360443718 20 1404 23 1095 22 284 28 155
5347 20.396183983432131 1.3223321949695959 -8.4297714559001236 93 69 66 0.65312422270054948 20 1407 23 1098 22 1332 25 185 27 882
5348 20.484175639160398 1.6689664598026321 -11.948532694867151 30 27 19 0.41362366551777557 20 1409 23 1101 22 1878
5349 22.311265670966595 2.2386538737613968 -12.290053726659627 69 89 84 0.9063219215333872 20 1431 23 1114 22 1338
5351 23.430923752513038 5.1894033335175749 -8.8968276570971305 118 111 103 0.88007505578680645 20 1489 24 407 23 1140 26 260
5352 21.924475251763976 5.219658055132868 -8.6474972765210687 60 56 53 0.48867310192921271 20 1492 23 1143 22 1402
5353 26.206652955083339 6.0683810201561359 -9.1339632006758116 60 60 76 0.80142924303074059 19 791 20 2073 23 1159 22 1401 26 1031 24 2068 25 1474 27 1377 28 815
5354 27.928895323134498 5.7831998142323853 -0.91994475480302307 128 111 88 1.008552402618178 20 605 23 1163 22 475 26 308 27 984
5355 31.09399250275894 6.9623912398648526 -5.6160870991279932 121 100 47 0.82442645238199541 16 833 23 1168 17 304 26 1041
5356 23.164235603750434 6.5558516160041052 -8.3135588141612349 97 81 54 0.90809374571132206 20 592 24 1339 23 1183 25 1053 22 505 26 336 28 320
5357 22.727707600172991 6.9881991273622681 -10.534872625573671 17 1 0 0.33472311596440613 20 1531 23 1187 22 514
5358 30.240332407745445 6.8008624622480678 -0.96949291397399606 42 38 29 1.7203426264130659 15 969 23 1190 17 920 18 855 19 806 21 581 25 296 26 1071 27 371 27 999
5360 32.58552016486982 7.7485011434762976 -3.449476485347625 77 74 67 0.65455647513635251 20 1539 23 1196 27 1005
5361 27.501465978951419 7.4614490656145751 -5.7674848951302948 111 80 60 0.65895729621271115 16 892 23 1201 25 1083 26 1079
5362 22.547766951815017 6.6558243743343137 -8.6855984418095744 165 160 153 0.36155965708137466 20 636 23 1210 21 566 25 1057
5363 31.731072122891398 7.7495706051576585 -0.83087667778024155 106 102 91 0.47734533504541365 20 722 23 1228 25 352 22 1478 26 1635
5364 33.090773429186633 8.6060247873164428 -4.5096906873686686 28 21 13 0.66532501180351 20 679 23 1231 22 1480 26 1620
5365 26.793125423348865 7.2933885305849815 0.14363888978658809 19 8 1 0.34026060197909269 17 967 20 1611 23 1261 25 1135
5366 27.027516548903627 8.6305139869669194 -5.7525104707607078 121 105 81 1.2509323475286798 20 2126 23 1269 21 1891 24 1415 25 1138 18 962 22 1508 26 1139
5367 26.815533375480367 8.5661144456491787 -6.6408427042546396 82 63 49 0.41865881350223505 20 734 23 1271 26 396
5368 20.474681983546997 7.1850011197271417 -6.4447589516827568 159 150 139 0.4612149395649735 20 2132 24 690 23 1274 21 1420 25 473
5369 27.116678820002331 9.363297281856962 -5.0971203914676915 13 4 1 0.21437214391674531 20 1652 23 1296 25 1161
5370 25.061104161759378 8.6735959957853961 -2.8388022560374613 105 98 88 0.96382996244774821 18 981 19 1295 23 1312 25 1558 22 1557 26 1190 27 1488 28 905
5371 16.015146791652285 7.5289699798057494 -6.6393342948962166 181 108 105 0.61336822088660115 20 1716 23 1330 21 1481 19 1323 25 1195 22 1566 26 1691 27 1065 29 1123
5372 16.296906164814089 8.7644048142518116 -6.2356473279576061 68 46 54 0.54534375273845992 19 964 23 1345 25 1222 22 775 28 422
5373 14.942842454711418 8.8139946649957466 -6.807770544337199 57 52 40 1.4299211839770658 20 2207 23 1353 22 2076 26 1716
5374 22.223918562940916 11.619608981711732 5.1640224158674091 33 12 4 0.65801058714170058 18 1278 23 1367 25 1607 21 1961
5375 21.788776991100352 11.289178124343012 7.7047940174934073 43 24 13 0.45748667363974077 17 1024 19 979 23 1371
5376 20.099036304220881 15.544699318050943 -3.3553876708925086 62 59 57 0.25225479739883666 20 1803 24 898 23 1397 26 590 28 947
5377 20.447804267412849 15.778129280492303 -3.8435164421535215 85 82 78 0.57069283760778833 16 988 17 1037 23 1401 21 1559 25 1252 22 882
5379 20.813477634394424 16.419281535190272 -1.8836781936962808 78 66 62 0.56740456486088531 20 1828 23 1408 27 1152
5380 20.280293834660892 16.088966502205555 -2.1578254148638969 40 38 37 0.33599333347676935 20 1830 24 920 23 1413 21 924 25 1273 22 936 26 1283
5381 19.580630643569076 16.768414316397028 -5.1874911067173777 47 46 46 0.50671966419152237 19 1372 23 1419 21 1584 24 1566 26 620 27 1144 28 959 29 1150
5382 19.563890901618294 16.8941107392269 -3.2903834077710536 59 59 62 0.69697361243567468 20 1850 23 1435 21 1606 25 1293 22 1687 27 1165 28 993
5383 19.085873473823881 16.735462921098211 -3.289159957089709 2 2 4 0.46468666740467396 16 1239 17 1334 23 1439 26 1319
5384 19.052119005938625 17.038818800191919 -4.5390571621355607 29 24 21 0.20044663765398182 20 2246 23 1440 25 1295 22 1688 26 1300 28 978
5385 21.491410100756571 18.066718143703469 -0.89578911833269281 74 55 49 0.45165844826023216 20 1857 23 1444 21 1625 25 1288 22 1715 26 679
5388 19.007610112208688 17.710808174972946 -4.4229997084252757 23 16 23 0.56969211068187975 20 2579 23 1458 21 1995 25 1655 22 2124 26 1762 27 1559 28 1342
5389 26.239925223701274 -10.355028580557116 -5.7522227119305276 126 105 78 0.29775644461898348 15 627 16 718 23 1536
5390 28.248771297743154 -10.589705319002674 -5.6402478896111781 122 100 76 1.5036842866217963 18 1097 19 1096 23 1541 25 1369
5391 29.351817011357802 -10.363736817986851 -5.273555370782856 73 46 27 0.83360489775469837 17 825 23 1544 18 135
5392 22.624008689806683 -6.4590556374600583 -10.971884116623828 78 69 57 0.25478715492045168 19 1105 23 1552 22 1189
5393 22.624008689806683 -6.4590556374600583 -10.971884116623828 78 69 57 0.25478715492045168 19 1104 23 1553 22 1190
5394 21.1939628663145 -5.8818383347785463 -12.808597912449772 14 17 22 0.65302544585564459 20 1256 23 1555 26 859 27 779
5395 19.884528741840054 -5.4597345086934901 -11.873776288325665 111 121 112 0.41816092291691065 20 1958 23 1556 21 1714 22 1817 26 1468 27 1274 28 1067
5396 20.462788429515783 -5.628817628417174 -12.365607474690302 111 121 112 0.28818844013300965 20 1959 23 1557 21 1715 22 1818 26 1469
5397 21.19628684275742 -5.8498612516412134 -11.218727273595283 98 96 89 1.0949469115682904 20 1955 23 1562 25 1378 26 1464
5398 19.879328187289651 -4.9311933259634309 -13.325836814378 7 13 11 0.61043968311665209 20 1268 23 1565 21 142 22 1219
5399 21.723140355063119 -4.8275072773431651 -10.478571021570207 104 94 85 0.77738956403215576 19 1118 23 1577 25 864 26 885 27 799
5400 19.553756971818263 -4.3896877229079498 -11.433028196008495 105 99 62 0.41956852574263859 20 2328 23 1578 26 874 22 1231 21 160 27 807 29 975
5401 19.045911635349082 -3.998871756556007 -11.472204380143793 93 78 57 0.57308196265470335 20 1971 23 1579 21 1735 22 1829 26 890 27 1284 28 1080
5402 19.992370731107822 -3.9913479509490379 -10.189686412638709 135 145 134 1.1720029484245016 19 671 23 1584 21 1203 25 1732 26 898 22 174 20 256 27 812
5403 20.031148087648972 -3.9922436328383508 -10.20067354089187 135 145 134 0.797616498862594 19 670 23 1585 21 1204 25 1733 26 897 27 811
5404 19.859517423101209 -3.6500655817642005 -11.162415195411421 25 11 3 0.64793986569500761 19 1124 23 1586 25 1399 22 1835
5405 19.077385715842794 -3.7278601288140174 -11.475801519394087 91 68 54 0.51988837321952996 20 1299 23 1588 21 1207 22 1247 26 892 27 1291
5406 22.564170912135015 -4.2522806508533852 -9.825180811766911 181 172 157 0.49387066941115354 20 1974 23 1591 25 1396 26 1488
5407 21.618102386875496 -3.7294981902242776 -9.9499552389121177 146 137 120 0.42458704211839338 20 1975 23 1592 21 1740 25 1744 22 1837 27 1292 24 2014
5408 19.949984762637314 -3.5953384643143744 -9.8254020031246778 123 107 92 0.60141922490274125 20 1977 23 1594 22 1252 26 899 27 819
5409 25.037429117387379 -3.8364625777533186 -9.5423112487347908 78 67 44 0.54205849889102231 19 1425 20 1332 23 1598 21 233 22 1254 26 1499 27 1949
5410 21.892455557035316 -0.50673837828774415 -13.104037283632739 91 81 71 1.0535132698049781 20 1344 23 1602 28 699
5411 24.183964754386558 -0.080154604536497018 -8.8374337564093377 130 110 101 0.4802044911978573 19 143 23 1611 25 1413
5412 23.246663834917122 -0.0070154586136746393 -8.9096501672137212 125 84 9 0.72678219615696982 19 1134 23 1612 21 1753 25 1415 22 1861 26 1528 28 1135
5413 20.320677447125885 0.1085416953420537 -8.9011793016253424 85 76 71 0.55069848253655063 20 2002 24 1712 23 1619 21 1757 22 1284 26 1518 27 1673
5414 20.241984590996992 1.7955431227850367 -11.971167625665084 120 119 114 0.54902521779549662 20 2023 23 1633 21 1778 22 1889 26 1547
5415 20.321203546189231 1.8014334812497952 -12.042527574666515 120 119 114 0.51821300087147626 20 2022 23 1634 22 1890 26 1548
5416 31.467299886846394 0.71465673390993767 -1.2838621264115735 158 149 132 1.1892990482103765 19 732 23 1639 25 964 22 1347 26 1552 27 1700
5417 29.992177954885936 1.706318570634684 -7.4068116372327291 36 38 31 0.44909476897802975 20 453 24 1720 23 1640 21 1291 25 1436 26 1554
5418 23.287522762405793 1.6146331472248703 -7.6025813634176993 135 101 79 0.6901794457291196 19 1161 23 1644 21 1784 25 1437 22 1355 26 986 24 279 27 1346
5419 23.148590667739043 1.910894911988015 -7.627801972803951 140 110 86 0.51782340834304452 20 2044 23 1653 21 1788 25 1439 22 1897 26 988 28 1172
5420 22.866665822661762 1.8580519595466558 -7.7721699245760103 113 77 54 0.52313002872699643 19 1166 23 1655 22 1358
5421 18.614510910106041 2.5746602227202873 -10.091231869166903 71 60 56 0.88375812655689678 20 2051 23 1662 21 1312 27 908 28 230
5422 26.437430332365771 5.9440093128929137 -9.9813674826978147 104 102 90 0.63926895624341251 19 1468 23 1689 25 1012 26 1574
5423 25.389401569853856 6.2120656459105215 -8.8001984936247002 39 42 46 0.91773686155412459 20 1515 24 1767 23 1699 21 1818 22 1940 27 958
5425 29.447326548744503 7.027640971734856 0.9735841660102359 14 13 11 0.75473260610220305 20 2458 23 1740 21 2188 25 1501 22 2367
5426 30.392661058147109 8.7271157682833831 -5.3473100214652041 41 24 8 1.6744294061981055 19 1256 23 1752 25 1106
5427 21.521310911648904 6.9117385122167567 -6.4016045912744026 55 52 43 0.67749865545258692 20 2102 24 1420 23 1755 21 1399 25 1535 27 1011 28 875
5428 21.348593040601461 7.2001826303296887 -7.6184810302949035 15 10 4 0.73894209597141836 19 1518 23 1756 22 1488 26 2020 28 1250
5429 15.257562643745112 6.2305640265825577 -7.4525373258564178 139 140 140 0.62550375002895287 20 2155 23 1776 21 1870 22 1493 26 1649 27 1446 29 1098
5430 27.342711452551157 6.8538776641941945 5.403177309941106 8 8 8 0.73806055791448677 20 2174 23 1779 21 2223 25 1540 22 2042 24 1439 26 1686
5431 27.193849061984213 9.1192746894966561 -4.8019254425031823 10 3 0 1.0863318183521686 16 1188 23 1786 17 1003 26 1165
5432 18.439698815372314 7.5238121136852767 -6.8913962461865097 51 46 40 0.29935446263042759 20 1662 23 1808 26 1147
5433 16.030332529812277 7.1551062586437713 -6.6584442725608994 123 65 54 0.44685337922989599 20 1688 23 1809 21 1465 25 1576 27 1047
5434 19.905664836439406 8.5065749986565944 -7.0971465106948459 82 70 65 0.94799889341866628 19 1318 23 1823 25 1574 22 2053
5435 23.625141038649225 9.6264957617128157 -3.3168576793247913 24 14 12 0.75491674541849607 18 1444 23 1828 26 1696
5436 15.811908714717964 8.0817027902681815 -6.1203015902816666 154 108 97 0.71014361326441311 20 2194 23 1835 21 1512 25 1897 22 1593 28 915
5437 15.443105401913998 8.1280996057179244 -7.3016418192267585 117 102 96 0.62212649866688075 20 2196 23 1837 21 1944 22 1583 26 2066 28 1280 27 1817
5438 16.719883929292699 8.7685843449811447 -6.1325337397585997 119 96 85 0.38259846233029593 19 1552 20 1731 23 1841 21 1522 28 919
5439 14.932370084452499 8.8865924401296716 -6.705064651951723 120 101 85 1.3706209834845799 20 1750 23 1848 26 1719 22 2425
5441 20.582468946610369 15.776052923314365 -4.1837773296801322 29 23 23 0.71059018105261273 17 1038 20 2217 23 1866 21 1563 22 1637 26 1738 27 1530 29 396
5442 20.46857542607701 15.50243999342876 -4.4955600630884591 109 105 102 0.8815612930699499 18 1469 23 1869 21 1972 25 1616 26 1735
5444 21.919520863235228 18.098693171269542 -1.5248405582499707 81 67 58 0.73698272346927352 20 1840 23 1896 21 1615 25 694 24 973 22 1694 26 1755 27 1564 28 581
5445 20.189112107695472 16.89306470856905 -2.0370839767681703 99 85 82 0.90582480648657815 15 861 23 1897 21 1987 17 1072 25 1289 22 1678 26 1756 27 1565 28 1335
5446 18.90367468070173 16.660503757860585 -4.0969894666351303 185 174 178 0.25856819641718803 17 1335 20 2245 23 1903
5447 22.546220342644926 19.277031978363738 -0.83182093784314726 43 19 9 0.59906681404096473 20 2255 23 1904 21 1634 24 1583 25 1644
5448 19.303380038075669 18.118407722999724 -5.2133251615089282 133 126 119 0.37510079010890596 20 2252 23 1911 21 1997 25 1657 22 2125 26 1329 27 1887 28 1325
5449 19.44466634410745 17.493440311774474 -1.6781353754044712 183 173 174 0.66540294648493559 16 1036 17 1339 23 1915 25 1316
5450 18.540278602124193 17.334975207450057 -4.0040853554220215 92 86 90 1.8706482476310367 20 2268 24 2223 23 1916 21 2011 20 2270 22 2142 26 1772 27 1190
5451 30.812790224081667 -11.535396284332256 -5.1059607078357701 93 78 59 0.42899081563233993 20 2300 23 1957 25 1706 22 2202 27 1262
5452 26.959721609845026 -9.9236626555838843 -7.1533344256125577 104 88 70 0.9405573696825914 20 2301 23 1958 21 2064 26 1862
5454 21.832773120996034 -6.2838783401018325 -11.251442364740317 158 156 141 0.39954534054483182 20 2311 23 1968 21 2072 25 1715 26 1879
5455 22.48741720250041 -5.8798297298569846 -10.64086195919149 102 94 79 0.36734312102603267 19 1402 23 1971 25 1380 22 2518 26 1885
5456 19.486005088558688 -4.9426133162900614 -11.538369882460067 96 92 56 0.65317134869335958 20 2319 23 1975 21 1719 22 2221 26 1889 28 1391
5457 20.496194136323524 -4.7613903596708704 -12.096000970741503 40 34 10 0.53660101764011869 20 2327 23 1982 21 2084
5458 19.524635822173899 -4.4117823980536715 -11.780652779956368 29 20 3 0.35387762295783748 20 2329 23 1983 21 2085 22 2236 26 1900 27 1648
5459 24.222702262454813 -5.596727689787433 -9.6620208196665196 142 132 116 0.2971114387692369 20 2331 23 1988 21 1730 22 2231 27 1282
5461 22.704924418881486 -5.1802459110271739 -10.449295311016014 104 97 78 0.45848234381051556 19 1409 23 1993 21 1731 25 1386 26 1478
5462 19.416009117737278 -3.9038794508373011 -11.344176913355714 40 18 6 0.54431768746278153 20 2337 23 1997 21 2088 22 1834 22 2238 26 1483 27 1289 28 1079
5463 19.637338936966756 -3.9467500006685805 -11.529141875718826 40 18 6 0.55246994582695408 20 2338 23 1998 21 2089 22 2239 26 1484 27 1290
5464 24.390720084929161 -3.1048307769202035 -8.6975372812334246 119 103 84 0.38616292318845497 20 2352 23 2008 21 2098 22 2253
5465 23.970576429138426 -1.1387626291839268 -8.8289765528629545 81 36 28 0.71519596332034741 19 1426 23 2010 21 2103 25 1746 26 1930 28 1436
5466 24.893942761895818 -0.90223395244575388 -8.8168073200513302 107 88 75 1.0967314664819348 20 1985 23 2013 21 1749 25 1748 27 1955 28 695
5467 21.257489385660929 1.5236221968440335 -11.98278852396647 93 88 84 0.83936779211880219 20 2367 23 2033 21 1771 25 1770 22 1877 26 1538 27 1328 28 1149
5468 21.801470767824089 2.5256400033131841 -9.5297328810213511 160 107 99 1.0491595127771283 19 1451 24 2289 23 2047 21 2139 25 2027 20 2390 22 2301 26 1970 27 1707 28 1174 27 1358
5469 25.439310073827539 4.8605340526109586 -10.714333155568772 19 1 0 1.5869204196062605 19 1652 20 2057 23 2052 21 1803 25 1795 22 2309 26 1978 27 1714 28 1506 29 1315
5470 24.575166657664806 4.6902600339108531 -9.7381237587442708 22 7 4 0.47799410087047817 20 2400 23 2059 22 1916 29 1067
5471 24.649017972494136 4.7098013121132114 -9.8147253288573921 22 7 4 1.2740602318146068 20 2399 23 2060 21 2147 22 1917 28 1505 29 1068
5472 28.977572280731579 6.4654942167273539 -6.1332750961424063 28 32 25 0.70191171715388556 20 2076 23 2080 25 1818
5473 32.096149135789865 7.884979162431728 -3.6752856904860653 40 37 28 0.58937549891356011 20 2678 24 2082 23 2103 21 2400 25 1835 22 2345 26 2014 27 2025 18 1519 19 1668
5474 15.836487009485296 5.7273492945961477 -6.3130549933174613 56 92 168 1.3485266937289251 19 1707 20 2465 23 2127 25 1854 22 1990 27 1443 27 1784 26 2022
5475 28.285846537423577 7.1610685235494715 2.87596916604743 2 4 1 0.92557824749794826 19 1691 23 2133 26 2317
5476 28.423268148996588 7.8400911136420142 -1.5859389584294679 29 27 29 0.85039283431452894 18 1533 19 1504 23 2139 21 2418 22 2604 26 2307 27 2043
5477 28.423268148996588 7.8400911136420142 -1.5859389584294679 29 27 29 0.85039283431452894 18 1532 19 1503 23 2140 21 2417 22 2605 26 2308 27 2044
5478 21.435836418911396 7.3850543004730964 -6.6971713203642889 74 69 66 0.34714842709750704 20 2463 23 2142 22 2363 27 1460
5480 16.753354331083973 5.9652816275980838 -6.0896306532230353 18 12 11 0.58749421311123418 20 2133 23 2144 21 2197 25 2065 26 2040
5482 23.561160900291689 8.6987673558231577 -6.8270915192009101 117 53 29 1.267314003949469 20 778 23 2152 27 431
5483 23.324385701770368 9.308949572882474 -4.4229989292688332 22 15 16 0.67252245643006436 20 2721 23 2163 21 2231 22 2623 27 2053 28 1790
5484 23.229475314599153 9.4370053468736383 -2.6144031027762602 35 26 17 1.307913177453693 16 1364 23 2171 21 2235 26 1707 27 1827 28 1805
5485 23.442679223452558 9.7359775293141411 -4.1395131202734445 109 69 44 1.5762434404707804 19 945 23 2173 25 1191 26 1209 27 461 28 1800
5486 15.747585740506214 8.1862017749905345 -6.3994091612574504 160 117 100 0.78601316926888953 20 2201 23 2181 25 1898 26 1222 27 1822 29 1346
5487 22.010586441581705 11.665177118547524 5.1065971254991407 143 98 72 1.0659695832811271 14 945 24 2180 23 2197 21 2253 22 2431 13 1203 26 2102
5488 19.936793535260893 17.30961373062885 -2.5799176592182 128 127 122 0.26516365912127698 20 2571 23 2237 21 2281 25 1938 22 2458 26 2136 27 1892
5489 19.63267206745714 17.650444645466113 -3.1453286178098003 145 143 148 0.37807916261951141 20 2574 23 2240 21 2285 25 1950 22 2460 26 2140 27 1896 28 1852
5491 21.098505953224699 -6.3748295348102264 -10.404374962880576 125 119 105 0.66090653212094796 19 1757 23 2287 21 2508 22 2513 26 2213 27 2127 28 1875
5492 19.072497312741881 -4.9668827119544181 -11.688819990399933 154 139 92 0.77368623830440342 20 2320 23 2292 21 1718 22 1820 26 2220 27 1936 28 1665
5493 19.619180194552502 -4.7912951439144082 -12.913191320332562 78 81 80 0.36521594870255564 20 2321 23 2295 21 1721 26 2221 27 1645
5494 24.725842056316779 -5.1699786948939463 -9.832292763039792 148 142 126 0.82246765915172604 19 1413 23 2298 26 1485 20 1305 21 1736 22 1242 27 1649 28 1398
5495 22.010319756042712 -0.96437338116115567 -13.280590786016251 19 10 3 0.73976085735489316 20 2617 23 2304 21 2333 22 2255 26 2230 27 1667 28 1693
5496 20.099457665057891 -0.59462117276309001 -12.718555175467356 68 65 62 0.32612625916982507 20 2618 23 2305 21 2334 22 2526 26 2232
5497 25.679392739509829 -1.3024897240384863 -7.3864230685404015 26 12 2 0.67508074942515184 20 2357 24 2016 23 2306 21 2102 25 2000 22 2258 26 1928
5498 21.372431398847866 -0.1809089763838452 -13.016405889051972 94 86 74 0.7357145723982379 20 2619 23 2309 22 2259 26 2236 27 1670 28 1439
5499 21.417951934365668 0.64449756224915855 -8.7763802998706719 103 79 67 1.1415611672183799 20 2632 23 2322 21 2108 25 2013 22 2278 26 1950 27 1678 19 1631
5500 21.006621983132455 1.0691941223745811 -12.523702587859864 123 121 100 0.90434587536308975 20 2628 23 2323 21 2348 22 2541 27 1973 28 1708
5501 23.256257838930214 0.98234011699680002 -8.9729624862326336 161 139 133 0.68191844578454708 19 1633 23 2326 26 1949 27 1974 28 1902
5502 21.549590674070064 1.5452928992899211 -10.408279543081065 32 21 19 0.7003379257712623 20 2373 23 2328 22 2286 27 1689
5503 28.495535176106099 1.5797801646383922 -5.7165817331290105 84 69 50 0.37895364469293968 20 2644 23 2337
5504 19.989075691400437 2.3459454342310022 -8.733971136340557 120 69 50 0.82500071144720455 20 2391 23 2340 22 2302
5505 28.185922046096739 6.6441254580635078 1.3753084218174403 5 1 1 0.52941775226945853 20 2684 23 2363 21 2407 22 2603 26 2026
5506 16.568415206750711 5.7431240975643503 -6.0558226771593509 89 89 102 0.60340558794213239 20 2694 23 2373 21 2181 25 2064 22 2600 26 2291
5507 29.0010384773271 7.6526489645659774 -0.91996962625344125 29 15 3 1.3635410827038532 15 993 24 2330 23 2379 17 1238 21 2190 20 2461 25 2058 22 2370 26 2293
5508 19.397111728753519 6.8657677721970298 -7.0750667227877768 31 35 34 0.57647194689433845 20 2865 23 2382 21 2413 25 2227 22 2597 26 2301
5509 16.318187049984587 6.8183745391210966 -6.4437739871961561 137 72 62 0.87438830292897163 20 2710 23 2397 21 2218 22 2617 26 2311 27 2045 28 1786 29 1514
5510 14.790631251650831 6.9667739228556389 -7.0281267558696765 37 33 40 0.69754524016267505 20 2716 23 2406 21 2229 26 2323 27 1801
5511 23.30571658681275 9.4720321732555117 -2.9193219153876697 28 19 14 0.45902515318258741 20 2886 23 2408 21 2444 25 2247 26 2504
5512 15.468527106093102 8.3574656846375355 -6.5292824802432898 64 62 62 0.55152934369609208 20 2732 23 2417 21 2451 25 2102 22 2408 26 2074
5513 15.559083935543796 8.6756482070638921 -6.5167727946314917 77 70 72 0.64958030939086808 20 2741 23 2418 25 2103 22 2636 26 2341 27 2063 28 1802
5514 14.839730732872322 8.9464747575160821 -6.8224857275727304 110 93 78 0.70525253088351336 20 2750 23 2421 26 2345 27 2065 28 1803 29 1348
5515 14.175043142134966 9.0438666601246922 -6.7668412759285559 88 48 25 0.76011960767738695 20 2753 23 2424 21 2464 22 2648 26 2346 27 2067 28 1806 29 1614
5516 21.203126485719494 17.070506784181049 -1.6388723632974322 115 96 82 0.69040420323967044 19 1750 23 2440 21 2477 22 2664 26 2362 27 2216 28 1847 16 1507
5517 20.606022326534926 16.698870961148724 -2.3453717075325646 29 23 27 0.13090410886352249 20 2774 24 2493 23 2443 25 2127
5518 18.964471834455999 17.354590865995934 -4.3685227038667316 97 90 97 1.108710249794693 20 2909 23 2451 25 2136 26 2374 27 2217 28 1962
5519 19.128706303442733 18.0908496764633 -4.7758714354024256 25 19 23 0.42243437308671838 20 2788 23 2452 21 2491 26 2377 27 2100 28 1854
5520 26.651847452368873 -10.539972539916112 -6.406907911601829 85 63 41 0.77051206992695542 15 1314 23 2473 26 2544 20 2918
5521 19.850262469730474 -5.1266913869418937 -10.333061938449271 135 148 128 0.4482158418890263 19 1761 20 2800 23 2479 21 2323 25 2159 22 2519 26 2427 27 1934 28 1663
5522 19.15576649846901 -3.739290256160873 -11.799758267032502 21 11 5 1.3790802513032208 20 2802 23 2484 21 2631 20 2926 22 2706 22 2823 26 2552 27 2133
5523 21.515452672468815 0.48557945200772107 -10.9135007976897 95 84 82 0.82383796127632036 20 2814 23 2494 21 2346 25 2012 22 2536 26 2241
5524 21.695746459709135 0.48022226640763549 -11.068039265704574 95 84 82 0.59583286837946248 20 2815 23 2495 27 2148
5525 20.950203463414969 0.52243087281131961 -11.241417147195586 54 43 39 1.04823363198986 20 2816 23 2496 21 2528 25 2171 22 2718 26 2444 27 2149
5526 20.350038539594344 1.580521531437429 -12.057874658332361 37 37 27 0.6756549384079209 20 2818 23 2507 26 2248
5527 20.96606018417226 2.0138668441223087 -11.962063892258023 31 17 14 0.69209050723835219 20 2820 23 2510 21 2365 22 2726 26 2258 27 1978 28 1903
5528 20.764007218546162 1.9867277648407407 -11.800058078640818 31 17 14 0.59749182384960653 20 2821 23 2511 21 2366 22 2727 26 2257 27 1979
5529 17.975246751922434 2.1309041525023997 -9.7604847088323794 99 92 86 0.60807735787626238 20 2828 23 2512 21 2545 22 2731 26 2457
5530 15.040942255061106 1.8038016046302563 -7.9277284175783818 74 55 40 0.91390577484336588 20 2829 23 2513 21 2546 22 2732 26 2458
5531 23.566180641073721 5.4140722327165367 -9.1869108063667397 16 6 4 1.0983092697697305 20 2655 24 2540 23 2523 21 2377 25 2320 22 2744 26 2463 27 2007 28 1518
5532 20.449514321549941 8.6897023758308531 -6.2453415859035069 119 97 81 0.79096066133598386 20 2882 23 2570 21 2585 25 2244 22 2774 26 2498 27 2191 28 1950
5533 15.637973529300309 8.7088330933438645 -6.5868986539676548 75 71 73 0.71240998210263962 19 1853 23 2577 21 2453 22 2637 27 2064 26 2342 28 1801 29 1613
5534 19.759147968975007 16.83578728328062 -2.3438451458607088 38 37 43 0.39376191536317873 20 2905 23 2583 21 2602 25 2260 22 2792 26 2372 27 2220
5535 18.941269237661349 16.979130549250023 -3.1628594131914647 28 29 33 0.42471563564821829 20 2907 23 2585 21 2603 22 2793
5536 18.801770725244804 17.075843128399541 -3.3826422154242466 133 130 137 0.7259734821459467 20 2908 24 2564 23 2586 21 2607 25 2261 22 2794 26 2375 28 1964 29 1624
5537 19.329056839174886 18.348348353293463 -5.1962130822774117 121 114 107 0.40925411870440892 20 2996 24 2501 23 2587 21 2604 25 2262 22 2795 26 2517 27 2293 28 1963 29 1698
5538 26.979826917119166 -10.53157850931346 -5.7206398993687619 128 107 78 1.054608849472229 17 1640 20 2917 23 2602 21 2625 15 1220 25 2155 20 2793 22 2814
5539 22.303205591826533 -6.4886632695764552 -13.851670796166879 18 30 19 1.4061790015835867 20 2798 23 2606 21 2511 22 2698 26 2424 27 2236 28 1978
5540 22.971051000407975 -5.101438131750907 -10.27272116578281 169 163 147 0.27822380843058647 20 2925 23 2608 21 2629 25 2281
5541 22.33396482058351 -4.4903648555643443 -10.073774218582036 118 109 92 0.69145543266009757 19 1767 23 2610 27 2240
5542 19.388868905985749 -3.7177898977434762 -11.245164307803732 44 22 12 0.74857532011678485 20 2927 23 2612 21 2633 22 2705 26 2553 29 1566
5543 21.905694362638339 0.073045987978306123 -11.002469691548662 32 22 13 1.0949147501470162 20 2935 23 2618 21 2639 25 2292 22 2832 26 2563 27 2246 28 1989
5544 23.368246428296459 0.48755502287375146 -9.1534633024268253 74 2 6 0.85645713625047282 19 1943 23 2620 21 2644 25 2359 22 2841 26 2564 27 2248
5545 20.782909356991691 0.88134584160376139 -8.9890819906401109 109 101 99 1.0454093599008683 20 3008 24 2517 23 2622 21 2648 25 2299 22 2842 26 2570
5546 21.789907415605882 1.0227580763006294 -11.378046437209095 64 56 54 0.56872368830155673 20 2940 23 2625 21 2532 23 2499 27 1970
5547 20.457894105128197 0.85565891932614924 -11.143890378457696 18 11 5 0.67355603925565 20 2939 23 2626 21 2647 25 2295 22 2835 26 2568
5548 21.232999903235051 0.97918847775589768 -12.343973312372286 21 9 10 0.79730109019565776 20 2817 23 2628 21 2533 22 2719 22 2837 26 2445 27 2150 28 1899
5550 23.044041700984305 -10.429118501851658 -6.7006532650762862 123 102 71 1.4379147694208694 19 1933 24 2575 23 2682 22 2891
5551 25.87391435655849 -10.563828388132949 -6.0314863213791767 137 112 82 0.68362107665539207 17 1727 23 2684 21 2693 25 2352 26 2631
5552 22.106775339610394 -6.6072774026444936 -11.895200906102902 36 33 28 0.39199164686607491 20 3002 23 2687 21 2696 25 2354 22 2898 26 2634 27 2300 28 2039
5553 19.464389606911578 -4.2081308341529278 -11.382481973664893 84 72 30 0.70724503168027353 20 3004 23 2688 21 2630 22 2821 26 2635 27 2239 28 1980
5555 19.831591572756434 1.705382156996949 -9.1046428818768259 29 18 10 0.78635658980541845 20 3012 23 2695 21 2706 25 2361 22 2845 26 2643
5557 26.556502890269662 7.5209400229113808 2.8249655982166089 47 49 48 1.0432243526635692 18 1780 23 2719 21 2735 25 2383 22 2931
5558 15.350034388777308 6.7788722676348243 -7.3118454320500943 94 94 96 0.75515674898819518 20 3036 23 2721 21 2672 22 2866 26 2603 28 2014 29 1685
5559 15.430274120754744 7.7049337758670662 -7.2017378397457055 153 138 125 0.72022615092522013 20 3043 23 2726 21 2739 22 2872 26 2675 27 2282 28 2019 29 1688
5560 15.596543781461138 8.0918396455831889 -6.7518493156207962 71 68 76 1.399348222369895 20 3045 23 2729 22 2938 29 1746
5561 15.22818993655841 7.8641775490069552 -6.4822877050954801 71 68 76 0.95734606944052081 20 3046 23 2730 22 2939
5562 22.026903283793708 17.747438249974483 -1.3684062519055751 42 19 5 0.82634830965107275 16 1633 23 2734 21 2745
5563 19.335741147926736 -4.8377283599991099 -11.712823235444619 140 107 57 0.37573560166264663 20 3055 23 2744 21 2697 22 2899 26 2696 27 2301 28 2098
5564 22.453793008063975 -1.6529251427579099 -13.900348694385412 77 69 48 1.0680549365230836 20 3005 23 2747 21 2699 22 2953 26 2637
5565 34.298638664951291 -0.74552831723590274 -5.6256257821905065 166 157 142 1.4128799993815508 20 3060 23 2749 21 2758 22 3009 27 2370
5566 28.731762272941221 7.3172255425492176 2.1338863193762259 57 56 52 0.86919485935906893 20 3079 24 2652 23 2770 21 2776 22 2972 26 2717
5567 15.693014620674614 7.5133135167262912 -6.9689270740990876 48 41 52 0.90188246290377805 20 3096 23 2781 21 2789 22 2934 26 2673 27 2344 28 2079 29 1743
5568 23.305104129027249 10.189255227945107 -5.4326976078251876 59 33 17 1.2630388801519434 20 3131 24 2612 23 2782 21 2740 25 2438 26 2732 27 2396
5569 19.919440115035663 -5.1312795254319399 -11.356143368333496 45 52 44 0.75552687943702457 20 3141 23 2789 21 2803 22 3004 27 2407 28 2138
5570 20.300167694937848 7.2327809446597735 -6.925912595323851 11 11 3 0.58222225778933567 20 3153 23 2810 25 2496 26 2767
5571 15.894116609549879 6.740678073381364 -6.5616335037711915 156 81 73 1.0081870338732009 20 3086 23 2814 21 2781 25 2472 22 2977 26 2721 27 2392 28 2121 29 1783
5572 18.315725100996978 7.8578890711802263 -6.7112647456548071 37 30 21 0.60571649400716066 20 3091 23 2817 21 2786 25 2470 22 2982 26 2725
5573 15.925058821217146 7.6106084621787051 -6.4888079728265025 165 100 91 0.69463325606169191 20 3130 23 2818 21 2821 22 3022 26 2770 28 2155
5574 15.978943298007165 7.6364385794479377 -6.527421665608796 165 100 91 0.69353559588790159 20 3129 23 2819 21 2822 22 3023 26 2771 28 2154 29 1812
5575 17.672020414743695 6.1630943815436678 -7.2406772086355762 69 102 165 1.1947263968885871 20 3151 23 2839 21 2841 25 2494 22 3043 26 2792 27 2453 28 2178
5576 14.988562386585857 5.8634217638112789 -7.0163627389587999 93 131 204 0.82087107024264605 20 3154 23 2842 21 2817 22 3018 26 2768 27 2425 28 2150 29 1807
5577 24.786425304376422 -0.69598133375989191 -11.943844995913429 19 9 18 1.4990989992804036 20 3165 23 2851 21 2853 25 2507 22 3057 26 2806 27 2470 28 2189
5578 21.352798707806471 2.3976698364182458 -8.9085694768926462 152 98 84 1.2636255047166203 20 3182 23 2868 25 2521 22 3073 27 2485 28 2216 19 2120
5579 23.934379088840839 -8.6069753399735873 -11.882841849498149 49 39 28 1.8230204255891123 19 2123 23 2883 25 2534
5580 20.245756416217045 8.8959461550729682 8.1920601653552048 146 105 77 1.3979219500298781 19 2127 23 2885 25 2536
5582 22.355863933143148 9.0137463035977952 2.5886317037009059 153 120 102 0.6118221939866515 13 1191 16 503 17 570 24 1507 23 685 19 1324 20 1748 21 808 25 1216 22 791 26 1229
5583 26.679449530477271 7.2340773795235007 0.8250142336305607 7 7 0 1.643190867652889 16 405 17 476 18 923 24 1823 23 1260 14 713 15 397 16 404 17 473 19 887 20 1610 21 1429 22 2027 27 1050
5584 27.550071657777632 7.095496863685546 1.6138128842652528 6 2 1 0.86004286955385889 14 688 15 353 17 945 23 1765 19 1252 24 2110 18 1207 20 2473 18 1389 21 2200 25 1521 22 2378 26 2045
5585 20.122868198681701 15.947811042247407 -2.1076475202574221 32 23 27 0.53261139906570054 19 1363 20 1829 23 1414 15 500 16 547 17 625 24 919 21 923 25 1272 22 935 26 1282 27 563 28 987
5586 22.545414090667592 8.9867398664804927 2.5018340485134409 21 9 3 0.71607808029855646 14 1145 19 1849 24 2373 20 2748 23 2415 17 1016 18 1449 16 959 24 1899 23 1839 13 943 21 1956 21 2463 25 2098 22 2647 26 2506
5587 30.546126690703193 -12.134327990431979 -5.0268681857579631 87 78 58 0.66140096477290777 14 87 16 131 18 116 19 633 23 1535 24 72 20 87 21 48 25 813 26 1447 27 1257
5588 32.195845733576931 5.0297663981436962 -4.7071874864774799 92 71 52 0.97775157197709839 17 1388 19 1453 23 2053 24 1748 20 1483 22 2312 26 2266 27 2003 28 1511
5589 27.846839862381458 9.9207789948994165 7.0768266493630732 49 50 45 0.90421715756590615 19 1976 20 3099 23 2731 13 1684 24 2614 25 2396
5590 19.983924235140435 16.381539313323241 -2.4760154800837944 60 60 60 0.79272258775932736 15 854 16 1004 17 1059 23 811 24 956 20 1833 25 1281 22 947 26 635 28 990
5591 23.716954592666688 11.07700113707668 -0.16514883637274944 124 77 52 2.4888781628162122 15 1556 16 1796 18 1901 17 1941 23 2884 19 2130 24 2752
5592 23.080035043161566 -10.923387252516855 -6.238745301963144 62 47 39 0.52017625826892433 17 38 19 20 23 2 18 694 20 1899 21 1092
5593 24.057436835808492 9.814554993611214 -5.3361048352242051 83 63 48 0.8181783927633961 16 511 18 569 23 656 24 787 20 905 21 756 25 551 26 502 28 410
5594 31.503583294937801 -10.500696894246914 -6.5936144898971945 50 37 20 0.57587951005098315 16 1435 19 1756 23 1963 15 638 17 1147 18 758 19 1397 20 1949 24 1122 21 1708 25 824
5595 23.665764425563577 -0.45638775146172506 -8.6534230973412924 185 148 68 1.0408724719436913 24 2513 23 2691 21 2525 20 2809 25 2356 22 2830 26 2560 27 2139 27 2243 28 1892
5596 25.096154924156973 -5.5429180405395115 -11.012034035667083 151 146 127 0.32402745879066447 19 2128 23 2886 25 2539
5597 26.979397930341634 -12.221075497424318 -5.7246220945844133 81 64 47 1.4525027619482469 23 24 21 25 25 5 20 61 21 24 22 8
5598 29.486958094037767 -12.761161626614559 -3.4788758921222525 186 177 163 1.2024161810562524 15 88 21 36 14 971 22 19
5599 27.158319095730764 -10.901434468210264 -5.9764354951517893 139 114 94 0.38397941918716866 24 67 21 59 22 33
5600 19.587304094353186 -5.5710249394303997 -10.6121029392152 72 65 59 0.14547403793466807 19 68 21 116 26 36
5601 19.063926817526145 -4.4710493682796502 -11.57382941575111 114 112 91 0.42086750613880636 23 93 21 163 22 1218 20 1281 26 873 27 125 28 44
5602 24.425847131134358 -5.4911231256890778 -9.768060198751563 76 69 61 0.23833716002286481 23 1006 24 1141 21 173 25 871 28 646
5603 20.218877574749381 -4.5567861341834996 -10.13016302817157 182 176 164 0.59847006167723171 19 90 23 111 21 188 25 89 22 1228 27 137 28 34
5604 20.090303025995855 -4.453725277398016 -10.124392172020301 108 104 87 0.48696467364288099 19 659 21 189 25 90 23 112 26 78 28 35
5605 22.91142433607703 -4.3944916264744087 -10.229677991242298 106 100 86 0.62823279621537376 24 1157 21 205 22 1244 26 895
5606 20.741243265996314 -4.072003870903961 -10.154771448632289 160 166 154 0.39318146985576985 23 1583 21 209 22 1832
5607 21.502900058634932 -3.9207773196696065 -10.402381099499646 90 91 83 0.5635015634067011 20 280 24 1159 21 211 22 195 26 90
5608 19.767049320486489 -3.6111059763648647 -10.068430453831205 149 139 128 0.60212315657865545 20 1310 23 140 21 214 25 886 22 1838 26 95 27 1286
5609 24.237216259504279 -3.8899405742230906 -9.0959200727036187 80 70 53 1.5741095082428389 23 1030 21 232 22 204 26 1498
5610 25.625035664074492 -3.4618304903976731 -9.4892994700765971 57 45 29 0.43922426159972677 24 190 21 243 22 208
5611 23.348547995357087 -0.71051593105410371 -14.370369821870689 60 47 38 0.76723040027415357 20 317 23 1043 21 255 26 127
5612 25.786313851494299 -1.2827857856728695 -9.5560693087600281 98 68 61 0.78974207456833789 23 1038 21 261 22 220 27 830
5613 24.161737162963266 -0.8790716455698927 -8.8243354337836006 62 13 9 0.75079075133515705 23 1047 21 266 22 1268
5614 24.178331392727969 -0.73968906540766344 -8.7991631253349603 79 24 29 0.51242104232159913 23 165 21 267 22 238
5616 31.821376143202006 -1.4169450004095094 -5.5792285051299846 145 133 111 0.62153569736851466 18 164 21 278 22 237
5617 31.449423270676583 -0.98805703179494819 -8.4993897142711514 27 18 14 0.46101039859387083 23 1057 24 1191 21 280 22 1279 26 140
5619 22.566300485983799 0.45028643945945457 -8.2233474698816273 208 156 150 0.61229043881291434 24 243 21 310 25 156
5620 19.926315772101017 1.2234823823377903 -11.814447150659749 73 70 59 0.89822720590369376 20 396 23 1081 21 321 22 290
5621 23.999905388756822 0.79823346811474261 -9.4994732251045715 118 49 48 0.79324547010551383 19 150 20 388 21 333
5622 22.279863752245507 0.69773761905633747 -8.9832245229511862 67 21 6 0.36155961346762994 20 390 23 205 21 335
5623 22.160135803490952 0.98110076669689084 -8.7929804845233424 136 66 69 1.0579476719243781 23 1093 21 338 24 1219 22 286 26 961 27 218 28 156
5624 20.467165338579399 1.3088161953537139 -9.0474720694012554 129 102 93 1.0042507652643919 23 235 21 340 24 269 22 311 26 198 27 221 20 411
5625 20.308070056523295 1.2670245689493032 -11.665848076029429 32 28 24 0.4882003449897736 23 1078 21 341 25 943
5626 20.100652354239802 1.7087178201512927 -11.400276328653632 30 23 18 0.35450053528504616 23 236 21 344 26 973
5627 31.986759889276112 0.98904029411838013 -7.6437139360109017 87 77 65 1.245217991972345 20 423 23 215 21 351 25 172 22 1322 26 186 20 422 27 1319
5628 20.907154807811839 1.5001044876877514 -8.2838176154974033 85 59 43 0.48496195041118584 20 440 23 1111 24 1236 21 367 25 182
5629 23.394920453074239 2.0260268823008047 -7.5394416480150959 107 74 69 0.62977075423909079 19 184 21 393 25 973 22 353 27 256 28 228
5630 22.935062067660198 1.8791819949646056 -7.3422469884862887 50 21 3 0.67351852323673833 23 272 24 310 21 394 25 197 22 330
5632 19.196202362098152 2.2381161529609592 -9.1383586520201074 127 118 112 0.43799732497648325 19 191 20 465 21 407
5633 30.794452629484461 1.3131476621017026 -0.3357358458580687 166 159 150 0.49531080884939083 23 266 21 418 25 210 26 232
5634 26.564016514501571 5.5380709520049818 -9.7363931395528862 141 134 123 0.62094571283078726 23 313 21 464 22 401 28 266
5635 26.84162801951971 5.0895700744900445 -5.5750007131644175 173 158 144 0.70580895150963252 19 775 20 518 21 491 25 253 22 417 26 274 28 275
5636 27.578442941464139 5.812244048789835 -5.8332118885176776 113 65 62 0.5990436348400795 23 361 24 1277 21 493 25 257 26 277 28 297
5637 25.171589254428515 5.6855390742451766 -8.8124246255269423 85 76 69 0.33878725150377104 23 339 21 497 25 267
5638 24.171472855420561 5.7533511183013184 -9.2661323471239676 80 68 68 0.71583587767405654 23 343 24 450 21 500 25 1013 26 286
5639 31.00709414529647 5.4814851183004656 -2.0775978296907196 139 104 76 0.55479407317787388 23 347 24 414 21 503 22 1405
5640 27.635645912724105 5.2990171746759476 -2.1947276408691332 90 53 23 0.16918393317605807 18 268 21 512 22 442
5641 31.130281685803229 6.6874240374346865 -5.97127110584987 86 63 6 1.0404000977861507 17 306 23 357 21 519 15 252 25 283 28 309
5642 31.137843402107258 6.6764038429234676 -5.9666678513425575 86 63 6 0.94313477712531157 17 305 23 358 21 520 15 253 25 284
5643 27.345473114291451 6.1959579152589468 -6.3398731134735087 118 73 46 0.94645678027422897 16 308 23 366 21 524 25 287
5644 22.519653307660715 6.4319693690719708 -8.4110788038109323 36 31 27 0.67552961703927294 19 286 21 528 26 305
5645 21.776022742305781 5.9941159131538955 -8.4657104262713023 26 23 18 0.35896158733970168 23 401 21 529 22 467
5646 28.34408400449621 5.9443452442235625 -1.8072696799387213 153 115 90 1.0287192545041466 18 295 20 611 21 535 25 1019 26 311
5647 34.554721169952458 7.9240505723519998 -4.705445617836725 35 26 18 0.23206781655409794 24 463 21 539 25 309
5648 33.748504244670073 7.7263599662458669 -4.4671983258209309 35 26 18 0.53027956126915066 24 464 21 540 25 310 22 480
5650 24.675400505126266 6.4787538946998042 -7.4149577087120795 119 98 77 1.0253958506227348 19 819 21 552 25 319 24 476 22 497 27 339 28 316
5651 24.36136874619265 6.7764543965058097 -8.3516509736458122 84 69 43 0.85825566310829049 23 1180 24 1335 21 562 25 1494 22 1434 26 1607 27 1416 28 1220
5652 22.399102831539142 6.4710677093572997 -7.6151312922003882 142 121 104 0.45644854612048141 24 1340 21 563 22 507
5653 20.049296576165904 6.2636427251640052 -7.8607413639033892 105 102 93 0.34622519227654269 23 1212 21 569 24 1380 25 1511 22 1440
5656 31.680260855413987 8.2957773649215181 -5.4069103917064671 72 63 48 1.1356696333651135 17 949 20 681 21 587 25 363
5658 26.963588781614845 7.7522791578108219 -6.4032994559042606 102 84 46 1.4585262677615218 18 895 21 592 25 1085 17 1243 28 870
5659 29.456417954156258 6.8236738359375835 1.2789916308182672 19 21 18 0.19926017702530963 20 713 24 542 21 610
5661 28.551546807041074 7.0759469919434013 0.36164119411923812 141 135 121 0.54220444960692182 14 331 21 614 22 605
5662 20.309288497851373 7.3298410161585306 -7.0567261042671534 11 7 4 0.7552622725035989 24 693 21 636 23 548 25 475 26 405
5663 28.912651611568002 6.980911867564747 3.3234764052017329 19 18 17 0.45683285943960628 13 416 21 646 22 641
5664 27.693805570194723 7.2394175104651977 0.27670332296609057 132 125 105 0.99964782941797437 20 762 24 600 21 653 25 406 22 608 27 425
5665 15.207528324694167 6.3667784121133133 -7.418637784000242 118 118 120 0.54934169952822731 23 590 21 676 22 630 26 410 27 407 28 364
5666 8.1060530913996143 1.592091250598336 4.2904217845976094 19 18 18 0.14212508003829077 21 678 25 392
5667 27.898805865328978 7.1377400468868313 3.07659935567494 75 75 75 0.67377682267045713 18 471 21 686 22 644 14 322 17 461 16 393
5668 27.417946863254038 7.3207792555513986 3.1774310832969559 3 3 6 1.3007106155920993 16 394 21 687 25 446 22 1552
5669 24.846499726473134 9.2771156080106376 -5.6890385528413878 71 48 29 0.87164145058475861 16 949 18 546 21 702
5670 21.793122567850279 8.22118997866672 -5.9000996828465686 90 42 20 0.61761716068419092 24 738 21 704 27 434 28 392
5672 28.711297967905523 7.6545824657054711 5.9487813572582739 46 50 53 0.51982511519145191 23 605 21 746 25 1153
5673 20.242975235946812 8.9447865313528165 -6.4457116206138592 127 99 80 0.3089305852759846 23 665 21 759 25 555
5674 15.571481698696957 8.4504935840301147 -6.2578872976185265 161 90 98 1.5144277449918531 20 1736 21 793 25 1225 26 517 28 916
5675 15.389435061694087 9.1013322363633957 -6.9268035684917626 122 103 89 0.46114888054172665 23 697 21 800 22 784 27 476
5676 14.411902917763758 9.2868762703467826 -6.828744123499308 146 112 101 0.49866505982217901 23 710 21 814 22 799 28 425
5677 21.742903804745914 9.499578378099983 5.4482139535957055 251 238 232 0.34375966311377421 24 829 21 832 25 594 23 1358 22 1624 26 542
5678 22.195558181277899 11.901882286277612 2.3302937154256869 130 86 64 1.7324442115072036 16 972 21 842 22 1627
5680 20.378783117326126 16.105222565108917 -4.252649403375182 32 27 31 0.45636611420479922 24 1551 21 879 25 643 26 578
5681 20.532069544221653 15.880062476142557 -2.997992228487925 104 97 104 0.24450883040669472 24 894 21 895 26 586
5682 20.502076011027253 16.228747508203959 -1.9261596260667042 28 19 15 0.74109686633185934 20 1083 23 782 21 919 24 918 25 1274 26 606
5683 19.371034964192145 16.825332278079284 -5.2445490063798736 96 85 82 0.40369373204306758 23 823 24 967 21 930 25 688 27 553 28 507
5684 19.786752127956255 16.125119834098971 -2.2070407575114617 70 69 75 0.47649977765952395 20 1089 23 808 21 934 25 674 22 940 26 631
5686 19.156481174046725 16.537097698115648 -3.3770606894870512 8 5 11 0.19284711595399948 16 620 17 1090 21 945
5687 18.995009456930926 16.846125261846769 -4.2134204255436565 180 176 175 0.49068913610623932 17 731 21 947 26 647
5688 19.787039979447382 16.915882877856891 -2.1515774830608314 115 109 113 0.56479448107174912 23 829 24 976 21 958 25 1291
5690 19.348870511408013 17.206576475211524 -3.8382717939682065 63 64 68 0.20013271083837281 24 1009 21 976 22 983
5691 19.288191635980255 17.438855825617324 -4.2123129511121444 37 38 40 0.5288967818468302 24 1015 21 978 25 705 22 1708 26 1322
5692 19.16563626943244 17.113684869745054 -2.2002143510582348 167 161 163 0.60666936883969791 24 1023 21 989 25 722
5693 18.912295806697259 17.424295907830697 -3.0330483690272669 35 34 38 0.31737078667391544 23 877 21 991 25 743
5694 19.126905554525397 18.304967956005925 -4.3360287984214709 135 126 131 0.71828399440394153 23 883 24 1062 21 996 25 753 26 688
5695 18.903336309936041 18.161639098695883 -4.620682875480683 47 43 43 1.1716927560545518 23 884 21 998 25 752 27 631
5696 18.953332113844137 18.20095735390553 -4.8089925366655439 42 39 50 0.57759791265149407 24 1065 21 1000 25 754 27 633 22 1037
5697 19.238542990579582 17.788062136107737 -2.7880640562764283 45 39 41 0.21455271207231119 23 1467 24 1604 21 1013 25 1321 22 1719 26 1363
5698 18.850970872815214 17.691918738953518 -2.9276725960766141 116 112 113 0.62397659552078011 23 878 24 1610 21 1016 25 744 22 1052 26 702
5699 18.608113072058146 17.571747551631614 -3.3580589167096262 80 83 92 1.2559315519779877 23 1470 24 1612 21 1020 25 1324 22 1032
5700 18.398224082821322 17.568482586392062 -3.1422305355906333 187 181 186 0.5880946259909503 23 897 21 1021 22 1056 28 607 29 489
5701 18.396781973481396 17.547439111762262 -3.2146239364771541 42 37 44 0.43640012814280621 23 896 21 1022 25 766 28 1039
5702 18.497587950419625 18.215206250345023 -3.7239741920404112 88 78 79 0.61765076300076971 23 1489 21 1052 25 1339 22 1735 26 1369 28 1040 29 916
5703 18.617360867858764 18.716353224469138 -4.5860663942826134 41 33 31 0.79517235505148498 23 907 21 1053 25 1344 28 1031
5704 26.918741604668828 -12.829131997451933 -4.0359782845728267 173 147 124 0.45237164082768266 15 587 20 30 21 1080 16 667 17 781
5705 26.774660292072106 -12.755889953488058 -3.994425995724582 173 147 124 0.68382322038580479 15 586 20 29 21 1081 14 480 16 668
5706 27.410156651229642 -10.721831736451051 -5.5744989051161591 74 51 36 0.44899174778170103 17 819 21 1122 22 1797 15 905
5708 20.633456339860476 -5.2105840926083928 -10.451121380960931 70 94 72 1.1625830139999038 19 652 21 1160 25 858 23 83 22 1213 26 50 27 784
5709 20.134623902813697 -5.3529338761759035 -10.433672126817184 87 98 81 0.48684207211543706 19 648 21 1162 25 842 27 100 28 626
5710 19.682614333912394 -5.2736237078715744 -11.728645379040362 15 24 7 1.0117515974990794 20 1258 23 1974 21 1166 26 861 22 1819 27 780
5712 24.42394405793285 -5.3613628149895742 -9.6346692690519138 138 129 119 0.30316425084042858 23 1581 21 1185 25 872 22 1221 27 127 28 1075
5713 24.587115993327529 -5.238155971992648 -10.127725334481349 156 151 138 0.59130852279531354 23 1021 24 1153 21 1187
5714 24.758986930946691 -4.30564405971126 -9.5973706459494323 151 142 128 0.64708111586818506 19 681 21 1210 26 1493
5715 24.474010651138151 -1.3056900360888515 -9.0661487503929816 101 82 68 1.0349783862139752 23 158 24 1175 21 1226 25 126 22 223
5716 24.2603624176351 0.29060047821573687 -9.6758725833090171 70 14 0 0.4489716069902851 19 708 21 1242 28 716
5717 21.343568912174558 0.57794405038683727 -10.465207376799006 44 37 31 0.57125612174890317 23 1063 21 1245 26 947 27 854
5718 28.98547709734833 1.3572580690440066 -7.0258694352408391 34 34 32 0.60527023538518665 23 1104 21 1270 22 1349 20 2026
5719 26.528292657107674 1.3370911966109684 -7.3678430443994163 97 84 88 1.5046080393092718 24 1722 21 1271 25 948 22 1324 22 1351 26 965
5720 26.178468132809432 1.333494144632549 -7.2129074976229157 97 84 88 1.3285487573312 24 1723 21 1272 22 1325 26 966 27 1338 28 1165
5721 19.532601713986239 1.4113648417613687 -8.3396213081410178 165 113 95 0.57289587785782436 20 1408 23 1100 21 1283 25 958 22 1334
5722 24.083483093103904 1.5848280169901765 -7.4799223872818992 76 43 11 0.77582455021765406 18 782 21 1293 25 970 26 984 27 893 28 755
5723 22.930790501928342 1.5872284874843117 -7.8027085212741643 74 0 2 0.63861334763838318 19 743 21 1296 26 1559 27 1348
5724 29.287859236604149 2.0354689651343878 -5.7998138517997235 73 57 42 1.2963629446384142 17 210 18 1129 21 1308
5725 19.149559924788733 2.347449243467155 -8.9370860453119629 107 98 88 0.99016078213373704 23 1660 21 1311 22 1372 28 229 29 703
5726 25.147425033880758 5.5661505486508309 -12.197340952003421 29 22 16 1.593228449512381 24 2302 21 1322 22 1926 27 1370
5727 21.348237001929327 4.9635304256166464 -8.2074794497042269 18 22 18 0.52670527973318082 23 344 21 1336 24 1288
5728 22.185168254162456 5.255353306353733 -8.6121681443442029 93 89 86 0.84867611883843552 23 1142 21 1344 24 1287 25 1015 22 435 20 533 26 1033 28 816
5729 31.220269207731729 6.6542187200540184 -5.5163023623012224 80 51 7 0.67590137828978092 17 904 18 822 21 1354 15 715 22 1411 20 1521 26 1040 27 967
5731 25.375820988762715 6.7702449290696549 -8.984161152649488 112 100 88 1.0607250201247109 19 1215 21 1362 27 1746 28 844 20 586
5732 22.298796505557171 6.7936164766590714 -7.7112211182821406 26 13 3 0.79390063318079873 20 2094 23 1209 24 1373 21 1380 25 1509 22 1966 26 1610 27 1432 20 2434
5733 22.850668869010519 6.5459025751892366 -8.4325133748204646 161 156 133 0.78414297187626825 19 824 23 1184 21 1381 25 1056 22 1436
5734 30.067064169712246 6.3912104572490458 1.2588139482426026 12 6 0 0.26768563991120525 15 712 16 293 21 1388
5735 30.067064169712246 6.3912104572490458 1.2588139482426026 12 6 0 0.26768563991120525 15 711 16 292 21 1389
5736 31.678018921514784 7.391204260533824 -0.94874824483908415 22 16 4 0.26549442426278574 23 1193 21 1391 25 1076 22 1477
5737 31.203405996074959 7.5249541494153576 -3.6816627130982211 84 79 73 0.30358029375860102 18 1182 19 812 21 1393
5738 21.53910419491093 6.9143846081922646 -6.4101822208511452 58 49 45 0.71810232178071964 20 2103 24 1419 21 1398 27 1012 28 874
5740 28.798875332645419 8.9221915672848393 -4.6563589172893298 88 75 66 0.56052421666627328 18 515 21 1436 26 425
5741 19.972108639031472 7.3711716368349141 -7.0904135903487306 10 5 1 0.78824735228801257 23 1277 21 1440 25 476 28 889
5742 27.201932652665359 5.9071206184018257 5.9531953732731626 60 57 63 0.52495324273778576 23 1251 21 1443 24 1815 25 1097 26 1116
5743 26.317816985910419 6.329235416404722 4.3548534256703855 42 26 16 0.57942164879866886 23 1252 24 1817 21 1447 25 1542 22 2024 26 1674
5744 23.015186186666082 8.8083146585269976 -5.9626322721004108 69 41 25 1.1527285868418926 19 1304 20 835 21 1462 22 662 18 550
5745 20.612475517996312 8.8408600532353248 -6.3025895576645388 137 114 99 1.3251591484781167 19 1319 24 1494 21 1477 25 553 23 661 22 1562 26 1193
5746 23.678466554586073 9.769665767126682 -5.7045321410558527 83 51 38 0.77880505891196183 16 963 17 1285 21 1489 25 1580 26 489 19 440 28 912 28 1581
5747 16.050067343684262 8.4286718725610896 -5.7324685681838945 116 95 88 1.9713834803305537 20 1730 23 688 21 1523
5748 22.589738123310088 11.775566246856036 5.8221102107789902 38 19 2 0.44097384705157128 24 1532 21 1548 25 604 22 1634 26 1732
5749 21.649559075590115 16.587974057811451 -2.7363438060416883 39 18 13 0.3721235693990792 17 600 20 1800 21 1573
5750 20.922337015400466 16.242810652174818 -2.9321439888074416 117 103 103 0.4222241436046742 23 1396 21 1576 22 1656 27 543 28 500
5751 20.449873809487205 16.721862933682594 -3.2887655010549866 171 166 170 0.2413131550777716 24 928 21 1587 22 948
5752 19.859098233887622 17.306009452400072 -5.6143723142188984 51 33 27 0.93183758151405227 23 824 21 1590 25 689 24 968
5753 19.593045240501695 16.755411244578589 -3.1652205967302267 91 90 95 0.28644028675957678 17 1077 21 1603 22 1682 26 1296
5755 19.005213069615134 17.274388806227087 -4.3080108828111774 107 107 104 0.88301046965856811 24 1952 21 1622 22 1709 23 1455 27 1169 28 997
5757 19.321496318027041 17.460296267657686 -2.7769043819444037 136 137 140 0.21645655811158634 23 1466 21 1629 25 1306 22 1717 26 1344 27 1199
5758 18.995375525062673 17.65778890570525 -3.2412415231544895 23 24 29 0.46738907636492993 23 1469 24 1959 21 1630 25 745 22 1028 26 685
5759 21.650283881567109 18.738208530939637 -0.72704791029261784 72 57 54 0.81308088359251596 23 1914 24 1598 21 1636 25 1646 22 1047 26 1358
5760 19.297931328677404 17.779452656056392 -2.6629670743672449 153 146 153 0.27975493308455218 24 1602 21 1638 25 1318
5761 19.297931328677404 17.779452656056392 -2.6629670743672449 153 146 153 0.27975493308455218 24 1603 21 1639 25 1319
5762 19.313185496191849 17.740397487080006 -2.7646205909380028 52 46 49 0.23074381056318105 23 875 24 1027 21 1640
5763 19.320818712771491 17.900789762647491 -2.4129142081971571 39 32 39 0.26075595319172068 23 1482 24 1965 21 1641 25 1320 22 1731 26 1361
5764 19.26342567617495 17.849379312130932 -2.3926449288802409 39 32 39 0.18805406929446253 23 1483 21 1642 22 1732 26 1362
5765 18.75461587964767 17.663383245174575 -3.0038344478317516 35 30 34 0.51896392575935979 23 1485 24 1967 21 1643 25 1322 22 1053 26 703 28 1036
5766 18.377665574810813 17.400193192609198 -3.3861382774146049 39 43 51 0.56488158176241476 23 1472 21 1644 27 1200 28 1361
5767 18.505632111974084 18.006133473481373 -3.7813963083671704 70 60 65 0.5027867579273636 23 1926 21 1645 25 1337 26 1784 28 595
5768 18.834718563635029 18.721344955617823 -4.7199547765260359 105 98 94 0.79707117646705772 23 906 21 1647 25 1343 22 1737 26 1371 27 1202 28 1030 29 903
5769 19.872353139918388 17.829585498915897 -0.55012920453190839 194 185 186 0.6939652634111666 23 892 21 1656 26 742
5770 19.663880063393037 17.773458631438523 -1.3200467010593468 76 66 65 0.21367575824033583 16 629 17 710 21 1657
5771 18.563364626396982 18.228263714391396 -3.6404788074374181 193 184 183 0.62509652085291012 23 903 21 1658 25 1338 22 1734 26 746 28 1042
5772 35.738729825223338 -16.814318904276977 -3.3773325640334453 0 0 0 2.8418077831686528 17 93 20 1906
5773 21.877180581952164 -9.9868470958894928 -6.4059783907230008 134 117 91 0.97144616214225332 23 1525 21 1693 27 1611
5774 29.184891704785809 -12.687352468910253 -2.196961215135147 190 180 168 0.92093602928142504 18 1086 21 1695 22 1783
5775 30.178321846926824 -12.696977245055313 -2.4000087107537138 139 129 117 0.63902615120172512 23 1533 21 1700 24 1657 25 1701 22 2195 26 1444
5776 21.875752881868838 -6.2855924512418371 -13.226904961391387 18 24 17 0.94547795327672624 23 981 21 1713 26 858 22 1193 20 1254 27 762
5778 21.546711818434165 -4.9708617361810195 -10.458239815464824 112 102 93 0.54463387707153199 19 1410 23 1575 24 1680 21 1725 25 1387 26 1471 27 1283
5779 19.746718117983814 -4.723953455046014 -12.306335084125964 22 23 11 0.67616546913253062 23 1001 21 1727 22 1217 20 204 26 1474
5781 18.343852189835186 0.50407574757666773 -11.03510870417111 95 81 81 0.24438136799128549 23 1622 21 1758 26 928
5782 19.382587625437843 0.68767660427387034 -12.018847895438293 150 141 123 0.45921474765253778 20 2364 23 1067 21 1759 22 1869 26 1522
5783 24.470642050053087 0.95316209122916429 -7.9222139422180389 144 122 114 1.3025206307327126 20 2369 23 1088 21 1767 22 1885 28 738
5784 19.894872476680913 1.6133905020753749 -11.713123266341043 39 38 31 0.33132615546949051 20 1411 23 1632 21 1772 22 1879
5785 31.810385408534767 1.6863521523971574 -8.313707210640997 6 6 4 0.79262019431274078 23 1641 21 1782 22 1350 25 968 24 274 26 981
5786 20.668967899244709 5.1914849007419379 -12.430172378177096 18 9 10 0.72519292733520868 20 2064 23 1681 21 1805 22 1919
5787 28.178694727884526 5.9917619193697815 -9.6191243996861484 126 116 104 0.28705669203667128 23 1686 21 1808 25 1472 22 1929 27 944 28 1515
5788 27.464525041875152 6.1369957663323333 -9.67240104317891 47 48 46 0.96872547779304041 23 1687 21 1817 25 1473 26 1988 27 1376 28 814 23 1138 24 1281
5790 26.568966179412417 6.6764317492914955 -5.4436242433163455 106 46 45 0.85547916318509942 24 1782 21 1832 25 1043 23 1175 28 1228
5793 32.378192362013166 7.8054426656023628 -0.81963906696908806 26 19 13 0.16658622453881053 24 1362 21 1860 25 1078
5794 32.366933671906558 8.7411911404455811 -3.8849182519145806 25 20 14 0.91352898497118917 17 976 21 1864 16 416 25 1529 27 1454
5795 32.586121068246428 9.1388559761141863 -4.9540859606847487 24 16 13 1.413822128731737 20 1586 23 1750 21 1865 22 1983 24 2095 25 1845 23 2122 26 1093 25 420
5796 27.687661072190235 8.6904411334543639 -6.5505925372061782 72 55 26 1.1612871573783272 23 1771 24 2114 21 1867 25 1531 26 1101 27 1458
5797 21.771022431838912 7.1176166219688222 -6.1411102630040055 127 114 105 1.21305910585887 24 2116 21 1868 25 1850 22 1988 26 1644
5798 21.43474565089894 7.0430416508284432 -6.3201932414106867 80 75 72 1.0737012532874095 23 1773 24 2118 21 1869 25 1536 27 1440 28 1249
5799 26.532464873016522 6.1374993647132703 4.1001447874983725 63 62 60 0.61309352166138142 24 1394 21 1874 25 1515 22 2023
5801 27.563189043106647 6.5016123485906867 3.5043061267419628 8 9 9 0.59796521571011396 23 1254 24 1398 21 1877
5802 27.497837563133238 6.2184305140008451 3.0676564443973215 5 4 2 0.76476199206564088 20 2114 23 1737 24 1794 21 1878 25 1517 22 1997
5803 29.101019402355977 6.8222944235186276 3.0491258040679221 103 104 99 0.16768970155720145 19 326 21 1880 26 1121
5804 30.424291095145477 9.3204953412626992 -4.6117932784887659 11 6 7 1.4563991576989308 17 1460 21 1888 16 1352 27 1794
5805 24.075390605487907 8.3491163661165313 -6.8295423187347879 46 33 34 0.52167323057095538 23 1772 21 1894 28 1255 18 1259
5806 21.082293888758926 7.5295331715434175 -6.4530849279780433 92 92 82 0.89178525183077895 23 1774 24 2126 21 1895 25 1869 22 2374 26 1665 27 1791 28 1560
5807 18.833902114122989 7.1705407283019751 -6.7181601426624322 139 135 78 0.6927017929996252 23 1793 24 1857 21 1897 25 1564 22 1511 26 1146
5808 16.553350933271709 7.6026006805204682 -5.9765193472342215 112 98 94 0.62982323761990444 23 2405 21 1931 25 2089 22 2626 26 1690
5809 18.103637174093031 8.6635902221857801 -6.0517662869406035 87 56 36 0.89084967866337672 23 2180 21 1947 26 1700
5810 16.50467873248439 8.0884387834252216 -5.9923401026673053 119 105 104 0.52444998026736755 23 1834 21 1949 25 1588 27 1492
5811 15.911682362325324 8.7185651882895954 -6.1089361770687507 112 97 88 0.37943955931793322 23 1842 21 1954 27 1507
5812 22.641694387905062 11.789397795853244 6.3890376799387614 53 29 25 0.5340138353157502 24 1531 21 1964 25 1606 22 2091
5813 20.098755412307881 15.908654583506607 -2.2462670607430022 145 140 140 0.2924159379181831 20 2231 24 1919 21 1979 23 1417 25 1623 22 2107 26 1745
5814 20.006565019958547 15.835983076317307 -2.2191991792803374 145 140 140 0.27162336501235068 23 1416 21 1980 25 1624 22 2108
5815 19.683183657550728 17.930272864293904 -5.444413945887983 25 23 29 0.16928324633410996 24 2217 21 1985 26 1752
5816 19.976856637962555 16.851313757858751 -2.140227555794564 134 123 125 0.80143511002403689 20 1844 23 1898 24 1936 21 1988 25 1634 22 1700 26 1757 27 1566 28 1007
5817 19.011357646174417 17.342802941912154 -3.884940041472182 37 38 40 0.53106068472929435 24 1950 21 1992 23 1454 25 1653 22 2122 26 1324
5818 21.151673869767667 18.122006556746737 -0.99624801618346259 138 123 116 1.1714339840271393 15 543 21 2001 25 1647 26 1764
5819 20.070409940121262 17.876247392294477 -2.9174182786566467 41 39 40 0.65021062168507515 23 1452 24 2216 21 2003 27 1569 28 1026
5820 19.384724427184882 17.328031863043769 -2.5756373852913006 105 99 103 0.38048996666823609 20 2264 23 858 21 2004 22 2136 26 1765
5821 18.951713002253509 17.187974327555235 -2.8485221018027231 34 36 38 1.5025460984693508 23 2245 21 2005 24 2403 28 1357 28 1863
5822 19.343648770053068 17.762312383917305 -2.8995113638064622 166 164 166 0.40093723652774887 24 1957 21 2007 22 2140 26 1769 21 2288 28 1636
5823 18.618908453187718 17.238756921251436 -3.2177697646213459 150 151 156 0.40644859561925117 23 2246 21 2009 25 1955 22 2141 26 1770 27 1582 28 1359 29 1391
5824 19.243814261259907 18.504574593985346 -4.5266798478785084 35 27 25 0.46212442712593771 23 1918 24 1969 21 2012 25 1667 22 2143 28 1344
5825 19.036464026835095 17.70249139100218 -3.0796246807404719 124 122 127 0.58656408710202834 24 1958 21 2017 25 1664 23 2247 22 2466 26 1780 27 1583 28 1358
5826 18.9872130814705 17.92481478577043 -2.9123660058134129 35 29 30 0.42257744628946164 24 1968 21 2018 25 1676 22 2150 26 1782
5827 18.907154357881883 17.976981806900682 -2.7542447542492878 136 130 133 0.48228304409849176 23 1924 21 2028 25 1675 26 1779
5828 18.672047881676324 18.999497118115706 -4.7505170349966663 140 131 129 0.37932254217107242 23 1940 21 2030 25 1689 22 2152 26 1796 28 1043
5830 19.698021998748473 -6.027281303465668 -12.205474775587424 22 32 17 1.718559584109322 20 2599 23 2284 21 2068 22 2208 26 2214 27 1632
5831 23.514628057036678 -5.5538240629497269 -10.618364320251029 112 101 97 0.32093262433495529 23 1990 24 2004 21 2080
5832 22.017549437376161 -5.0026135322371177 -10.334386628725039 93 84 71 0.24616196121876996 24 2254 21 2086 22 2233
5833 19.877960959861369 -3.6887970371286003 -11.182984329844155 28 22 15 0.85896349516582293 23 1996 21 2093 26 1913 22 2704 21 2521
5834 19.481222394936278 -0.31621320896333621 -12.103785218463372 90 80 77 1.0333718016079916 20 2355 23 2311 21 2100 27 1304
5835 28.217574303166103 0.11099667038057466 -8.134700598118096 40 40 42 0.59221779087614446 23 2026 21 2106 22 1873
5836 21.497338445176727 0.41097724557132165 -10.67152003178084 43 36 30 0.90665390205181184 19 1431 23 2022 21 2109 25 1418 22 2271 26 1535 27 1313 28 1138
5837 17.202392765030936 2.2950547200528644 -9.1305543986733753 22 15 8 0.35848800583969237 23 2048 21 2132 22 2304
5838 33.564222915617371 6.0750604237329533 -6.8004625803920735 86 72 59 1.4188363712951404 20 2404 23 2065 21 2148 25 1798 22 2317 26 2267 27 2004
5839 25.085496153574184 5.656952917019658 -7.6023481499771908 50 55 87 1.2644883274259162 23 2082 21 2153 25 1811 22 2318 26 1987 27 1732
5840 26.224853125375745 6.1254554330521014 -9.9721591150193909 48 36 36 0.96073827058489902 19 1657 24 2305 21 2154 25 2034 22 2569 26 2269 27 1735 28 1756
5841 22.071559290369713 5.6479980443805751 -8.4898733800824342 74 64 63 0.66706746749294432 23 2085 24 2070 21 2155 22 2321 26 1991 27 1748 19 1661
5842 22.816756871710975 6.4832306828242574 -9.1323247039110829 126 123 114 1.0365716751087157 20 2665 23 2094 24 2090 21 2165 25 1829 22 2333 26 2002 28 1522
5843 23.003178502544319 6.9161765205695982 -6.8862385556152415 163 138 116 0.86313983808083339 20 2451 23 2358 21 2179 24 2323 25 2052 22 2347 26 2019
5844 31.512994051210079 8.0424369350867444 -0.76768076015156361 102 93 88 0.44254216719757916 19 1502 20 2120 21 2189
5845 20.924601727229923 6.9525640501169912 -6.2539508838541149 106 102 94 0.87599455137870674 23 2141 24 2119 21 2195 25 1851 26 2038 27 1779
5846 28.703001096879607 6.7918516494457108 2.4551603136976512 22 23 18 0.93808683983179364 23 1738 24 1795 21 2199 25 1518 19 1499 22 2366 26 1654
5847 27.263728431730826 8.6704836332184438 -5.517757067449347 58 33 18 1.0338192949870952 17 1462 21 2205 22 2372
5850 14.896337657906455 6.3617494274568545 -7.2381662291015383 35 34 39 0.71846999255594479 23 2392 21 2209 27 1464
5851 26.511826354699302 6.3044749410573937 4.2055702265823527 123 119 107 0.65515472542675346 23 2131 21 2210 25 1516 20 2142 22 2376 26 2053
5852 15.496445927897065 6.6524450668029846 -6.5054862417757953 162 86 91 0.60494416208140844 23 2160 21 2219 22 2387 27 1800 28 1562
5853 15.306553987967705 6.6261101600819261 -6.5636090791212318 56 63 65 0.74855326647774212 20 2495 23 1810 21 2220 28 1563
5854 21.708669140364481 8.5224580931548033 -0.73638475257274127 55 54 59 0.42705916969870933 23 2169 21 2234 22 2414
5855 22.460512170332098 8.6064079913629197 -0.15534212027817354 22 20 23 1.3662859097534001 19 1716 21 2241 25 1892 22 2633 26 2067
5856 15.435172647653165 8.7363260383493753 -6.8344365593058658 81 77 79 0.70764943457698737 20 2526 21 2243 22 2416 26 2082 27 1831 28 1584
5857 20.411817323576273 7.6494990706068373 2.5678926435692642 32 32 32 1.0041375996631654 23 2178 21 2244 25 2095
5858 14.79549061692466 9.1104957259596251 -6.7899559628626021 93 59 47 0.75752646791833156 23 2423 21 2245 22 2639 26 2084 27 1837
5859 22.109037391391805 17.711099062628875 -2.1970150612007919 35 16 11 0.63658331214880326 20 2237 23 2439 24 2392 21 2274 25 2123 22 2661 26 2363 27 1875
5860 19.951976015865142 16.927556605465949 -2.6962688775514088 22 26 27 0.75703208916177889 17 1505 23 1900 24 1937 21 2276 25 1638 27 1880
5861 19.295652873880801 17.713805416672084 -2.8847359554319572 166 163 166 0.41545717907579943 24 2222 21 2287 25 1954 22 2465 26 1768 28 1635
5862 18.609672327576689 17.224003916555873 -3.4413299711783796 33 31 36 0.58036738808038246 23 2455 24 2405 21 2290 25 2140 28 1864 29 1547
5863 19.11188688149895 17.497831569446952 -2.2270168114100253 194 184 192 0.31911613599129307 24 1955 21 2293 22 2674
5864 19.541283035373521 18.035083140075351 -2.1772461728892014 126 117 120 0.45018284960100874 23 2253 24 2226 21 2294 22 2149
5865 19.541283035373521 18.035083140075351 -2.1772461728892014 126 117 120 0.45018284960100874 23 2254 24 2225 21 2295 22 2148
5866 19.393735741865839 17.830701069137593 -2.513216041475022 45 38 47 0.54404865866048624 23 2244 24 2221 21 2296 25 1953 22 2475 26 2147 28 1642
5867 18.557674146491109 17.662646023661033 -2.9290659689654097 179 173 175 0.43205148261670695 23 2257 21 2297 25 1963 22 2476 26 2148 29 1403
5868 18.804977600286811 18.588154382235409 -4.8246927448586625 39 31 29 0.41875962967432512 23 2259 21 2299 26 1785 27 1903 29 1396
5869 18.593001399671724 18.168992589576138 -2.9856296470208936 189 184 181 0.33868703885518742 23 2265 21 2304 25 1969 22 2484 26 2156 29 1554
5870 29.693999042432271 -10.382867298172972 -6.4128823193935256 88 65 51 0.99237746702704488 17 1533 21 2318 26 2206
5872 20.415340860267154 0.12397239578180418 -12.590355542631215 113 103 94 0.66122507267682795 20 2623 23 2313 21 2340 22 2266 26 1934 27 1671
5873 20.374898525493155 0.60408123644972944 -8.3791582780539304 61 53 51 0.42909266463510182 23 2498 21 2344 24 2419 25 2170 22 2543 26 2239 27 1679
5874 21.972160181961872 0.59452554774166477 -11.49713731971806 44 36 34 1.5761352667297044 23 2316 21 2347 25 1767 20 2004 21 1248 22 1308 22 2537 26 948 27 1963
5875 20.43540196748879 0.81256500409494481 -12.234293289368354 60 60 12 0.51905978486611715 20 2629 23 2318 21 2349 22 2539 26 2243
5876 19.745107316630936 0.7830076085019072 -11.638498150318322 60 60 12 0.47047373977108792 23 2317 21 2350 22 2540
5877 21.800528723548315 1.0447960526430324 -8.8780656902062258 92 66 59 0.90060124061270641 19 1634 20 2637 21 2351 22 2542 26 2246
5878 21.474652373411786 1.2228906718636381 -9.7813589577608546 63 52 50 0.89693062074457952 23 2506 21 2352 27 1686 19 1635 28 1719
5879 22.160762469839248 1.3603809118079153 -11.568884215150108 65 57 55 1.6551443721975747 23 2329 21 2354 22 2544 26 2247 27 1977 28 1710
5880 23.581734400265027 1.2850205441466691 -7.0603045980808661 145 80 64 0.51470985727357921 23 2334 24 2282 21 2362 25 2021 28 1726
5881 30.489006180656286 1.6374569199449103 0.33017492018113209 179 170 161 1.094976574605149 14 986 17 1381 23 2341 21 2372 16 1101 25 1787
5882 33.041949579631421 3.5355364968656571 -4.897786721956944 166 153 136 1.3054463066787279 24 2046 21 2373 27 1713
5883 22.876237036867931 5.2272605206644878 -9.7069337365433039 67 63 60 1.0047321530652198 23 2068 21 2378 25 1802 22 2564 26 1984 27 1723 28 1750
5884 31.540439545628775 7.882577132056098 -4.2180664141235757 35 26 21 1.4046699835106504 20 2425 23 2536 21 2401 24 2446 25 2208 22 2586 26 2290 27 1773
5885 31.195937232045406 7.7797982406853716 -4.1306369075388618 35 26 21 1.282630819180671 20 2426 23 2537 21 2402 25 2209 22 2587 26 2289 27 1772
5886 25.823739937766067 7.2577110865918346 1.7196490220498641 52 53 58 1.2061142538666618 20 2488 23 2386 21 2424 25 2072 22 2047 19 1267 26 1679
5887 23.604955883299134 9.342040409623694 -1.9869949862349594 38 40 39 1.0482644764904563 18 1569 24 2358 21 2443 22 2404 26 2068
5888 24.99391526988941 8.8642453932978462 2.5077225077530829 41 45 48 1.2150065201576279 24 2155 21 2448 22 2631 26 2075
5889 15.286501332081396 8.3869730753553693 -6.6193181011014746 105 100 107 0.483407188515113 23 2575 21 2452 22 2635 26 2339 27 2062 28 1798
5890 20.777137305345594 7.7562413448165977 3.3948546197296454 34 34 34 0.65707956397698497 24 2363 21 2455 23 2184
5891 23.355456247424662 9.0486418438467009 2.3929633134431971 69 69 71 1.5898895516442311 18 1567 21 2457 25 2097
5892 15.172222309239835 8.8618397539571152 -6.4948344459328453 78 48 38 0.32242461456862409 20 2749 21 2458 22 2424
5893 14.35105640436719 9.4428787387117179 -6.8353086243016676 96 59 44 1.2434052246383993 20 2894 21 2467 26 2615 28 1588 27 2198
5894 19.670872241699694 16.469854940269578 -4.8977332234834581 160 153 147 0.58225726506191278 19 1749 21 2476 25 2125 22 2658 26 2360 27 2209 28 1824 29 1616
5895 21.153441148825628 17.017881753794345 -1.619376727711467 112 93 87 0.85656192902257056 19 1751 21 2478 22 2665 28 1848 16 1508 17 1502
5896 19.749624673920742 17.968593106734755 -2.7684858967255592 42 38 44 1.0957328355857785 23 2589 24 2402 21 2489 24 2567 25 2266 22 2797 26 2519 28 1968
5897 18.627409393875283 17.363395664432762 -3.6832744799709514 152 150 155 0.63868175665183669 23 2456 24 2500 21 2490 25 2141 22 2671 26 2376 27 2099 28 1853 29 1625
5898 19.141449662219394 17.884104822031805 -2.894756946911663 48 43 44 0.49507232633940196 23 2453 24 2407 21 2493 25 2138 22 2677 28 1869 29 1548
5899 19.120751837519215 18.102815896685968 -2.545608232733525 79 72 79 0.21378333173037795 23 2460 21 2498 25 2146 22 2676 26 2390
5900 19.546241994614846 -9.5983943331244763 -7.7610962121926601 29 22 13 1.1720802310991316 19 1598 20 2790 21 2503
5901 19.960716416133259 -5.6771574783756842 -10.580084150409744 125 122 117 0.55140098160452922 19 1760 21 2510 26 2423 27 1931 28 1877
5902 19.823768031372392 -5.3199791687122469 -10.092569623373404 91 101 86 0.58821280833715128 19 1869 21 2513 26 2426 27 2129 28 1878
5903 18.867942646791043 -3.8356551987215046 -11.223553761729853 98 76 45 1.247858315415763 23 2609 21 2518 26 2431 27 1942
5904 17.405682502983144 -0.084733173864366421 -10.2911639400988 55 45 36 0.85535746939428681 20 2807 23 2488 21 2522 22 2711 26 2435 27 1958
5905 23.228489427254392 -0.47714010232821197 -8.3792087906883541 178 147 74 0.73500553685189296 20 2810 24 2512 21 2526
5906 32.424997626175738 5.5394601503202976 -6.8590754280342399 98 86 70 0.34101550723720231 18 1617 27 2265 28 1917 24 2534
5907 26.890029709464443 5.4852000470715465 -6.1557480960010791 170 136 96 0.76799006995227059 24 2436 21 2553 25 2189 22 2568 28 1519
5908 22.137714658151488 6.0022509761418918 -8.7564764695445341 29 25 22 1.0487129995523026 19 1896 20 2846 21 2557 27 2172 28 1923 29 1674
5909 23.312058508959392 7.5740780963050582 -11.940392122851138 55 71 103 1.3982629889005271 23 2359 21 2560 25 2046 22 2342 28 1533
5910 29.309599121758545 7.5419756346350191 3.6515306679636712 61 65 62 0.88818350127195311 15 1155 21 2575 26 2313
5911 29.309599121758545 7.5419756346350191 3.6515306679636712 61 65 62 0.88818350127195311 15 1156 21 2576 26 2312
5913 20.158498210197557 18.209638264059048 -1.6407446015941878 64 54 53 0.14422491299673612 23 2588 21 2610 22 2799 26 2523
5914 19.313644736891458 18.009224492603895 -2.6877249912130794 181 175 177 0.48278490985745087 23 2594 24 2502 21 2611 25 2267 22 2675 26 2383 28 1973
5915 18.746375378952308 18.129213338737479 -4.1467296506489584 149 137 140 0.74860113633651426 23 2461 21 2612 25 2147 22 2672 26 2384 27 2226 28 1970 29 1703
5916 19.299457549122405 19.657197111119199 -5.3143007793247179 31 19 17 0.64091217772069864 23 2466 21 2613 26 2524 28 1971 29 1704
5917 18.567208411359058 17.890249251993364 -2.859993245062427 39 31 44 0.33585858794998352 23 2595 21 2616 25 2270 22 2800 26 2391 29 1631
5918 20.364720990909383 -3.8369656302896917 -11.599952675891965 26 20 14 0.2533528123212484 23 2611 21 2632 22 2822
5919 20.111809757563481 -0.077777392185742714 -9.2262030311889536 25 11 11 0.71838579625004151 23 2616 21 2638 25 2291 22 2831
5920 20.764678977816377 1.6015118927909031 -12.018490955524898 33 31 26 0.59426077610271144 20 2944 23 2631 21 2649 26 2571 27 2152
5921 20.400297663635094 1.9287715038398281 -11.999639759067527 112 109 101 0.47341223281722838 20 2945 23 2632 21 2651
5922 20.562387282908102 4.5883296372708875 -7.8857474487293553 14 26 17 0.37046164333584075 23 2637 21 2655 25 2315 26 2584
5923 25.215890823172689 7.5191863096833105 -6.3653785043378868 145 132 116 1.5903624882232437 19 1906 20 2959 23 2710 21 2662 22 2920 24 2650 25 2425 23 2769 26 2593 27 2275 28 2068
5924 23.746195227500099 8.2832116033887164 -6.3550618570629673 5 6 11 0.61043087868508594 23 2660 24 2606 21 2670 22 2861 26 2601
5925 21.35175494709172 16.324126839254379 -5.4626042350313515 50 36 32 0.99132038095652852 20 3100 23 2672 21 2682 25 2397 22 2879 26 2680 27 2352 28 2084
5926 19.931922055228927 15.928068267066863 -3.3107787872434722 46 47 52 0.88266292511127831 19 1983 21 2684 27 2357 28 2027
5927 19.992340128383486 17.355142038625925 -2.7765154950241255 107 106 104 0.39896542341271779 23 2675 24 2563 21 2686 25 2346 22 2882 27 2295 28 2034
5928 19.039195375171637 17.408540747543366 -3.1056602300813445 65 65 68 0.55010506768502565 23 2677 24 2568 21 2688 25 2347 27 2224 28 1969
5929 18.740669251506528 17.895108127604843 -3.8260487170848729 37 32 38 0.43132667919502027 23 2678 21 2690 25 2401 22 2885 26 2621 28 2037 29 1755
5930 20.128168278617377 17.606382565788806 -0.38998553264749686 195 186 185 0.30118847503761376 23 2736 24 2620 21 2691 25 2400 22 2886 26 2619
5931 18.824301276264311 1.0514433374563377 -10.889323685086389 109 105 100 0.57467531528581262 23 2750 21 2701 22 2905 26 2639
5932 20.680444549258706 1.3140612316782467 -7.8314959417423529 43 39 36 0.56042948064506315 23 2752 24 2628 21 2705 25 2408 22 2906 26 2642
5933 29.473204200858042 6.126550265198941 -8.6630149497072892 44 39 46 0.716579873088384 23 2701 24 2592 21 2714 25 2318 26 2649
5934 19.382395044553288 5.9870906515074696 -7.8781277236525273 18 12 11 1.226481034012201 20 3074 23 2765 21 2719 25 2426 22 2918 26 2656 27 2272
5935 29.968931395860935 6.2298984693140991 3.9284581649643564 151 144 134 1.0136344730663984 19 1898 21 2721 25 2377 26 2659
5936 19.051462271293225 17.231971497133731 -2.1178213765004266 191 182 185 0.54097377220005749 23 2676 24 2566 21 2747 25 2348 22 2884 26 2620
5937 18.318635203771287 17.848236492963178 -3.3316140301052752 180 172 171 0.60850183323362561 23 2737 21 2748 25 2403 28 2137
5938 20.539146770419023 0.15123015893371128 -10.777715472204147 23 10 7 0.69336342932938511 23 2748 21 2757 22 2902 27 2307
5939 21.227550007219474 6.2806827063870925 -8.4062424294621394 121 117 105 0.66008956152236398 20 3072 23 2761 24 2645 21 2769 25 2420 22 2966 26 2655
5940 15.814788138123545 6.6986264437124738 -6.4963660852563443 160 79 77 0.88408234222856763 23 2813 21 2780 25 2471 22 2976 26 2720 27 2391 28 2122
5941 26.159296469002488 9.2119701428238585 -1.0256676220120855 49 46 38 0.91023357113967762 23 2778 24 2656 21 2790 25 2432 22 2986 26 2730
5942 20.496549367035083 16.233005034788313 -2.7713883997717579 143 131 134 0.94583173595118408 16 1700 21 2796 27 2401 28 2133
5943 19.160516747208998 16.704927644917845 -3.2478855590821181 25 25 33 0.66343536556650295 24 2705 21 2827 25 2479 22 3028 26 2741 22 2993 27 2436 28 2160
5944 19.468583798384373 19.586388660789503 -5.5251824059059835 36 23 18 1.1995814608273843 23 2848 21 2851 25 2504 22 3053 26 2800 28 2203
5945 24.167179026576395 -0.70229388164310114 -11.508644508502934 22 13 16 0.86286377854124474 23 2852 21 2854 22 3058 26 2807
5946 25.41828385741346 4.3747327577221622 -10.322749332568158 57 47 38 0.88063173207670764 19 2095 21 2856 22 3059 27 2472 28 2193
5947 18.817495770744035 18.149717997540918 -5.2401619165066986 57 33 29 1.4580752968532447 23 2878 21 2879 25 2530 22 3083 28 2218
5948 31.820763584199444 2.1058314923982255 -1.1473782554464846 133 124 109 0.92228292597691652 14 578 18 223 15 922 21 1795 24 1249 20 1466 22 1910 27 919
5949 22.644513553757026 11.81151664480188 2.9191683081836191 119 89 64 0.75496816833971736 19 1339 23 1854 21 1540 13 514 15 474 18 587 16 519 20 1770 24 846 22 1626
5950 21.547160424743648 17.417707153522063 -1.5295298062702851 24 11 3 0.84830863602065132 15 512 17 642 20 1103 21 1595 15 1204 24 1925 25 1627 22 2109
5951 30.046002761624543 6.3640266615234555 2.8733886257035928 139 133 119 0.91926553303081526 16 1127 18 1172 23 1732 21 1854 14 211 17 329 20 703 25 1066 13 1137 22 1468 22 1973 26 1630
5952 30.998581189208181 -10.566905724106837 -6.8327767593680901 23 16 2 0.67146664602983885 16 1271 18 1101 19 1103 23 1962 15 910 24 2246 21 1709 17 831 20 1240 25 1982 22 1804 22 2510 26 1872 27 1265
5953 26.217957490694229 5.0240206944092467 -9.8229992735405283 27 15 2 1.3504766988842694 19 214 20 1478 23 310 21 1799 24 2053 20 2058 23 2058 25 222 25 1451 22 387 22 1914 26 249 26 1569 27 1367 28 803
5954 23.97272383352977 -6.4088625628315565 -9.9894310554890904 87 82 71 1.4854986880347416 23 1561 21 1717 19 76 20 2603 21 2322 25 836 25 1987 22 1812 26 1883 27 1637 28 1658
5955 29.672876466535225 -10.707456394281898 -5.3489788277351566 122 102 78 0.55336472756636945 16 728 20 1938 21 1705 15 116 18 755 24 89 22 1800
5956 26.196003846793793 6.7451180409374976 4.6537447786023272 59 64 57 0.96337688487765005 17 456 24 647 23 1284 21 1923 13 1170 14 883 15 987 16 1163 18 1223 19 1264 25 1128 22 2391
5957 23.362935927230442 1.4653212675147518 -7.6815565916623267 79 18 16 0.8892342651595847 19 1160 20 2030 23 1643 21 1277 24 1233 20 1423 25 1776 22 1895 26 1544 27 1345 28 1167
5958 25.485022985141367 7.7149359351742488 -6.3987026862678471 133 122 101 1.9503145763231475 18 1537 19 1820 21 2663 20 2960 23 2711 22 2761 20 2862 26 2594 27 2181
5959 19.510331983829499 17.147327506479769 -2.8747686372852046 51 51 48 1.7536164900856783 15 878 16 1029 21 968 16 1238 17 1103 24 1947 20 2250 23 1908 25 1649 26 1759 27 1570
5962 29.611741896441977 8.3886012191256114 -5.2111758278695124 94 78 61 1.4979544316671984 15 405 16 891 20 1574 21 621
5963 27.563189043106831 6.5016123485907329 3.5043061267419562 8 9 9 0.59796521571007422 23 1255 24 1397 21 1876
5964 23.811520735765182 9.1028620921758456 1.0615099786312854 25 25 25 0.2537591592999856 18 1442 21 2239
5965 29.165096019715506 -11.580317217581461 -5.1264498082197232 92 77 56 1.0535207397554489 21 50 25 16 27 69
5966 27.003970329992008 -10.212781838047668 -7.3277238299040084 42 27 4 0.17041003960050749 21 74 25 25 20 109
5967 20.138307950269962 -5.3641920829996579 -10.552540125213721 88 101 81 0.44477343033382155 21 136 25 49 26 48
5968 19.848726019650471 -5.1033677103589383 -11.220849734752075 46 57 47 0.62825500741566442 20 1265 21 1165 25 52
5969 22.067394725144091 -5.6687703793344104 -11.098218579308339 61 61 51 0.70341394452126593 21 134 25 58 22 89
5970 24.757573446205861 -5.6111214391982784 -10.310287214148918 91 81 69 0.15144889706088832 21 172 25 71 22 133
5971 22.411575233829659 0.99349535349419349 -8.6434803304916716 184 154 150 0.51885125798976628 19 725 25 169 27 881 28 183
5972 20.071163140714098 1.4146751427932776 -7.862629038811014 84 55 43 0.95461094263539981 21 366 25 183 22 309
5973 27.278746372096464 5.7447066715513992 -5.7300492554853744 107 55 52 0.50912430645899087 21 494 25 258 28 298
5974 27.904278594263015 5.6701045064134599 -2.4850401364101486 145 110 63 1.7914306924935639 17 302 20 568 25 278 26 293 27 331 14 607
5975 29.801505388345692 6.4719394693918177 -1.1791449194298012 51 43 29 0.7032247445375639 20 606 23 415 25 299 22 518 27 372
5976 28.363910539494185 7.3222184851820105 -6.032577533737995 98 60 44 0.37370507364252736 21 550 25 316 22 494
5977 23.174329931791661 6.6076883373782698 -7.1253935213049253 159 134 103 0.54975724595162923 20 628 21 558 25 329
5978 29.8375661703693 7.1383949422599269 -1.97907518981376 64 60 51 0.58759972158907703 20 668 25 353 22 526 26 355
5979 28.959428091900566 7.3182673717756233 -2.1272727575503816 135 131 122 0.65593277705623132 19 306 23 476 25 357
5980 25.257017196695411 7.1912023376163372 -7.1959544619013061 171 150 131 0.66963420314513544 20 626 25 373 26 326 27 992
5981 26.495382760457179 5.7192015479322533 4.437087455612426 55 52 47 1.5568963795499229 20 1604 25 389 21 1428
5982 28.574083382318594 7.2155539099087953 1.0204437900845147 14 12 1 0.38788437250825003 20 1609 25 402 22 1501 26 420
5983 28.513898157558632 7.7150212880023714 -0.73530528844806409 38 14 0 0.82057447143730988 18 483 25 409 19 339
5985 26.597375504909397 7.1781576601277015 1.832617389078435 2 2 2 0.74993202133071113 21 691 25 452 20 822 26 456
5986 26.752355906315476 7.2186417932438518 1.8071704890876255 2 2 2 0.52741166708497633 20 823 25 453 26 457
5987 28.748475352730637 6.735755532102476 9.8877530443975008 20 23 3 0.71992974691518041 19 384 23 594 25 484
5988 25.724291772388916 6.7794164798321441 6.2264657174309184 42 46 47 0.43667205872649784 21 1484 23 606 24 715 25 488
5990 25.401090326069792 9.2057182618957878 -7.3711845321348353 16 6 3 0.26383245096537139 20 776 24 1447 25 503
5991 25.754687101758577 8.909896899037081 -1.7693816971602547 46 41 35 0.1161759523009613 20 870 21 727 25 528
5992 23.774714350655998 8.6269633023563053 -0.45399605642074464 4 3 1 0.82806053970333915 14 735 19 436 16 495 26 1204
5993 20.079331093123692 15.599278556580925 -4.2160123031027137 116 114 115 0.8281614402825489 19 531 24 904 25 631
5994 19.560710844017319 16.76253942021253 -4.9360892612178837 122 121 111 0.7374539865973182 19 1034 25 664 27 1143 28 961 22 953
5995 19.329281060089684 17.408633756585211 -2.873505763757318 16 16 16 0.92909224105737687 20 1147 25 724 22 1023
5996 18.715906691959312 16.79307849753279 -3.2798582048467679 76 75 78 0.64980084804788907 16 637 17 724 23 864 24 1013 25 728 26 667
5997 18.686819616195102 17.401724633196856 -3.8494699682941338 127 122 128 0.38958845960545868 20 1154 25 747 26 687
5998 19.008517261518413 18.378135786584412 -4.9282028591145233 86 77 78 1.4406582158760375 21 997 25 756 22 1727 26 1350 27 634 28 1346 29 1388
5999 18.956214946276422 19.455230089304212 -4.8786925591661241 95 88 82 0.43255490624983017 21 1054 25 793 26 750
6000 30.917589210036759 -14.164555535475081 -1.9913180603235277 168 159 142 0.71609507914740966 19 42 25 799 22 1131
6001 25.603846681663331 -11.126441177964525 -5.8349826828653395 65 45 21 0.53516327717883649 19 627 23 26 25 808 22 1787 17 110 26 1441
6002 31.563298544593405 -10.177265207669668 -6.5804067134561697 90 77 61 1.1199746217455664 20 138 24 1125 25 828 22 59 18 145 27 84
6003 22.022950367844608 -6.6503305008821716 -11.226838419119693 128 123 112 0.12579497601468759 20 1242 25 832 22 74
6004 23.112783554411905 -6.3061951107489724 -11.217550687625078 103 96 86 1.2177814483418539 20 1261 21 1156 25 837 22 1202 26 41 27 765 19 1108 28 13
6005 20.224002617629221 -5.5062292156788013 -10.103664615512866 86 84 73 1.431192440159569 19 75 23 65 25 840 27 99 21 130
6006 22.6425062159886 -5.7791327797890988 -10.59873763362198 101 92 77 0.38543952465168213 21 129 25 846 22 1209
6007 22.454665472656796 -5.4792517321563476 -10.543264871673347 120 111 96 0.21127856756937741 19 651 25 850 22 1210 26 868 20 1276
6008 24.806509704976758 -5.4783225668690649 -10.078159742826275 149 139 129 0.57857009128260073 19 95 21 175 25 874 20 215 22 134 26 72 27 794 28 648
6009 22.144894454056452 -4.447573107615451 -10.892948452294158 80 71 64 0.69586489488976311 20 250 25 879 21 206 22 171 26 896
6010 19.52247730239457 -3.5643848676212899 -9.8679938869051878 132 126 113 0.53327883386189368 20 1311 25 887 22 1839 28 1086 20 2341
6011 24.907785094322055 -4.4972186524816067 -9.7036768818978576 147 138 121 0.68617907603747308 19 680 25 891 22 188 26 901
6012 23.602517474058164 -3.8247564197237263 -9.684657263116323 154 145 136 0.50863642164517187 21 1220 25 893 26 907
6013 29.11999903849123 -0.68281023400619234 -7.7216134161542165 16 11 8 0.93100113799379391 21 1235 25 908 22 1296 28 119
6014 22.170875657854147 0.57290434379088251 -8.9584724234516617 109 63 48 0.58667024181341787 20 1388 21 1243 25 920 22 1314 26 946 27 205
6015 21.986398273454913 0.88116461541599556 -8.1925205454765848 186 155 153 0.71142996353429189 21 1260 25 928 22 280
6016 22.7767184296852 1.1278275866013978 -8.8437264298918894 41 20 15 0.53450286273672254 19 726 25 939 26 174
6017 23.374344817697757 1.5362090210777444 -9.0807021448502905 47 9 11 0.58484611054628122 19 172 25 955 26 196 27 241 28 741
6018 20.004088162364894 1.6554827672735299 -8.4287314903561565 164 118 105 1.3240814167870631 21 1282 23 1113 25 959
6019 18.26508312891589 2.0929843263803893 -9.0616331516578885 90 80 78 0.85080463838541076 19 1170 25 977 22 1363 20 468 26 993 27 250 28 213
6020 30.597815117027029 5.3999661244014678 -1.8549820788439573 100 77 43 0.6852484931259134 20 1496 25 1001 22 1406 24 413
6021 29.601655869250802 6.0419242277839906 -1.0614442114542209 54 41 33 0.94144035125728576 21 1369 25 1018 22 1420 26 1053 27 983
6022 27.313269268707753 5.0582377334376831 6.6637824970994375 128 121 112 1.4898084229736159 13 811 23 458 25 1061
6023 33.089679945175966 7.592392289973799 -1.3309038116540017 42 38 27 0.98311735791378407 20 665 25 1074 26 1073
6024 27.365054502840639 6.4024284935252282 3.0485045458696129 91 92 87 0.85275573662905158 21 1881 23 1256 25 1102 20 2144 22 1998
6025 16.69664896758059 6.0571743329794216 -6.3763161535303015 99 103 101 0.51237008704494291 20 2135 21 1425 25 1120
6026 17.04827878851432 6.2610186496042513 -6.4075537698068779 70 69 65 1.3778410487378834 21 638 25 1144 26 1647 19 913 27 1017 28 363
6027 18.667411035337235 7.4491289697800642 -6.6896568656196065 97 89 46 0.94065231245605707 21 707 25 1167 22 1541 27 1045
6028 15.361254659296515 6.3442923207694291 -6.5382015977588885 99 90 99 0.80070383461522709 20 1630 25 1168 26 435
6029 15.95653600912698 6.798066543874139 -6.126031835316784 71 38 44 0.64878478959322716 21 1918 25 1186 22 2385
6030 23.41313186540653 9.5457980803971392 -2.6568352913211837 35 21 17 0.13004596336422439 15 1040 25 1202 16 1201
6031 22.835091796165344 9.4445962421676892 -3.1342171464063346 110 70 55 1.0129358029584228 18 566 24 2165 25 1203
6032 17.236020803825106 8.2444298280376636 -6.2352891104931869 53 33 16 0.63395491665007786 21 766 25 1206 20 935 22 730
6034 19.81456224064274 16.020601203175278 -5.2506276864342656 61 47 53 0.32680908967149985 21 887 25 1269 22 1653
6035 20.665746867476951 16.245730153964523 -2.1374696854292994 41 29 33 0.41315937399600378 20 1065 21 916 25 1271
6036 19.009646345364086 16.99728947861685 -4.5170794832437346 39 34 39 0.35410880075544926 20 2247 21 949 25 1296 22 1689 26 1301 27 1546 28 977
6037 18.356896262123261 17.732465161648772 -3.1577407358351657 170 158 160 0.82363843276987392 21 2029 25 1334 29 509
6038 23.159695215248899 -9.598847968224689 -7.460494109877966 123 105 85 1.3145487252805466 17 1132 21 45 23 960 25 1367
6040 20.270228570781487 -5.6058064439277766 -11.702600598868349 60 65 55 0.52936622791681975 20 1957 25 1375 22 1194 26 1466 27 776
6041 19.542494641391567 -4.8544918869357812 -10.734525623813058 31 44 24 0.18511320040648818 20 1965 25 1384 27 788
6042 23.859081302931134 -5.3767093908021728 -9.658449829935396 98 88 77 0.81033231949845297 21 1186 25 1391 22 1222 26 1477 27 792 28 647
6043 22.481085844067024 -0.36314408316735552 -8.6484997171095994 35 15 0 1.0246486366750065 20 1987 25 1414 27 837 26 923
6044 21.193004266646156 1.4073803561626115 -12.105596402563686 42 33 30 1.3549471924386272 21 1265 25 1425 22 1318 27 207 28 730
6045 20.96994845172302 1.6041433443348256 -8.4371322223526253 157 107 89 0.78789010466650466 21 1280 25 1430 22 1331 27 246
6046 22.783963168480401 2.2324565027711003 -7.5230995740737869 32 11 0 0.37591310659038851 20 2045 25 1447 22 1902
6047 26.139269709117126 5.429817457823825 -9.8958194596716282 124 122 110 0.63423404574632114 19 1181 23 1677 25 1459 28 1192
6049 23.637655162689224 6.8807657985848767 -8.4835657164258471 71 53 29 0.76866733225021122 20 1554 25 1496 26 1064 28 324
6050 27.676624568947013 4.9590259766270908 7.068276146856121 78 75 68 0.56356279587025304 17 293 23 1730 25 1498
6051 30.084112572297162 7.9196959086817209 -4.2442715119362466 73 69 59 1.3951784308049167 21 2176 23 1199 25 1502 26 1621 28 1779 18 1522 19 1678
6052 28.007660278137319 6.6320346812549511 2.4750972801578071 22 19 14 0.11008866365553935 17 1214 25 1519 15 962 16 1148
6053 15.656833381696726 5.6746523112608909 -6.2097702956395908 54 91 161 0.82481206560981979 20 2136 25 1538 22 1991 27 1442 25 1853
6054 21.378359703422387 7.4076006030682722 -6.4528988827781282 103 101 89 0.73125951696058866 20 2130 25 1550 22 2011 21 2196 26 1645 27 1459 28 1256
6055 16.415766532761332 5.9892661101820144 -6.0974504421526827 54 56 53 1.1754102406833435 20 1601 21 639 25 1554
6056 27.077721455635107 9.358411790243057 -5.2840012207280767 127 110 94 0.80262542271783643 18 1255 21 1913 23 1297 25 1560
6057 19.509633656091918 7.5997838925122947 -6.6677278001573832 121 109 43 0.65402682517095179 21 1441 24 1469 25 1562 23 587 26 433
6058 20.849397445103158 15.438773847148468 -4.6882080149330969 43 22 7 1.8157411181857177 20 2538 21 1962 25 1613 27 1113
6059 19.648746994463224 16.806535105662896 -3.1844824794539943 79 79 83 0.25054023975987805 20 1847 21 1604 25 1631 22 1681 26 1297
6060 18.866596171924172 17.062589347793086 -4.3541825251656787 108 103 107 1.1747565630954746 21 1984 25 1640 22 2455 20 2783 26 1326 26 2373 27 1168
6062 18.916272806884262 17.614050631675536 -4.3848986416151092 25 18 25 0.47367944212837748 21 1996 25 1654 20 2578 22 2123 28 1343
6063 19.273465136216089 17.940681871674176 -5.0749501726205386 18 18 18 0.8941272187414625 20 2580 25 1656 28 1324 22 1710 23 1459 26 1327
6064 19.274925859543814 18.089768376575364 -5.200528156840595 124 115 113 0.3866036473012685 20 2253 21 1998 25 1658 22 2126 26 1328 27 1888 28 1326
6065 19.373738442536141 17.284129193791394 -1.7569655819419383 160 150 151 1.4073083598328546 17 1338 24 1954 25 1662 22 2134 23 1464 24 1600 26 1360 26 1778
6066 20.990300701980825 -5.0453837713920651 -10.734008244058547 76 95 71 0.22278647356134132 21 2081 25 1722 26 1896
6067 22.611731242451 -4.4861344094618056 -10.12421086911184 102 93 78 0.38623944992272746 21 1737 25 1740 26 1487
6069 25.126459012685174 -4.0353158931208855 -9.7982449928362918 143 130 114 0.59650742117757261 19 1622 25 1745 26 1921 27 1660
6070 21.9370255356055 0.79951307343990052 -11.191353211100983 46 39 33 0.95483042701871446 20 2362 21 2110 25 1766 22 1867 27 1318 28 1459
6071 29.693825396635216 0.95715197140737329 -7.3946212161023173 39 35 30 0.77179156970747298 21 352 24 2029 25 1772 22 1323
6072 19.564982422601688 2.5338425770618076 -9.2399545533340888 99 88 80 1.1098790729939161 19 1649 26 1971 27 1359 20 466 21 433 22 361 28 1175 29 1052
6073 26.657758792328263 6.4189557093118772 -9.967133692378999 60 37 44 0.86772600716187864 20 2413 25 1813 22 2319 27 2006 28 1755
6074 16.803687241688333 5.8971089536274777 -6.5446771448515602 44 72 140 1.7432889269960128 19 1519 25 1852 22 2349 26 2021 28 1540
6076 20.55491717786175 15.733854074359403 -3.6391623471540511 111 106 100 0.69801935647420799 17 1495 25 1918 26 2111 28 1305
6078 20.771681952655879 17.027732994364619 -2.2246706921276069 110 96 93 0.38466853035695997 20 2776 25 1931 22 2451 27 2092
6079 19.412254024543977 16.76666412069396 -3.4018870765036766 8 7 12 0.20194727613937286 20 2565 25 1939 27 1882 28 1840
6080 19.624640504283136 17.254845426898637 -3.1030749649460723 6 7 2 0.62580855341692287 17 1332 24 2214 25 1941 22 2120 16 1404
6081 23.098249325474463 -10.299867696895335 -6.5349564673163831 132 109 79 0.51020268495050203 18 1315 25 1973 20 2281
6082 22.738857523516177 -6.5681321395126684 -11.095403856677301 81 74 58 0.3603842408549543 19 1758 25 1984 22 2515 26 2216 27 1930
6083 25.669430870135781 -6.3746272238395933 -10.769667931209439 109 97 83 0.67822324224704211 20 2322 25 1992 22 1821
6084 21.071976489894716 0.48792697909115723 -10.572962330703227 93 86 80 0.50555542277926935 21 2345 25 2011 22 2535 26 2242
6085 21.381377144258124 1.2725441181721204 -12.104471322125985 85 78 72 0.82656454414024949 20 2634 21 2356 25 2014 22 2547 26 1951 27 1972 28 1713
6086 21.383972696588145 1.2691156998936841 -12.105694296690373 85 78 72 0.92917676879942057 21 2357 25 2015 22 2546 26 1952 28 1712
6087 24.841019067728702 9.0750422093872967 -2.4477990350408039 28 21 11 0.81328572847216452 15 1181 21 2435 24 2148 22 2622 25 2081 26 2325 27 2060
6088 15.858368446199924 7.8030454498512682 -6.0632256603203318 158 78 84 1.5194302316755322 20 2513 25 2093 27 1816
6089 16.013145638277948 7.8010562475479137 -6.8982106341198453 163 91 91 1.7605439888564225 20 2726 21 2232 25 2094
6090 21.287100340341311 11.235362289591242 6.3351474238161538 132 95 64 0.81430296755401199 20 2757 23 2431 25 2109
6091 21.418350992735782 11.251190102784188 8.4028083428745184 129 89 58 0.61965076196023527 14 1064 18 1458 23 2432 25 2111
6093 24.428851010755874 -7.6916132809404374 -12.653232307774719 48 39 31 0.96990840020739766 20 2795 25 2157 26 2420 28 1874
6094 22.643481598348298 -4.5245358359496057 -11.055959777227653 105 93 77 1.4703287700371437 21 2328 25 2162 26 1911
6095 20.992835566985679 1.1668611115873084 -9.4544946681100548 60 49 45 0.90800117978736328 20 2819 21 2353 25 2175 22 2720 26 2446 27 1687
6096 16.828098649942664 8.67661086466439 -6.1461673639627232 105 85 79 0.72634347343419925 20 2889 21 2592 25 2249 22 2779 27 2196 28 1796
6097 19.369578889522273 17.056731322356963 -5.1670938596521196 157 153 149 0.29046233306926955 20 2903 25 2258 26 2514
6098 19.582166158929706 17.378246846395367 -1.5453126141648135 181 171 170 0.58742710087770356 16 1579 25 2265 17 1719 26 2522
6099 27.281910376825497 -10.881430533119135 -6.8509275602626545 81 60 33 1.3484279670032093 16 1594 25 2276 22 2896
6100 28.653531875065497 -0.080592578406881429 -7.4105892057503082 26 26 24 1.3531801014599587 21 2531 25 2293 22 2839 21 2642 26 2443 28 1900 18 1491 19 1432
6102 24.620416790643016 -0.41168424851552693 -9.2286897563164292 174 141 60 1.818632098829245 19 1940 25 2357 26 2561 27 2244
6103 34.515300117298651 5.6878156089249403 -4.4031240742339524 118 99 76 1.0107799409132585 21 2711 25 2367 27 2322
6104 32.069745849780197 6.9011609038632749 -7.2382080512872244 22 36 25 0.97558654088210539 21 2713 23 2702 25 2371 26 2590
6105 28.025458808342126 6.0524609136758043 8.0777390517481571 10 13 5 0.78684788596366362 14 1344 18 1854 25 2495
6106 24.678641974226249 -0.66855930960263277 -11.887826936886629 21 10 6 1.7378939624751872 20 3164 25 2508 27 2471 28 2190
6107 10.5208704763209 2.9312912784545637 3.2375564259733669 0 0 0 0.20540323961946794 18 1905 21 2895
6108 32.515099430455109 -1.5753790305115767 -5.4611247614149878 156 146 126 1.2717077901315568 15 142 20 1996 25 1409 16 1274 18 1333 20 2360 21 2104 22 1851 26 1936 27 1954
6109 31.008415174895472 6.9110004876928537 -1.3560587255032353 105 98 88 1.0079368887673024 19 808 20 1534 25 1037 23 412 21 580 15 970 26 348 27 1001
6110 21.859685756994786 15.800535024043683 8.1135553757567873 72 37 21 1.4258439743379154 13 1505 15 1292 16 1504 14 1150 23 2590 25 2135 17 1606 24 2497 26 2398
6111 29.756002797067985 -10.363181950063826 -6.8027674180265612 40 25 10 0.69833684674594776 15 633 20 1939 23 1545 19 1099 25 825 17 826 18 141 21 1138 24 93 22 2205 26 1873 27 1630
6112 26.053982844913051 7.1455194767362782 10.796314082182777 41 39 34 0.99727677234429402 13 905 14 902 17 982 24 1488 25 1891 16 1355 24 2153 14 1039
6113 15.743646979020461 6.5946496123001035 -6.7030838147296858 103 54 62 0.88504883020726033 19 1538 20 2169 25 1878 23 2154 21 2208 26 1670 21 1899 27 1462
6114 32.429910879458831 7.8166975821743447 -0.6395857330953032 112 105 94 0.32747161500142541 25 349 23 1227 24 547 21 613 26 383
6115 21.600062159733767 8.3318072936783416 -6.0356859383181565 43 36 32 1.4141261871408493 19 1714 20 2709 25 2240 23 2565 21 2580 26 2491 28 1945
6116 28.630546125972039 4.6674139532404286 -7.0472140274475654 61 37 25 2.0067265086615698 17 1738 18 1620 19 1789 23 2056 25 1793 20 1476 23 1128 21 1798 25 221 22 385 22 1913 26 1977 27 1999 28 1748
6117 30.081236833802038 -13.927516481550498 -2.1402522529402894 198 185 167 1.6438565386207709 14 40 15 67 16 708 17 796 18 92 19 1076 20 1908 21 1683 25 1353 14 509 17 117 20 1905 23 1517
6118 26.586253988034468 7.7223315529809868 1.8324293157690057 51 52 53 0.92668510052294673 14 711 15 786 18 952 23 1294 20 867 25 496 24 669 21 724 22 685
6119 21.696426274197869 16.263720641867927 -5.1070419324194383 48 38 38 1.7601752928143486 19 1344 23 1382 24 876 21 862 25 1248 26 558 26 1248 23 1380 27 1114 28 933
6120 26.938791961475935 6.1634367884145727 -5.9668068866501898 88 43 18 0.71832441711898898 16 1309 19 1473 25 1482 23 1153 21 1358 26 1595 27 971 28 313
6121 28.551296307370851 6.8642311367836104 1.7749858361526989 17 13 9 0.83714565324804857 14 649 17 944 18 1206 25 1520 24 1799 20 2116 21 1882 26 1124
6122 30.240332407745495 6.8008624622480802 -0.96949291397400139 30 23 14 1.7203426264130683 18 854 19 805 21 582 17 921 15 968 25 297 23 1191 26 1070 27 370 27 1000
6123 19.843329168838558 -3.613245706785484 -10.071671888078493 128 119 108 0.46858050110401961 20 2340 25 1742 27 1287 28 1085
6124 30.843330773763409 -10.533410634367398 -6.5855423237603627 44 29 10 0.51709094034066283 16 144 22 47 26 18
6125 23.708880273149564 -5.7039746663749158 -10.576053075344737 168 161 151 0.41578331633329213 19 88 22 100 26 57 27 113
6126 24.757573446205857 -5.6111214391982775 -10.310287214148913 96 89 79 0.15144889706097803 21 171 25 70 22 132
6127 23.371514877672752 -5.2246128446083073 -10.052006414653906 129 122 112 0.1109683426050157 24 156 25 79 22 142
6128 24.837129945329259 -4.733587237136855 -9.5879910391049172 103 90 78 0.41587144908167195 24 1160 22 186 23 1024
6129 20.432294259486536 -3.4930571120099549 -9.8472839919864406 95 79 64 0.27690848477142205 23 139 25 108 22 197
6130 23.956329888445854 -1.0816955869023754 -8.8788574416809869 79 33 14 0.89498605207661464 25 129 22 224 26 132 19 136 28 97
6131 31.629003008070288 -1.3546418382767609 -5.1424676879973052 127 116 99 0.89343353362292799 25 136 22 234 26 138 27 184
6132 33.442395390730766 -1.5030051916348757 -5.9465972697043084 108 99 82 0.47001462637770786 23 173 24 1190 22 236
6133 23.21723442720322 -0.013575118312286548 -9.7686440647120545 159 146 137 0.74756820169217675 21 284 23 183 22 242 25 144 26 145
6134 22.69687055117652 0.14209027751965572 -8.4698327753848694 162 97 85 1.0608069455692619 24 228 22 257 26 940 23 1613 25 1419
6135 22.83885595354251 0.6305137137027802 -9.0852926239596474 144 85 77 0.87698731803088215 24 1202 25 919 22 278 23 1071 26 960 27 202
6136 26.450520640099921 1.1118817608699267 -7.2280337991473456 153 151 146 0.44006287200627692 20 425 24 1226 25 174 22 297
6137 25.034655597069097 1.0148333267451473 -6.9920422855315874 99 39 21 0.37709072765015372 23 1085 22 298 25 176 26 189
6139 23.921736719892394 1.1414386224928599 -7.4054587228650073 206 158 160 0.85608115463001688 18 1114 22 302 27 1321
6140 23.147216938052974 0.97817233892755873 -7.7171892439236309 58 25 23 0.77046321353212066 24 254 25 926 22 304
6141 23.136735454740137 1.5265669372863278 -7.7524406413859204 130 50 47 0.60909525321392277 19 170 22 326 28 211
6142 18.858294884154191 1.9646180359485121 -8.4247954740424529 44 31 25 0.51865745328866719 23 1122 22 335 25 1444
6143 31.209846295161597 0.948184147386539 0.58897989870004419 185 175 167 0.48919078382365866 14 135 22 344 26 227
6144 32.689735732357548 2.5448374310688475 -7.9847468302748243 146 129 112 1.0143036360733515 16 205 22 350
6145 21.552177109358315 2.2447818958047447 -7.4833270228186786 57 32 15 0.69944839360495203 23 277 24 321 25 986 22 356
6146 17.544521838019961 4.1190898282992698 -10.005220085946485 25 20 15 0.5308273964098027 23 1132 22 392 26 256
6148 25.118693616251228 5.5681924462318646 -8.8008971649001904 69 63 59 1.0607337563654129 24 406 22 426 23 337
6149 20.897812206887988 4.8938136597973552 -7.7164316602415512 12 6 5 0.28481776455407765 21 501 24 453 22 434
6150 30.953315785574159 5.60081690398499 -2.0580084213545389 135 102 67 0.33181095716559533 21 505 23 349 22 440
6151 25.01480596650644 6.5412397139291265 -7.844064975820455 128 101 74 0.20286712675463126 19 821 22 463 26 1048
6152 27.865258009888532 5.936414831525977 -2.7942085081538766 159 129 103 0.29016519389037565 15 248 22 478
6153 29.428891789857353 6.8470590894799344 -4.1346124748966471 81 70 64 0.22637975535714547 19 275 22 486 27 358
6154 26.439194521891299 6.467521805148051 -5.9242364802236231 110 54 39 0.8207837237557003 19 282 22 495 26 323 28 333
6155 21.20352494040889 6.4723963808829623 -8.5709661814670923 114 108 96 0.64182406243989487 23 453 22 513 27 350
6156 29.303305308862718 6.3666850409419204 -1.1005977958364688 41 32 15 0.88864698716945567 20 607 22 519 27 373
6157 31.844931703578126 7.5148071635136766 -4.4589725175664245 46 36 42 0.6971737466248662 20 615 23 427 22 529 26 317
6158 27.413133864377361 7.5477303054587841 -5.6512565508320058 144 116 94 0.52438108085771895 24 556 25 365 22 541 28 357
6159 20.268324648170445 6.7003980983403775 -7.3719484452368205 34 30 23 0.68920946378191539 23 1241 22 553 24 1425 25 434
6160 29.911168576463353 6.2156498395285977 2.4599187310097217 162 154 142 0.47114749619733254 15 242 22 561 13 333 26 346
6161 28.465093214336903 7.6257655599470571 -1.8722281375970926 10 7 6 1.5234548871376046 14 345 22 571 15 768
6162 25.416906320327328 7.7610519837724192 -6.7880084588009328 141 132 126 1.1311912693473856 19 354 22 584 26 372 23 1237 27 390 28 871
6163 28.693551851673792 5.8955336687154452 5.9504333228977737 23 18 17 0.9151170859567358 17 321 18 325 22 593 16 825 26 1115
6164 29.061476523198575 6.1286058251463107 5.7387628500835994 129 122 117 0.21182380062633421 13 365 20 751 22 594
6165 28.084898557283871 5.9476358157077103 5.2598183422075202 126 122 114 0.054912054745516581 16 327 17 324 22 595
6166 25.773740702980465 5.9986392792641725 3.0027836576634246 11 8 7 0.501047804787489 23 465 22 602
6167 27.475397887027782 8.6244401046197989 -5.6368162474935835 130 111 86 1.4159314972451622 18 519 20 733 22 619
6168 26.266842525908853 8.9667393364853005 -6.1855466509842358 116 97 77 0.28320425036070412 23 581 25 472 22 621
6169 22.239934826109735 7.9255206014502466 -6.1904485701110392 46 39 31 1.1362516011393555 23 1790 24 1836 25 1549 22 624 26 1140
6170 28.053882458588188 6.5092055644396565 5.6356423498560568 62 62 63 0.53653647503519519 19 324 22 634 18 389
6171 26.721647436345634 5.994290325939704 5.4129931914246532 11 12 7 0.51050566878536374 23 508 24 583 22 636
6172 25.234948115126343 6.200215336782481 4.095663539327445 150 72 70 0.43543086301151285 25 439 22 639 26 446
6173 18.132067366938994 7.3724681477078313 -6.8991346060881513 32 29 21 0.26063972426202714 20 1663 22 667 26 434
6174 14.909085921888071 7.107332828829513 -6.6782023446802397 124 97 109 0.84948218187318503 23 668 22 710 26 1195
6175 22.93970981094046 7.3597193433156658 3.1595007751284014 20 30 32 1.5053570399120597 24 759 22 750 25 543
6176 23.563912053344147 7.9536911564432362 2.6222399284649094 27 28 25 0.65418852009049078 20 928 24 783 22 753 23 673 25 545
6177 16.025035320664369 8.5950923084869721 -6.0375606238678827 73 54 58 0.32997095197076526 23 1344 25 1221 22 774
6178 14.744271239799803 9.528688293064393 -7.1052864096315682 142 115 98 0.26380601717667013 21 815 23 709 22 798
6179 20.880393619249972 15.809272611326897 -3.5789129746634876 108 108 108 0.4112098461562595 16 983 19 518 22 879
6182 19.387024360107688 16.479239167145469 -5.1409773910971515 82 65 67 0.68336454097727317 19 581 25 666 22 915
6183 20.778502712471731 16.354865875241391 -2.3091702018996951 105 96 99 0.34437173834424611 23 1412 25 656 22 934
6184 19.883863961796948 16.289518778189173 -2.312356958860815 12 10 10 1.0215330790768014 23 809 25 676 22 943 26 632 27 1162 22 1676 23 1425
6187 19.467236333586428 16.146893600007719 -3.0982883227215909 43 41 42 0.81360635581760765 20 1095 21 929 22 949 28 521
6188 21.842330303671126 18.225723453205042 -1.036893696150808 73 53 48 0.75617872150269561 20 1129 25 696 22 1012
6189 19.382263566257045 17.781096951443363 -3.2391483922027549 71 66 73 0.34096048797228601 25 727 22 1026 27 658
6190 18.83100301548275 17.848792545670488 -3.7071422046567322 86 85 91 0.61576235900001031 23 882 22 1034 24 1057 25 749
6191 18.771501824980774 17.74647198660923 -3.1322438479853321 173 167 167 0.39654356097127669 21 1014 24 1611 22 1054 23 1486 25 1323 26 1365
6192 18.669988611182671 17.95364176695572 -3.6605020356698419 78 73 79 0.68522182318922986 25 1335 22 1057 26 707 27 662 24 1063 28 1362
6193 18.771184619125393 18.481150755412664 -3.2491580870168772 121 109 109 0.53175820341960234 23 917 25 781 22 1083
6194 22.59864351313589 -4.9478077329536632 -9.6463639528616625 165 158 148 0.57767793128360578 23 1009 25 878 22 1225 26 883
6195 19.062671264466466 -4.3393406692158321 -10.168752607836721 46 67 46 0.18942765790336055 23 1013 22 1230 27 138
6196 21.016007476247374 -4.1841002585820606 -10.213180906588901 43 30 22 0.48776751112118877 19 668 20 251 21 208 25 1394 22 1246 26 1489 27 810
6197 20.12289633082457 -0.035660132668926453 -8.674872463759618 51 31 24 0.7075962138887294 20 338 23 1051 22 1283
6198 17.973410659916706 0.33638041146492115 -10.879670741547299 81 73 60 0.48791740689426483 20 1359 21 1238 23 1054 22 1287
6199 23.802290000763101 0.13879095652097587 -9.5768471474289747 87 50 33 0.69949685061418343 19 1137 20 1368 21 312 22 1299 26 943 28 129
6200 20.583725519290638 0.11062624282098404 -8.717604787273995 65 56 54 0.81903971216575044 23 1060 24 1711 25 911 22 1302 26 147 27 852
6201 20.757189110015215 0.22294490790671473 -8.9080644809630023 105 97 95 0.59027039869411191 23 1618 24 1713 25 1416 22 1304
6202 21.330725476384984 0.65223443656159585 -10.574671310549581 81 74 68 1.0251368712974078 20 2006 25 1424 22 1307 21 1247 26 1536
6203 20.881426048290002 0.66525216085485817 -8.1581412221169511 68 18 8 0.64826431360507031 20 389 21 334 25 934 22 1315 26 175
6204 20.396825529535036 1.7284028023210982 -8.8089289174603795 129 73 56 0.53628451480133543 20 444 23 1647 22 1360 21 369
6205 22.419222278429942 2.1515943524748966 -7.7339352096705545 122 90 70 0.72087404052419501 25 984 22 1371 26 233
6206 14.535742487488516 4.2852599136728262 -7.7270921413233058 41 31 21 1.2304192992505643 21 1348 23 1702 22 1403 26 1582
6207 31.368848827934919 5.5183176621318353 -2.4198172225384442 138 103 71 0.77129973634232818 24 415 25 1003 22 1407 23 351
6208 26.676103381227456 6.2354944395347074 -7.0304754375406722 73 57 58 0.72239955513163934 16 1134 23 1156 24 1311 22 1414
6209 28.624845000010552 5.8349935688543315 -0.91616543890932278 53 42 17 0.72056343083477903 20 604 21 1368 22 1421 26 1052 27 982
6210 20.005617207298453 6.2496040646472855 -7.8303119551352784 106 102 95 0.3296617596064299 21 570 23 1211 24 1381 25 1510 22 1439 26 1066
6211 29.391145446236646 6.7374526602601774 1.1535884705244037 84 82 83 0.42624230658642615 24 1359 25 344 22 1475 26 1088 15 737
6213 15.409785163576847 6.228959940049613 -6.9268113550385984 49 52 59 0.47066087382294741 23 1795 22 1519 27 403
6215 22.650546089633082 8.3100323231803248 -5.3892979994427961 59 36 16 0.68253645178885647 20 1656 25 502 22 1536 26 467
6216 19.423433498773544 7.9049781062043056 -6.5650842879170366 130 121 50 0.73462507601501914 24 1482 25 1181 22 1540
6217 25.373452240564923 6.68906456868344 6.0152382277344616 46 50 51 0.16007030685568621 25 1152 22 1573 26 1198
6218 21.251220492280122 16.252186567991782 -3.1057142787594558 16 11 15 0.56239717821410418 20 1039 22 1642 28 498
6219 20.982202829739013 16.019595301866836 -3.0203610919694839 16 11 15 0.15329445350638871 20 1040 23 1875 22 1643
6221 20.731297356934203 16.229832046106356 -1.9999227545183351 27 16 24 0.73624595662024683 19 1362 23 1886 22 1664 26 1278 27 1150
6222 19.658733226741735 16.434287843694335 -3.0484496906661054 1 1 3 0.14537436383999033 20 1834 22 1668 26 1293 19 1031
6225 21.588698739997277 18.094013313046467 -1.3415007404403509 152 132 129 0.85246053196262161 23 1445 24 1570 22 1698
6226 18.786827204077692 17.792987789628068 -3.5627720561009437 37 36 42 0.66194934239400205 23 1473 24 1613 22 1722 25 1326
6227 19.621285359393347 18.662216543478841 -4.8404397848267511 132 127 131 0.93312541902032375 20 1877 22 1724 26 1345
6228 18.179222859194482 17.906116534978153 -4.7016843602749789 17 12 12 0.32387728506573038 21 1650 23 1928 22 1728
6229 19.194765678819287 18.057694026726089 -2.3713785189930738 209 200 201 0.4733179562744505 21 1045 25 1674 22 1733 26 1792
6230 20.950608374153216 18.407133000710825 -0.33783175158076983 80 69 66 0.55981033029720806 23 1463 22 1748 24 2219 25 737
6231 20.187902684536851 18.254033905462016 -0.31650134231675126 133 118 117 0.72819665850332405 23 1481 24 1964 22 1749 25 1673 26 1386
6232 26.821859227199045 -10.156816157383318 -7.5384527275145192 119 102 82 0.14237213688118594 16 1071 22 1799
6233 25.018049877617663 -6.8232391337623461 -10.520158320258924 80 69 60 1.3000607661290637 23 984 24 120 25 835 22 1811 27 764 21 125
6234 20.598389574662114 0.080006755045110345 -8.8809044661907048 91 74 72 0.99438171162051514 23 1617 25 912 22 1853 26 1517 27 1309
6235 20.377290626748639 -0.20346256015807229 -9.7387356749702629 78 64 53 0.56906896461582812 20 1991 23 2015 25 1408 22 1855
6236 19.623775029711727 1.5277480746012266 -8.3262213749920146 132 76 60 0.9271526629081327 23 1646 22 1888 25 1432
6237 30.608515530989095 6.7407401397791515 -2.8126999268986554 38 31 19 1.3078887335760618 21 1828 23 1705 24 1770 22 1943 26 1599 27 1425 18 838 17 922 16 1129
6238 26.526270313767856 4.4571768761351223 5.3817306626575281 136 127 112 0.61038620208004835 24 1296 22 1960 26 1615
6239 29.156913190470242 7.6293877924600384 -5.5899255803450716 82 69 53 0.46305992668609303 25 1505 22 1961 27 1427 28 867
6240 24.10401319396847 7.0771641482556751 -7.2516566906052615 118 92 66 0.92037845425191056 23 2110 24 2098 25 1508 22 1963 26 1623 27 1429
6241 25.739474553299488 6.0067026771077883 3.1400507729300924 103 99 96 0.79688829347198298 25 1101 22 1999 23 1257 26 1122
6242 28.760119641728917 7.4744923452351388 -0.062122860614486033 20 10 13 0.69255215352383614 24 1406 25 1525 22 2005 26 1658
6243 21.761355625340816 7.9269287190190001 -7.8090465867357999 79 78 75 0.39896122431408171 20 1598 21 1424 22 2014 26 1108 27 1029 28 887
6244 15.228288166580304 6.3831610587023189 -7.6359136765254814 80 78 80 0.6280521891003803 21 1902 23 1796 22 2017 26 1113 27 1021 28 881
6245 29.265441739529368 8.8544837668472667 -2.3567523686142153 11 9 10 0.67735098391082882 23 1785 24 1834 22 2030
6246 17.255117526832414 7.5467165232857916 -6.4474889975718206 98 93 87 1.1815359067518996 20 2503 23 1825 25 1887 22 2054
6247 17.853896389798646 7.9249297267843497 -6.6844110325799599 36 31 20 1.1424144421325149 20 1687 21 1480 23 2165 22 2055 25 2245
6248 15.61213179596713 8.1267479537605176 -6.4862129942737257 166 92 90 1.2192351779318311 25 1899 22 2066 27 1499 28 1576
6249 19.993382183816053 15.335113262062304 -4.5977080004173363 28 26 27 0.40569367259470202 25 1256 22 2096 26 1249
6250 20.771846698598839 16.308239609787321 -2.827087382025506 88 78 70 0.50542261210447492 20 2230 22 2103 26 1740 27 1140 28 973
6252 18.694322444277464 17.88731842708917 -2.3805921816033733 192 184 182 0.496045517942584 25 1962 22 2159 26 2155
6253 19.099619788419645 17.580013709765392 -0.26144478827545364 200 192 190 0.82842384189693374 23 1933 22 2172 26 1811
6254 24.163475566806621 -7.2412642019797913 -12.187760299444548 139 129 121 1.1980353907844286 23 2285 24 1993 25 1983 22 2211 26 2212
6255 25.109672884830516 -4.5547637204434626 -10.019064332555436 122 113 96 0.1983444669604327 23 2000 24 2011 25 1743 22 2243 27 1653
6257 28.773127169702821 -1.0575739080976119 -7.613712668973343 66 57 50 1.0107212830697152 20 1984 24 2017 25 1751 22 2262 26 1513 28 1123
6258 22.157149531578352 -0.041656006757125802 -11.208463868180948 31 18 10 0.52796052740609167 19 1428 23 2016 22 2265
6259 32.152452401239699 1.0170541934299808 -8.2006372676895847 118 112 96 0.46459673099605331 24 2027 22 2282 26 2249
6260 28.448189851304328 1.6975590420284614 -7.1714313051441669 31 29 30 1.3223456228269208 18 1117 20 2039 22 2287
6261 25.225174394737554 1.5203371789475357 -5.902134298743273 31 29 30 0.58956280795370464 20 2038 22 2288 26 1555
6262 18.550653959065837 2.6693895629668813 -8.6836694327170694 110 92 78 0.90901074243430224 25 1791 22 2303 26 1972
6263 30.714108744052801 8.9789482691285478 -2.7605587690401205 40 36 37 1.4580971739181083 20 2481 21 2204 22 2371 26 1663 25 1546
6264 18.699930935049547 7.3381343907151857 -6.8937463745265832 30 19 1 0.5171644780558633 23 2389 24 2348 25 2076 22 2375 26 2310
6265 28.080046732157964 7.1995111194918593 5.5992144796345551 76 77 78 0.67195871118010964 16 381 20 2498 22 2389
6266 17.696625196725254 8.0271299694633669 -6.4202134539423863 116 89 74 0.39346608298355568 21 2228 23 2166 22 2393
6267 26.531830556006181 6.7594860743373193 5.7386401897752863 58 60 61 0.49000335395226263 23 2157 25 1873 22 2395
6268 26.302645991997384 9.3540878769893148 -1.0999920833550521 37 34 29 0.52258284478609462 20 2720 22 2397 27 2059
6269 18.209720792655105 8.5013909161148469 -6.6495809847050031 137 111 94 0.99775773854000938 20 2725 21 2439 22 2400 26 2064
6270 15.252117759990085 8.026690350821081 -7.4626250182309448 69 59 62 0.29694297087957561 23 2182 22 2401 26 1703
6271 22.298919195845965 11.677497530909919 4.4254137226494823 53 34 14 0.97885131695655703 13 1204 19 1561 22 2432
6272 20.467859535175155 16.197501464913898 -2.9104737770122369 159 155 153 0.21693756204846526 23 2220 24 2388 25 2124 22 2438 26 2119
6273 19.435098549462989 15.777116196423021 -3.5707174507791706 32 38 36 0.35556485788719666 25 1925 22 2440 27 1864
6274 18.557548833885765 17.660689492286355 -2.9311694053613011 158 149 150 0.39903326476441126 23 2258 25 1964 22 2477 26 2149 29 1404
6275 19.29779883559052 18.235718889821207 -2.1180108494098699 138 126 126 0.30961764222949789 23 2256 25 2144 22 2483 26 2154 21 2303
6276 30.287936266803335 -12.957765548758879 -2.5160461157668035 183 175 162 1.4547040613255504 24 1982 22 2500 23 2276 25 1700 26 1850
6277 22.543216137902217 -8.3113208653782138 -5.789973883668412 0 0 0 0.094183946461771889 16 1078 18 1099
6278 24.492588536219682 -0.30403303597973136 -8.7728619125677909 67 49 45 1.0816524975066044 24 2019 25 2005 22 2531 26 1940 28 1897
6279 21.795847009811094 6.783791424917669 -8.8377949894386507 106 101 95 1.5063630553261516 20 2676 22 2579 26 2285 27 1762 19 1683
6281 27.240559064580825 6.1891634920641438 3.2664492941602559 26 22 22 0.24607197428813277 25 1840 22 2602 26 2305
6282 17.8737978505368 7.0760975648610538 -6.6926760716779778 25 20 17 0.19205522246410464 20 2703 21 2420 22 2608
6283 21.712553537251516 17.368046311169103 -2.058905624660567 41 23 15 0.19777843287483543 23 2438 24 2391 25 2122 22 2660 26 2364
6284 19.100948325358456 16.757057205521757 -3.2478692403844645 16 15 20 0.19674007176095293 20 2781 21 2488 22 2667 27 2093
6285 21.914795054179326 19.530923722615533 -0.50569524357559159 70 59 53 1.0751834837801195 21 2302 23 2592 22 2679 25 2263
6286 23.402208807108288 -10.44855391352379 -9.1006670006783512 115 102 85 0.9356788337191646 21 2504 24 2410 22 2690
6287 23.568782134861578 1.0201536831048317 -7.1675877647860533 151 146 142 0.73474455741060696 23 2504 24 2523 22 2725 26 2451
6288 25.527835581449942 5.7827604085235622 -8.9378928974920253 60 53 52 2.034730204222269 20 2836 25 2319 22 2743 27 2168
6289 24.087476277336823 8.0029369597763989 2.7196000949892984 149 147 136 0.49946857195371014 18 1674 22 2777 26 2501
6290 19.041140552046851 17.21732874877328 -4.618209751344077 42 33 34 0.47628816406188312 24 2498 22 2787 27 2213 29 1619
6291 20.38647495276135 0.85280478120193759 -11.089757744610237 24 12 12 0.55609925964216678 23 2627 22 2836 25 2296 26 2569
6292 24.057072136916315 6.0910538028400012 -8.1834748826888006 7 0 7 0.67716287028033884 23 2641 24 2595 22 2854
6293 26.261949537680184 2.107350236708152 -8.2649255828570301 43 30 23 1.8232835799750358 20 3013 24 2630 22 2909 25 2411 27 2313
6294 25.870725038206814 1.4558228419383077 -6.9897751209704913 116 113 96 0.9485409222120591 23 2755 25 2455 22 2960 26 2706
6295 15.510392117595327 6.3830525937495466 -6.8745818670312078 48 51 58 1.2252213822063176 21 2773 23 2774 22 2971 20 3124 26 2719 27 2389 28 2123 29 1780
6296 18.251233199135992 17.651426620287584 -2.1950482940687381 180 172 170 0.66235393384479502 25 2442 22 2995 23 2739
6297 29.111370842561179 -12.073501412567563 -4.5548604485908841 170 164 151 0.080770419152211809 15 1493 22 2999
6298 20.138547526125578 1.7029673890226988 -8.3329733794827963 152 101 91 0.65749838415468165 23 2832 25 2487 22 3037 26 2788
6299 14.749920840242385 5.0722372871183943 -7.3814203245639929 70 65 75 1.0958768948583606 20 3185 21 2858 22 3060 26 2809 27 2450 28 2176 29 1847
6300 22.273539937463706 18.696501588500986 -0.16876639005756805 56 32 22 1.4527267080449893 23 2877 24 2746 22 3077 25 2529 26 2830
6301 25.326822068040713 12.184775761202504 -0.51875555186582833 138 86 62 2.122376646922695 21 2892 25 2541 22 3093 20 3199 26 2846
6302 21.688462125078125 16.442428893341123 -2.8216733026120226 33 11 6 0.72120932101997504 20 2551 25 2119 22 2100 15 493 19 996 23 1873 26 2115 27 2083 16 1384 17 1492 28 1605
6303 24.164192931321143 -10.531314837363539 -6.4633564724490897 129 110 79 1.4907480863207716 16 1521 17 1633 24 2505 20 2914 23 2601 21 2622 25 2274 22 2688 17 1122 18 1076 27 2230
6304 21.564093918815733 -6.1081915547504311 -10.460453896825573 159 152 144 1.6054332782536787 19 73 20 1249 23 53 22 72 24 112 20 147 23 54 21 111 22 73 26 31 27 91 28 625
6305 29.78580366640265 6.4295085446195186 1.5866749267170921 37 29 18 1.465311149121582 14 621 16 291 19 265 20 656 22 562 17 334 24 491 18 330 20 657 26 1068
6306 30.679433242825272 7.8674934387041873 -5.3473231379866517 78 68 53 0.95983140545181977 17 414 18 345 21 588 22 1454 19 277 24 1325 26 366
6307 29.162174262890769 6.6589212988223982 0.60706578714133641 22 19 9 1.6999630347281154 14 655 16 852 17 338 15 291 18 1176 15 965 17 1411 18 1379 24 494 21 1409 22 2593 14 1184 15 1341 17 1564 18 1638 19 1808 20 2856 23 2364 21 2568 25 2205 26 2479 27 2038
6308 21.275615622613852 7.1385981316600828 -7.7802623605644632 109 107 104 1.6279540399066459 24 620 20 693 21 599 22 552 19 1260 23 1242 24 1831 21 1400 25 1119 22 1460
6309 26.671229026516134 6.2508262312332592 -7.0358926156455111 75 61 56 0.64789657612218254 16 1133 17 1182 19 1203 22 1415 24 1310 20 1525 28 1216
6310 28.882698010701212 7.6169586691910975 2.5023901245540201 55 55 48 1.6766345945104226 13 911 14 886 15 348 16 883 17 467 18 918 23 1782 21 1909 20 1648 25 1133 22 648 24 661 25 450
6311 21.084514629091217 18.156151923177909 -0.86774687726523481 67 55 50 0.62866795422767652 20 2258 23 2242 15 552 24 1944 25 1648 16 610 22 2132 26 2144
6312 28.561048145883934 7.170324846516916 3.1952296638054394 3 2 1 0.79492418207719084 14 687 15 760 16 391 18 881 22 1525 20 1607 21 1452 24 590
6313 19.812104225878425 17.236173266131249 -3.0023122997033882 30 28 27 0.72179831371319181 16 1403 17 1507 24 2205 21 2282 22 2119 24 1938 20 2249 26 1758 27 1555 28 1629
6314 19.983374145785213 15.919671633029436 -3.0319858114632181 56 55 58 0.49962163003781768 15 849 19 1019 22 907 17 631 20 1068
6315 29.707469001850665 8.4759015728052098 -0.92658970440970279 20 8 3 1.5975417249554207 19 1515 23 2150 18 1406 25 1864 22 2382 17 974 24 1410 20 2479 23 529
6316 22.621852721681915 -4.9951052882316906 -10.317790949198258 103 96 79 1.775821524717683 19 1412 23 1992 21 1732 25 1393 22 1226 24 1148 20 1291 26 1901
6317 20.553712033703739 15.64699508710798 -2.9732765855134176 102 99 97 1.0663924154814228 24 1545 20 1801 23 1395 25 1260 22 877 18 637 19 516 21 874 25 621 26 1267 27 1130 28 954
6318 26.182199967103848 -11.2110322756852 -5.833154840956519 109 89 66 1.2048978191446682 15 1216 19 1604 22 2692 16 1524 18 1482 17 1635 23 2600 21 2623 27 2229
6319 27.81743535204372 1.5337165817756109 -6.9705638795523877 20 18 14 1.7278715780439766 16 1715 17 1840 18 1797 19 1999 24 2627 23 2754 22 3010 19 2047 24 2679 27 2415 28 2108
6320 22.616017666200825 8.4941626816113409 -6.1351467646517204 88 39 12 1.2641147216609534 17 1276 18 1439 19 1305 22 2031 19 1306 24 1855 20 2166 23 1789 21 1461 26 1170 27 1042
6321 24.501587130824682 -5.7053958399384834 -9.6727045604133597 99 87 73 2.0992720333085213 19 663 20 214 25 65 22 128 23 98 21 1184 25 861 26 876 28 643
6322 28.886254837821159 7.133652228995663 0.52176115688034852 63 54 49 1.6357917708970122 14 691 15 766 16 855 15 765 18 400 21 612 25 403 22 1500 18 401 24 546 20 720 23 473 27 1465
6323 31.41259619677777 9.6621862324315089 -5.4448001250982898 37 23 15 2.3478967203368462 15 805 21 657 22 1506
6324 22.761192746957821 -6.6611914049848142 -10.532817164802227 121 113 102 0.78991344774982197 25 31 26 28 28 8
6325 22.184565159933211 -6.2612058812030584 -11.548756363455762 109 102 93 0.49411008346319346 23 55 25 833 26 35
6326 20.541442973273266 -5.2485464311655399 -10.291463757965182 112 131 111 0.068714931978979168 23 81 26 47 27 116
6327 24.541239292309072 -5.7343106481937571 -10.055591728062664 103 95 84 0.41230647582848828 19 87 26 70 27 108
6328 20.532023504207039 -4.2281681750851119 -10.615412156460517 89 90 77 1.1252852697769664 19 103 22 173 26 81
6330 24.592375881374789 -4.612639453708935 -9.7734446332229563 152 146 130 0.27042030705365699 25 105 26 101 27 152
6331 21.162505323086194 0.022610512749061951 -8.993081442004792 80 67 60 0.4567280603426771 20 367 21 286 23 187 26 146
6332 20.726810084060137 0.029903548117696084 -11.1161364028526 23 11 6 0.43476741033085764 21 291 25 915 26 149 29 651
6333 20.062326258478599 0.698858586460267 -11.979276334862012 69 66 25 0.75371703520116884 20 1379 23 190 26 165 27 195
6334 22.971931746271078 0.85023217745712398 -9.0725598007275803 117 60 61 1.3958122490314224 24 244 25 933 26 172 27 203 28 154
6335 23.41192503938035 0.94005540850615432 -8.8784739977561316 64 35 34 0.83399764453372105 19 722 26 173 27 217
6336 19.954078666181047 1.2526960737867678 -11.60178398097799 61 64 55 0.48499172187559542 22 291 23 1079 26 179 27 208
6338 21.615339571725652 1.7763294380198882 -8.4701988673996045 61 46 43 0.52811688200285312 21 405 23 1112 26 216
6339 18.066202882932366 1.9450763943781371 -8.2482494777597548 116 109 97 0.45639588997015262 23 283 25 976 26 217
6340 24.253833419137926 4.8113854418421251 -9.6550223032208731 75 61 58 1.0394616743874705 24 379 26 252 28 258 29 233
6341 24.228195368490546 4.9239314435022843 -10.57599607530133 35 26 21 0.75788710360767453 23 318 25 226 26 255 27 274
6342 33.133574210187369 6.556800133509217 -6.8190133172582001 74 60 50 0.29046408519642714 23 330 24 435 26 273
6343 27.420060035360521 5.5599381310148761 -5.7975643302573481 142 94 82 0.53061982987246437 23 332 25 256 26 276 28 825
6344 28.247351483074144 6.144983770844723 -9.6007324566042147 35 36 40 0.91458648688215971 23 336 24 403 26 280 27 301 28 279
6345 27.389743915234394 5.8760204987801385 -5.9768342117729762 73 26 10 1.254616394796749 17 307 26 296 28 826
6346 27.506168256289492 6.3326658772871953 -5.9229631620259759 123 70 66 0.84378508022249754 23 1174 25 1025 26 297 27 335 28 314
6347 25.144064277672364 6.6619374135451803 -9.1117951408616857 90 80 75 0.59292372736861265 19 259 26 303 28 833 27 315
6348 19.79399039045046 5.641148198976329 -7.6991030553802853 39 32 22 0.26974706100082807 23 1186 25 336 26 306
6349 29.682770975063004 6.2899333844138408 -0.97854996017453255 62 53 43 0.56120455611695375 25 1035 26 307 27 1423
6350 28.949994729458357 7.2235194327694723 -5.9551039158817787 34 29 21 0.59803876676811973 20 617 21 1371 26 320 27 988
6351 25.748490901934911 6.9175159479868675 -7.1724730700082961 162 147 127 0.65193944486597799 18 353 23 391 26 324 28 335
6352 24.616687714855395 7.0440233738270441 -7.3799875449750729 132 106 83 0.53192708332938976 20 630 23 440 26 329
6353 24.869687754570812 6.8084176556063305 -8.2824563229536086 99 77 53 0.50426573775600803 23 395 25 330 26 330 28 319
6354 24.951471550281013 7.0660947171673447 -8.7879578444564501 162 142 117 0.53937367737254627 22 503 23 397 25 332 26 333 27 345
6355 29.296996691998991 6.9370992441412245 -1.6245081390341476 60 59 48 0.90228868768407866 19 267 26 352 27 374
6356 30.625424029750224 7.4201333253207071 -2.495889058674388 67 64 57 0.26272885802543433 23 420 25 356 26 358
6357 32.179136534047885 8.1252979845966529 -5.8694352540151531 42 29 15 0.4283920602441425 23 433 24 1324 26 365
6358 26.82587288456779 7.5786487986528179 -6.0214225759238031 125 87 19 0.63143616922199219 18 893 19 311 26 370
6359 27.525068731537907 6.6033493534671779 1.4586948626012557 5 1 2 0.63360816832669953 25 394 26 382 24 545
6360 28.16636899637809 7.5253646143569464 -1.8408470725442634 117 117 115 1.1437818836885902 23 480 25 414 26 387 27 1026
6361 25.541115953769161 5.8364714038569945 4.3895824210602044 63 62 58 0.74163937631061883 25 390 26 415 23 509
6363 28.325091934594393 8.3856905699614614 -0.31788259914651623 44 44 38 0.26399414070011562 25 460 26 462 23 571 22 653
6364 24.94889913365369 8.3759282992554116 -2.6814047241513612 19 15 12 0.82745960741231295 19 906 22 688 26 463 18 980
6365 23.948968801611166 8.6751676993208431 -5.7547790396729752 66 45 24 0.83614216252741613 18 1265 20 833 26 466
6366 23.305241204524648 8.6843312126652066 -6.6120345148360107 155 66 50 0.49552091719129632 20 836 26 468 27 433 21 703
6368 15.181971846429487 7.690169400577914 -6.7356927102607562 98 87 80 0.64819153108443484 21 1494 25 1208 26 506 27 1079
6370 20.971160829165264 16.911572496270082 -1.9678485540442796 110 97 88 0.57918769947875215 20 1085 26 629 27 584
6371 20.162084398022966 16.687918527605849 -2.8505409460140743 14 15 19 0.43523120409401428 23 815 25 680 26 637
6372 19.714054932134161 17.442921779126824 -5.0213432069523947 121 114 114 0.15500477172489727 25 685 26 648
6373 19.746189037660756 18.231115745535323 -4.7923427228630011 96 95 100 0.35396825681175431 25 730 26 668 23 868
6374 19.856463105350148 17.840575649120265 -2.6151721044531846 103 98 97 0.072567684782441799 24 1024 26 681
6375 18.517837519601045 17.31069422091382 -3.215471948008235 57 55 56 0.38753007975175086 22 1030 23 880 25 746 26 686 21 1017 27 660 28 587
6376 20.983657412859952 -6.1535587697204708 -12.508193178365302 78 79 63 0.73706854833931479 21 1152 23 980 26 857 27 761
6377 24.17304007702635 -5.8252614437560126 -9.6981391531837264 104 95 78 0.75025524861384374 25 860 26 867 23 97 24 131
6378 21.661988794839356 -5.3816079611201708 -10.617049200138602 88 78 68 0.46450718117207063 19 79 26 869 27 783
6379 21.491176754577666 -3.7598511809813582 -10.085215782704255 92 82 70 0.51128796270321875 19 120 26 904 27 163
6381 23.989922089419878 -0.93362197120451895 -8.3316337781106071 113 85 74 0.35269202297006613 25 901 26 917 24 1182
6382 24.186626312533797 -0.072133719842824448 -8.8321933113305882 123 100 103 0.68508085068892621 19 142 23 1610 25 1412 26 937 28 125
6383 23.740907521091113 -0.022025915202827789 -8.7491490600961157 65 29 12 1.5460091379527261 24 1708 26 938 27 847 19 1133
6384 29.472242034716103 1.1152024022019913 -6.6055843141699944 74 68 55 0.70628704084545046 23 244 24 273 26 964 27 1335
6385 22.978095176848722 1.5412733142327415 -9.1372270014042289 19 11 17 0.78692312200358494 25 1429 26 971 27 242 22 307 28 185
6386 31.153883724329685 0.86737838828242653 -1.2546821577591449 180 171 156 0.72721310170429421 20 2036 22 1366 26 980
6387 18.923567482274517 2.1769947733061734 -8.6427995475777468 53 40 30 0.84494014468836742 22 1362 23 1659 26 992
6388 28.853354532385421 5.6626116765788446 -6.3328189281567333 91 54 41 1.0250904218005907 22 1399 25 254 26 1026 24 399 27 1375
6389 26.36035027306357 5.6433319432136591 -7.0184334762728149 34 46 85 0.30141606908968815 20 1513 22 1400 24 1280 26 1030
6391 30.846371606081451 7.185717876062224 -0.60218366705697601 107 101 88 0.58767974924599498 15 967 26 1074 19 1228
6393 31.665202916000261 8.0290269781145245 -3.5839664816726531 53 48 42 0.77923775802341633 19 833 26 1078 27 1436
6394 21.900826472115625 6.9578071890599986 -7.7099751334475783 45 43 28 0.71266069405306176 20 2104 26 1082 27 1433 28 860 29 780
6395 28.600035092154759 6.814107308986693 1.5718263531176635 40 39 37 0.63846886515582357 23 470 24 541 25 393 26 1089
6396 27.386877061299611 6.1832582777017109 3.4885354963293094 12 12 10 1.0014416317854209 23 1221 24 1354 26 1117
6397 27.228535465129013 6.5327317002350496 3.7905278374632809 61 63 58 0.40142310186846575 21 1449 25 1099 26 1118
6398 26.08669836228469 7.0695911562155844 0.71731102252398404 10 10 9 1.0671404402470925 24 1405 26 1128 27 1052
6399 28.406309021315824 7.9380367942052432 -1.7998950692212954 104 104 102 0.90471300450943548 19 863 26 1132 27 1040
6400 28.406309021315824 7.9380367942052432 -1.7998950692212954 104 104 102 0.90471300450943548 19 862 26 1133 27 1039
6401 28.833267413479412 9.6144933809816902 -5.7433034367119413 55 32 18 0.95637318997322252 20 2149 24 681 26 1137
6402 20.36603556508296 7.6247759389676926 -7.1099843429816305 17 19 3 1.3961317653903291 23 1791 24 2127 25 1552 26 1143 28 371
6403 20.061778085992948 8.0503826485249288 -6.9819012097192115 116 110 33 0.63255712569515665 24 1470 25 1166 26 1173 28 387
6404 19.294595902572063 8.1601753571470752 -6.4377933454922367 128 118 120 0.53251465142721011 23 1822 24 1874 25 1572 26 1176
6405 16.695074440877612 7.2924048599881219 -6.9053498277717873 123 56 50 0.3725387914278846 21 1464 22 1543 23 1320 25 1187 26 1178
6406 25.657624096884192 9.6001517530325842 -3.0240499956310578 52 45 36 1.7604800671581018 24 1867 26 1207 23 1818
6407 20.137003452297563 15.792992108639593 -5.206869601178421 44 30 30 0.54044252544830529 23 2216 25 1920 26 1264 27 1850 28 1600
6408 20.735501322864724 16.389545483386264 -2.118649607956959 136 122 122 0.18901375736812309 23 1411 24 1555 26 1279
6409 20.735501322864724 16.389545483386264 -2.118649607956959 136 122 122 0.18901375736812309 23 1410 24 1556 26 1280
6410 22.216783387902858 18.160320476477349 -1.562299628254197 126 108 101 0.75764241302090563 23 1895 25 1279 26 1309 28 1021
6411 19.491984340373133 18.206942178809193 -2.5252263557427521 156 150 150 0.45615204147934235 23 1484 25 742 26 1364
6412 18.533770554174843 17.801360419617499 -3.0203585311983168 44 31 38 0.28823759229924939 23 1925 25 1333 26 1367 29 1200
6413 22.177265176486959 16.257051249045009 7.8046109080777333 202 186 171 0.99098443461061192 24 1582 26 1414 25 1314
6414 23.100365542608085 -0.73628118220059058 -9.0348644400770617 77 67 55 0.90002497053058406 20 2358 23 1050 26 1508 28 697
6415 26.286026621252191 -0.97462925271053791 -7.6367189177279124 32 24 25 0.32868961822010584 23 2012 25 1747 26 1514
6416 20.688800270668086 0.25087158808481447 -8.8753220175325662 97 93 92 0.74707310229519341 25 1417 26 1532 27 1311
6417 20.677456724822036 0.25160288737511738 -8.8682003995699183 97 93 92 0.72233071867049403 25 1755 26 1533 27 1310
6418 30.690639115393019 0.71308128572233209 -1.1524545177033194 156 147 130 0.73021041292345268 23 1638 25 965 26 1551
6419 31.115782813570917 1.2395050810065673 0.37240638481077271 187 178 169 0.70465245259753218 14 817 15 660 26 1560
6420 29.598865930351764 5.1993737397991744 -1.3649227861420372 117 95 71 1.0461568641201047 17 888 20 1495 26 1583
6421 21.981353509049516 6.0875109597122501 -9.3132324191160993 14 3 1 0.5465290364627684 22 2334 25 1485 26 1596 24 1316 21 2390 23 402
6422 30.787365016868588 7.1767341739410258 -0.79782155354356299 38 32 20 0.41336198931122875 18 1181 19 1230 26 1619
6423 19.214466053644625 6.4693490950166783 -7.4054787153823227 76 72 61 0.46034588862687964 20 2106 23 1757 26 1627 25 1537
6424 28.779691608607653 7.4470978310278308 -1.496837318794817 118 119 112 0.92768650017648313 19 1231 26 1637 23 1745 27 1785 26 2029
6425 28.734028301155508 7.6236353913494064 -1.8013819665222104 27 26 24 0.73728195451256129 23 1746 24 1801 25 1528 26 1639 27 1452
6426 27.939910645584064 8.140844775986114 -5.6733751048887671 122 106 82 0.47317867496798161 16 1169 26 1640 27 1439
6427 29.103344796303443 7.5710573156781678 -0.13443223324404496 18 14 4 0.84529804302500766 23 2134 25 1524 26 1659 24 1407
6430 16.05010012968534 8.1749268314374888 -6.8152698450606719 173 90 94 1.3879300347513908 19 1723 22 2065 26 1701 28 1575
6431 21.15853583797379 15.72876395643268 -3.6966071816551502 33 22 24 0.26764024474048381 20 2216 22 854 26 1737
6432 19.816658376268641 -5.2196304780993037 -10.064822595977246 81 105 79 0.48740828036154715 23 1973 25 1719 26 1887 28 1383
6433 19.923561265644633 -5.0376312724161849 -10.12069238507946 80 113 86 0.40578787583946224 23 1978 25 1721 26 1888 28 1389
6434 19.803231624440588 -4.744981206400241 -10.966900236009481 58 70 50 0.46959893182396983 23 1981 25 1990 26 1897 29 1435
6435 23.097977977614473 -4.4838930477711658 -9.4430383936493936 169 163 149 1.3882495602999096 19 1619 26 1908 28 1671
6436 19.258989063499321 -0.10349653857931762 -11.55603284749324 46 37 29 0.70313668629581583 22 2260 23 2310 26 1933
6438 29.610743339965829 1.5641579749893941 -7.5615047941153559 5 5 7 0.24479871272656145 22 2556 24 2034 25 1780 26 1961
6439 22.590245373432861 2.1722771912888144 -8.1182458779170332 129 101 77 0.3835148141154936 20 2387 22 2299 26 1966
6440 29.555551765655764 6.0714240193641915 -3.9144581689048477 118 82 42 1.0713462824066233 15 1119 26 1996 16 1119 27 1403 21 1349
6442 28.35675163934194 7.141986738358975 0.51062506316603751 63 57 49 0.96380667145527466 23 2120 24 2092 25 1843 26 2027 27 1793
6443 20.321519674555223 15.789457409100153 -4.0414874302051187 145 139 143 0.51593994134797905 23 2218 25 1919 26 2112 27 2081 28 1823 29 1535
6444 20.25793651460349 16.063981545701509 -1.9985543779239348 128 116 118 0.31288684737567135 21 2267 23 2219 26 2118 25 1923 20 2559 27 2085 20 2772
6445 20.103617825824436 16.724768388626 -2.3199567195848321 32 25 32 0.22161090233521585 25 1933 26 2126 24 2203 27 1878
6446 21.847888264712502 0.34223231797212983 -10.686809399648521 63 55 50 1.3862496236972139 25 2169 26 2240 27 1674 28 1458
6447 31.247082063884672 1.1360653244429306 -7.5002527572372397 32 29 17 0.19579926321241992 25 2016 26 2250 24 2280
6448 14.494146159914505 4.9986163667140682 -7.5035339881074377 73 43 28 1.5048641076867078 20 2855 21 2397 22 2755 26 2286 29 1497
6449 20.014155845203838 7.1169132289208825 -7.4731753700470156 35 40 35 0.65496352971391247 23 2381 25 2226 26 2302 27 1781 19 1705 28 1775
6450 24.541463467725521 9.3231065505809774 -5.7023827477603461 71 49 32 1.4740622163018497 17 1473 24 2478 26 2320 27 2190 28 1788
6451 19.833862016090837 18.658990467904061 -1.7395781528683032 154 146 144 0.59036162671205727 23 2464 25 2268 26 2388
6452 19.833862016090837 18.658990467904061 -1.7395781528683032 154 146 144 0.59036162671205727 23 2465 25 2269 26 2389
6453 27.769793726113932 -10.957264052608531 -8.680463342452251 106 88 68 2.1055908517900939 17 1530 26 2415
6454 17.150023115354212 6.6777963724269398 -6.4916689971081469 77 74 67 0.64263866573502793 23 2557 26 2483 28 1939
6455 29.143476404518026 7.1494213938723679 3.557115421432794 8 11 9 0.39528056142767659 18 1645 19 1817 26 2489
6456 19.741832224597967 8.7132544558882987 -6.9022954535890184 5 8 3 0.74491991003919977 25 2341 26 2500 28 1949
6457 27.193390216860735 9.5798717067916659 -1.2685322455156827 47 40 34 0.50942356029383062 23 2779 24 2657 25 2433 26 2731
6458 23.152914885362698 1.1181539015874207 -8.3764579729862891 76 37 36 0.62335808569326401 20 3181 21 2871 26 2825 27 2482 28 2207
6461 28.932159972632192 -10.654226452392484 -5.4906605544488203 115 94 71 0.69181776338749301 16 1269 23 2278 15 907 26 1865 17 823 18 1096 19 637 24 1668 20 1934 21 1706 22 1173 27 748
6462 31.526475469529412 6.7144761674003073 -5.589533834559071 42 24 7 0.7979266308326578 21 1355 25 1481 15 716 20 1522 26 1039 23 2078 27 968
6463 29.157616047530283 5.6787931134858569 -3.2285356935377107 159 118 76 1.0362701970168353 15 1480 17 1843 18 1800 19 2011 20 3068 26 2760 19 2052 24 2683 20 3118 23 2801 21 2813 25 2460 22 3013 27 2423
6464 26.65924030219761 -10.827204685118229 -5.8015189888097103 80 61 35 1.3968973405059633 15 623 25 1368 26 1446 17 139 18 110 19 632 21 58 22 1164
6465 21.424785778173881 17.292308239108465 -1.4731252329505666 36 17 4 0.62942747337511784 15 1203 24 1926 25 1628 22 2110 26 2125 19 1593 25 1928
6466 25.480848074738244 9.6599077465134293 -3.0026464034124136 4 1 0 1.9920731565279073 20 1705 21 1937 26 1695 20 1706 26 1694 22 1576 27 1496
6467 26.935653059368473 7.6615246676590258 -5.7248343438944467 95 69 47 1.829538397469364 16 1481 17 1590 18 1651 19 1680 20 2681 25 2051 22 2589 26 2018 24 1805 21 1846 25 1506 22 1962 27 2030 28 1772
6468 32.098217709227491 8.6655251831547417 -3.6817151123464789 18 15 12 1.3267759402658221 18 1650 24 2322 20 2690 23 2121 26 2031 18 889 19 1234 17 975 20 1572 15 1268 27 1787
6469 23.769706108127931 -0.80263847350292905 -9.041770690288832 30 12 1 1.3861801825098652 19 699 24 1178 20 334 21 1231 25 904 26 918 23 166 24 210 21 268 25 130 22 226 27 181
6470 28.408764960702801 8.2279154674556505 -4.9312320997685317 39 21 6 1.0606483561043916 15 404 18 929 26 1096 17 1242 20 1589 22 1984 21 1413
6471 24.573124891762976 8.4042205563272958 -5.9542356020949931 9 6 3 1.4384508711371042 18 1782 19 1912 26 2600 19 1831 24 2469 20 2699 23 2556 21 2571 25 2224 22 2764 27 2280 28 2015
6472 25.83459737858465 9.3504922589661046 -5.5357975817295619 53 33 17 0.93079024231160867 16 490 18 544 26 465 20 832 24 730 25 501 27 442
6473 23.444890914188292 1.4351288187646132 -7.2297036306203166 143 101 83 1.7891245925491304 18 1120 19 1158 24 1724 20 1424 20 2029 21 1276 26 1542 18 781 24 1230 20 1425 23 1106 21 360 25 951 22 1353 28 757
6474 19.5961534718565 -5.1774044942043327 -10.51474788180346 51 68 54 1.3618598342176447 19 1871 20 2923 25 2278 26 2428 23 2291 21 2324 22 2220 27 1935 28 1664
6475 26.880492897894481 5.2270792043940446 -6.0326793367808573 151 105 71 0.91050348496023537 19 776 20 523 25 255 26 275 24 401 22 419
6476 32.50418777114195 0.93046023712149972 0.74814119493066455 186 180 165 1.8846328397311065 15 1228 17 1544 18 1493 16 1283 15 1102 19 1784 15 1321 14 1167 20 2831 26 2576 24 2527 20 2947 25 2308
6477 30.386522642351867 12.23358434384107 3.3413693234063713 24 13 2 1.4984910249025638 24 1509 26 530
6479 30.165700566155881 7.6456769900967521 -2.4452063538776994 113 108 101 1.0949879617317764 18 1814 19 2020 17 1885 20 3023 23 2648 21 2724 25 2207 22 2922 26 2660 27 2388
6480 31.323625615573725 -12.650891125621225 -5.4200339343257404 109 98 83 1.0053944900721357 22 29 24 70 27 59
6481 20.850829912131154 -5.8443766921921352 -12.390135608648958 45 60 60 0.50709078656174478 26 39 27 102 23 59
6482 21.653289345561923 -5.3511929594593868 -10.726224323480421 123 134 122 1.6565509090190471 25 857 26 871 27 115 22 1211 23 1569
6483 18.924423184498114 -4.4567496338321009 -10.32620436634836 72 83 71 0.47962311457081724 21 1180 22 119 27 121
6484 22.751797045239737 -5.2161386998566908 -9.8828802641634841 163 156 146 0.61303735993997932 24 158 26 75 27 134
6485 19.518883514658164 -4.0196815292336927 -11.283748479358215 84 72 50 0.19700134902552924 20 1298 22 159 26 84 27 144
6486 19.400011310110543 -4.2631501924498867 -11.542462483547663 84 71 55 1.0397941410498936 22 1236 26 65 27 148 23 1018 29 585
6487 23.860111453952818 -3.5256499334060463 -8.8796938344897818 143 133 108 0.20181826637812175 21 234 26 114 27 172
6488 23.605566257510006 -0.0078195743052190472 -9.4371751646843389 108 70 39 0.72227228968699453 23 181 27 187 28 127 21 282
6489 19.82115423045369 1.7242218272114667 -11.434946332760653 114 111 106 1.0437463996427838 20 414 26 200 27 226
6490 14.317477590893416 1.4087926461407863 -7.8101394115238874 70 46 40 0.60677516314887747 22 1343 27 228 21 381
6491 18.549365386280808 1.6343999710458583 -8.5642772481719742 33 33 37 1.3743117423787012 21 370 25 1433 27 247
6492 27.457844536661874 2.1030798482992186 -7.1882456945317497 86 75 57 0.90449969804673258 16 197 20 455 27 255 28 224
6493 23.176985258202556 1.9985181852461829 -7.8242458986777619 79 51 30 0.8303269597804982 23 274 24 313 26 213 27 257
6494 19.029336369863081 2.9120698421621847 -10.302899919582963 39 27 21 0.44907341557418834 21 1313 27 265 20 1461 22 1905
6495 23.121055648305472 5.8332757030550884 -9.1882578594526301 41 36 37 0.13725400180186845 22 437 27 305 28 287
6496 26.451578031017203 5.5682813301139351 -6.2130527393181509 111 74 51 0.57845752883710999 17 905 27 310 16 818
6497 29.539554718598893 6.5832066539233383 -4.156105822739212 50 39 25 0.20387820476689464 18 306 19 249 27 334
6498 19.063556182263362 7.9971897476993927 -6.9628127457353886 56 47 24 0.17387738364201696 22 666 27 435 21 708
6499 14.744113418668269 7.1017555268318846 -7.0809672924659735 90 81 82 0.41104032547523039 20 885 21 742 27 437
6500 15.21925062284836 7.5284294881662968 -6.8329901800872959 95 82 79 0.41682851335770588 21 1492 27 446 20 1717 22 733
6501 23.743412653124999 9.5516932588870791 -4.905937252896913 116 103 92 0.25362909576056969 24 784 27 450
6502 15.194962717000504 7.9756231491603131 -7.2357273465282885 63 54 49 0.39166338882038537 20 942 21 771 22 737 27 455 28 404 23 1342
6503 15.250807538674184 10.154838082085995 -13.000422435249289 245 215 204 0.48566253563841605 22 1598 27 457 26 1713
6504 19.419580027834449 15.664986705444306 -2.1138515068142842 18 17 22 0.3115346008943195 22 939 26 611 27 567
6505 18.964996535482008 16.594833244007461 -3.8409337341372551 117 115 114 0.46538487913035681 16 624 27 574 28 543
6506 14.677195605132827 17.139974485333038 -7.4969811125801886 211 167 144 1.2290561826291564 22 1739 27 639 21 1660 26 723
6507 15.371897532395124 18.303213738608957 -8.5422048458043296 128 112 104 0.59340946419784213 21 1664 22 1740 27 642
6508 14.561714987313284 18.640206946458587 -9.9529369406116661 106 61 29 0.84283120287076052 21 1063 27 645 28 526
6509 14.881897071683706 20.26976041151163 -11.495176249089589 222 175 147 0.86499768635695862 22 1760 27 650 26 796
6510 21.619564584670687 -6.264315837183255 -11.331740807492068 31 25 19 0.20841546326560345 21 113 22 75 27 756
6511 19.513470236833552 -4.6261990162904789 -12.90973820088932 3 10 12 0.60261556109419512 21 1728 22 2229 27 790
6512 19.372384876719405 -4.3207830792736255 -9.6473948063482364 112 108 99 0.070089299864129359 21 1734 26 1480 27 801
6513 22.481810020421602 -3.6666023547283269 -9.8249414581165802 84 71 55 0.17266144224425625 20 1329 21 1214 22 1256 27 817
6515 23.314681223253519 -3.2553000095136562 -8.4511960131424413 146 133 117 1.2602747757046313 20 300 23 1034 26 910 27 824 21 242
6516 23.5632280772532 -0.9410460270080333 -9.0434047747668611 27 15 2 0.65468611888955974 20 1343 22 1270 27 831 28 99
6517 22.615639911856899 0.3589452469501011 -9.3073949423144047 53 24 18 0.42355161241683392 20 1999 21 1761 22 2270 26 1529 27 850 28 132
6518 22.092871040546569 0.13853342442035083 -9.5993625737316517 74 66 61 0.82641878681741632 19 712 27 851 28 133 20 1370
6519 24.142598457481316 0.93389986530376556 -7.3417445285642096 154 145 138 0.50794861111718448 20 1399 21 1775 22 1326 27 874
6520 23.805712631457919 1.0815391637713663 -7.1144924818351321 162 150 142 0.68105000449037667 22 301 27 875 28 736 25 179 23 220
6521 23.768834902025961 1.2578989708132755 -8.65514382509547 71 12 21 0.15631828930099553 21 1278 24 1214 25 1428 27 877
6522 13.861162085580068 1.3849206989768905 -7.6465944607354732 79 57 43 0.93008648848652631 22 1345 27 885 20 419 21 382 26 977
6523 29.651079671937591 0.97445655656557595 -6.65601011670016 45 34 19 0.60083564033340719 22 295 23 243 27 887
6524 13.945994961320205 2.0124184611852383 -7.5777227808773038 57 43 30 0.4272743959073716 21 2135 22 2295 27 909 26 1967
6525 28.43365949103622 4.2391635053992216 -6.7996436089506593 105 95 86 0.75919022809827208 17 1167 18 1135 27 923 28 794
6526 26.050500325597156 5.2057668571046412 -10.087497553947253 32 22 13 1.0600604227469543 19 1182 20 1481 27 934 28 806
6527 28.047161535821594 5.6777809844456257 -1.6597171049145898 140 103 62 0.63586524540741551 18 817 26 309 27 985
6528 30.889114536593077 7.175343741261611 -0.80274610779050493 31 24 14 0.46903780926232819 23 1192 27 997 25 1075
6529 32.046000666701147 7.8786948001964978 -3.9815849917611632 38 34 25 0.64214520690411392 23 429 27 1006 28 1240
6530 17.207019815175844 6.4166925334311715 -6.9955436761205538 96 105 97 0.59006705454435082 21 1426 26 1109 27 1018
6531 27.478293462713477 7.0862222610044459 -1.0499891412871813 96 93 84 0.85459126375622962 22 568 23 475 26 1091 27 1025
6533 22.742068387693831 8.4608144618730527 -6.5662209459748748 52 26 21 0.57038462120164468 20 837 22 2033 27 1043
6534 15.307007432547591 7.4164997074570289 -7.3410390339997651 81 59 61 1.1274971766120059 21 741 23 1331 27 1068 28 897
6536 19.242745490531682 15.406405018543811 -4.962276366524164 44 39 39 0.50302469639808034 26 1266 27 1126 21 885 22 1652
6537 16.670112830773618 18.982858288790855 -13.082904394882915 32 29 28 1.4392720896258584 22 961 27 1127 21 1591 26 624 28 1298
6538 20.061252901333614 15.708519557309563 -3.3102303396272381 150 148 154 0.19534406340252528 20 1804 27 1132 28 501
6539 14.440150335535124 18.457554240039972 -11.217013813553521 231 194 160 1.105690973304007 22 1729 27 1159 26 1384 29 392
6540 19.917295303759278 16.298498530692225 -2.3309173571843194 5 4 11 0.61888131645008071 23 810 26 633 27 1163 22 944
6541 14.416827203125999 18.165587935806563 -10.130106977896808 137 100 73 0.75483541922922848 21 2025 22 1741 27 1174 26 1378 29 407
6542 14.424758025244303 18.189816877789081 -10.135688194135529 137 100 73 1.0815507671054048 21 2024 22 1742 27 1175 26 1379 28 981 29 406
6543 18.849747323969439 18.470933612173841 -4.917496005579407 69 74 78 0.28068189104602054 26 1352 27 1192 23 1477
6544 19.049379082224807 18.921632513913174 -4.6988595095303918 56 50 52 0.46594697855214773 22 1736 26 1370 27 1203
6545 19.443462484382785 -5.6867224547118935 -11.876390036705878 19 40 36 0.80115045598438228 21 1154 22 2213 27 1271 28 621
6546 21.729947191465016 -0.7985695548166527 -13.282478252330575 61 57 51 0.88141644913369699 21 1746 26 1505 27 1303 28 1114
6547 20.963218216026398 0.0032937578728918326 -11.532068558409241 90 80 72 0.70777380860821681 25 1750 27 1306
6548 22.524443294924975 1.4182166116434738 -11.299627984210495 59 55 56 0.32767072381374335 21 1770 22 1876 27 1325
6549 21.300525367418569 1.5454410841596589 -12.027287706105309 82 78 75 0.94958352166889648 23 2034 27 1329 28 1150
6550 23.544216317731383 5.6846408447651386 -9.7230570177997482 48 44 45 0.521095651838684 19 1471 26 1992 27 1381 21 2156 28 820
6551 17.00559418569383 5.7405023406360813 -8.6563953967313143 70 79 104 0.81732401533659904 20 2440 21 2170 22 1956 27 1422
6552 25.122709721671285 7.3759988254208828 -7.7346272218709604 125 97 75 0.82423934631385476 23 2109 26 1624 27 1430
6553 15.130547633997658 5.6473786233860883 -7.3305754254664128 54 78 115 0.82693898024038681 22 1971 27 1434 29 763
6554 32.132833998739123 8.0686988149286734 -3.8693737490395255 82 77 73 0.60740503199999329 25 1081 26 1077 27 1438
6555 15.41982637282066 6.1609557462205009 -7.0339237785949376 109 121 127 0.68149416018400788 22 1992 27 1445 28 1251 29 1109
6556 14.964558929934674 6.1033703038240095 -7.4419928137125062 43 48 60 0.25709148136604637 26 2043 27 1447 28 1252
6557 15.137524424118357 7.81631045858036 -6.8354011128189587 147 131 125 0.48989219555372526 20 2514 22 2058 26 1702 27 1494
6558 15.391070373263753 8.5593420553175186 -7.0942349214964358 101 101 103 1.0499504378373676 22 2069 23 2187 27 1500 28 1283 26 1712
6559 25.939302317539319 9.3649584457794308 -0.68797834929336976 3 3 3 2.7101931544448306 25 546 27 1504
6560 15.494910276901424 17.68080930800749 -10.443538209649523 180 117 95 1.0815997346949 21 1986 22 2117 27 1540 26 1763
6561 20.028746176154709 16.184554827115448 -2.4701932911712232 34 38 41 0.33000842043530709 24 2200 27 1543 28 1321
6562 14.853195285399696 17.917659865125195 -10.36944753812856 227 182 151 1.11642557796397 21 2013 27 1547 22 2127 28 1313 29 842
6563 14.562634461989408 18.327185230609935 -11.090849241776148 229 185 148 1.3647861648031276 22 2470 27 1548 28 494 29 1140
6564 19.804978902943621 17.052325398969401 -3.1949997286740444 31 34 41 0.94402659164798375 17 1331 26 1298 27 1554 28 539 29 1173
6565 19.044676563713633 17.309150806948331 -4.014248879388413 108 106 111 1.2031987796782164 25 1651 27 1557 23 1910 26 1321
6566 14.63308386206945 18.655895031817426 -10.620484574126863 231 188 156 1.1134444466923248 21 2026 22 2156 27 1560 26 1788 28 983
6568 18.729985313164658 17.286613743414886 -3.5472995264836906 39 34 41 1.2801023307477006 21 2010 27 1572 29 1392
6569 19.257295389237452 18.487945154126948 -4.6781110205984966 115 111 109 1.1112602858453515 22 1725 23 1919 25 1666 26 1774 27 1575 28 1016
6570 19.189962162552732 18.440690967003569 -4.6483674476162564 115 111 109 0.67177739799662917 22 1726 23 1920 26 1775 27 1576 28 1015
6571 19.049954743349296 19.045592615393602 -5.1385527616185378 74 71 80 0.46044366094689998 21 2020 22 1738 26 1787 27 1585 28 1637 29 1184 23 905
6572 19.088783484567731 19.075248439591427 -5.1572475354810914 74 71 80 0.35996304042451077 26 1786 27 1586 29 1183 23 904
6573 15.151003432829146 17.832647112035414 -7.3376865008618193 64 14 17 1.2516217466587922 22 2163 27 1587 26 2392 28 1347 29 1544
6574 29.907833828825112 -11.083410856695634 -8.3223283028503197 103 91 79 0.98188365306224279 18 1325 27 1624
6575 20.384888455229206 -6.6286389282703579 -13.796462533450763 49 63 49 0.60775697338706358 22 2512 27 1633 26 2211
6576 21.269526885842563 -6.1326420418450951 -10.856415143294706 149 142 136 0.26202092188235082 21 2071 22 2212 27 1635 28 1378
6577 20.146935576539732 -5.4745105537248406 -11.793576276439845 5 23 25 0.33779627833371428 20 2312 21 2076 22 1816 27 1640 28 1384
6578 24.299122259518313 -0.77760884349838444 -8.7955786261367397 67 39 25 0.7377465315309184 19 1128 27 1669 28 1443
6579 22.639992407835368 1.4271079082293798 -9.3751327038862193 81 59 69 0.23289006513701935 21 2122 22 2284 27 1684
6580 14.09984458621663 1.6477983333464072 -7.7670710564553085 64 45 31 0.70294407752715482 20 2643 21 2367 22 2554 27 1695 26 2259 28 1478
6581 31.25395676384198 2.087314781023986 -1.3976113945086672 146 136 124 1.3359362701384963 15 666 23 1670 24 1742 27 1711
6582 21.282524082472769 6.6965895699593725 -6.1344741236159885 61 53 45 0.667688908505362 19 870 27 1777 28 1247
6583 20.338894584474723 7.2193938491057823 -7.6473912447622228 40 44 42 0.42242173627986479 21 2414 22 2598 27 1780 28 1776
6584 17.554944831787072 6.5300956364441038 -6.9391588093814063 61 63 71 0.7835934263626787 26 2041 27 1782 28 1546
6585 15.219895928573981 7.3653418464030498 -6.9044170891724974 74 67 67 0.65613114180547483 20 2509 21 2230 27 1810
6586 15.392035236608253 8.7146051780102116 -6.7949200721376606 68 73 76 0.51746311371990938 20 2525 22 2417 26 2081 27 1832
6587 15.906470498440607 18.032342946319233 -11.206699464669752 202 142 116 0.52870170251032866 21 2484 22 2457 27 1861
6588 20.148418116864359 16.285189960931685 -2.2001873497476163 19 17 20 0.50821372223685624 21 2481 22 2662 26 2367 27 1869
6589 20.561722500951138 17.300421362027841 -3.1028915921776656 26 29 36 0.43260476660752145 20 2563 27 1879 28 1616
6590 14.33986500216988 18.063675499539553 -9.5305618014868561 237 194 149 0.79582995890245378 21 2501 22 2678 27 1889 26 2393 29 1365
6591 14.1746812250289 18.046678652407923 -8.8340233978000331 196 152 122 0.96024966993569993 22 2489 27 1906 26 2158 28 1331 29 1159
6592 19.188056241423673 -6.719517288919775 -12.830975508042568 89 81 72 1.3506361352500897 21 2316 26 2418 27 1928
6593 19.732841824879483 -6.0258095595913614 -12.920036340480793 58 72 40 0.66507427245184925 22 2697 27 1933 20 2922 26 2422 26 2548
6594 19.52448972052963 -4.549496638930238 -11.338936800417262 37 34 16 0.37982363327564234 26 2223 27 1938 28 1397
6595 21.349566423220729 -4.1155233186870941 -10.323073282931901 54 54 50 0.38923981103308458 19 1768 27 1940 28 1668
6596 22.107555733329814 -0.87952612295979571 -13.013167005082765 88 80 66 1.5972457976315531 20 2929 26 2231 27 1951
6597 20.481357869544233 0.95997881071368196 -8.40790790970083 49 46 42 0.7646553915908455 23 2505 25 2174 27 1975
6598 14.876169880804648 1.5468876228822726 -8.0942737867671486 90 70 58 0.79965604330548579 20 2822 21 2539 27 1984 26 2452 22 2728
6599 27.144199892777454 4.4677096924156796 -5.9136394880583527 63 53 48 1.2847971259016906 19 1651 21 2146 26 1983 27 1998 28 1747
6600 15.751832290907195 5.8524695628348882 -6.2334380911803322 115 124 139 0.51180212727606988 23 2383 25 2073 27 2037 28 1778
6601 17.134707732456828 19.281917836173818 -13.700519356203678 24 29 35 1.2459806221876335 21 2270 22 2443 27 2078
6602 14.86208100568078 18.294611198354026 -10.007441087604555 185 139 115 0.60115439038450535 21 2494 27 2095 26 2385
6603 14.176132767994327 17.912740189768208 -8.999563947027994 228 185 144 1.4278911429706309 22 2809 27 2102 28 1844
6604 15.220861900743389 17.8056947647278 -7.1406099793128996 158 95 65 1.3195576777855513 27 2104 28 1856 22 2164 26 2527
6605 15.174291896879934 17.884947529766031 -7.6126151493691196 203 150 120 1.0674365675826114 22 2681 27 2105 26 2157 28 1857 29 1545
6606 14.002672629233048 -0.4067484929186102 -11.741644331036177 231 228 203 1.6805158137669798 22 1845 27 2135 28 1691 29 1654
6607 23.628543332191505 -0.467192848966898 -8.6536039779206533 170 140 40 0.78088396707072771 19 1776 27 2140 28 1891
6608 14.771661791068501 0.26218824214848507 -8.5180698476504286 79 66 68 1.0855171410091387 20 2937 21 2640 22 2903 27 2142 26 2638 28 1701
6609 13.989817746479357 1.1136444597374975 -7.7288348613832598 50 28 32 1.0104730477141017 20 2941 21 2536 22 2722 27 2153 26 2448 28 1714
6610 13.989817746479357 1.1136444597374975 -7.7288348613832598 50 28 32 1.0104730477141017 20 2942 21 2537 22 2723 27 2154 26 2449 28 1715
6611 27.405273310593802 8.158383190810456 0.66519241850284694 2 5 12 1.3897601195765037 14 1202 15 1357 21 2427 27 2194
6612 20.116522906086615 15.914489556575328 -4.4042947951142866 118 120 119 0.18461494401807413 21 2595 27 2204 28 1954
6613 17.469527628141474 20.205924724658047 -13.969336506221275 26 22 33 0.94982704156411546 21 2271 22 2449 27 2206 26 2134 28 1952
6614 15.681683000695257 18.359255967282124 -11.027019572143491 223 213 209 0.95938307786699328 21 2606 22 2788 27 2211 26 2518 29 1615
6615 14.462230380086753 18.134930437767185 -10.661695060611091 232 188 151 1.3801073186591519 21 2614 22 2798 27 2214 26 2520 28 1956 29 1532
6616 14.409577861692982 18.420628283264708 -10.083505368156706 228 185 159 1.2388358243466895 21 2619 27 2218 26 2394 28 1833
6617 15.101369546384008 18.090765690031521 -8.312274969387456 137 124 118 0.29245050896428376 22 2801 27 2223 26 2528
6618 13.769466997320411 -2.2650700577100191 -8.0971166227035756 66 56 51 0.86566741500686883 21 2698 22 2900 27 2241 26 2636 28 1982
6619 12.875499687629709 -0.24998241274466118 -10.061635539157658 217 167 158 1.2418773492132249 21 2636 27 2242 28 1694
6620 20.031558492604216 2.5401784071191158 -10.431620715426401 76 68 66 0.67890741430061508 20 2946 22 2848 26 2575 27 2256 28 1998
6621 13.500866515172433 2.802486845892675 -6.9489990662241619 66 58 53 1.0316252932864327 21 2547 22 2849 27 2259
6622 32.377548308268103 4.1344594494881424 -4.517785964413239 152 139 122 0.30009113946673099 17 1736 27 2261
6623 22.599067343516612 5.0597351624201092 -9.1047979499108003 17 26 23 0.38433552931390513 19 1949 21 2656 26 2585 27 2263 28 2059
6624 32.424997626175731 5.5394601503202967 -6.8590754280342399 96 85 81 0.3410155072371866 24 2533 27 2264 28 1918 18 1616
6626 14.633919311583284 2.3785370563613597 -7.8836231288689644 44 30 31 1.566424564749703 22 3011 27 2316 26 2757 29 1773
6627 15.735379044643764 7.5335117772068596 -6.9941901572146667 50 50 61 0.89837376526077517 20 3095 21 2788 22 2935 26 2674 27 2345 28 2080 29 1744
6628 14.801198196416832 7.59473876401968 -7.1923342173319957 36 31 37 0.92029382256937453 20 3097 21 2791 22 2987 26 2734 27 2346 28 2081 29 1745
6629 19.42106596845888 -3.7961853057403743 -10.861460842496896 30 28 25 1.055260431028763 21 2753 22 3007 26 2697 27 2365 26 2753 28 2101
6630 23.017039595652022 1.9976299865673168 -12.616494596235768 37 33 34 0.72748650881372257 20 3064 21 2762 22 2959 26 2704 27 2375 28 2107
6631 19.696083893333416 16.366580845964162 -5.2832985310254097 28 20 16 0.74684693262853308 21 2826 26 2739 27 2400 22 2991 22 3025 28 2132 29 1789
6632 25.62835520129147 -3.4901289233718269 -13.106624504638042 38 29 30 0.80162943156067479 23 2792 25 2450 27 2410
6633 15.01614760035913 5.8717642146712672 -7.0339186173006478 86 124 204 0.81107246114348186 20 3155 21 2818 22 3019 26 2769 27 2426 28 2151 29 1808
6634 21.676180488031857 7.5839706083925424 -6.897019336798027 113 106 100 0.84150439196218096 26 2766 27 2427 28 2152
6635 14.919024798875627 8.4456392686625588 -7.1185635786318757 29 28 34 1.0130128155570268 20 3159 21 2823 22 3024 26 2774 27 2431 29 1787
6636 22.9242367795894 -3.710668461732137 -9.4109374638111039 154 146 132 0.40191956931704398 20 3142 21 2834 22 3032 27 2443 28 2166
6637 13.635577854097086 -1.9098752901684262 -7.7476087637110744 64 56 50 1.3922913074697865 20 3163 21 2833 22 3055 27 2444 26 2804 28 2167
6638 16.19751825277168 2.4643442153669488 -8.9590319665630069 49 35 24 1.000124450021568 27 2447 28 2146
6639 15.937304846588843 -0.66855900093943132 -9.3067342731022507 30 39 38 1.0276321585047907 20 3179 21 2869 22 3069 26 2823 27 2468 28 2168
6640 21.849758428078502 -0.82851202351204589 -11.886073639280616 85 75 66 1.1333837850246695 20 3180 21 2868 22 3068 26 2822 27 2469 28 2191
6641 19.017071521189639 16.317400814490352 -4.0717255382183932 168 163 159 0.20484768746858414 21 2862 22 3065 26 2815 27 2476 28 2201
6642 15.337524960553459 7.7109594838911582 -6.1832070239233969 173 85 84 0.9927894029274783 21 2874 22 3076 27 2484
6643 13.143110241348239 -3.3621016015351546 -7.2348870540824946 25 28 31 1.8982239187825964 20 3192 21 2881 22 3084 27 2488 26 2835 28 2220
6644 21.506951559231819 -4.7181045288936971 -8.7926728778175889 145 138 128 0.76196485381248336 20 3198 21 2890 22 3091 27 2498 26 2845
6645 20.718869140857883 17.151036511210684 -2.0306470780256274 132 117 110 1.4668292115311732 15 853 17 1071 20 2240 22 2112 26 1292 24 950 27 1877 17 1619 24 2395 23 2445 21 2275 25 1932 28 1334
6646 24.019517070518024 10.070270104927655 -5.6110935262196575 80 54 36 0.73676657369757947 19 455 20 906 27 462 25 1193 26 504 28 411
6647 19.597026206236219 16.474818557482468 -5.054188541280193 48 44 44 1.0280183257787705 21 907 23 800 22 913 25 663 27 535 19 570 26 598 28 488 29 861
6648 19.870347367943211 15.80252371607623 -3.4736867129097848 67 70 75 1.037766017810172 16 557 19 1008 23 1403 17 1049 21 1578 25 1267 27 524 24 903 22 906 28 503
6649 20.734614513907218 -3.6914214022161929 -10.153517805370813 75 70 62 2.0202501013022136 23 2005 21 1741 26 1912 27 818 27 1657 19 674 22 1251 28 1407
6650 28.791662536083667 6.2119471886741913 -4.2347784604348577 86 69 48 0.85697422625207809 15 1132 18 1367 19 1201 27 1406 21 1823 25 1479 22 1933 26 1591
6651 19.852480086089695 17.510918640152486 -2.4869926621740697 128 126 125 1.593400967527969 21 1626 27 1187 17 1100 24 1587 23 1449 21 988 25 719 22 1704 26 1342 28 1023 28 1356
6652 31.101303413509726 6.1553370752098635 -6.1327516327212592 75 59 48 1.595008840032478 18 824 24 434 17 273 21 490 25 248 26 272 15 222 23 329 27 953 18 275 24 436 25 251
6653 27.638455101053488 -12.268338182246174 -6.1371790480183517 89 72 56 0.85006137610197696 19 1082 20 2288 21 2044 27 1240 24 1647 20 1920 23 1529 22 1146
6654 28.751775918917204 6.6915627678520995 -2.0817010346422156 83 76 70 1.3138559216057009 14 1018 16 1318 17 1415 27 1771 23 1195 21 1843 25 302 26 2013
6655 26.208585965150771 9.2097433116725593 -5.3864926574512486 56 33 15 1.68529229888955 16 944 19 908 23 1298 25 1164 22 658 27 1474 17 1271 24 1465 20 831 28 1267
6656 19.875049283880589 -3.6121898120678049 -10.364320102851236 104 97 84 0.56504076547175286 19 677 20 260 21 215 27 159 25 113 26 98
6657 23.951959256802244 -0.052878895189362174 -8.7000802838002471 107 90 87 0.71859813450828014 22 256 28 124 20 359
6658 24.205311543845713 4.7964573504183976 -9.6376352975652235 68 63 57 1.1181545580700816 24 380 28 259 29 234
6659 27.068289612177992 6.0985803050594418 -10.286371063822786 91 92 87 0.5314510952556718 20 528 28 281 22 429
6660 17.515149833572316 7.0294241499136376 -6.530666169321087 27 22 17 0.47381020969215387 25 1877 28 376 23 2390
6661 15.347141518308314 7.3260273590251046 -7.2961209567351037 109 88 88 0.99832182913484824 21 1933 28 388 22 1569
6662 19.907288800864066 8.5415597009392528 -6.8957915212336136 94 99 93 1.0967524796957582 21 736 22 702 28 399 29 322
6663 16.272364558048491 8.3985938008439724 -6.3394533366425696 92 55 51 0.55101503978609856 21 1514 26 1219 28 412
6664 15.730147059831468 8.256503651164989 -6.3467553632476905 123 109 98 0.49882071181835447 19 475 27 466 28 413
6665 15.921609809303245 8.5911576443969047 -6.0609858205689777 71 51 50 0.5651170298753343 20 964 28 423 29 345
6668 19.546389845132556 15.562512253749 -3.3549696140008187 62 68 79 0.77913603584121971 21 1579 27 525 28 504
6669 14.389465787797205 18.384700351659607 -9.7938652956736405 114 76 42 0.85857330523376563 21 1062 22 1070 28 525 26 766
6670 21.167473361477846 16.498921872452541 -1.9297782564642849 24 19 13 1.4240330270152535 22 1663 28 529 23 1885
6672 15.236345420206257 18.03844033095832 -8.421444542452841 185 156 129 1.2684959022376885 22 1063 28 556 29 441
6673 18.640042587368839 -4.9672616087157131 -12.078047287876386 64 73 80 0.26289178816302217 20 1260 28 633 21 1720
6674 23.468025270965455 0.091457919663059065 -8.8615895614109839 151 101 52 0.37774369694619803 20 1364 26 159 28 715
6675 28.713433258293655 1.0365395268146655 -6.5012524527675417 23 18 12 0.82299097208402994 20 1417 28 753 21 353
6676 28.645688207211869 1.0328411695132433 -6.4889121282931814 23 18 12 0.87320103439131214 20 1418 28 754 21 354 27 1336
6677 28.251116726528753 6.0753958610793335 -6.9754935652313605 68 43 36 0.3745388992838718 17 908 28 830 16 819
6678 22.106817701131227 6.3384507219031709 -9.2344547271764039 31 28 21 1.322066418008619 19 288 27 960 28 836
6679 15.503767401734468 6.46791457994245 -6.7698564180353618 46 41 55 0.93315474655938468 22 1517 23 1304 28 890
6680 30.069155380161494 8.7735989907278604 -4.3949617609965248 59 57 58 0.84187525427191701 20 1587 27 1455 28 893 21 1866
6681 15.445464724256059 8.1616806416650469 -7.0270394016780617 127 112 109 0.95456014687346558 26 1211 27 1080 28 909
6682 23.977275222402891 10.024418491154883 -5.1797815797354865 77 50 34 0.62339674975584236 19 454 20 1710 28 911
6683 16.078663780584023 8.1669312348671923 -6.1468655717267824 116 79 71 0.53436542352976346 23 1339 25 1592 28 914
6684 21.177087899756245 15.584365948567388 -2.9298868288767816 30 16 16 0.74856696671535461 20 1018 21 1555 28 942
6685 15.508761728828837 17.96374062637301 -9.8603983323260458 133 86 61 0.5518125361701367 26 673 28 966 22 1004 29 1139
6686 14.274675647249943 18.377673896347645 -10.608980349747329 202 160 122 1.4681050938044271 26 1789 28 968 29 856
6687 20.300771387877734 15.893034513554461 -2.0094612726163952 37 37 38 0.80956692652038365 16 542 28 970 17 624
6688 14.519604262962309 18.286387236681055 -10.064790842407854 212 174 143 1.1384831733438623 21 1039 28 980 22 1743 26 1377
6689 18.911403279208688 17.082894916472313 -4.0422806051823699 47 45 57 0.31493787284597086 26 1323 27 1556 28 998 21 977 29 894
6690 15.01447415315177 17.510337190294962 -7.4997466809472311 132 86 53 0.68514848440662324 26 721 28 999 29 436
6691 15.309299346281728 17.955625533749451 -8.3382318875935617 177 139 115 1.0347573094846405 21 2021 28 1002 29 873
6692 14.730732256087165 18.16528877850017 -7.636799881374003 122 78 53 1.9385866934626574 22 1121 26 1407 28 1018 29 885
6693 20.438445028602093 17.567465961092743 -2.2858860534398366 91 97 87 0.39769902102755111 22 2118 25 1290 28 1022
6694 13.886396766569582 17.560893119452572 -7.5659954966248213 177 137 112 1.4033645157670376 22 2183 26 1826 28 1034 29 453
6695 18.130452800272543 17.828854706296408 -3.5826826863084538 88 85 80 0.74200588277561141 26 1368 28 1041
6696 13.382283255349121 -2.2825584746328285 -8.1655691263533612 142 122 113 0.41577202077486303 20 2611 22 2242 26 1915 27 1293 28 1088
6698 26.589764207926255 9.522383214148574 -5.4738960152925005 127 119 108 0.54780127449485405 17 1275 27 1807 28 1268
6699 21.785045285591476 25.045618818958157 -20.334806212536982 238 236 241 0.87116366093919329 26 1275 27 1117 28 1295 29 361
6700 18.969131530789774 22.310261497969218 -15.897443739010585 128 134 150 1.3861883721414461 21 1592 22 1673 27 1129 28 1299 26 1303 29 1133
6701 14.244267296208371 18.539704829547333 -10.708770352048548 173 134 104 1.4690630855139453 26 1790 27 1562 28 1318
6702 15.010146763106397 20.190019801509379 -12.181892269451579 153 118 93 1.5325736901215556 26 1806 27 1179 28 1319
6703 14.248977937714557 18.147132769527875 -8.6773056752820192 149 109 84 0.99518306892983022 26 2169 27 1907 28 1352
6704 14.248977937714557 18.147132769527875 -8.6773056752820192 149 109 84 0.99518306892983022 26 2170 27 1908 28 1353
6705 22.18765842878917 -4.1700690252180506 -9.1626804158218409 84 81 74 0.21948466472042669 20 2345 22 2248 28 1405
6706 22.18765842878917 -4.1700690252180506 -9.1626804158218409 84 81 74 0.21948466472042669 20 2346 22 2249 28 1406
6707 13.711917135529614 -1.6018747613541493 -11.052737590593557 197 160 151 0.66957151640863399 21 2331 22 2525 28 1410
6708 22.187327603928217 1.9771181461004106 -9.8340922012360377 146 106 98 0.4349545235765937 20 2376 27 1350 28 1483
6709 30.698653047080235 6.4487682787160674 -5.5747278282185952 101 74 22 1.1414080063852703 22 2327 25 1021 27 1742 28 1526
6710 30.914786284799387 6.823186400696672 -5.1363582302612816 42 27 21 0.98676424540122309 26 1592 28 1536 22 1423 21 518
6711 22.187268198488475 6.7723885289379107 -6.6650897873364174 34 28 22 0.66616420154651823 19 1695 20 2452 28 1537
6712 14.568286524874429 18.262515783076573 -11.330098616387213 174 140 115 1.6279589562825922 26 2379 28 1604 22 2796 21 2608 29 1533
6713 14.367528708235092 18.656461694693085 -11.265575551693228 136 113 96 1.0667399695422572 26 2386 27 2090 28 1611 29 1355
6714 14.367528708235092 18.656461694693085 -11.265575551693228 136 113 96 1.0667399695422572 26 2387 27 2091 28 1612 29 1356
6715 14.050147754734542 17.695625829275038 -7.3423576898802692 123 81 59 0.55621581990954605 26 2168 28 1639 29 1389
6716 18.809635308655302 19.3994342024391 -5.0051839764281869 84 74 83 0.49284654570425468 23 2267 28 1645 25 1971 29 1550
6717 22.46443578921275 -11.049805593073915 -10.708813665785515 78 69 60 0.81023425544429983 20 2275 21 2040 28 1650
6718 14.002672629233036 -0.40674849291861115 -11.741644331036165 217 209 190 1.6805158137670082 22 1844 27 2134 28 1690 29 1653
6719 23.057047772438374 1.4514825514585978 -12.177147383357044 55 51 52 0.88349340548747757 21 2355 28 1711 22 2545
6720 23.760268594808732 5.4508633022451436 -10.232374330685287 57 55 56 1.051971980213569 21 2379 22 2565 26 1985 28 1749 29 1594
6721 32.121163195642758 6.6171923773863242 -4.9599530757476016 51 33 18 0.25993065460599835 18 1624 28 1760 19 1794
6722 28.847803514965509 8.4457648894307251 -5.0366558821307423 36 21 14 0.18468854899586581 16 1489 24 2331 28 1780
6723 15.776877249024853 18.129928982874411 -11.6001197880503 153 106 77 0.59564215470862369 21 2485 26 2370 28 1818 29 1528
6724 15.898957301229748 18.470603511869939 -11.555803478564657 215 197 191 1.2695512712004831 21 2486 26 2133 28 1819 29 1529
6725 14.56582788588223 17.134609778265151 -7.9342204452810821 178 143 116 1.4859427094673723 26 2525 27 2222 28 1841 22 2888
6726 13.552516254384429 -0.53821996183646803 -10.599755271891816 217 215 190 1.2156360680589073 21 2634 22 2824 26 2554 28 1883
6727 13.552516254384429 -0.53821996183646803 -10.599755271891816 217 215 190 1.2156360680589073 21 2635 22 2825 26 2555 28 1884
6728 20.881519365465515 0.46475554102420702 -10.559817872122544 70 66 65 1.2654352070935524 19 1941 27 2147 28 1898 29 1722
6729 31.207174580721897 7.4998128478881618 -4.7867613860765177 60 53 43 0.42901285564419889 18 1639 28 1935 17 1746 15 1392
6730 16.943457341916879 19.602811708583154 -13.436419837355773 13 17 29 0.49964611307874895 26 2135 27 2205 28 1951 29 1749
6731 14.516401147381499 17.734040728690172 -7.6811068471135115 189 148 113 1.3833512103896561 22 2806 26 2529 28 1965 29 1620
6732 14.599097585065733 17.888138366947121 -10.655510060793695 148 106 81 1.1533082863654229 26 2618 27 2292 28 2025
6733 16.38419918606656 1.9274005341711422 -8.501946571502085 80 82 80 0.4424918084067877 27 2254 28 2054 29 1578
6734 29.563906042272897 6.2243757654241643 -6.3587210136409231 56 33 38 0.81175782442259037 18 1709 19 1889 20 3019 27 2325 28 2063 21 2712
6735 15.624417756107549 18.522828812609671 -10.38849128847602 199 158 126 1.1631332202133631 21 2799 22 2994 26 2686 28 2088 29 1693
6736 23.111853180357226 1.7948796195846017 -11.394340726669112 27 25 29 1.5264811421622289 19 2078 27 2373 28 2143
6737 23.111853180357226 1.7948796195846017 -11.394340726669112 27 25 29 1.5264811421622289 19 2079 27 2374 28 2144
6739 14.090334060720203 -0.93674208747968635 -11.54610868880812 209 212 185 1.1820639157828434 27 2467 28 2188 29 1842
6740 18.685344641565116 2.7747342518171241 -9.1110268315696228 96 87 69 0.81300842126855755 20 3183 21 2873 22 3075 26 2827 28 2208
6741 21.826403971483639 17.904780994740197 -1.7679625008614599 84 68 65 0.64529803469900315 23 825 21 1613 28 1005 25 1280 27 1563
6742 21.066448298277624 7.2563050953961481 -6.9292978935028522 46 41 33 0.99434542214943777 19 1517 23 2143 26 2039 28 877 24 1422 20 1594 21 631 25 432 26 401 27 398
6743 26.086008823512319 -0.074195498187387438 -7.3803420345538902 11 9 8 1.8881204935729243 17 843 18 1110 28 1454 22 2267 23 2320 25 1759 26 1943 27 1959
6744 16.055342377864495 6.4265415246680266 -6.3461592402495102 134 79 76 1.0571995791610165 23 2391 21 2207 25 2077 26 2052 28 1561 20 1628 21 1898 22 2016 26 1669 27 1032
6745 19.792606360126676 17.615892833998508 -2.4611754076645282 98 96 94 1.5065298752160341 16 1041 17 713 21 1627 20 2263 25 1302 27 1580 28 1024 28 1027 17 712 24 1002
6746 21.045056343341976 7.5306602858257072 -6.6881450529265125 151 143 137 0.8608294642734996 19 1913 20 2871 23 2655 24 2547 21 2572 25 2225 25 2329 22 2765 26 2480 27 2184 28 2012 26 2602 27 2276
6747 23.076137173248096 1.6343410162515923 -7.8565483851487823 86 9 8 1.445778879171284 19 742 20 2031 21 1295 25 1440 22 1357 26 1558 27 1347 28 761 23 252 21 398
6748 23.332700934500767 1.0296081194572253 -7.3379621400172077 79 36 34 0.77812136175346236 25 952 22 300 23 1089 28 739 18 184 19 155 26 192 27 216
6749 20.07841336532594 16.810247896415042 -3.0738213882361758 39 38 41 0.45955857764173008 24 959 21 939 28 534 20 1094 22 977
6750 22.348040406004827 6.2534873319789792 -9.0852731279040437 20 15 10 0.91110132585057735 24 1777 21 1825 23 1714 26 1050 28 1210 23 2095 27 1749
6751 14.775513829701847 17.603884338857114 -7.621604114851122 118 88 75 0.42352305762252379 27 1193 28 557 29 1157
6752 19.172302974039944 22.693576501878685 -16.266795864609087 9 15 30 1.9449579911173347 21 955 22 962 28 454 29 368
6754 13.952839636059608 17.864490397371981 -9.6580367923772421 211 175 143 0.58386338891570111 27 2219 28 1834 29 1541
6755 19.317447440638745 18.282411128237019 -4.8443868970321944 14 20 23 0.55447891457805254 27 2101 28 1855 29 1623
6756 15.470118064023653 6.3237898205237846 -7.2565072929963641 51 52 56 0.31959056459389013 21 675 27 404 29 300
6757 19.149096774986596 17.284801649735925 -5.1963136712276405 106 104 106 0.2277811490710612 22 987 26 650 29 428
6758 15.12202445699026 17.730483276930649 -7.7724395135146027 161 127 105 1.0755896324182408 21 1659 26 1374 28 1001 29 435
6759 15.496644682362566 18.055231841025794 -8.1206837260446925 105 62 35 0.91212240883301865 22 1062 26 722 29 438 21 1028
6760 18.713784648264575 19.200953675083845 -4.7631494953311666 60 55 52 0.12040730714605201 21 1055 26 751 29 491
6761 18.871701949932103 17.802139740177335 -2.6357535838573956 87 88 80 0.56089246404928828 23 893 29 507 25 763
6762 18.096901245672253 2.0619310131062227 -8.9481825735933729 64 59 55 0.41964839045017971 20 469 25 978 29 691
6763 20.780727339579855 23.130658608559003 -17.877492100985538 81 79 86 1.1340939117401909 28 447 29 830 27 495
6764 18.802079016432902 18.332464462459264 -4.9694451056457059 16 22 18 0.86939063029882313 26 1351 27 636 29 898
6765 18.880371557805482 18.836297700436258 -4.8769384584792324 31 27 28 0.60795370651487091 26 717 29 904 21 1648
6766 43.484993667554875 10.256922072488969 -55.911776353379373 138 146 148 1.2398242343451713 27 1985 28 1728 29 1047
6767 37.848559901532653 23.922136340361277 -40.382008195056194 237 231 219 0.79375487233967623 27 1049 28 1564 29 1118
6768 34.313034866472485 22.055288441876456 -33.997641811910832 184 178 163 0.63001582058034067 28 1265 29 1121
6769 14.441660366035194 18.545978162539953 -11.107116887852669 178 141 111 0.6487563876760275 26 2150 27 1549 29 1141
6770 13.837837297235424 17.664893328766432 -7.7375475022774065 135 94 62 1.3386899941499582 26 1411 28 1349 29 1168
6771 19.240528699210824 18.703397950388659 -4.6985190688474745 84 78 78 0.56787361420103 21 1646 26 1346 29 1182
6772 18.241009349025664 18.692230463583471 -3.5187939460453341 67 57 51 0.22662092851301974 22 2176 26 1819 29 1211
6773 18.167084419697069 18.952266805986621 -3.4804523173752129 97 87 84 0.46238581869953582 26 1824 29 1212 22 2181
6774 36.141868140553278 -3.7205661152495 -45.033671721336802 204 198 200 0.73401443352090745 27 1662 28 1413 29 1242
6775 38.19822698585331 -3.7564657091642402 -50.896081387156777 251 240 244 2.3157260700792763 27 1663 28 1416 29 1243
6776 19.180293282351194 18.587197795678925 -4.8246589284929389 37 33 34 0.78093091906053191 23 2249 29 1395 25 1956 26 2142
6777 18.221645687100757 18.807501479846547 -3.6695392355628735 135 124 118 0.33856807755464868 26 1821 29 1405 22 2180
6778 18.231854947685722 18.683282757848552 -3.3496986827782131 146 135 127 0.71925978332351936 22 2178 29 1413 26 1817
6779 18.401837280567527 18.485953683854142 -2.6492235494213894 148 139 129 0.74252646042146941 22 2494 26 1816 29 1424 26 2163
6780 36.623709153439009 -4.7611957417722017 -45.153862275117852 207 206 211 0.53658368273335311 27 1947 28 1411 29 1440
6781 20.665654409121267 23.799907813780948 -18.21284982010069 16 15 14 1.1690438780139463 28 1594 29 1525 27 1851 21 2266 22 2444 26 2121
6782 20.532001950584053 23.627296147781848 -18.065425449778189 16 15 14 0.86688944858338701 27 1852 29 1526 22 2445 26 2122
6783 47.550513848900067 15.073998933253522 -60.190922042948863 116 130 140 1.6776639327562073 27 2258 28 1999 29 1584
6784 40.297714173874105 19.256648418001561 -51.060578474163044 212 211 198 0.28009235123267134 27 2324 28 2062 29 1673
6785 19.867339640520608 23.465786255516257 -17.656590199131688 213 214 205 1.1322362446937966 27 2207 29 1692 28 1953
6786 37.276418325152726 -1.7109369332761055 -50.647143054664205 252 255 255 1.7687889929233422 27 2367 28 2103 29 1718
6787 38.320029613162539 12.46896628666576 -51.94025182995486 191 173 150 1.2681012931309041 27 2317 28 2057 29 1724
6788 43.102464037314952 18.815528496164863 -54.851117379465983 220 216 196 1.5129930515494026 27 2379 28 2114 29 1728
6789 37.150715700479203 23.243997548655791 -50.187831792449522 214 214 206 0.51292786243844712 27 2333 28 2065 29 1732
6790 39.371790894447493 24.801406387605891 -48.98558468439635 175 158 138 0.75710573133670589 27 2386 28 2119 29 1736
6791 37.387931437471011 -2.1727839221830978 -53.327426766570461 183 167 152 0.925308205408233 27 2368 28 2140 29 1764
6792 23.953516782386462 -0.4864335772474796 -12.477397318605867 58 49 43 1.5782821571850674 22 2954 27 2369 29 1766
6793 18.53458797771161 18.101932762639571 -3.4378068242082591 141 134 128 0.13579043225374746 26 2687 29 1791 22 2946
6794 15.103646345779271 18.560929909016551 -12.098629179947501 242 223 210 1.4158009639228701 27 2433 28 2130 29 1815
6795 14.819845220196838 17.057539749229264 -6.3482454768826564 143 85 51 1.3313270223065892 26 2780 28 2161 29 1821
6796 18.363630996556761 18.447408096833271 -3.0825091854765319 138 131 120 0.85068532085923021 26 2745 29 1824 22 2996
6797 16.999827062292759 19.626240376044446 -13.927774644610317 54 57 72 1.226402644059845 28 2183 29 1840 27 2459
6798 20.283478787413401 15.840106059161036 -4.2129181476102495 61 57 58 0.53144502582766351 19 1355 27 1123 28 949 29 850 20 2226 23 1404 21 1565 25 1255 22 1649
6805 22.606185311600068 23.609128356851357 -50.052895200074389 139 132 122 0.23021538351216952 28 882 29 297
6828 22.372934689446058 22.808954380737976 -47.856598789765052 192 185 175 0.21053316354314344 28 365 29 786
6830 37.350417974773556 -2.2037716078333731 -52.096023138023838 224 222 215 0.45348052011547618 28 1421 29 995
6842 26.51844505097473 14.274504505943806 -55.69820289306724 135 97 114 0.74113715288352178 28 1499 29 1060
6845 38.885956146149333 23.657426465159073 -49.538030727444983 187 170 150 0.38700400502412124 28 1235 29 1092
6847 22.919064207711166 23.441893565615601 -50.487060170593075 223 217 211 0.056488868462202635 28 1548 29 1103
6850 42.623580978181131 -3.3309698243881312 -59.132396482889824 191 184 176 1.4246449679265136 28 1420 29 1246 27 1298
6864 25.755010592200314 14.059699477244008 -51.208861824649539 194 175 177 0.73597931412646522 28 1742 29 1304
6865 26.986697958324882 14.636927741587984 -55.349052308940109 79 47 66 0.43706224631031099 28 1182 29 1306
6866 41.000679908026406 -2.8262870516595187 -55.695313585850187 252 254 255 0.34792344344715276 28 1419 29 1443
6874 27.328036060409822 13.983687613538585 -55.221577986245016 147 100 111 0.72583383900996545 28 1740 29 1485
6877 27.208673727534354 10.517790241323363 -56.076381704911434 152 102 116 0.11452835912472864 28 1904 29 1579
6881 38.360686543259753 25.29079384017442 -40.78919749414257 188 183 164 0.56620064303416973 28 2077 29 1739
6884 23.927052631875242 9.2236946241618565 -4.4414040934676926 18 16 15 3.3060802237735563 19 2088 27 2457 28 2181 17 1889 24 2694 23 2780 22 2980
