# 3D point list with one line of data per point:
#   POINT3D_ID, X, Y, Z, R, G, B, ERROR, TRACK[] as (IMAGE_ID, POINT2D_IDX)
# Number of points: 7240, mean track length: 5.5628453038674035
1 -2.4718765180048141 -3.3517274755109696 10.189632692786287 121 114 108 1.7077253955661047 41 421 34 159 39 919 38 927 36 152 51 714 38 115 42 265
2 -2.331523503672706 -3.6753604763954839 10.48400092361935 83 74 75 0.77790666848375567 41 396 34 161 36 155 33 138 51 940 49 854 52 696 29 46 42 441
3 -2.6070134065590223 -3.2798322148889838 10.661455937241515 45 28 36 0.83566845451326865 41 423 34 192 38 161 35 208 36 182 33 219 51 968 49 469 52 709 29 76 42 38
4 -2.1555564646812373 -3.4307816411783412 10.761074592599613 100 89 91 0.61692870533681876 41 72 34 196 39 187 36 187 33 194 51 959
5 -1.382778271670321 -3.4404342986525576 10.789642085340162 44 48 57 0.52039235265241979 41 415 34 201 38 933 37 214 36 1013 33 1024 40 713 51 963 49 863 29 65 30 256
6 -1.3553487727065345 -3.3729635598368914 10.775389617544926 116 120 129 0.53062142126937084 41 434 34 202 39 193 38 957 35 221 37 215 36 191 33 232 32 1129 31 227 40 187 50 1198 51 964 49 709
7 -1.7112068176332618 -2.8981617982862806 11.113417437161505 76 67 66 0.60777794294608622 41 446 34 278 38 248 33 338 50 964 51 988
8 -1.3389656840062811 -2.7078986488438459 10.927120493047296 44 44 54 1.0447872935503473 41 106 34 284 33 1110 35 1304 34 1601 32 1234 40 753 50 974 29 111
9 -2.2356274208149092 -2.595327709595459 10.682111391347641 43 19 25 0.58726353881104465 41 451 34 298 39 1006 38 1012 35 285 33 1105 51 989 49 899 52 729 29 106
10 -2.220887477701857 -2.2114332507486592 10.766065011242796 28 3 21 0.61837440632893681 41 698 34 332 39 1029 38 1054 35 329 37 1118 36 1092 40 781 50 1233 51 1000 49 901 52 841 29 114
11 -1.3253434597556559 -1.0219424500626515 11.283212724336037 159 158 163 0.59141599551331048 41 485 34 460 39 1103 38 482 37 1190 36 520 32 617
12 -1.5929403915018807 -0.93129888665354366 11.43815756402614 172 159 160 0.84870162176670016 41 483 34 480 39 494 33 573 40 346 51 828 49 537
13 -1.0334781190608435 -0.83741174072430791 10.528444042479792 161 200 217 0.57949213015110457 41 491 34 483 39 498 35 448 37 554 36 1188 33 577 32 619 49 940
14 -2.1711055533025534 -0.53578002803537517 11.122309463548428 80 48 63 0.74297470037679691 41 736 34 492 35 1065 38 1145 36 1210 33 1247 40 876 50 1294 51 1059 52 761 42 489 28 235
15 -2.2148391660291424 -0.30471073097870732 11.245642937564135 56 33 43 0.85469709244402137 41 510 34 511 39 537 38 524 35 477 37 1228 40 384 50 1299 52 777 42 496 28 784
16 -1.8625456846150781 -0.19390422496755655 10.669131858142212 153 148 141 1.8003286214830332 41 511 34 515 38 1165 35 497 32 685 50 1550
17 -0.69866935805171893 -0.18200425277168797 10.323665253727951 60 59 58 0.755307488550647 41 529 34 523 35 503 37 1238 36 579 32 695 31 567 40 418 50 1306 51 1082
18 -0.41246328628140277 0.4031747584533118 10.750417279061034 174 171 162 1.0200201705671472 41 549 34 557 38 596 35 538 33 670 40 500 49 974
20 -1.3460309251085021 1.6700882082116157 11.224120845557417 154 147 139 0.8921281865526558 41 582 34 585 38 662 37 705
21 -1.305833688095575 1.4979663989032457 11.707657640819619 161 154 144 0.72084699519000817 41 920 34 586 39 1735 38 1774 35 1389 37 1907 36 1873 33 1290 32 1439 31 1693 40 1240 42 711
22 -4.1013359788329087 1.8665289421841713 10.753990288978057 146 137 122 1.7819187129817757 41 270 34 605 35 595 36 665 42 126 53 678
23 0.41963894558202069 1.9499503855900688 10.586177688846671 111 102 87 1.10675396423748 41 604 34 627 39 1208 38 1203 36 1265 33 1328 32 807 40 1258 50 1343 51 1278
24 -2.3690321908663172 -3.6992663530607595 10.433258080995435 164 156 154 0.72238643618075504 41 394 34 902 39 902 38 909 35 887 37 978 36 967 33 1004 40 692 50 1176 51 939 49 689 52 694 29 603 42 440 28 676
25 -2.2951212962051075 -3.2539787301524288 10.52679040395774 31 18 24 0.53253788627955012 41 658 34 916 39 940 38 1359 35 931 37 1478 36 1460 33 1482 40 1084 50 1358 51 1155 49 1033 52 821 29 626 42 561 28 681
26 -2.3279783781447407 -3.1171097739269542 10.533307955172823 100 75 86 0.71284469977895681 41 672 34 939 39 961 38 954 35 935 37 1495 36 1027 33 1045 40 726 50 1206 51 1166 49 875 52 827 29 629 28 1110
27 -2.2808831442022033 -3.078793512546774 10.585698389494686 46 18 34 0.58546875759069839 41 675 34 940 39 1364 38 1365 35 1278 37 1496 36 1480 33 1508 40 1104 50 1363 51 1173 49 883 52 828 29 630 42 668 28 682
28 -2.3575847526586924 -2.9732762183215629 10.692253473737937 98 72 83 0.41385499563040168 41 682 34 941 42 461
29 -1.1909395037443213 -3.2530290783594058 10.911353249807123 99 98 119 1.0327064426604375 41 664 34 945 39 968 38 961 36 1488 32 267 31 918 40 1093 50 1211 30 269 51 1169 49 880
30 -2.3171757520166456 -2.7935820502948503 10.643308477502217 83 67 79 0.54792448331494026 41 683 34 956 39 991 38 1399 35 950 37 1052 36 1053 33 1102 40 747 50 1220 51 1181 49 890 52 835 29 640 42 465 28 687
31 -2.2803971012128517 -2.2542246889377657 10.753117104725433 96 72 83 0.59857784162378991 41 694 34 986 39 1410 38 1432 35 1312 37 1553 36 1540 33 1539 40 1135 50 1381 51 1191 49 1063 52 840 29 655 42 574 28 1130
32 -2.0678639458127877 -1.1841985963074615 11.187863122224694 38 11 17 0.82774706291553135 41 879 34 1037 39 1465 38 1486 35 1347 37 1617 36 1589 33 1222 32 1345 40 1170 50 1404 51 1217 49 1087 52 748 42 588
33 -1.3933199163047052 -0.98579625497437195 11.454567927812368 87 82 80 0.68968963680251061 41 728 34 1057 39 1104 38 1133 35 447 37 1205 36 1186 33 1235 31 1076 40 866 50 1052 51 1045 49 933 29 191 30 117
34 -1.417930455231204 -0.41384515568660885 11.116237059884838 133 125 122 2.1705236265735839 41 514 34 1066 38 1513 37 1632 36 551 36 1213 51 1064 49 1113
35 -0.8672888128781826 -0.38965931756977679 10.769077272561171 189 188 170 0.89831540855254377 41 751 34 1068 39 1129 37 590 36 1215 33 629 32 1390 31 1081 40 389 50 386 29 721
36 -0.59933917585156471 -0.18830744055361609 10.343632715330459 152 147 147 0.61024753758214401 41 755 34 1082 39 1143 38 1168 37 1239 32 1405
37 0.52841226649267758 -0.32479999708069707 10.596155681544269 106 106 112 0.68570584570969362 41 907 34 1088 38 1515 35 1368 37 1645 36 1622 33 1265 32 1395 31 1084 40 1365
38 -0.45061555095905037 0.32399464634230024 11.064001129223907 122 120 108 1.5661520299814566 41 765 34 1093 37 1251 36 602 33 1276 32 1421 31 1095 40 475 50 1443 29 1072
39 0.28757557068268408 1.4253594512011554 11.555896515030204 161 155 139 0.62761315107727644 41 925 34 1108 38 1776 37 1909 32 762
40 -1.3072400575182417 1.5571466102180165 11.513352121030186 155 148 138 0.97757335776004717 41 573 34 1116 39 666 35 576 37 703 36 649 40 540
41 0.46071505082022046 1.8155376328637238 10.925552962722628 160 153 146 0.66292397408022652 41 1048 34 1127 39 1533 38 1562 37 1672 36 1261 33 1312 32 1452 40 1402
42 0.50426948603836597 1.9101512768626006 10.576607644558424 101 92 80 0.68613903263611808 41 788 34 1128 39 1534 38 1563 35 601 37 1289 36 1266 40 1256 50 1578 51 1477
43 0.51921747198515278 1.8851954637014572 10.430283543004965 101 92 80 0.60212750417493366 41 789 34 1129 31 1136
44 -1.6516485063621305 -3.8257492608548538 10.881507784980872 122 116 113 0.48956537029710517 41 643 34 1305 39 1328 38 1346 35 892 37 1468 36 1452 33 1463 32 1611 40 1067 50 1353 51 1289 49 1016
45 -0.63811027881920712 -3.6779753493977316 10.68536866570736 142 145 154 0.62534662235978344 41 823 34 1307 37 1470 31 859
46 -1.1829825262546381 -3.2876899851888619 10.816462989668315 35 35 53 0.39878482403521254 41 835 34 1316 39 944 38 1370 37 1499 36 1486 33 1048 32 1654 40 1092 50 1362 51 1304 49 1177 29 633
47 -1.1754505608547099 -3.2755982179653707 10.783208384252928 35 35 53 0.38494844655555904 41 836 34 1317 39 945 38 1371 37 1500 36 1487 33 1049 40 1091
48 -2.4270021033375495 -2.9635507285333476 10.691768929528926 37 20 26 0.82329659986021342 41 842 34 1328 39 1365 38 1383 35 1286 37 1808 36 1482 33 1770 40 1102 50 1493 51 1309 49 1049 52 913 29 1003 42 568
49 -0.89157305624640848 -3.0155835519001974 10.553801768166299 106 108 122 0.6355929259310743 41 841 34 1338 39 1372 38 1390 35 1280 37 1502 36 1780
50 -2.3825639154807758 -2.7366208268032413 10.663644554227883 28 12 22 0.72703039003970793 41 845 34 1347 35 1299 37 1810 36 1498 33 1516 40 1114 50 1501 51 1314 49 1191 30 573 52 915 29 1011 42 672 28 1433
51 -2.185372462711749 -2.8548571197985853 10.625151759716905 91 65 69 0.46249214470328054 41 973 34 1349 39 1648 38 1680 35 1290 35 1532 36 1792 40 1311 50 1494 51 1405 52 978 29 1006 42 669 28 1432
52 -1.4724224388871328 -2.2242341210619547 11.311638789268496 79 78 83 0.82387656507314266 41 860 34 1376 39 1427 35 1328 37 1836 36 1819 32 2006 31 1630 50 1386 30 591 51 1321 49 1206
53 -2.3343592868064751 -1.9454550699382813 10.81459951985253 28 7 18 0.85211303816440531 41 863 34 1379 39 1668 38 1716 36 1816 40 1329 50 1514 30 443 51 1425 49 1204 52 989 29 1025 42 678
54 -1.3560738376248418 -2.1267681743716356 11.253110868149809 34 42 45 1.097218726196552 41 992 34 1384 39 1855 38 1725 35 1560 37 1837 36 1820 32 2007 31 1631 40 1334 50 1519 30 447 51 1322 49 1207 29 670
55 -1.225506794084916 -1.5753193861157291 11.230761297811549 206 221 204 0.63967478263417943 41 720 34 1389 39 449 38 1480 35 1023 37 1606 36 1161 33 1208 32 1333 31 1045 40 1163 50 1397 30 459 51 1211 49 1079 29 689
56 -2.2227116654184393 -1.3381653039302919 10.952713939463754 89 64 68 1.1765346138482664 41 875 34 1396 39 1450 38 1743 36 1839 33 1581 40 1160 50 1402 49 1219 30 612 52 926 29 1043 32 2051 42 580
57 -2.0924344032698814 -1.345375131306799 10.934853895459771 76 53 63 1.0027637912186136 41 873 34 1398 39 1451 38 1479 37 1860 36 1585 33 1582 32 1782 40 1161 51 1213 49 918 52 927 39 1694 29 686 28 1163
58 -2.2220571235629651 -1.1698896860742676 11.019325114949263 83 60 67 0.72447573640582963 41 721 34 1401 39 1462 38 1485 35 1034 37 1616 36 1169 33 1589 32 1781 40 1165 50 1403 51 1216 49 922 52 851 29 695 42 586 28 1164
59 -1.6605634333472534 -1.0553142362788019 11.336753393508939 40 19 24 1.165799221753347 41 882 34 1405 39 1476 38 1496 37 1620 36 1185 33 1833 32 1361 33 571 31 1824 40 865 50 1410 51 1334 49 1090 29 1289
60 -2.0774232309762755 -0.69536702033347886 11.152608091049386 79 52 57 0.99473316529747302 41 734 34 1417 39 1489 38 1752 35 1357 37 1875 36 1612 33 1612 32 2079 40 1189 51 1229 49 1094 52 932 29 707 42 599 28 1176
61 -0.9574355133644219 -0.8117136571839777 10.465445664910099 24 63 104 0.7157112187244028 41 883 34 1419 39 1479 38 1498 35 1358 36 1602 33 1608 32 1794 31 1444 40 1181 30 316 29 711
62 -0.9574355133644219 -0.8117136571839777 10.465445664910099 24 63 104 0.7157112187244028 41 884 34 1420 39 1478 38 1499 35 1359 36 1603 33 1607 32 1793 31 1443 40 1182 30 315 29 710
63 -2.0629035104706905 -0.56315749845207919 11.169372124557931 79 55 68 0.54093940050203693 41 887 34 1424 37 1882 32 2082 40 1190 50 1424 30 317 51 1230 52 863 42 600 28 1177
64 -2.0628243370728585 -0.4125968010021655 11.242136860101969 79 55 68 0.74295521652907859 41 739 34 1425 39 1495 38 1158 35 1067 37 1636 32 1806 40 889 50 1431 51 1060 52 769 29 718 28 1183
65 -0.64466892307935009 -0.57403691055071515 11.3694590006283 124 123 105 0.97509718483225705 41 1017 34 1428 39 1496 38 1753 37 1884 36 1621 33 1615 32 1391 31 1082 40 1201 50 1547 51 1347 49 1314
66 0.46767745682462458 -0.46844745206686289 10.610870568989879 66 75 74 0.77562952383007799 41 1096 34 1430 39 1709 38 1757 35 1580 37 2073 36 1851 33 1616 33 1841 32 2086 31 1445 31 1683 40 1498 29 1303 30 770
67 -1.5119428723674582 1.8935332579133848 10.861119055184336 198 189 174 0.79069003287421435 41 926 34 1481 39 1747 38 1782 35 1601 37 1917 36 1882 33 1872 32 2108 31 1698 40 1396 50 1573 30 486 51 1468 49 1252 52 1016 29 1103 42 714 28 1548
68 -2.5096276671735356 -3.9362318619371028 10.46246777813414 255 252 246 0.735292800716696 41 818 34 1568 39 1619 38 1651 35 1492 37 1780 36 1756 33 1715 40 1282 50 1468 30 541 51 1382 49 1161 52 965 29 1239 42 656 28 1678
69 -2.5159709345618135 -3.4272213637402342 10.499248042271773 72 59 66 0.87697874797586806 41 963 34 1576 38 1658 35 1514 37 2007 36 1769 40 1291 50 1595 30 552 51 1391 49 1270 52 972 29 996 42 664 28 1424
70 -1.6591799966695562 -3.4720614641781276 10.892068206466233 108 103 99 0.63171068181211143 41 965 34 1585 39 1828 38 1660 35 1517 37 2009 36 1771 33 1740 32 2187 40 1450 50 1598 51 1396 49 1273
71 -1.5218888011229748 -3.3884623614402574 10.77935698060152 44 38 48 0.48546951405891525 41 966 34 1586 39 1631 38 1866 35 1518 37 2010 36 1773 33 1939 32 2188 40 1302 49 1175
72 -1.6692478917054807 -3.3629547197212908 10.964331751517484 110 100 100 0.63060093704305709 41 967 34 1587 39 1632 38 1670 35 1526 37 1803 36 1772 33 1753 32 1952 40 1301 50 1487 51 1303 49 1176
73 -2.4788353773313094 -2.6939294030027923 10.683754107585282 85 68 76 0.57968250837774105 41 844 34 1597 35 1539 37 1818 36 1791 33 1783 40 1315 38 1398 50 1502 51 1313 49 1190 52 916 29 1266 42 673
74 -2.1722393299369758 -2.6825709525168255 10.654632602025968 95 67 65 0.69341861513430403 41 1070 34 1598 39 1650 38 1876 35 1540 37 2021 36 1799 34 1350 33 1784 40 1457 50 1601 30 723 51 1406 49 1280 52 979 29 1267 42 734 28 1434
75 -2.4536597481611628 -2.4395356094015761 10.704840615034108 95 71 71 0.69420630880031864 41 979 34 1603 39 1842 38 1883 35 1697 37 2027 36 1975 33 1957 40 1459 50 1603 51 1412 49 1283 52 980 29 1271 42 736 28 1698
76 -0.83595058510815512 -2.6571070248413236 10.936357304570031 103 105 120 0.89849071433559646 41 977 34 1605 39 1399 38 1702 37 2024 36 1803 33 1798 32 1991 31 1607 40 1119 50 1508 51 1411 49 1193
77 -1.6385546824377382 -2.2228370595122495 11.332234962763202 80 78 68 0.68185752849756076 41 859 34 1610 39 1672 38 1710 35 1325 37 1835 33 1803 32 2005 40 1328 50 1518 51 1320 29 1031 30 445
78 -2.4561397783742835 -1.8974925216117662 10.914945644720172 82 55 65 1.0253468677260258 41 988 34 1616 39 1667 38 1898 35 1563 37 2043 36 1995 33 1809 40 1330 50 1617 30 601 51 1422 52 986 29 1277 42 575 28 1709
79 -2.0783569524506307 -2.0922515553703063 10.96638003513584 39 16 22 0.70917637763338282 41 982 34 1617 39 1670 38 1899 36 1818 32 2241 40 1331 50 1611 51 1421 49 1205 52 920 29 1029 42 741 28 1452
80 -2.0743042228931001 -1.8462935273895751 10.94280386465409 46 23 29 0.84463170025188061 41 1001 34 1619 39 1681 38 1720 35 1564 37 1847 36 1827 33 1811 32 2022 40 1340 50 1521 51 1324 49 1210 52 921 42 680
81 -2.1119177972762371 -1.585340034042229 10.923500127520093 92 66 77 0.72928373294176951 41 1007 34 1627 39 1682 35 1571 37 1854 36 1835 33 1819 32 2040 40 1341 50 1530 51 1326 49 1215 52 924 29 1036
82 -2.0567676936614556 -1.698357342311509 11.035750416055794 38 15 24 0.70173388046856611 41 1078 34 1628 39 1860 38 1909 35 1572 37 2055 36 1828 33 1983 32 1755 40 1477 50 1620 30 605 51 1431 49 1293 52 992 29 1037 42 743
83 -1.6057042006725455 -1.8580389992289932 11.335832189034187 66 66 64 0.73297935286060478 41 1003 34 1629 39 1683 38 1910 37 1848 36 1829 33 1984 32 2024 31 1669 40 1342 50 1525 30 606 51 1432
85 -2.3172836000366792 -1.4377427093394608 10.971178544678299 17 1 6 0.71120966871880031 41 871 34 1633 39 1692 38 1741 36 1833 40 1347 30 611 52 994 29 1284 42 685 28 1480
86 -2.3172836000366792 -1.4377427093394608 10.971178544678299 17 1 6 0.71120966871880031 41 872 34 1634 39 1691 38 1742 36 1834 40 1346 30 610 52 995 29 1285 42 686 28 1481
87 -2.0955716905011461 -1.1236091823361478 11.052927331597271 85 59 58 1.1483926605198262 41 878 34 1636 39 1697 38 1747 35 1350 34 1402 37 1869 36 1588 33 1832 32 2065 40 1169 50 1538 49 1088 29 696 28 1489
88 -0.85278776278911006 -1.1449984280694854 11.458184446027058 51 47 49 0.88133653202134765 41 1012 34 1637 39 1702 35 1726 36 2011 33 2016 32 2070 31 1436 40 1356 50 1631 30 465 29 701
89 -0.6789032791817825 -1.1215487851529116 11.33971880887446 244 243 247 0.71978422221193672 41 1085 34 1639 39 1873 38 1922 35 1575 37 2063 36 2012 33 2017 32 2280 31 1825 40 1491 50 1632 30 616 51 1503 49 1301 29 1290
90 -0.67341797329662312 -0.99780200588805557 11.289426047042816 45 44 43 0.71191227254038636 41 1013 34 1640 39 1703 38 1749 37 1876 36 1842 33 1838 32 2071 31 1678 40 1490 50 1635 30 617 51 1440 49 1300 29 1299
92 -0.84139882557746581 -0.27691432321777665 10.835904628968356 222 220 218 0.70385781958303695 41 1095 34 1655 39 1884 38 1939 35 1588 37 2076 36 1859 33 2036 32 2093 31 1450 33 1262 40 1500 30 476 29 730
93 -0.89892409310341526 -0.051635654359337202 10.432094777706054 90 83 73 1.2624967835877265 41 1030 34 1658 39 1719 35 1587 37 2081 36 1860 33 2039 32 2092 31 1840 40 1509 50 1646 51 1452 49 1326
94 -2.4017305195059899 1.4851820581977577 11.864668785187225 148 140 124 1.3464899591754538 41 917 34 1671 39 1894 35 1598 37 2214 36 2028 33 2159 32 2419 40 1595 51 1520 49 1330 42 627 49 1239
96 0.42960689553527742 1.863121793910665 10.570749305822423 164 158 143 0.70609731307555945 41 1050 34 1678 39 1749 38 1784 35 1602 37 1919 36 1884 33 1638 31 1472 40 1526 30 487
97 -2.5276006904682631 -3.7101184980170916 10.427317889918786 175 168 160 0.50510481867515822 41 952 34 1736 39 1807 35 1668 37 2143 36 1940 33 1932 40 1437 50 1585 30 542 51 1385 49 1261 29 1251 42 726
98 -2.3300669295380021 -3.8984827354786491 10.441014614655284 139 131 129 0.73268453913748255 41 1060 34 1738 39 1805 38 1847 35 1659 37 2142 36 1941 33 1929 40 1434 50 1581 30 405 51 1480 49 1257 52 1019 29 1240 42 725 28 1679
99 -0.42258261137337577 -3.8693473988588902 10.494504657281333 155 155 153 0.41852947303893906 41 1121 34 1741 39 1812 38 1857 35 1663 37 1996 36 1945 33 1936 32 2172 31 1756 40 1545 50 1670 30 546
100 -2.1280967914597766 -3.7176866938964692 10.609018881331199 125 112 103 0.48403952543445455 41 1062 34 1745 39 1809 38 1855 35 1670 37 2001 36 1952 33 1935 40 1438 50 1588 51 1483 49 1263 29 1253 28 1423
101 -1.0153566883981737 -2.7649981550087337 11.071400727883212 51 58 64 0.71301217165369501 41 1135 34 1757 38 1880 37 2171 36 1977 33 1953 32 2225 40 1561
102 -1.8561768803566172 -2.3114287427484195 10.900683735925028 57 29 42 0.80320102541245952 41 984 34 1767 38 1893 35 1700 37 2030 36 1983 33 1968 32 2388 40 1466 50 1604 30 735 51 1417 49 1285 29 1275 28 1890
103 -2.4466415293590509 -2.071161106878264 10.82630437634421 86 62 68 0.73175814239679249 41 986 34 1772 39 1850 38 1889 35 1558 37 2037 36 1988 33 1964 40 1469 50 1606 51 1419 49 1287 52 984 29 1463 42 738 28 1702
104 -1.614441260944095 -2.035142648968876 10.943678482590437 20 11 26 0.8477764489062144 41 1075 34 1773 39 1853 38 1902 35 1704 37 2040 36 1991 33 1973 32 2244 40 1471 50 1679 30 747 51 1491 49 1352 29 1465
105 -1.614441260944095 -2.035142648968876 10.943678482590437 20 11 26 0.8477764489062144 41 1076 34 1774 39 1852 38 1901 35 1705 37 2039 36 1990 33 1974 32 2243 40 1472 50 1680 30 746 51 1492 49 1353 29 1466
106 -2.5421252385698909 -1.7836968129451469 10.92447610513107 41 17 30 0.83092896537186789 41 997 34 1777 39 1859 38 1907 37 2045 33 1981 40 1337 50 1615 42 677
107 0.1439454160267023 -1.7120532448425154 10.823775800605983 44 42 42 0.88626347119265736 41 1140 34 1778 39 1966 38 2023 35 1710 37 2176 36 2105 33 2133 32 2252 31 1819 40 1573 50 1684 30 851 51 1542 29 1476
108 -2.4802187326725362 -1.4780526627125361 10.831292600922177 33 12 18 0.80123102630042642 41 1006 34 1780 39 1864 38 1915 35 1713 37 2052 36 2002 42 683
109 -1.3097249080533795 -1.1093914816077191 11.235988721919373 48 47 52 1.4234246652843596 41 1145 34 1784 39 2046 38 2109 35 1893 36 2205 33 2014 32 2068 31 1434 31 1993 30 308 29 1050
110 -0.44838718030370045 -1.2457952380372079 11.351593009919137 200 195 191 0.74984169068041473 41 1083 34 1786 39 1868 38 1923 35 1719 37 2066 36 2003 33 2018 32 2268 31 1925 41 1141 40 1577 50 1686
111 -2.4277357884919621 -0.81236576612416123 11.121529658167203 84 55 67 0.7580207393445102 41 1015 34 1789 39 1869 38 1929 35 1730 37 2069 36 2014 33 2022 40 1489 50 1634 30 764 51 1439 49 1299 52 996 29 1483 42 747 28 1738
112 -0.96663968843104608 -0.85782418289277096 10.510038181290392 12 73 131 0.72709564388278114 41 1089 34 1790 39 1872 38 1930 35 1724 37 2070 36 2009 33 2025 32 2279 31 1833 50 1691 51 1506 49 1360 29 1298
113 -2.4329382139565952 -0.4473377431954802 11.195007655371969 75 51 47 0.91083309662691514 41 1092 34 1796 39 1877 38 2035 35 1733 37 2192 36 2016 33 2034 40 1496 50 1637 30 768 51 1510 49 1307 52 1002 29 1485 42 752 28 1740
114 -0.48909953156252461 -0.60596962748362526 11.198935688269934 191 190 172 1.1236436944866437 41 1147 34 1798 39 1985 37 2194 32 2407 31 1940 51 1549
115 -2.5099700474628763 -0.11524810617829813 10.870448151815003 48 35 29 0.84783295153025939 41 890 34 1802 39 1717 35 1584 37 2080 36 1855 33 2038 30 627 42 618
116 -4.038260882551965 1.6480742124948951 11.483676054864256 148 142 127 1.3936346914584525 41 1171 34 1812 39 2064 35 1959 36 2272 40 1519 40 1646 50 1728 30 876 51 1459 49 1329 49 1394 52 1044 29 1499 42 759 54 1189 43 830
117 -1.1609717761894089 1.5640337914180664 11.561674968737284 97 90 80 1.3989893044639774 41 1153 34 1814 39 2066 35 1912 36 2131 36 2215 33 2042 37 2088 32 2421 31 1848 40 1598 40 1649 30 877
118 -1.3672858650496531 1.8383539915971929 11.640110576473154 55 51 42 0.80615660309748827 41 1108 34 1820 39 1897 38 2051 35 1753 37 2093 36 2132 33 2043 32 2313 31 1850 40 1599 30 643 29 1095 42 804 28 1543
119 -2.7378141176786688 -3.8340732811525493 10.581397787856854 102 96 84 0.67649412068335224 41 1061 34 1867 39 1936 38 1998 35 1793 37 2140 36 2077 33 2102 40 1549 50 1667 30 699 51 1482 49 1260 52 1021 29 1568 42 780 28 1881
120 -2.1795407521841517 -3.9023854908658393 10.420542106352698 252 250 251 0.60066958612732257 41 1120 34 1868 39 1932 38 1999 35 1790 37 2260 38 2079 36 2078 33 2093 33 2187 40 1542 50 1703 51 1528 49 1370
121 -2.2026403613805736 -3.9283351220458038 10.485579513386506 252 250 251 0.72148027239280943 41 1119 34 1869 39 1933 38 2000 35 1791 37 2261 38 2080 40 1543 50 1704 51 1529 49 1369 52 1048 42 811
122 -1.1533537758262793 -3.1655845553240898 10.852117107326135 93 94 114 0.85428529403531772 41 1130 34 1879 39 1952 38 2006 35 1802 37 2158 36 2090 32 2449 31 1971 40 1556 50 1717 30 843 51 1533 49 1377 29 1572
123 -1.2166887151552195 -2.7525552013491827 11.034728592047321 36 43 51 1.0252431632870991 41 1133 34 1882 39 1956 38 2096 35 1806 37 2170 36 2097 32 2224 32 2456 40 1560 50 1505 49 1281
125 -1.3285227961542085 -1.6933476885216545 11.301533426341519 48 46 46 0.91073348062435733 41 1139 34 1893 39 1965 38 2022 35 1815 37 2175 36 2108 33 2132 32 2399 31 1920 40 1572 50 1683 51 1495 49 1354
126 0.15160375990430258 1.3913604029586166 11.518573319661435 154 154 130 1.4563050597652616 41 1176 34 1912 39 2104 38 2163 35 1910 37 2288 36 2213 32 2416 40 1675 50 1749 30 878 51 1577
127 -0.72145257280275632 -3.807404516069822 10.712183168127865 139 135 133 0.85504016147485939 41 1186 34 1939 39 2032 38 2086 35 1875 37 2313 36 2245 33 2190 32 2445 31 1967 40 1662 30 911 49 1402 51 1584
128 -2.0352686742353177 -3.46892644573746 10.69470774763257 140 127 129 1.3978672739504379 41 1160 34 1941 39 2034 38 2145 35 1877 37 2314 36 2187 33 2251 40 1619 50 1711 30 833 51 1561 49 1345 29 1569 29 1651 28 1986
129 -2.050265446697483 -3.50177514483515 10.744794038961036 140 127 129 1.0731413829873275 41 1161 34 1942 39 2035 38 2146 37 2315 36 2186 33 2252 40 1620
130 -1.7069758210690473 -1.9798297829089326 11.621754641072869 69 68 65 0.95592188831613145 41 1137 34 1952 35 1887 36 2198 33 2205 32 2466 50 1681 30 932 51 1537 51 1568 49 1379 29 1663
131 -0.64013261612032335 -1.3257810706742184 11.627048324935764 81 79 90 1.6529628123096545 41 1163 34 1956 39 2048 38 2110 35 1889 37 2185 33 2213 32 2472 31 1991 40 1630 50 1740 30 940 51 1587 49 1409 29 1665
132 -0.87099848354519882 -0.90957651128617678 11.149284480108868 189 187 175 1.195093136333323 41 1190 34 1958 39 2092 38 2151 35 1941 37 2323 36 2254 33 2214 32 2476 31 1994 40 1666 50 1741 30 867 49 1410 29 1583
133 -0.95568975464058592 -0.34463386373566424 10.557235880577144 61 103 131 0.83012180568259741 41 1169 34 1964 39 2095 38 2155 35 1899 37 2329 36 2258 33 2272 32 2538 31 2058 40 1668 50 1747 30 942 51 1572 49 1415 29 1667
135 -0.86851895501794552 1.6054709052319285 11.727554131622979 96 87 72 0.98007913746385267 41 1175 34 1971 39 2103 35 1960 36 2273 32 2545
136 0.44801938979427997 1.5298023592031009 11.346754510373071 99 93 81 0.79327200621785887 41 1197 34 1972 39 2108 38 2165 35 1913 37 2341 36 2275 33 2229 32 2488 31 2004 40 1677 30 879 29 1601
137 -2.0239799057811734 -3.1800962468753431 10.553836559119047 55 37 59 0.95006772275091222 41 1188 34 1989 39 2082 38 2147 35 1878 37 2316 36 2248 33 2254 40 1663 50 1736 30 987 51 1562 49 1407 29 1719
138 -0.70822377043987628 -2.223678218368593 11.146363865961595 87 89 104 1.3153704599255402 41 1202 34 1992 39 2129 38 2190 35 1993 36 2301 33 2347 50 1773 51 1597
139 -1.0021251864718788 -1.2064944521435197 11.623750627566993 53 48 49 1.0837025858360674 41 1189 34 1997 39 2135 38 2196 35 1940 37 2372 36 2253 33 2319 32 2563 40 1688 30 995
140 -1.1376839627743502 -0.23127806549639562 10.513177400458924 187 182 181 0.77922403016978614 41 1193 34 2000 35 1901 37 2328 36 2262 33 2270 30 949
141 -0.26221918644747261 -0.2439470332447084 10.560398243415362 203 196 187 0.89848270816512676 41 1204 34 2001 39 2143 38 2199 35 1949 37 2376 36 2263 33 2273 32 2540 31 2060 40 1691 30 950 29 1726
142 -0.03035474231884009 1.586180094445768 11.640647508460598 102 96 84 1.6179953936358851 41 1196 34 2015 39 2107 38 2164 35 1961 37 2340 36 2274 33 2281 32 2487 31 2063 40 1676 30 957 51 1594 49 1422
143 -2.7539910161794285 -3.1105676633567185 10.73335908543655 53 39 56 0.53351862532451555 41 1187 34 2047 39 2127 38 2186 35 1990 37 2364 36 2298 33 2308 40 1685 30 988 51 1586 49 1425 52 1082 29 1765 42 834 28 2105
144 -0.16511958909337665 1.2638773288077565 10.993836330636583 150 144 128 1.340543326928251 41 1206 34 2057 39 2148 38 2204 37 2380 36 2310 33 2322 32 2569 40 1698 29 1779
145 -1.9857931477025714 -2.5426560463186081 10.84820282580781 65 42 60 1.0079440126709349 41 1214 34 2078 39 2172 38 2241 37 2433 40 1710 50 1781 30 1030 51 1596 49 1448 29 1796
146 -1.2712219499876134 -0.73905282401055472 11.066936846598093 177 174 161 1.0112966053956838 41 1215 34 2080 39 2178 38 2227 35 2025 37 2407 36 2335 33 2351 32 2598 31 2142 40 1712 30 1062 51 1614 29 1801
147 -0.061515714409685708 -0.0013778083163273804 10.556149216432134 131 125 109 0.94653513890403818 41 1205 34 2082 39 2181 38 2229 35 2029 37 2411 36 2340 33 2353 32 2600 31 2114 40 1716 30 1064 29 1803
148 -0.9208125456431866 -2.9825687390655231 11.580096682009193 73 76 87 1.0948793760851265 41 1213 34 2096 39 2171 38 2240 35 2022 37 2432 36 2352 33 2363 32 2614 40 1729
149 -0.7746317036470205 -1.3485089169672699 11.325164435306451 77 75 86 1.1412052390300764 41 1224 34 2098 39 2197 38 2266 35 2044 37 2452 36 2359 33 2390 32 2641 31 2150 40 1736 50 1782 30 1082 51 1613 49 1457 29 1832
150 -0.9906342348786612 0.92537633101135375 10.955811527475927 152 146 130 1.6709769701057997 41 1236 34 2131 49 1461
151 -1.7001177115521977 -4.4028416631589113 10.732697866413856 254 254 254 1.3644189248443022 41 1240 34 2140 39 2228 38 2280 35 2080 37 2483 36 2404 33 2417 40 1753 50 1790 51 1620 49 1462
152 -3.7431204298680085 1.8731825185926263 11.650117682835823 95 86 71 0.98388349307259604 41 1243 34 2146 39 2234 35 2085 40 1757 30 1113 29 1854 42 865 28 2209
153 -0.52638338004389018 -3.9385036717285793 10.441045454345327 255 254 249 0.60794740179825435 41 377 39 118 38 899 36 125 40 684 50 1469 51 1282 49 677
154 3.2144426567683384 -2.4899099751869982 6.3087103438365872 145 144 140 0.40953873169724103 34 106 39 135 38 104 35 117 37 150 36 141 33 163
155 3.2104951041795555 -2.4845646976271523 6.2972104102486606 145 144 140 0.43828436024604939 34 107 39 136 35 118 37 151
156 3.4621206777490654 -2.722357015326355 6.7475847271723781 192 192 190 0.53874466674747756 34 108 39 138 38 103 35 116
157 -1.8793558198846743 -3.3983585182012384 10.45937308314759 80 56 72 0.70726528828995094 41 408 39 166 38 124 37 197 32 214 49 1026
158 -1.4423007391126696 -3.6168556657480142 10.935998037844655 86 85 98 0.46766228443458452 41 413 39 172 38 130
159 -1.9270829357533288 -3.3331034164500393 10.670562767019693 64 41 59 0.80249308549635656 41 429 39 189 50 1360 51 961
160 -1.9275278928809798 -3.3343179724950271 10.656716541184151 64 41 59 0.63631961995070552 41 428 39 190 38 956 50 1359
161 -1.3546151302740059 -3.375413348249952 10.782104770614135 117 121 132 0.50324077373143161 41 435 39 194 35 222 36 192 33 233 31 228 30 69
163 -1.7519745802400855 -3.0364044920497304 10.63388384558346 30 25 45 0.87178626157944927 41 678 39 235 38 198
164 -1.2993528560891381 -3.2198056906526662 10.909762613532209 33 32 38 0.58724256879802428 41 443 39 238 35 224 36 243 32 266 50 1210
165 -1.1148286849095661 -2.8737627652010591 10.859696088593996 170 175 183 0.78770955114129459 41 101 39 279 51 758 33 342 29 101
166 -1.7386589169177233 -2.4021346461113384 11.278115482246889 96 91 87 0.79295832699544244 41 113 39 322 51 773
167 -1.769641759934639 -2.1164831837169062 11.052637276977212 95 71 90 1.0148146436697887 41 702 39 355 38 349 33 438 40 802 49 1068
168 -1.7401277254509981 -2.0288096952027153 10.991243313275133 95 71 88 1.0145776821855397 41 705 39 357 38 1071 34 365 35 334 36 1123 33 1164 32 1289 40 803 50 991 51 1007 49 905 29 665
170 -1.6291595182529128 -1.6794040532757126 11.055508219836204 6 10 13 0.85947936399919944 41 134 39 412 38 384 33 469 40 287 49 741
171 -1.4971674094339227 -1.7092683800018358 11.185261101318954 13 20 36 0.48348392216364339 41 469 39 415 37 1162 33 1189
173 -1.6074533103947906 -1.6250620804578013 11.452490363560793 57 56 59 1.3702124898517138 41 473 39 443 35 392 37 460 32 547 38 418 40 310 50 1019 40 309 49 753 29 153
174 -1.4955342788960675 -1.5473789161838192 11.201685680228524 13 19 24 0.56813538752740611 41 474 39 445 38 423 37 463 33 509 32 549 50 703 51 805 49 754
175 -1.9317710307367604 -1.2024464059015767 11.301550698195408 43 19 33 0.6118938890720732 34 456 41 144 39 472 38 1118 32 582 50 731
176 -1.6482825227851119 -1.2967417458107369 11.432730065810832 19 7 7 0.68628958650179028 41 480 39 473 38 1119 40 325 50 1034 50 1265 37 1177 51 807 49 762
177 -1.6159040772493396 -1.0234897626473356 11.458906235027564 100 86 89 1.0894308830318744 41 151 39 491 38 1132 35 444 37 1189 36 518 33 572 31 502 40 345 50 1275 51 1043 49 930
178 -1.4669249432876614 -1.004887808056959 11.289034546188198 131 130 126 0.47508286586487491 41 154 39 492 31 503
179 -1.5631564471680457 -0.83385448064696865 11.337146023872524 120 104 105 0.95452958355677764 41 490 39 497 37 552 36 539 32 640 31 523 51 1049 29 708
180 -4.5207685253347112 -0.2851659698556207 9.3362191026950221 41 23 5 1.0255023456221037 41 168 39 514 35 472 42 57 43 349
181 -2.1481747608619859 -0.58856547352840527 11.18154676846512 40 10 19 0.71457864543921423 41 500 39 517 38 511 37 564 36 537 32 634 51 839 52 638 29 204
182 -1.5431694089038848 -0.34356201900224942 11.448296870687312 51 42 41 0.93604379082762623 41 515 39 538 37 1234 40 890 50 1546 51 1346 49 1114 42 499
183 -2.6972642614753175 -0.057663534146873405 11.455193838282764 132 122 113 0.85279224127452768 41 189 39 560 38 547 34 537 37 612 36 572 40 408 42 326
184 -2.2128767976411767 -0.066433007934481272 10.793084430500548 61 51 39 0.72631206584159724 41 527 39 564 38 548 34 513 35 496 37 613 36 574 32 1812 42 329
185 -0.5007987681245144 -0.19098540850192047 10.332336810956896 119 116 108 0.72961187271336325 41 530 39 570 38 556 40 903 32 696 33 632 49 965 29 217
189 -1.4561399211110855 1.5797009119164436 12.034128262677557 93 86 69 1.1353198949513663 34 1471 41 275 39 665 38 639 35 566 37 702 36 648 40 961 31 1692 30 641 29 1087 29 1326 42 633
190 -1.3518844356533215 1.5781507090481908 11.798022275694121 150 143 130 1.0782470073518351 34 1117 41 276 39 667 35 577 31 630 40 539 40 541 29 272
191 -4.5631661436445849 2.0367907491257045 9.8453582400876343 178 166 144 0.75622801707654497 34 1140 39 691 35 610 40 966 41 568 51 1121 49 825 52 675 29 766 42 344 28 1236 53 756 54 952 55 921 48 204 43 556
192 -1.6012054430104625 1.9483751083427767 10.9143753313459 93 87 69 0.68036082800707398 41 301 39 696 32 804 51 1125 52 799 42 378
193 2.6828749000186827 2.6921154725711971 5.7110399877998876 40 40 37 0.25262155337472347 34 698 39 777 38 759 35 705 37 793
194 -0.91445667997815416 -4.7551107594518385 5.9477158532335892 37 32 29 0.36540422627882729 34 1266 39 823 38 831
195 3.4067300180145028 -2.9343931477096965 6.7481987187387018 171 168 166 0.56277037757483794 34 94 39 877 36 951 37 967 32 127 31 95
196 -2.8204590763217383 -3.9203721846137789 10.556395098878047 208 199 189 0.77573778960321282 34 124 41 639 39 886 38 896 37 973 36 961 40 680 50 1350 51 1134 49 846 52 806 42 437
197 3.1373579056093077 -2.4989775644231917 6.2847595860923517 76 76 71 0.47436080830962085 34 104 39 890 35 113 37 148 36 135 33 162
198 3.179190720928911 -2.4835819290054815 6.3136310238284654 40 39 35 0.32497402812513859 34 105 39 891 35 119 37 149 36 136
199 -4.9756765933396183 -3.1128742812084411 8.7545757250629705 178 173 178 0.98039516025293549 41 399 39 894 40 1058 49 1009 42 264 43 17
201 -2.4178601847239163 -3.6511029403683999 10.444076831423574 79 72 66 0.49059740294858251 41 392 39 901 38 910 37 992 33 1003 40 693
202 3.085404817328345 -2.4063715658144105 6.198640321816753 32 29 30 1.0266217177223331 34 883 39 910 38 150 35 883 37 1454 33 161 32 189
203 -2.4183820050517917 -3.5820904471098731 10.456269892090843 78 71 63 0.53310123565992396 41 406 39 921 38 913 36 985 40 707 29 615
204 -2.4857424799998467 -3.6477378188158918 10.639464573957159 78 71 63 0.38553515644294289 41 407 39 922 38 912 36 984
205 -4.5065236467333678 -2.7688597106754185 8.8528443506568166 185 172 155 1.0469449761086898 34 190 41 85 39 934 35 928 40 724 43 523
206 -2.4831001586919221 -3.3339137475743033 10.501674111028498 81 59 63 0.60320716022003562 34 914 41 424 39 936 36 1008 40 150 51 956 52 705 29 54 28 680
207 -1.8631486246721864 -3.2434752822982968 10.70321470983767 87 72 95 0.83532234982818832 34 919 41 834 39 942 38 1668 35 214 36 1462 33 228 40 1086 50 1361
208 -2.6095595370566622 -3.1076425394652416 10.735715014331406 41 23 22 0.46793597701595913 41 442 39 958 38 952 35 930 37 1494 36 1026 33 1068 50 1205 51 973 49 882 42 283
209 -1.8845553664577457 -3.184929757666505 10.857600853253766 90 70 98 0.95358951380288248 41 677 39 962 38 1367 35 215 36 1031 33 229 32 258 40 1088 50 1364 51 736 49 1043
210 -1.3244855615257636 -3.1997739125167008 10.760809790191292 77 76 81 0.75194403678542932 34 942 41 663 39 965 38 1369 35 936 37 256 36 1035 32 1165 50 1209 51 737 29 86
211 -2.2261900641046894 -2.3926283050277952 10.697492615093669 20 3 9 0.7459328387391031 41 691 39 1009 37 1552 52 839 42 573
212 -1.7372845648354107 -2.3316111691025707 10.524063971621672 48 21 37 1.025567070755818 41 455 39 1013 38 1038 34 977 36 1096 37 1554 40 765 42 471
213 -1.6524922154657831 -2.6578340703945083 11.20020977221138 98 89 84 0.81710212041550123 34 300 41 689 39 1014 35 1302 37 1536 50 1378
214 -2.342786725261544 -2.127262846185221 10.814043621658195 20 7 15 0.48335868990975922 34 329 41 696 39 1025 35 1323 36 1118 33 1541 40 779 29 1024 28 710
215 -2.269513538095663 -2.1259413221731291 10.778968682205784 79 47 71 1.6430717475811654 41 697 39 1026 35 995 38 1055 39 1024 36 1094 36 1119 40 784 50 1236 49 734 49 903 52 737 29 659 42 291 51 1001 28 712
216 -2.222137301628655 -2.213623126452902 10.769088473448756 33 6 21 0.68598339004611997 34 333 41 699 39 1030 38 1053 35 330 37 1119 36 1093 33 403 40 780 50 1234 51 999 49 902 52 842 29 115 28 708
219 -2.2529335292243236 -1.7429387912863106 10.880642506103461 98 66 76 0.67199994287741471 34 1011 41 465 39 1065 33 1565 40 1151 51 1197 52 844
220 -1.7469148548580615 -1.6749057878947298 11.338883368265657 79 59 70 0.70397621395638765 41 713 39 1069 35 390 37 1159 36 1157 51 1205
221 -1.7369835475211974 -1.6762236902405998 11.249534368199653 79 59 70 1.2789541177465822 41 712 39 1070 37 1160 36 1156 50 1007 51 1204 49 1076
222 -1.4737538081798085 -1.4999374087294473 11.255781461146977 161 163 166 0.58597707077202343 34 429 41 719 39 1081 38 1105 35 394 36 1162 33 1206 32 1331 31 1424 40 843 50 1258 30 304 51 1210 49 1081 29 1044
223 3.194624546180648 -1.1440790293240481 6.4733406447763491 136 45 54 1.2710095001003348 34 390 39 1088 38 1115 37 1150 34 1008 32 530 33 1181 31 1027
224 -2.1413341324658193 -0.80450184112115597 11.117759218530788 26 3 3 0.67423660237445349 34 476 41 487 39 1100 38 1129 37 549 36 1197 33 1232 32 633 50 1277 51 1226 49 932 52 857 29 706 42 591 28 233
230 -0.75768581042854244 0.28040250147309537 10.933456720358224 149 145 134 0.61962040951663178 41 547 39 1172 36 593 32 718 33 665
231 -0.38800417586459235 0.95680589964535978 11.532686357510757 123 117 103 1.4579774736956719 34 574 39 1182 35 1096 37 1659 33 679 50 1327 51 1262
232 -0.3074970253071983 0.97333081036274272 11.539120174617079 153 147 135 1.619225697456808 34 575 39 1184 37 1264 33 681 32 744 31 616 50 1119 51 1263 41 770
233 -3.9936110630294617 1.6190739174057907 11.819669744695215 123 115 96 1.3607011286363786 34 1469 39 1185 35 1397 36 1247 50 1446 41 261 49 975 54 1073 48 310
234 -1.5569085502806306 1.5359847573691032 11.731306019201234 98 91 74 1.4061822165588564 41 774 39 1190 36 643 37 701 33 698 32 1438 31 1124 40 960 51 637 49 645 42 136
235 0.21333883706291998 1.4943376427017911 11.606106758291135 93 87 76 1.6974546464975371 34 1473 41 780 39 1193 38 1548 35 1106 37 1664 36 655 35 570 33 1294 33 1630 32 1435 31 627 40 1250 40 1391 50 1567 51 1272 49 1150
236 -1.5377263224133901 1.8315364554471181 10.933895406005208 97 90 74 0.56482513687465485 41 306 39 1196 38 673 33 738 40 986
237 -1.3052941224007397 1.8270061364625869 11.872111374113194 122 113 98 0.82613186788490511 41 584 39 1198 38 663 36 1259 32 805 29 273
238 0.57361137828609987 1.7609775593360504 11.461380644957574 69 62 51 0.6887470154974763 34 1130 39 1200 38 1197 35 585 41 596 37 1284 36 674 33 1314 32 794 31 1129 40 1254
239 1.4523732888469256 1.4500828785076514 11.506008272013286 71 64 46 0.97804463661337049 34 1122 39 1201 38 1190 35 1107 37 1275 33 705 50 1336
240 -4.2431222768898342 2.0011335442976081 9.8897663450220463 119 106 88 1.1160715993072949 34 1142 39 1202 35 1129 40 967 42 357 48 255 51 1270
241 -4.1687639557533789 2.0263529202196171 9.8992146152753335 174 163 145 1.1202416293890434 34 1488 39 1203 35 1414 40 1251 42 524 53 843 51 1372 54 1127 55 1112
242 0.42393128154180831 1.7239885572722724 10.654295272471048 101 93 83 0.68431846482902536 34 609 39 1204 35 599 33 1311 40 1401
243 3.6827450923074734 1.5553134639339159 8.7187069539954596 171 160 142 0.19514897602771422 34 613 39 1212 35 607
244 3.8039269689061728 1.5900844041593158 8.801923778195702 117 110 95 0.56875541996624357 34 614 39 1215 38 1204 35 616 36 683 33 734 32 800
245 3.8048661827044303 1.7253124025758459 8.7277714823493895 117 106 88 0.50045031133606632 34 629 39 1217 38 1206 35 1131 37 1293 36 685
246 2.5195478652238483 2.1246512357851159 6.6268746013024451 144 132 132 0.61192920719948696 34 659 39 1224 35 1143 37 752 36 724 33 1334 31 658
247 2.5636596102540734 2.3852147528172751 6.1922760203580216 87 85 88 0.61268533624501009 34 1163 39 1234 35 680 37 1331 36 750 33 781
248 2.6912898844282878 2.6867250709401609 5.7574411352890076 169 169 167 0.66123013778172079 34 697 39 1245 38 1265 35 704 37 782 36 781
249 2.7308907032588117 2.6863937994962073 5.7301240845830863 158 158 155 0.31194583086689587 34 702 39 1246 38 760 36 782
250 2.7692314397327751 2.6564039259539358 5.708754344307712 156 154 157 0.49169565079288929 34 700 39 1247 38 762
251 2.9754787409896268 2.6672042646234089 5.6216836480469095 97 97 97 0.58423595226295344 34 705 39 1268 38 772
252 2.7386536168170785 2.7779758305980553 5.3394503470584089 8 8 8 0.71233712110721592 34 737 39 1284 38 1284 35 1189 37 1363
253 -0.92718433492123042 -4.77222292015382 5.9190870491235765 134 129 126 0.53271107838241838 34 835 39 1288 38 1308 35 827
254 -4.4776390901171252 -3.2911679853631242 8.7710793749806975 136 126 117 0.64599079557963079 34 1297 41 819 39 1317 35 1499 40 1287 51 1381 52 967 42 662 53 867 54 1155 43 712
255 -5.2362518692544775 -3.3312559419349506 9.1586869176504582 228 223 228 0.30633883105197424 41 648 39 1319 40 130
256 -3.0467500155199234 -3.8225359694489436 10.764510778361048 160 154 138 1.4256910983408555 34 1567 41 637 39 1323 38 1655 35 1503 37 1994 36 1755 33 1456 33 1726 40 1061 50 1474 51 1384 49 1013 49 1164 52 969 29 1444 42 663 28 1685
258 -0.6486341443760939 -3.8799322582978939 10.654024000072624 112 111 109 0.73802957767725208 41 948 39 1329 38 918 35 881 37 134 34 133 36 1442 33 151 32 1091 31 1290 40 1053 50 1471 30 247 51 1383 29 982
260 -1.8578077058850582 -3.3308355199587845 10.644335589272007 90 76 98 0.73710151131755952 34 918 41 660 39 1346 33 1046 32 1128 40 1085
261 -2.165672430191977 -3.1335132144672948 10.733744889715117 44 23 31 0.62210483061497246 41 674 39 1367 38 1366 37 1497 36 1483 33 1483 40 742 50 1208 51 975 49 1042 52 711 42 567 28 84
262 3.2216525509447917 -1.9426539147182331 6.2867399388023566 50 50 50 0.62427929059910303 34 935 39 1379 38 241 35 253 36 1048 33 1090 32 301 31 258
264 -2.3827534776987473 -2.5286382508490921 10.746705957369629 24 7 13 1.3275700948572271 34 1361 41 848 39 1392 40 1123 49 1059 28 1440
265 3.3285003926564181 -1.7812550089460901 6.7494868318547461 42 42 50 0.69142980404386822 34 294 39 1409 38 1431 35 959 37 1090 33 357
266 -1.7457569335865832 -2.2228844890087878 11.365556832575045 67 63 64 0.6455999808491425 41 703 39 1426 38 1434 36 1556 32 1729 40 1137 50 1385 51 1195
267 -2.2575112806276345 -1.6817864769351387 10.918119918008465 91 60 65 0.84270602919436943 41 709 39 1434 38 1461 33 1567 40 1154 50 1392 51 1199 52 845
268 -2.1386825010717057 -1.720990662180881 10.932644165968339 85 58 63 0.5996091994053786 41 868 39 1436 29 1035
269 -2.2291519718253672 -1.4949101089241859 10.904520014890451 81 58 60 0.84489244856824841 41 870 39 1449 38 1478 35 1341 37 1602 36 1578 32 1770 40 841 50 1395 51 1209 49 1075 52 847 42 579 28 1152
270 -2.0483109332892044 -1.3262049910394993 11.117712996152312 35 17 20 0.65366308705920162 34 1024 41 877 39 1452 38 1745 35 1346 37 1861 36 1587 33 1584 32 1783 40 1167 50 1535 51 1331 49 919 52 849 29 687 42 587
271 -2.0887520919233462 -1.2627462831237366 11.027030883612584 76 54 66 0.79530090375672102 41 876 39 1463 37 1862 36 1586 33 1831 32 2052 40 1166 51 1330 49 1086 52 848 29 694
272 -2.2170577238862625 -1.043325231454963 11.075441421060694 68 42 47 0.85295534679091689 41 725 39 1464 35 1351 37 1618 40 1168 50 1408 51 1220 52 852 29 698 42 481
273 -2.085336352672563 -0.89306578324480235 11.11403423056081 76 51 52 1.2968712174515857 41 880 39 1474 38 1494 34 1414 37 1874 38 1492 39 1471 36 1841 34 1644 33 1606 32 2066 40 1177 40 1178 50 1413 51 1222 49 1092 52 929 29 1056 42 592 28 1490
274 -1.9914922435803493 -1.0064782627062805 11.388693283907928 36 10 21 0.80550067967618755 41 881 39 1475 35 1046 36 1182 38 1131 33 568 50 1409 51 1223 52 854 29 187 42 589 28 769
275 2.9990782856598486 -0.6732173798891492 5.9329742247427841 117 30 39 0.53484108625429616 34 451 39 1487 38 504
276 -2.2034142956967147 -0.64060508287171836 11.183741090157062 77 54 62 0.85459250994239599 41 731 39 1488 38 1507 35 1056 34 1064 37 1629 36 1613 33 1611 32 1804 50 1292 51 1228 49 939 52 862 29 1059 42 487
277 -2.4849941194164864 -0.26818997598615546 11.053697828863019 24 10 9 0.91669688001660121 41 747 39 1493 35 495 34 508 37 1226 36 1209 33 1618 40 1198 50 1429 51 1235 49 1111 52 776
278 -2.0637826371926136 -0.41324685056807159 11.25149413445771 77 49 61 0.79706949194268206 41 738 39 1494 32 1807 50 1430 34 1426 51 1061 52 768 29 719 42 610
279 -2.3290071253113709 -0.075923931411352508 10.852326278163186 46 36 26 0.52556176023815349 34 1653 41 524 39 1502 38 1521 35 1372 35 1585 37 1646 36 1625 36 1857 40 898 42 327
280 -2.5554469977722616 -0.019440818814885252 11.663508733448325 134 125 108 0.80730534638467044 41 526 39 1504 37 1246 36 1221 33 1623 34 538 32 714 40 411 42 98
281 0.52490510822050185 -0.32617384181103043 10.626489150429517 87 88 87 0.72518824351312372 34 1087 41 908 39 1505 38 1514 35 1367 37 1644 36 1623 33 1264 32 1394 31 1083 40 1364
282 1.3752144345387005 1.3458683982527955 11.483076736621014 102 94 75 0.76096008212191502 34 1109 39 1524 36 1244 40 1392 29 1097
283 -1.595170806695297 1.8429354826275497 11.600849123438348 100 92 82 0.6489824036007793 41 776 39 1525 38 1555 36 672 33 718 42 636
284 0.26384993560791631 1.6357018866327875 11.142888208071849 101 95 83 1.8028747657363704 34 591 39 1527 38 1191 38 1779 35 1400 37 708 37 1667 37 1914 36 1648 36 1876 33 1307 40 570 40 1253 32 790 30 341 29 1329
286 4.1197317887302036 1.2837281417013018 11.204814037697497 98 85 69 0.98070294325434126 34 1110 39 1530 35 571 35 1394 38 1553 37 698 36 1646 33 1287 31 1111
287 3.9831491840628952 1.593187624619212 10.826062250131884 80 68 54 0.744997090269363 34 599 39 1536 38 1558 35 1122 37 1286 36 1654 33 709 32 771
288 2.9057127140748511 1.9378199981989133 6.5289019209395862 38 38 38 0.6801669418244437 34 1157 39 1543 37 748
289 2.6741221274194578 2.0519742982173459 6.4953521835062178 21 21 23 0.42689551177113361 34 1160 39 1546 37 1318 36 1278 32 829
290 2.7475392276512265 2.0379807075364247 6.4644395298655892 21 21 23 0.88055643648657411 34 661 39 1548 35 1145 36 1279 33 758
291 2.2823977987472652 2.5598841831963481 6.3920433575180375 92 82 80 1.2660905501261233 34 1173 39 1557 35 1434 38 1594 36 1291 33 1354 32 844 32 1473 31 1162 30 357
292 2.5969294845443067 2.3559825523398259 6.0000121273349132 10 8 9 0.39004601543711637 34 1503 39 1561 37 1332 35 682 36 753 32 848
293 2.5540259851323444 2.7637319942728826 6.1148751788245352 142 139 123 1.2412449964332914 34 1512 39 1567 38 1597 35 1167
294 2.7116283243386183 2.6014438923566021 5.8116861370282162 115 112 112 0.71829003361898625 34 685 39 1568 38 1256 35 1168 37 778 36 1305 33 1364 32 867
295 2.6253571938421301 2.7204607637610745 5.6637511723791869 28 25 17 0.4801123677677685 34 1198 39 1579 38 1601 37 1356 36 1321 31 691
296 3.11996081765421 2.7069223663855788 5.63115688098401 103 97 89 0.46608906235575204 34 1200 39 1583 38 1604 35 1175 36 799 33 807
297 2.6683710927424409 2.792279168288919 5.3404934434001294 48 49 53 0.46522593674108481 34 736 39 1588 38 1614 35 1188 37 812
298 2.9513125693998536 2.7710890113184949 5.3820295853637203 157 152 148 0.91839468464686724 34 740 39 1590 38 1285 37 1365
299 -1.5767406817649925 -3.8633120654686013 10.786032660896256 73 67 67 0.62829556975013112 41 953 39 1620 38 1656 35 1505 37 1782 36 1759 33 1728 32 1930 40 1440 50 1672 51 1484 49 1340 29 1254
300 -1.9974644910111965 -3.6953358095158793 10.638787235908524 140 113 124 0.76118808846535513 41 822 39 1625 40 1289 30 544
301 3.0651020325262204 -2.1333476516894487 6.2505552883731408 25 23 24 0.47288428179319469 34 1311 39 1637 37 1799 36 1473 33 1029 31 892
302 -2.1839225361299794 -2.8537447019496427 10.624173529281341 86 63 69 0.53509326794015577 41 972 39 1649 38 1681 36 1793 40 1310 50 1495 30 419 51 1404 49 1185 52 977 29 1007 42 670 28 1431
303 -1.533691463547967 -2.7648975418447646 11.002180704005944 56 49 62 0.89369834111142998 34 1600 41 853 39 1652 38 1694 35 1544 37 1819 33 1785 32 1990 50 1504 49 1192
304 -2.6229399930149002 -2.4632457632000957 10.923589610192485 41 25 28 1.2380368589315105 41 978 39 1656 38 1699 36 1798 33 1795 40 1320 50 1377 37 1826 51 1415 52 917 42 675
305 -1.9216281607724521 -2.6467645031153677 10.92063022153518 46 24 36 0.88886865810400095 41 976 39 1657 38 1878 34 1762 35 1542 36 1800 32 2223 40 1316 50 1503 30 575 51 1408 49 1194 29 1270
306 -1.6693077374124217 -2.5528771028623471 11.327494219835238 90 87 81 0.65801582435797457 41 856 39 1658 38 1701 35 1315 37 2031 33 1796 40 1321 50 1511 51 1319 49 1284
307 -2.011277281934178 -2.3319002761148608 11.028272137227409 64 46 57 0.7168807704888468 41 983 39 1662 38 1892 35 1548 34 1609 37 1827 36 1982 33 1967 32 1995 40 1465 50 1510 51 1416 49 1200
308 -2.3377277160798706 -1.9488436577991546 10.821635081346614 24 7 15 0.82020716556466788 41 864 39 1669 36 1817 50 1515 51 1424 30 442 49 1203 52 988 29 1026 42 679
309 -1.4161840041366802 -2.0217569083189644 11.340013975874838 88 106 152 0.76714020335186484 41 865 39 1673 38 1723 35 1566 32 2026 40 1335 50 1523 30 448 51 1427 49 1292
310 -1.4146000404124988 -2.0235671234643946 11.352443380323496 88 106 152 0.86472764000351832 41 866 39 1674 38 1724 35 1565 37 1586 36 1125 33 1552 32 2025 31 1400 40 1336 50 1524 30 449 51 1426
311 3.1102441897072541 -1.3356940596619156 6.2743153458463201 54 57 64 0.54777482808875699 34 1000 39 1679 38 1459 35 1321 37 1581 36 1563 33 1549 32 1295 31 1377
312 -2.4342796774488953 -1.6979006860980972 10.909786607043586 86 53 62 0.85199704747601401 34 1625 41 999 39 1680 38 1908 35 1569 37 2053 36 1826 33 1982 40 1339 51 1428 49 1213 52 991 29 1472 42 681 28 1716
314 -2.0542978969969927 -1.5125876264280465 11.050051018429297 26 11 17 0.68752912118986975 34 1397 41 1008 39 1693 38 1744 35 1343 37 1856 33 1827 32 2042 40 1351 50 1531 30 613 50 1625 51 1329 49 1216 52 925 29 685 42 687 28 733
316 -2.2284291643877538 -0.42705275409617433 11.260118929146069 68 40 51 0.76074486454508838 41 886 39 1707 38 1755 35 1365 37 1891 36 1618 33 1844 32 2083 40 1200 50 1425 30 470 51 1341 49 1097 52 937 29 1060 42 607 28 1499
317 -1.1739384396968402 -0.28399860869333765 10.932757449780704 201 202 193 1.3654265485436108 41 1021 39 1708 38 1756 34 1079 35 1366 37 1639 36 1619 36 1850 33 1260 32 1402 31 1087 40 1361 50 1694 51 1514 49 1364
319 3.2419132732128886 0.089171443566813086 6.7016455269407764 5 4 1 0.80281415424501357 34 1444 39 1732 38 1533 35 1378 35 1591 37 1650 36 1635 33 1272 32 1413 31 1448
320 -0.13941253137108692 0.96888398313951052 11.636886779902913 149 144 126 0.9202187178488741 34 1665 39 1733 37 2085 32 1822 40 1518
321 -1.6768816577786048 1.5554379937206375 11.73264585822049 98 89 74 1.2870365668899508 41 919 39 1734 38 1773 35 1399 37 1912 36 642 39 664 33 1858 32 781 31 1463 49 1137 42 135
323 0.44894653111482102 1.6582692428210146 11.299327208760539 96 89 82 1.1060389662255437 34 1674 39 1741 38 1953 35 1401 37 2090 36 1878 33 1308 32 792 31 1465 29 776
324 1.4571546753211493 1.6573077412074622 11.548569497586609 78 66 50 0.83821961657414845 34 1474 39 1743 38 1780 35 1600 37 1915 36 1880 33 1633 32 1835 31 1461 40 1398 50 1663 30 340 29 1107
325 4.1649310857259438 1.2601255825564179 11.126657931431049 141 130 112 1.0358047982509802 34 1468 39 1744 37 699 33 689 31 1103
326 1.4908842389535684 1.7483368288977983 9.9885321138752996 138 131 113 0.78431213774743114 34 1483 39 1751 35 1409
327 3.8100802880897837 1.6992260139209829 8.8989233204169285 170 159 141 0.57600703954086463 34 1490 39 1752 38 1565 35 1417 37 1292 36 1661 33 1321 32 1450 31 1120
328 2.429861113507803 2.466462058766056 6.5959084644690611 24 20 19 0.38959987769978999 34 1501 39 1759 35 1431 37 1691 36 1676 33 1645 32 1856 31 1155 30 358
329 2.5022021854800442 2.49710855290241 6.4135997176173731 28 24 27 0.26173374563454571 34 1508 39 1764 35 1435 37 1693 36 1679 33 779
330 2.8183120873119725 2.236131089619195 5.8391925463152701 120 113 111 0.35983108505771699 34 1506 39 1765 38 1588 35 1160 37 1695 36 1289 33 1342 32 1465 31 673
331 2.581321386052533 2.5992518226743688 6.2523860309605013 98 94 90 0.45794762518829957 34 1175 39 1770 37 1338 36 1297 33 792 32 863 31 683
332 2.9573151881836117 2.2730648778221831 5.846038818319248 109 99 94 0.54532458807277817 34 1507 39 1771 38 1806 35 1439 37 1698 36 1683 33 1653 32 1466
333 2.6219603512347214 2.65399000657438 5.7942827680954299 66 63 56 0.56585770846533678 34 1184 39 1780 38 1810 35 1442 36 1309 33 1658 32 1480
334 2.7357763183728006 2.6988017651442311 5.6957415940119214 16 10 12 0.6128290892454249 34 1513 39 1781 35 1443 37 1708 36 1695 33 1659 32 1483
335 2.8023909872995203 2.6262021041327244 5.6200419548695306 163 155 152 0.53582058907909924 34 1186 39 1782 38 1813 35 1173 37 1707 36 1313 33 803 32 868 31 694 30 188
336 2.8660529870359048 2.6272217591738181 5.5151864663323744 33 12 19 0.71435911316250411 34 1188 39 1785 38 1602 37 1358 33 804 32 883
337 3.0662026477579287 2.6439304549633365 5.5538933592895461 54 49 44 1.4111740597007822 34 1189 39 1786 38 1271 35 715 37 801 33 806
338 2.6431929539340207 2.7618743081980051 5.342288926204743 41 41 43 0.4615132438133836 34 1520 39 1790 38 1818 35 1449 37 1715 36 1700 33 813
339 3.4577046942147662 -2.9442359498583959 7.0165340522417035 61 71 66 0.35731004462936422 34 1732 39 1804 38 1853 35 1657 36 1935 33 1719 32 1934 31 1542
340 -2.0455492205683727 -3.8767054048970646 10.498403547402926 136 119 115 1.1088879571241923 41 947 39 1808 38 1848 35 1661 36 1942 33 2094 40 1435 50 1582 39 1325 35 1251 30 406 51 1481 49 1003
341 -1.9078502266305708 -3.8318990716090995 10.831979243086849 59 55 56 1.0902207888274411 34 1569 41 1063 39 1810 38 2085 34 1872 35 1794 37 2002 37 2263 36 1944 33 2103 33 2189 32 2361 40 1439 50 1709 30 545 51 1531 49 1371 29 1252
342 -2.5202996049858828 -3.5866216702909268 10.464274568227378 149 142 136 0.57093099580153073 41 956 39 1820 38 1854 34 1574 35 1669 37 1999 36 1764 33 1933 40 1447 50 1586 30 410 51 1388 49 1262 52 1024 29 1446 42 729
343 -1.730446357525681 -3.7025671865656187 11.098783269549621 109 102 96 0.60617949719279429 41 959 39 1823 38 1862 35 1516 37 1786 40 1448
344 -2.1848121657691797 -3.0193419052733566 10.622103754140854 84 61 67 0.60686961370146375 41 968 39 1832 38 1873 35 1530 37 2015 36 1777 33 1950 40 1454 50 1599 51 1399 49 1275 52 976 29 1261 42 731 28 1426
345 -2.1126644089458195 -2.8342391896371715 10.785423909502425 40 20 32 0.74574758644833727 34 1756 41 1068 39 1837 38 1877 35 1691 37 2163 36 1970 33 1952 40 1456 50 1600 30 718 51 1407 49 1276 29 1263 42 785 28 1435
346 -0.77542351760359629 -2.9176638280343008 10.843149368223308 62 66 76 1.1190903407631247 41 1069 39 1838 38 1695 49 1279
347 3.2090713082668136 -1.8547503190442685 6.7886213349872655 7 7 8 0.66012949606614846 34 1595 39 1841 38 1705 35 1693 37 1822 33 1791
348 -2.4570925261222816 -2.442183029083989 10.713902164321793 81 58 66 0.76913354189026695 41 980 39 1843 38 1884 35 1698 37 2028 36 1976 33 1958 40 1460 50 1602 30 582 51 1413 49 1282 52 981 42 735
349 -2.4460057048209061 -2.0703646172343619 10.823872542470328 86 57 57 0.78558446201947374 41 987 39 1851 38 1890 35 1559 36 1989 33 1965 40 1470 50 1607 30 744 51 1420 49 1286 52 985 29 1464 42 739
350 -2.4398597025343634 -1.0408886328712941 11.074253142137673 76 49 55 1.1177820756651382 41 1084 39 1867 38 1921 34 1782 35 1721 37 2061 36 2008 33 2012 40 1486 50 1630 30 759 51 1501 49 1296 52 1035 29 1482 42 690 28 1909
352 -1.9912702480796327 -0.85044215017430802 11.326962950684704 38 12 22 0.89946689531225732 41 1088 39 1871 33 2023 32 2286 50 1688 51 1504 49 1357 52 997 42 793 28 1179
353 -1.9814405953162078 -0.34663583856004576 11.294979971703208 45 26 30 1.0048728016669566 41 1020 39 1880 37 2075 33 1845 32 2295 50 1641 30 629 49 1313 52 941 42 755 28 1500
354 0.38405013106528824 1.6643690207348341 10.999765273060405 146 139 130 1.8143090579143679 41 1111 39 1898 38 1954 35 1118 37 1669 36 1877 32 2104 31 1464 33 1309 40 1522 29 790
355 -4.3312462198405681 2.3133506090293845 9.7239665027530151 102 91 73 1.5831492108619978 34 1827 39 1900 35 1761 41 1040 40 1523 30 796 28 1253 53 889
357 2.5275738537346037 2.1847737183691676 6.6647208996517824 46 32 32 0.8608675850173152 34 1685 39 1903 38 1961 37 1937 33 1335 36 725 32 1846
358 2.7417018096614565 2.111091253408214 6.3978604601698406 21 21 23 1.2579503247038124 34 1687 39 1905 37 1939 36 2044 31 1147
359 2.5014155723081681 2.2141175479770201 6.4584741641785257 27 20 27 0.57521144384709288 34 1498 39 1906 38 1965 33 1642 32 1853
360 2.3231550771563407 2.5291871001156263 6.4575074223686704 125 118 114 0.31383872234199434 34 1694 39 1907 38 1967 35 1615 37 1952 36 1897 33 1647
361 2.453361591020669 2.5118921144874982 6.4252094735621084 119 116 109 0.55594418800145795 34 1696 39 1908 38 1968 35 1617 37 1953 36 1899 33 1649 32 1472 31 1164
362 2.5659701343879755 2.3961773300931117 6.0814909058282165 115 113 113 0.52896951132607151 34 1697 39 1910 38 1970 35 1618 37 1954 36 2049 33 1881 32 2118 31 1705 30 800
363 2.7276564340357128 2.2717781271047381 5.9081482664463678 24 25 27 1.1390512015646594 34 1504 39 1912 35 1437 37 1946 36 1680 33 1652 32 1463 31 670
364 2.5774357919144317 2.979207550298772 7.0039824612264976 109 101 98 2.6418244965997806 34 1835 39 1915 35 1767 37 2231
365 2.8839162059928807 2.6395965313948762 5.4765148536119055 121 118 115 0.62856677062110822 34 1514 39 1921 38 1975 35 1444 37 1962 36 1907 33 1660 32 1484 31 699
366 2.7530839633863984 2.743361185025369 5.335762990258484 141 134 124 0.67431350595264994 34 1706 39 1923 38 1980 35 1450 37 2111 36 1703 34 1205 33 814 31 1174
367 -0.79683938758107586 -4.6021721309664532 5.8194896584843239 114 110 106 0.34142756075541103 34 1855 39 1924 38 1988 35 1784
368 3.0552007274841628 -2.1202564717566776 6.3932245052497363 52 54 53 1.0520888828498394 34 1580 39 1949 38 1875 35 1522 37 1513 36 1776 33 1494 31 1582 30 559
369 3.1839827263892859 -2.056323671861612 6.2688669488025202 61 61 59 0.62429777155813471 34 1751 39 1950 38 2014 35 1801 37 2018 36 2086 33 1946 32 2207 31 1769 30 708
370 -1.1335757470572529 -2.6593850716843188 10.648998863298655 45 49 58 0.61722100452372308 41 1134 39 1957 38 2097 35 1807 37 2169 36 2096 40 1559
371 3.3283637171184921 -1.8745969865095706 7.152459410107455 216 216 216 0.73623546579933874 34 1759 39 1962 38 1888 35 1537
372 -1.6205283341501677 -1.0079015797145523 11.16357682513034 51 28 35 0.58044266788490029 41 1143 39 1978 30 856
373 3.085848843529182 -0.79705534059112793 6.2067899236948376 21 13 15 1.5617910403902191 34 1635 39 1982 38 1926 35 1714 37 1864 36 1594 38 1501 33 1830 32 1777 31 1417
374 -0.86803277877308205 -0.50064774847466176 10.693533754474574 187 181 164 0.701255639294043 41 1146 39 1988 50 1693 51 1444 49 1363
375 3.1026156131865776 -0.53291477578299795 6.2412636139513005 64 68 71 0.88447011822343991 34 1643 39 1990 38 1936 35 1729 37 1879 36 1847 33 1836 32 2074 31 1676 30 761
376 0.19280287577381222 -0.1917517764883323 10.412673883082189 197 196 200 0.75500038668870773 34 1804 41 1150 39 1992 38 2043 35 1735 37 2077 41 1100 36 2022 33 2037 32 2303 31 1839 30 775 29 1487
377 -2.1486841556885721 1.4556322069722862 11.782733590796514 140 135 115 1.3019952639390395 34 1911 41 1105 39 1999 37 2215 36 2029 33 2041 32 2420 40 1596 51 1521 49 1331 42 801
378 0.4569153155241501 1.7809963915653606 11.257535818808964 132 128 125 1.5065965841000615 41 1156 39 2001 38 2052 35 1754 36 2030 33 2044 32 2105 37 1920 31 1466 31 1849 30 790 29 1104
379 2.9499625178478399 1.6751341874485306 11.168210239063718 126 120 97 1.1994524292278088 34 1815 39 2003 38 2054 35 1752 37 2091 36 2032 40 1603 30 794 35 1914
380 2.5189183040596466 2.3835426438218148 6.781627964868628 144 135 128 0.39497326136011124 34 1689 39 2007 38 1964 35 1612
381 2.3069861666694291 2.4903973565186388 6.5543521013137953 32 24 21 0.42950701884052656 34 1831 39 2008 38 2061 35 1764 37 2103 36 2048 33 1880 32 2117 31 1707 30 502
382 2.4807657694669474 2.6086300976824059 6.2789025876778437 124 120 111 0.43899837118411766 34 1834 39 2010 38 2063 35 1766 37 2230 36 2051 33 1883 31 1710
383 2.6263026450536917 2.5639489992936411 6.2384379471981362 8 11 14 0.49563731107493908 34 1921 39 2011 38 2064 35 1842 37 2105 36 2149
384 2.5834465064462493 2.6655331235336268 5.689972991712084 154 150 147 1.4136439377479921 34 1839 39 2012 38 2066 35 1624 37 2233 36 1694 33 1363 33 1886 32 877 31 1713
385 3.1078385795058576 2.6375733727443502 5.7901115306648725 8 6 4 0.50573785630593371 34 1702 39 2013 38 1812 35 1769 33 1887
386 2.8646784854862859 2.7298294735836355 5.4861188883419123 139 135 134 0.42475152846142866 34 1704 39 2018 38 1976 35 1774 37 2109 36 2057 33 1890 32 2123
387 3.2693552937815644 -2.8684779108265173 6.7644093956810094 219 218 213 0.57620475297632423 34 1937 39 2029 38 2082 35 1930 36 2243 33 2188 32 2441 31 1963 30 828
388 -3.2192891153744778 -3.840489466793199 10.724434579386813 111 105 89 0.6364698053350335 34 1866 41 1122 39 2031 38 2083 35 1792 36 2182 40 1548 40 1617 50 1708 30 830 51 1530 49 1342 52 1054 29 1567 42 779 28 1882
389 3.1355686343735556 -1.2675192984420613 6.4177945860014933 47 52 55 0.47672363398792783 34 1888 39 2045 38 2026 37 2050 36 1994 33 2128 32 2247 30 743
390 -1.4639894893689114 -1.1963276208592226 11.929244508768328 43 39 44 1.6711050140417656 41 1144 39 2047 38 2108 35 1723 34 1783 37 2062 36 2116 36 2206 33 2013 32 2067 49 1383 50 1725
391 3.1043061827547604 -0.9571168059463433 6.0666792049674072 19 18 23 0.88395975124497739 34 1779 39 2049 38 2027 35 1813 37 2057 33 1985 32 2253 31 1653 30 750
392 3.0760123154689398 -0.40813170997463166 6.3360827978941856 1 5 8 1.1223934117435355 34 1793 39 2053 38 2042 35 1821 37 2200 36 2118 33 2028 32 2290 31 1828 30 763
393 3.034690226837105 -0.40340784545355107 6.1861145328921632 1 5 8 0.74614559211671216 34 1794 39 2054 38 2041 35 1822 37 2199 36 2119 30 762
395 -0.92409893998848969 2.0023442740950679 10.052911667644491 126 118 99 0.85001971823793188 34 1916 39 2069 38 2122 35 1838 40 1652
396 2.6163415303994464 2.2346752080108989 6.0351466689636526 50 50 50 0.95130514604631489 34 1832 39 2070 38 2127 35 1839 37 2227 36 2144 33 2049 32 2113 31 1704 30 798
397 2.5221427825117471 2.5109116201935362 6.2425806348866226 3 4 5 0.33256265503863219 34 1920 39 2073 38 2130 35 1841 37 2229 36 2148 33 2051 32 2323 31 1709 30 884
398 2.7604612089618694 2.5633929314795574 5.8242289766009518 9 9 7 0.51026491869014512 34 1836 39 2074 38 2065 35 1768 37 2232 36 2052 33 1884 32 1861 31 1487
399 -2.1790194670915084 -4.358375740843826 10.538979517128928 180 177 171 0.98952682455346774 34 1985 41 1201 39 2079 38 2178 35 1932 37 2359 36 2241 33 2303 40 1684 50 1753 30 908 51 1583 49 1400
400 3.1433819219470913 -0.90367185106671388 6.6731135775343224 58 42 50 1.2411839211023952 34 1896 39 2091 38 2112 35 1816 37 2059 36 2007 33 2139 32 2257 31 1820 30 852
401 -2.4595537048494234 -0.34468690311301736 10.784921519306984 41 18 26 1.0998915610821867 41 1165 39 2094 38 2197 35 1944 37 2374 40 1667 50 1745 51 1589 49 1412 42 828
403 1.2237753274521168 1.327494378413224 11.506283333551071 155 150 130 0.86134888229056672 34 2012 39 2105 38 2166 35 1957 37 2338 36 2270 33 2279 32 2543 31 2005 40 1700 50 1762 30 1004 29 1733
404 1.2237753274521168 1.327494378413224 11.506283333551071 155 150 130 0.86134888229056672 34 2013 39 2106 38 2167 35 1958 37 2339 36 2271 33 2280 32 2544 31 2006 40 1701 50 1763 30 1005 29 1734
405 1.4648436727270386 1.5546414403407474 11.5210135278938 85 73 57 1.052407736456793 34 2018 39 2109 35 1963 33 2284 32 2484 40 1678 50 1765 30 960
406 1.4669419673889579 1.5515225612007879 11.521597609588373 85 73 57 0.98980533520709735 34 2017 39 2110 38 2168 35 1962 37 2343 36 2277 33 2283 32 2483 40 1679 50 1766 30 959
407 -1.4975885091982544 2.0479446566349777 10.398636479837711 125 116 99 1.2103872046575717 34 1915 41 1179 39 2111 38 2170 35 1837 37 2291 36 2218 33 2164 31 2009 40 1651 50 1767 30 795 49 1434 28 1550
408 2.4536168800100651 2.3842379396681115 6.3652517461186102 26 22 21 0.75820810996103905 34 1977 35 1918 37 2297 36 2226 33 2165 30 799
409 2.585158765646232 2.6363500666649409 6.0827936832915483 126 119 112 0.60381985212051126 34 1922 39 2114 38 2173 35 1843 37 2299 36 2150 33 2056 32 2324 31 1712
410 3.1599465052877216 2.5941169704267035 5.8537632426475197 120 113 103 0.6348560668761124 34 1838 39 2115 38 2131 35 1770 37 2106 36 2053
411 3.1602230249824181 2.5900983919179326 5.8533266566957458 120 113 103 0.59685126741223615 34 1837 39 2116 35 1771 36 2054 33 1885
412 2.9492672580091601 2.7159533936412936 5.5156761502855192 35 31 30 0.74424801783705008 34 1924 39 2118 38 2133 35 1847 37 2237 36 2153 33 2058 32 2327 31 1714 30 659
413 3.0270226811384982 -0.15493269467844761 7.4148222282569627 1 2 7 1.1083837594670698 34 2003 39 2144 38 2200 35 1951 37 2335 36 2265 33 2277 30 946
414 -4.1092500933984288 1.8413365160982555 9.9228191507729164 169 162 146 1.3035102947560746 34 2058 39 2149 35 2001 41 1195 40 1699 49 1430 52 1075 51 1593 53 929 54 1205 48 410
415 1.0973614869844113 1.5894668469688389 11.657970655400748 105 96 79 0.81033383238002699 34 2016 39 2150 38 2205 37 2342 36 2276 33 2282 32 2546 31 2062 40 1702
417 2.4407212826113769 2.3298505282734494 6.6655184059187338 149 137 123 0.9794208734035984 34 2065 39 2155 35 2008 37 2384 36 2314 33 2288 32 2492 31 2012 30 967
418 -0.80235598991987322 -4.7733024917133049 5.9415199814221058 53 43 44 0.47113087741503551 34 2037 39 2161 38 2217 35 1980
419 -0.80235598991987322 -4.7733024917133049 5.9415199814221058 53 43 44 0.47113087741503551 34 2036 39 2162 38 2218 35 1981
420 -4.5374599349475222 -3.0762449852143554 8.5927465634020663 134 120 104 0.75104186905200698 41 1124 39 2168 40 1616
421 -4.4254056950318184 -0.32496821732063202 9.2928288646586896 148 130 106 1.1581877024977538 41 1191 39 2177 35 2027 30 1036
422 3.1278449661114447 0.041347225883326677 6.6997445236833872 4 9 12 1.1643673981656739 34 2056 39 2182 38 2230 35 2030 37 2412 33 2321 32 2541 31 2059 30 999
423 -4.6324230581603407 2.2720468532715743 10.015522353134086 98 83 63 1.5504397260450395 34 2061 39 2183 35 2004 40 1718 30 1041 29 1736 42 848 28 2119 27 2386
424 2.7407442324230904 1.9866538221905461 6.5940458772368391 15 14 19 0.82696205264684475 34 2064 39 2186 38 2209 35 2007 37 2383 36 2313 33 2287 32 2491 31 2066 30 1008
425 2.7931892271014238 2.7336766796672385 5.6162910218987276 4 7 16 0.43977644863054605 34 2026 39 2188 38 2214 35 1970 37 2346 36 2281
426 -0.80206352669190772 -3.5784308470802166 10.456276495292956 108 108 132 1.8109882746445898 41 1223 39 2193 37 2428 50 1779 51 1603 49 1456 29 1829
427 -1.7321216463348177 -0.53409861578977613 11.211635262788139 70 40 48 1.399552436389172 41 1225 39 2198 38 2248 37 2439 50 1783 30 1063 51 1606 49 1449
428 -1.7560538141113244 -0.53620059518849617 11.294664813306827 70 40 48 1.5153978192750897 41 1226 39 2199 38 2249 37 2440 50 1784 49 1450
429 -4.2875319053985059 1.7461982571609969 10.341873581522185 167 161 145 1.335391389777197 34 2102 35 2048 40 1731 41 1218 51 1615 49 1451 52 1105 48 427 43 868
430 3.6909692184409009 1.6189678822423024 7.8479150767996027 192 188 179 1.0253104937436501 34 2060 39 2202 38 2232 35 2003
432 1.9410793328685885 1.668192786337811 11.813752973593433 77 85 45 1.2187940378805648 34 2144 35 2084 37 2478 36 2394 33 2411 32 2661 31 2174
433 2.4544036616386662 2.0387143990983905 7.6675476671658167 153 140 123 2.0443295581196272 34 2155 39 2240 33 2414 32 2663 31 2175 30 1124
434 -0.95456816886840323 -4.6418598562754472 6.2034029263981862 185 183 186 0.19116674038593792 34 9 39 9 38 839
435 -0.77714962499162987 -4.5930153748046152 6.1736157604172428 197 192 198 0.78567572733913393 34 12 39 10 38 4 37 27
436 -1.0469183160961475 -4.0501860295390824 6.1788510769056657 224 225 230 0.49255898519204749 34 40 39 38 38 27 36 46 33 22
437 -0.94146183322376931 -3.9965187395096988 6.0408587805845739 144 143 140 1.1118935218388535 34 857 39 39 38 855 37 51 36 899 33 922
438 -2.5791429667743064 -3.9063136627567321 10.393835345125726 146 141 137 0.82323112999777948 34 126 39 116 37 976 36 963 40 120 51 435 39 115 49 682 52 686 42 8 28 55
439 -2.2772743142244125 -3.9560919055634947 10.373299130114757 142 138 135 0.77929010106135599 34 98 39 117 37 120 50 1170 40 681 51 936 49 419 52 685 42 257
441 -2.4667586832768862 -3.2226865800911737 10.521948098647611 79 58 67 0.58806841919631414 34 915 39 186 38 950 35 210 33 1044 40 185 51 958 50 1195 52 710 42 453
442 3.0170514851942394 -1.97133473590224 6.6548021619410873 56 56 49 0.70171083868407047 34 257 39 268 38 274 35 251 37 304 31 253
443 -2.1818538961884442 -1.4445587110707176 10.967047005782273 28 1 12 0.64665380118865201 34 423 39 438 38 415 37 487 36 1153 33 503 32 1326 40 305 50 1251 41 716 51 1026 52 745 49 1080 29 681 42 581
444 -2.1383567814227966 -1.4354908084670726 10.842054838382778 28 1 12 0.7176503813372298 34 424 39 439 38 416 37 488 50 1252
445 -0.84200520014420999 0.16610931621742797 10.583554237807002 123 117 105 0.92991474040176403 34 1089 39 610 38 571 40 921
446 -0.78414955367475414 0.18731974765965781 10.730515189873481 143 136 126 1.369408200944239 34 543 39 612 38 575 35 518 37 633 36 1225
447 -0.77734144420852214 -4.7020458230404225 6.2561749431991052 192 188 190 1.1234707276903162 34 11 39 829 37 1402 36 887
448 -0.78734292330575673 -4.4528679962369928 6.1821257738815012 206 204 207 1.0015376013034496 34 20 39 834 38 1314 37 1744 36 15
449 -0.52561621848103146 -4.0782597571299943 6.0827303083182906 248 246 247 0.79077806858976807 34 46 39 845 35 51 38 857 37 59 36 902 33 925 32 1004
450 -0.52688959989101869 -4.0788347276412447 6.0856258031089832 248 246 247 0.92171730878471581 34 47 39 846 35 52 37 60 33 926 32 1005
451 -1.0448346669663569 -4.0561517770253932 6.1078411203501952 222 224 229 0.38772161608424566 34 39 39 848 38 22
453 -2.9149547584028417 -3.8305170552221846 10.561124726638857 95 88 70 1.1826866112304846 34 885 39 898 38 894 38 895 35 886 34 122 37 972 36 962 33 1000 40 1063 50 1349 51 1135 49 1006
454 -2.9868368286347202 -3.7925063090004545 10.798357502462249 69 60 52 0.77577659365105234 34 901 39 899 38 1345 35 1260 37 991 36 982 33 1459 50 537 51 1136 41 42 49 853 52 811 42 21
455 -2.8219223518886674 -3.8693904582740974 10.613724097567598 82 74 55 0.86722794144412341 34 886 39 900 38 1338 35 1259 37 975 36 1437 33 1460 40 691 50 1351 51 1287 29 990 42 554 28 1095
456 -2.3670607875969538 -3.5477373761612974 10.605408143553904 56 43 44 1.6206394548973533 34 903 39 923 38 929 35 905 37 1462 36 987 38 914 33 1013 40 708 51 948 49 699 29 57 42 445
458 -2.4168882399070135 -3.301023425654753 10.504921209978203 33 18 23 0.47179045488519283 34 193 39 937 38 1347 40 182 51 1153 42 454
459 -2.4418532593502968 -3.0873987664777474 10.48033721004556 77 56 62 0.94060245617362848 34 938 39 938 37 1492 38 1360 29 625
460 -2.5757066563759246 -2.7649382627216634 10.774099152276637 44 28 29 1.0063173701503874 34 957 39 989 38 1010 35 281 37 1051 41 687 36 1496 33 1101 40 748 51 754 50 135 49 501 29 646
461 -2.261815241744134 -2.8209290698802598 10.651602485236303 30 7 15 0.71668554930066075 34 271 39 990 38 983 35 952 37 1054 36 1500 41 684 50 1371 51 1179 49 891 52 833 29 639 42 571 28 689
464 -2.2863119846822841 -2.0338034117847816 10.853016952261422 74 42 62 0.95613291270974599 34 1002 39 1048 38 1433 37 1569 36 1120 33 1158 40 800 50 1384 29 660 28 713
465 -2.1288259504021623 -0.42818966195528996 11.201864380556476 31 1 11 0.74776658765924509 34 494 39 1126 38 1156 37 1230 36 1211 33 617 40 888 51 1231 49 1099 52 868 29 717 42 494 42 609 28 246
466 -2.1383361341837923 -0.4221350907787112 11.241292325347059 31 1 11 1.010331274279999 34 493 39 1127 38 1157 37 1229 36 1212 41 737 33 616 33 618 32 655 40 887 39 536 51 1232 49 1098 52 869 29 716 42 495 28 247
467 -2.8943501743528679 -0.15041297920154906 11.423445770150202 159 154 135 0.56997363137786761 34 1433 39 1139 38 1519 51 593 49 279
469 -0.99488890111217076 -0.20468401445258294 10.428483175592259 47 92 109 0.73599883280645673 34 1080 39 1142 38 1167 35 1075 37 1640 33 1261 32 1403 31 565 40 901 30 132
470 2.8323659596205575 -2.3305000665608597 6.2414577221276346 42 40 44 0.57523738440573802 34 1300 39 1333 38 1355 35 1256 33 1009 32 186 31 861
471 3.035961690549418 -2.3618622061732193 6.1922541792152934 34 34 34 0.5943901370562108 34 145 39 1335 37 1001 33 166 32 190
472 -2.4546758416086982 -3.5134774791826389 10.380761548332867 140 130 128 0.46886310001553833 34 1303 39 1341 35 904 37 1460 33 1468
474 3.0285793959424172 -2.2249340040624634 6.54367120183952 28 28 30 0.97866944149815716 34 912 39 1358 38 972 37 1016 36 1021 35 164 33 1028 32 1140 31 889
476 -2.3856746260335977 -3.0533129841237185 10.55295578477093 27 14 21 0.54844746861063565 34 1327 39 1363 38 1363 35 1277 37 1800 36 1481 33 1506 40 1101 51 1306 49 1047 52 911 29 999 42 566 28 1111
477 -2.3968171788849646 -2.9384996332556352 10.606744113792359 32 18 25 0.82267513087765776 34 1329 39 1366 38 1384 40 1103 29 1004 42 569
478 -2.3449117654894542 -2.2121035599077157 10.756339680742407 21 7 16 0.58417991150758275 34 1372 39 1411 38 1708 35 1322 37 1832 36 1541 33 1537 52 919 29 1018 28 1450
479 -2.5132390351506677 -1.1542486032814778 11.002057228196488 41 20 19 1.4435075101338513 34 1035 39 1461 49 921 52 850
480 -2.2284040153607876 -0.92388688292973975 11.161309161907187 75 55 56 0.60239511880267738 34 1053 39 1470 38 1491 33 1604 50 1412 51 1221 52 853 29 1055
481 -2.0705296629013197 -0.87435823795647916 11.075761687321741 76 51 52 0.55890203606011768 34 1415 39 1473 38 1493 33 1605 40 1179 42 593
482 -2.290442222931325 -0.075590205115836806 10.72915130164797 46 36 26 0.48083300031138887 34 1654 39 1503 38 1522 35 1373 35 1586 37 1647 36 1626 36 1858 40 899 41 525
483 -0.91820342861737825 -4.1428862715875576 5.9573846933063939 207 209 210 1.2456753231824778 34 1549 39 1595 35 1649 38 2075 37 2247 39 2020
484 -0.83163545200334898 -4.1597989937984154 6.1120760578934785 128 123 120 1.3878487970354827 34 1550 39 1598 37 1750 30 391 40 1266 29 1228
485 -0.63349328226139323 -4.2043597981269407 6.122140632146527 222 220 223 0.67914687897593484 34 1552 39 1599 38 1638 35 1476 37 1753 36 1396
486 -0.63349328226139323 -4.2043597981269407 6.122140632146527 222 220 223 0.67914687897593484 34 1553 39 1600 38 1639 35 1477 37 1752 36 1397
487 -2.4799197791794163 -2.8162385002217407 10.638337590118422 85 64 73 0.68067255880413136 34 1346 39 1647 38 1679 35 1287 37 1809 36 1790 33 1782 50 1500 51 1312 49 1184 41 971 52 914 29 1005 42 570 28 1429
488 -0.96287775421210609 -4.0660046102005216 5.9533473801422625 89 87 85 1.1192490200153886 34 1548 39 1796 38 1837 35 1479 37 1979 36 1740 33 1915
489 -0.7335402184042602 -4.2679027552077136 6.2212334352576537 105 100 94 0.97540925349019714 34 1551 39 1797 38 1838 35 1651 37 1980 36 1926 29 1229 40 1421
490 2.8845206598068178 -2.3914244841064951 6.3004703567185514 159 157 160 0.45041796512931664 34 1571 39 1819 38 1664 35 1494 37 1788 36 1761 33 1732 32 1941 31 1292
491 -2.454134680998139 -1.2321836574172893 11.038701996395089 79 52 57 1.0921825126605385 34 1781 39 1866 35 1716 41 1081 37 2178 33 2141 40 1485 50 1626 30 758 51 1497 49 1294 52 1032 29 1579 42 744 28 1904
492 2.7530465792509236 -2.2789853955639869 6.2967664067719973 44 44 52 0.60839521546243691 34 1744 39 1940 38 1863 35 1795 37 2003 36 1957 32 2194 31 1567 30 548
493 2.9812906798569774 -2.0729491831987539 6.3624131955515244 12 12 14 0.58343666650131976 34 1878 39 1947 38 2013 35 1800 32 2206 31 1780
494 3.0179760343946489 -2.117029988677356 6.5072228052600867 12 12 14 0.72732088772614267 34 1877 39 1948 38 2012 35 1799 37 2162 36 2085 33 2111 32 2205 31 1779 30 839
495 -1.9473564578993201 -0.9515184021392179 11.100810706275416 40 14 23 0.78069178734957789 34 1900 39 1975 30 864 41 1142 49 1385
496 -1.9476525031671228 -0.95024224253251433 11.166276833925705 40 14 23 0.51211413395945837 34 1901 39 1976
498 -0.89589517389226525 -4.7367447825212334 6.3262426912824177 95 91 89 0.99271415273450503 34 1931 39 2019 38 2138 35 1861 37 2305 36 2169 30 902 40 1606
499 -1.1632175210133351 -4.2325819650173102 6.1825164641057508 115 107 104 1.2827387656852278 34 1856 39 2021 38 2076 35 1786 37 2248 36 2172
500 2.8690248604153035 -2.5181807569334285 6.377775392797342 44 43 47 0.66065402346758673 34 1938 39 2081 38 2088 35 1870 37 2262 36 2184 33 2192 32 2369 31 1890 30 698
501 -0.82627458248687491 -4.3288554314946781 6.1648498367926026 96 89 80 1.070738656059441 34 2038 39 2119 38 2175 35 1982 37 2354 36 2290 30 977 40 1681 29 1715
502 -0.82627458248687491 -4.3288554314946781 6.1648498367926026 96 89 80 1.070738656059441 34 2039 39 2120 38 2176 35 1983 37 2355 36 2291 30 978 40 1682 29 1714
503 -2.8845586392755833 -3.8014472014436707 10.756421293644062 110 100 91 0.81616936054564559 34 2046 39 2125 38 2183 35 1989 37 2362 36 2297 33 2337 30 1025
504 -1.6179794509807994 -0.43988801562539021 11.36978039796919 57 30 37 0.59464980013854063 34 2055 39 2141 38 2198 35 1999 37 2375 36 2308 33 2320 32 2566 40 1689 50 1746 30 998 49 1413 29 1725
505 0.5807491098127503 -4.0871258070215752 5.8142124655192937 95 93 81 0.86491254365067682 34 2040 39 2163 38 2219 35 1984 37 2394 36 2292 30 981 31 2073
506 -0.87471164178587191 -4.2866228311965813 6.3797967071635808 109 108 104 0.69955088603613824 34 2112 39 2204 38 2256 35 2053 37 2444 36 2362 30 1075
507 -2.6485449651720785 0.61846894150246923 11.658767548516501 154 149 129 2.1377521911827069 34 2153 39 2232 35 2090 36 2406 40 1754 50 1793 51 1623
508 -2.6274254560919652 0.60998619684757505 11.621763060669263 154 149 129 1.6773559514704177 34 2152 39 2233 35 2089 40 1755 50 1794 30 1122 51 1624 49 1464 29 1862
509 -4.0645885110250655 -5.5685568695684458 10.971603224963957 145 139 123 1.4754037314650947 34 2158 39 2239 35 2094 40 1760 30 1127 29 1867
510 0.0051721975547762986 -4.1528772689867361 8.6268935370300479 252 252 251 1.0529962289267203 34 2170 35 2102 37 2499 36 2419
511 -1.5900915590919493 -0.93120084935112368 11.419002951439372 166 154 154 0.88785341715558252 34 479 39 495 37 550 33 574 40 347 50 1050 51 829
512 3.6195538556503011 -1.1705072433630237 10.272987532653099 95 87 83 0.95254000007739636 34 443 39 507 38 501 32 597 36 506 37 1198 31 497
513 -1.1753194118988766 -0.32431850752820152 10.832587814875275 167 155 147 0.63786794287742499 34 519 39 539 32 659
516 2.7734206958164473 -2.4224837489878874 6.4949581573960424 47 45 60 0.64242281179578298 34 892 39 908 38 939 35 130 33 156 32 183 31 140
517 2.8012606867348797 -2.0135741686814441 6.4438773401120244 132 131 129 0.5098005601504948 34 224 39 984 38 1000 35 198 37 272 36 266 33 254 31 246
518 3.5754989888783029 -1.1665885555041862 9.8999824014264721 18 13 16 0.97898953453673221 34 442 39 1115 33 517 32 599 37 1199 36 505
519 -0.34464847487156586 0.56778216319740604 11.697676329684734 127 121 100 0.97188031534983188 34 1455 39 1178 38 1537 37 1902 36 1639 32 1817 40 1382
520 3.5969763211983268 -4.0841123455611958 8.398387309520194 156 150 136 0.3709471964035318 34 1283 39 1305 38 1329 35 1243 37 1448 36 931 33 976 32 1061 31 62
521 -2.1569127341305139 -2.3312055770665272 10.730813913515677 83 58 64 0.98487967128805709 34 1374 39 1413 29 654
522 -1.7034486505983466 -1.2148367769948627 11.275270664773542 48 23 27 1.0582165787521201 34 1404 39 1466 37 1619 38 452 36 1171 33 1590 32 1784 40 857 51 1218 49 924 29 1288
524 3.5306019087913261 -3.9912125526210374 8.3481638135787559 197 191 179 0.56986650188468135 34 1284 39 1610 38 1332 35 862 33 1434 31 810
525 2.7156305142860755 -2.2339498913810396 6.4075126007517236 33 32 39 0.69826415698363431 34 910 39 1627 38 969 35 896 37 223 37 1481 36 1470 33 1472 32 1634 31 886
528 2.7705732073538081 -2.1607601540146533 6.3153125070738705 15 13 16 0.73692950665350143 34 1578 39 1825 38 1675 35 1508 37 1797 36 1774 33 1473 33 1742 32 1635 30 555
529 2.7956268173368812 -1.9877099220858547 6.5353404083844184 36 33 33 0.50766181266774679 34 1591 39 1835 38 1697 35 1690 36 1784 33 1778 32 1662 31 1335 30 563
533 2.7681083365490924 -2.8179702853454112 7.270335885404914 134 119 98 1.8107465279563222 34 1986 39 2126 38 2144 37 2309 36 2244 32 2509 31 2035 30 1023
534 2.8380062332634499 -2.2412130928384566 7.3028849911233351 128 113 94 1.3564825585879987 34 1945 39 2128 38 2094
535 -0.16727332067946191 0.36626877618112064 11.4762941488449 146 141 121 1.0573776700453661 34 2010 39 2145 38 2203 35 1953 37 2378 36 2268 33 2278 50 1759 49 1429
536 3.4970134676949987 -2.0650074960590361 8.0977696302205135 210 209 207 0.79195201135164561 34 1991 39 2173 38 2189
537 3.5474819674751976 -4.6119814540764494 9.1096786238047223 132 124 103 0.48769470687141442 34 2090 39 2192 38 2235 35 2037 37 2426 36 2350 33 2360 32 2575
538 3.2502496145856674 -0.77859995474452215 10.657824207686319 2 6 16 0.80626472582913444 34 2081 39 2200 38 2228 35 2026 37 2408 36 2336 33 2350 32 2564 31 2080 30 1034
539 3.2150613219527893 -5.7437321705253854 9.4390314957942252 124 113 96 1.1313845580754083 34 2089 39 2205 38 2257 35 2036 37 2423 36 2322 33 2358 32 2610 31 2089
540 2.9946793255574065 -2.3274404876296075 6.9287114698896 28 26 31 1.481438239385219 34 2093 39 2210 38 2238 35 2038 37 2429 36 2351 33 2361 32 2582 31 2097 30 1058
541 0.8693673773313173 0.8836489131494194 11.192111132095603 162 157 137 1.3606289965885361 34 2132 39 2225 38 2276 35 2083 36 2392 33 2406 32 2654 40 1752 50 1789 30 1112
542 -0.96070594687183375 -4.7728190694995174 6.0057403941529044 137 133 132 0.19554425044186297 34 3 38 0 35 6
543 -0.75968825488779412 -4.2242667138429146 6.0905264175131855 118 113 107 0.4527032108082803 34 30 38 19 35 37
544 -2.7700696382635122 -3.9775017551257155 10.685698635070716 185 175 165 0.92957436513601499 34 125 38 68 50 907 41 34 51 443 49 427 52 508
545 -2.1516313628532364 -3.8759733759818658 10.530188443483979 139 131 125 0.96707945514269389 34 130 38 71 37 132 36 122 33 107 40 137 51 938 49 690 52 688 42 439
546 -0.35103587819903492 -3.9819671989941141 10.508007663272373 250 249 244 0.60086949898536135 41 631 38 74 36 970 37 1452 40 685 51 932
549 -1.5645359463813164 -3.9639444697016337 10.990965866859286 93 89 88 0.92658410724661255 34 131 38 96 40 697
550 2.773629892666345 -1.5656124523050092 3.7956830804163229 125 123 134 0.43622289948964821 34 116 38 107 35 123
551 2.773629892666345 -1.5656124523050092 3.7956830804163229 125 123 134 0.43622289948964821 34 115 38 108 35 122
552 2.7664760878392736 -1.5524854286954166 3.5556839866365944 140 139 147 0.68457090937382303 34 117 38 112 33 124 32 1097
553 2.7476626725943998 -1.5312114075439167 3.5065420460302192 140 139 147 0.31039098601957482 34 118 38 113 36 111
554 -2.8317333053983211 -3.5253040149275705 10.620452154646697 119 108 104 1.0731198732841165 34 158 38 114 36 151 51 712 52 701
555 -2.1618745330370812 -3.4029117844653691 10.609884632180126 52 32 41 0.58036934786138217 41 71 38 123 37 196 36 186 51 717 49 705 42 275
556 -1.8681396553666099 -3.6671457648363486 10.827863527124183 37 25 37 0.28669732499175038 34 166 38 125 37 172
557 -1.6509943118016248 -3.5907355193387103 10.872894219133144 116 109 107 0.33703943217212418 34 167 38 126 35 174 40 158 50 565
558 -1.6825727615597268 -3.6436478044500888 11.151438559857487 44 44 42 0.73815003905587362 34 169 39 170 41 411 38 131 35 175 37 208 36 190 33 1018
559 -1.63727515538279 -2.7626522108823806 11.042039009977067 193 183 147 0.51754224721907205 34 279 39 276 38 251 37 1080 36 1080 33 339 40 751 51 992 49 896
560 -1.8073780650538398 -2.5396955741556941 10.863632383643875 106 71 98 0.71466487023572811 34 299 39 301 38 288 37 1078 36 1079 33 381 40 764 41 688 50 1228 51 995 49 1060
561 -1.4657481368649243 -1.8060832605501671 11.390319208385209 72 92 146 1.0006603284479518 34 398 38 386 35 371 32 1307 51 1200 49 1074
562 -1.5159767994708231 -1.4827520852263294 10.702706403945317 20 7 10 1.5035275808669575 34 427 38 420 50 699
563 -1.4296336296218211 -1.6465021397409951 11.544845244666115 68 71 91 0.76679679609521423 34 400 39 448 38 424 35 396 37 465 36 460 33 471 31 455 40 312 50 1022
564 -1.3583364029644309 -1.6046042257385558 11.235658050660748 68 71 91 0.89270277643481855 34 399 39 447 38 425 35 397 37 464 36 459 33 472 32 551 40 313 50 1021 29 156 30 107
565 -1.2716854182190045 -1.1615260720182659 11.535345723149787 125 138 67 0.64974716849123693 34 462 38 461 36 1187 33 1224 32 1363 40 334
567 -1.4218875187566782 -0.93438219555839519 11.444693716288556 164 156 151 0.77187187661178935 34 481 38 484 39 1105 37 553 50 1279 51 1050 49 934
570 -2.6782398185117402 -0.28144097450878841 11.010544728510084 155 139 133 0.70376874140913759 34 1074 38 523 35 1364 37 1635 40 885
572 -0.90395572888156805 -0.044711474844454188 10.455904142598762 73 64 46 1.0985986993239776 34 540 38 551 37 621 36 1223 33 653 32 693 40 444 50 1089
573 -0.99306391891105728 -0.049968392991991177 10.867706066710031 73 64 46 0.84990978833760278 34 539 38 552 37 622 32 694 40 445
574 3.3689769732962507 -0.097208225348436136 7.0413001545865983 192 192 193 0.82611123209875925 34 534 38 586 35 1081 34 1442 37 629 33 647 32 1809
575 -0.5096510469385116 0.33953044411019206 11.802772924376349 169 161 152 1.4790538623620928 34 553 41 245 38 590 36 605 31 585 40 477 40 478
576 -0.37203853048585162 0.31005376610342189 10.900859266218509 169 161 152 1.0597614680962426 34 554 38 591 36 604 41 246 40 476
577 -0.54164094087891312 0.47587952299425701 10.91714233843086 110 105 102 0.68490374050530356 34 555 38 594 37 652 31 586 40 495
579 0.34778206825419961 1.4006682494617619 11.705823541298811 131 126 108 0.44501045555160629 34 577 38 646 36 633
580 -1.1941114610692365 1.8057173058168232 11.47992848122308 82 73 64 0.57555149996845012 34 606 38 664 40 1246 30 153 42 165
581 -1.5858006211921758 1.8663689152147847 10.951830587460833 94 85 68 0.92216226352166197 41 300 38 674 36 673 33 1325 32 803 40 567
583 2.6469136960399235 2.0100661626720755 6.4566777127720707 39 38 43 0.73153480638273005 39 1222 38 704 36 711 35 651
584 2.454559173681369 2.4277963413505117 6.5929122313199402 93 88 83 0.59671500020379209 34 667 39 733 38 719 37 756
585 2.6458406078008259 2.3151166866961028 6.4479698330447928 4 4 4 1.0065529290561235 39 736 38 721 36 737
586 2.6789220459801522 2.3292529369483539 5.9959795554474953 26 25 30 0.33478600042560763 39 1235 38 727 35 683
587 2.3329694566005879 2.4940927546796927 6.2504766016811271 45 36 37 0.44621698497994638 39 1229 38 731 37 764 36 760 33 777
588 2.3539134053006303 2.5798311553526982 6.3818292611482708 117 108 108 0.76423321297020819 39 1230 38 732 37 1337 36 762 33 788 32 846
589 2.6390490122215371 2.4883094912274579 6.045046297598005 45 23 28 0.49385063467195806 39 1239 38 734 35 690
590 2.6645296266607104 2.583305749666025 5.7042516679848596 97 92 89 0.60499852663170472 34 696 38 744 37 1347 33 802
591 2.8366993833857217 2.7141110827269133 5.9350488505460399 111 107 104 0.28013076441260354 39 778 38 749 36 780 37 780
592 2.8249716080118352 2.7154058980557694 5.7317895271514674 13 13 18 0.33628421762069638 39 1580 38 765 37 798
593 3.0841834943539537 2.6842440050853078 5.7482576371490826 125 118 111 0.398868851685998 39 1269 38 770 37 786
594 2.8987536752389835 2.7213595761524654 5.5737356505215914 53 49 49 0.24482221496327561 39 1267 38 784 36 794
595 3.6543851859323877 3.4791285079363838 7.0314970816406603 99 89 80 0.40045698495434745 39 1278 31 716
596 2.9729625332719678 2.8244049006868774 5.4409466188524895 72 71 64 0.63754432243410242 39 821 38 802 36 818 35 1191
597 -0.76644646806193484 -4.3867806756374428 6.1632336683476199 105 101 103 0.11014933050580596 34 21 38 851 35 22
598 -0.59144162469797346 -4.0014336748789159 6.109329831246967 245 243 244 0.67907723097371409 34 49 38 860 35 54 39 850 37 905 36 910 33 924 32 1009
599 -0.55702937998123181 -4.0072233088775882 6.0882030152870836 135 131 132 0.80344689546107129 34 48 38 861 32 2
600 -1.9262998493259347 -3.8576549832097125 10.360476664188852 255 245 251 0.66306152519871076 41 633 38 898 36 969 32 149 40 683 50 1172 51 1133 49 1004
601 -2.9899261930498593 -3.8154811874157453 10.704405976369401 153 143 133 1.0289987509981142 41 638 38 907 36 119 33 1457 40 1062 49 1012
602 -2.3779401180008017 -3.6249145872674253 10.489801634214052 137 132 128 0.44308370443325906 41 404 38 911 35 888 37 1459 36 986 33 1005 40 694 49 694 52 808 29 604
603 -2.8038491238609025 -3.3583079447595514 10.712337224277521 97 86 83 0.9000123649063223 39 935 41 657 38 928 33 1480 50 1356 52 823 42 452
604 -2.367650767256174 -3.3476849470460444 10.443329546881412 86 70 70 0.89398481848493527 41 427 38 930 36 1009 40 709 52 819 29 616 28 1106
605 -2.207177752438791 -3.4893133348946357 10.451108334449506 65 48 54 0.60821930532201396 34 162 39 924 38 931 37 167 36 161 33 1014 50 919 51 1139
606 -1.4212929157596106 -3.4870968397559321 10.701346880693205 29 29 37 0.69616134991120171 39 173 41 55 38 932 35 910 33 1020 32 1632 50 1188 49 861 51 952
607 -2.1568795572881836 -3.3133630436599106 10.648961285719148 36 13 23 0.91733707566033063 34 197 39 941 41 659 38 955 35 212 37 1479 36 188 33 222 33 224 40 728 50 1197 51 1156 49 1034 52 822 29 628 42 457 42 562
608 2.7375579842882902 -1.3235276545032977 3.463695628118832 142 141 149 0.38234352408419525 34 152 38 977 37 236
609 2.7375579842882902 -1.3235276545032977 3.463695628118832 142 141 149 0.38234352408419525 34 151 38 978 37 235
610 -2.2720095676888978 -2.9106677724008843 10.618316317333679 43 23 32 0.76726590477684276 41 445 38 982 40 743 51 982 52 719 42 462 28 82
611 -1.446002695197504 -2.8816038280675844 10.922446413115022 92 88 90 0.74678547872445611 34 283 39 277 38 1017 37 1061
612 2.8218364085703671 -1.2490181284515935 4.059038597785765 114 117 126 0.28278258817205126 34 266 38 1031 35 257 36 308
613 -1.9938108898512692 -2.5823695701831597 10.968642233732863 61 44 54 0.63720974458701407 34 975 39 1012 38 1036 35 978
614 -2.0238174077897089 -2.6050585911517348 11.065301135264033 61 44 54 0.56638969776720871 34 976 38 1037 35 977 50 1227
615 -1.7867185825793805 -2.3761300490342783 10.911083715896993 96 66 93 0.51523546540774545 39 319 41 693 38 1040 36 1543 40 785
616 -2.0616625711424272 -2.2517486889638407 10.842438421934897 29 5 18 0.51383874308470234 34 336 38 1057 37 1120 33 405 32 1259 40 242 51 1002
617 -2.1775537426351121 -1.8524071829966402 10.773467297288899 38 13 17 1.6644340116451224 34 363 38 1068 35 363 33 1163 49 907 49 910 52 740
618 -1.3483211300406155 -2.0540649739394921 10.86371167158811 21 24 25 0.76067230514070516 39 362 41 706 38 1072 37 1122 40 268 50 672
619 3.1884138316468715 -1.5263468514657985 7.1291863066956314 10 10 13 0.61242883824920402 39 1433 38 1084 37 1139 32 479
620 -2.2042775114893831 -1.6342503619618933 10.943693380583166 37 8 14 0.59487710825348339 39 410 41 710 38 1086 37 454 36 454 33 468 40 820 50 1247 51 1021 52 846 42 473
621 -1.4574880121516194 -1.491020287397832 11.182498832506338 169 169 172 0.64118039154853335 34 428 39 1082 38 1106 37 1178 33 1207 32 1332 40 844
622 -1.6921910940697171 -0.18887125173321795 10.580588733182895 106 106 107 0.54284736762115116 34 517 41 512 38 1166 36 576 33 622 32 686 31 563 40 900 49 1119 42 619
623 -0.067302361800202035 -0.28246698362055978 10.735617629971399 27 21 11 0.8528626468129169 34 524 39 1146 38 1169 35 486 37 595 36 581 33 637 32 665 31 549 40 905 50 1307 51 1246 49 963
624 3.2466035818861152 0.099352303526473659 6.9122089830403581 196 195 196 0.70139939865978562 34 547 38 1183 35 530 37 646 36 600 33 660 32 713
625 0.27330612808005744 1.7201206303337926 11.187397191260334 141 135 123 1.0318139275471492 34 608 38 1195 32 1444 29 788
627 2.8291660871191717 1.9684562673212511 6.6157815854541058 12 13 14 0.83635335840344227 39 1542 38 1218 35 1144 37 1321
628 2.6604926389188845 2.0328791408533395 6.4382856326145053 17 16 21 0.35318936606300594 39 1547 38 1227 36 1277
629 2.7262310601321733 2.1776015536582216 5.8779612543683584 36 36 36 0.86880732009376493 34 668 38 1239 33 768 31 662
631 2.8726591907938497 2.2694205587197924 5.8383144469030439 111 103 101 1.3538292893742674 34 1168 38 1246 35 1162 38 1591 37 1697 36 757 32 839
633 2.5816336318353299 2.5244942573225004 6.0793665405560198 10 8 10 0.64461288623259416 34 1176 38 1249 37 768 36 1298 32 850
634 2.8855210647138563 2.5634813903847249 5.69177197721885 26 22 19 0.25442644115211693 39 1248 38 1259 35 700
635 3.1383439091903527 2.5327675792494126 5.5498892789357814 34 25 16 0.35351713652566469 39 1575 38 1262 36 786
636 3.0605623431283537 2.7380315682407006 5.6847974706352744 114 103 102 0.40394314666370351 39 1272 38 1268 37 802
637 3.0811856047930237 2.4945508088523463 5.4044763781791136 181 171 158 0.27383937130523994 34 711 38 1270 37 788 33 805
638 3.0573723698986628 2.8532921031974352 5.7195862823810995 90 80 79 0.66532227866489979 39 1586 38 1277 37 803 36 1325
639 2.5747503231848725 2.7818458868434961 5.3657229106656201 45 46 41 0.82823345013399896 39 1281 38 1282 36 810 37 810
640 2.6917121258099241 2.765261503693011 5.3554177548620903 37 35 33 0.42775663808349068 39 1283 38 1283 35 726 37 811 36 813
641 2.6598601581771644 2.7592598674129825 5.1786861762646152 1 4 7 0.44640557396840685 34 738 38 1291 37 822 33 824
642 2.6071924483551405 1.5446604507006474 2.8856495471464458 17 0 0 0.43843620923867777 34 694 38 1299 35 719 37 1370 36 804
643 2.7776023026721046 2.7921017951009675 5.0354482523470594 33 1 3 1.1044505298108869 34 758 38 1302 37 836
644 2.9139435543027719 2.8212502013207419 5.0582023212720157 62 57 59 0.49157637662264214 34 760 38 1303 36 835
645 2.6669653600533985 -3.3569067191863557 3.8534341493382587 154 152 140 1.6944833919187019 34 1546 38 1311 37 864
646 -0.96441802986081826 -4.2189572121436258 6.23347332839126 141 137 136 0.77302015081145559 34 1273 38 1317 35 1239 37 1415 36 1400
647 -3.0747636318047937 -3.8645670182881928 10.662671853030044 116 107 92 0.42774066264411381 34 1298 38 1337 52 807
648 -2.4786162565255436 -3.8701365826592098 10.502770636269444 149 142 136 1.417419824884939 39 146 41 820 38 1339 35 124 37 130 36 1438 33 1716 40 1064 50 1470 36 1757 51 1284 49 1007 52 900 29 602 42 657 28 1417
649 -2.0169341573680888 -3.7161835250182147 11.014606630084351 72 52 70 0.34267751430743904 39 927 41 829 38 1351
650 2.8471938055737915 -1.4935085642187074 4.2986982958767888 165 165 174 0.55301048921682083 34 913 38 1394 35 900 33 261 32 302 36 225
651 -2.0659261732171865 -2.7423903945376393 10.525881984056126 37 15 19 0.17197071858984878 34 959 38 1401 37 1518
652 2.8162751755006337 -1.2350120931576805 3.9164290335658096 113 113 121 0.27629746110199538 34 936 38 1419 36 1050 32 1208 36 1495
653 2.813212486940146 -1.2323546219342858 3.9073926758964488 113 113 121 0.27699260815721677 34 937 38 1420 36 1049 33 315 32 1209
654 -1.5515187132855019 -2.2870756560512477 11.311979186108026 37 32 28 0.72864726642695909 34 990 38 1435 36 1557 40 1138 51 1194 49 1065
655 -2.2589077700032898 -1.8846288155454367 10.836142207737163 87 62 69 0.67670860358191443 34 1380 38 1450 35 1333 37 1583 33 1551 50 1389 51 1196 49 1069 52 843 29 661 42 576 28 1140
656 -1.4461472763553676 -1.6756214676514598 11.248658580504994 36 73 126 0.66150128201319325 34 1012 39 1071 38 1462 37 1604 33 1568 49 1077
658 -2.2085135682759418 -0.74440608194291968 11.154891607589828 77 53 56 1.072007099142535 34 1413 38 1506 35 1356 33 1610 49 938 52 858
660 -1.6065088854924627 -0.19445114997727631 10.552824479891289 97 102 106 0.44390120241526088 34 1076 38 1523 37 1637 36 1222 32 1400
661 0.17700029389290797 -0.11050116922392279 10.500196409993928 112 104 96 1.0709718794884442 34 528 41 911 38 1524 36 584 32 699 40 922
662 3.0370620074175148 -0.057999430249913872 7.6279394535788727 121 111 95 0.55251679150134592 34 1440 39 1727 38 1525 30 322
667 1.5204194268564126 1.5837054271465305 11.615853446358352 103 90 71 0.8805093259154767 34 595 38 1557 37 1285 36 1256 32 767 40 1255 50 1337
668 -1.5631293617786757 2.0379162451310844 10.651770030962977 92 82 73 0.96601989387033071 41 782 38 1564 37 1290 36 1263 32 1453 31 1140 40 997 50 1464 51 1377 49 1153 52 960 42 640
669 2.4816175335765389 0.70840740661868917 2.8220370044722562 61 58 54 0.39110630990293266 34 618 38 1567 35 621
671 2.5333266460136219 2.3079605276554105 6.2568469637078712 29 29 29 0.67171314850313979 34 1502 39 1762 38 1583 35 1151
673 2.7212547025406639 2.2079030511607467 5.8665275850069483 1 5 8 0.59234575872612416 34 1166 38 1587 33 769 32 1462 31 669
674 2.8254766824061157 2.2480867911277937 5.869569990708694 127 119 119 0.14373969391573696 39 1766 38 1589 35 1161 36 1290
675 2.8473068073565777 2.3081362949788229 5.9207107854605479 10 5 5 0.82070783304848938 34 1167 38 1590 32 838 31 1157 30 361
676 3.0495594276938545 2.5460164196945176 5.8477719160796182 4 2 1 0.30143213413095854 39 1571 38 1595 37 1344 36 1307 35 698
677 3.0495594276938545 2.5460164196945176 5.8477719160796182 4 2 1 0.30143213413095854 39 1572 38 1596 35 699 37 1343 36 1308
678 2.6711969482691256 2.6545418202097553 5.7867517980232011 176 168 165 0.14955310728766202 34 1185 38 1599 37 1706 36 1310
679 2.8386208834789173 2.6422985869936366 5.9248260794651921 83 76 70 0.45495994545816282 39 1569 38 1600 36 1692
680 2.5162991093763405 2.770050275134587 5.6294715126320813 56 51 48 0.73420186014086675 34 1194 39 1783 38 1606 35 1183 39 1578 37 1357 36 1322
681 2.7072489099819723 2.7371612996796895 5.6140261435938204 42 40 38 0.47796355770227111 39 1784 38 1608 37 1709 36 1323 34 722 33 812 32 881
682 2.9554541703290371 2.8072903636364028 5.6044774350983255 65 60 57 0.13742354168256513 39 1276 38 1611 36 797
683 2.2934445157501862 2.7787848074564141 5.2023902123120127 138 130 120 0.58428224887498081 34 735 38 1617 35 1185 32 895 33 1373
684 -1.0897451338736461 -4.1732176855405339 6.1882903256514696 214 212 217 0.68411826059053804 34 1271 38 1636 35 1238 35 1478 39 1597 37 1748 36 1739
685 -1.8112639092247369 -3.4541816059145591 10.628379605047916 21 20 35 0.4142042660456452 34 1584 38 1659 36 1770 33 1739 32 1629
686 -0.76526520175893764 -2.9423492965454248 9.8824611685610684 91 89 104 0.70266320819139416 34 1337 38 1673 37 1501 40 1094
687 -1.6992651056455574 -3.0516114810118129 11.189744082420587 97 89 90 0.49154188681558786 39 1369 41 974 38 1684 35 1292 37 1811 36 1505 40 1106
688 2.7941288380004639 -1.3792409241740085 3.8967942858675473 126 125 134 0.42746757967858062 34 1312 38 1691 35 1513 34 1582 37 1485 36 1474 33 1496 32 1143 31 894
689 3.178723369659437 -0.49004208631284424 6.3388765427250364 22 22 24 0.49601286704488884 34 1647 38 1760 35 1577 37 1880 36 1849 31 1429
690 0.62326251849272507 -0.27936562519232522 10.98757012157682 208 206 200 0.77593586364168909 34 1656 39 1886 38 1762 35 1589 37 1893 36 1862 33 1846 32 2094 31 1684 40 1501
693 2.9290737520585735 2.1897455207679783 5.825570764394298 114 110 107 1.209795576185291 39 1913 38 1805 37 1947 32 1464 33 1343 31 1150
694 3.1658085999142047 2.1955716891361208 5.8450361065411851 77 74 67 0.52142419611505997 34 1169 38 1807 35 1433 37 1700 36 1685
696 2.8233982179726453 2.769168639278293 5.2625801049030096 129 122 116 0.3958991795008408 34 1208 38 1820 35 1453 37 1965 36 1704
697 2.7353042289792873 2.8185525158465574 5.0464683397682686 33 13 14 0.43379307365981873 34 1522 38 1831 35 1630 37 1727 36 1706 33 1663 31 1192
698 2.5991350774232873 1.5572157939359816 2.874031741732118 130 93 24 0.50164604342984875 34 1191 38 1832 36 1329 33 786
699 2.7434946911084022 -1.3346680171835126 3.4415703015359407 144 143 151 0.32461483015760911 34 1573 38 1865 35 1497 33 1035 32 1144
700 -1.3292736195239283 -2.570108652192701 10.76760193023066 83 82 81 0.78563668327491643 34 1764 39 1960 38 1885 35 1808 37 2022 33 2122 32 2455 40 1563 49 1349
701 -2.1403604771659768 -2.1087046723205467 10.796313906951273 95 65 66 0.78861850160898506 41 1073 38 1891 30 745 52 983 29 1278 42 740
702 -2.3709446877745011 -1.3286609580800526 11.129969838850782 22 6 6 0.90843845989470617 41 1010 38 1916 40 1350 50 1533 49 1217 42 689
703 -2.3709446877745011 -1.3286609580800526 11.129969838850782 22 6 6 0.90843845989470617 41 1011 38 1917 40 1349 50 1534 49 1218 42 688
705 3.1835502234420834 -0.073726787907696198 7.8736073727022022 10 9 4 0.94108329974806537 34 1805 38 1941 37 1896 36 1631 32 2096 31 1446
706 3.2900258036454111 -0.060138072962638928 6.7042375140143191 202 201 199 0.62968310949263462 34 1806 38 1942 35 1740 36 1864 32 2087
707 3.2900258036454111 -0.060138072962638928 6.7042375140143191 202 201 199 0.62968310949263462 34 1807 38 1943 35 1739 36 1865 32 2088
708 3.2029868973758724 -0.0028556545213844244 7.7428392840894187 110 101 89 0.52455957370487594 34 1441 38 1947 33 1267 32 709 31 560
709 3.1885441599823059 0.12352689659531746 6.9557568316019038 7 6 3 0.6522520773478615 34 1660 38 1949 35 1741 37 2082 36 1867 33 1849 32 1814 31 1447
710 2.6738134614022138 0.71221438564230499 2.776413737177291 124 119 99 0.58698567123052625 34 1825 38 1958 36 2039
711 2.7067879558974242 2.098316214949731 6.4969749289777701 49 49 49 0.83548037604489123 34 1686 38 1962 35 1610 37 2102 36 1673 32 1847 31 1145 30 493
712 2.5581071400840401 0.78610330360550473 2.6746971116784501 175 133 18 0.4471659199814228 34 1492 38 1963 35 1424 37 1934 36 1667 33 1323 32 774
714 2.5672827570043606 2.3966962111818817 6.0821439267417121 118 114 113 0.38610187941063384 39 1911 38 1971 35 1619 37 1955 36 2050 32 2119 31 1706
715 2.709604631403133 2.5751062497711068 5.9333550200847514 74 66 63 0.92389185302134413 39 1918 38 1972 37 1957 34 1699 36 1902 33 1359
716 2.829477102850626 2.5598137579116185 5.8963855329736861 63 61 56 0.78327167709193535 39 1919 38 1973 37 1704 36 1690 33 794 34 686
717 2.806765106898085 2.7593701464198723 5.0550466033681225 57 62 64 0.58690548761578554 34 1707 38 1984 35 1626 37 1966 36 1912 33 1664 32 1492 31 1176 30 368
718 -1.6794255598710279 -3.1934082129454557 11.009798015176958 101 89 91 0.4305352000831828 34 1752 39 1951 38 2004 35 1687 37 2156 36 2089 33 2112 32 2374 50 1675 49 1347
719 -1.0554915013638477 -2.9699062719514173 10.711898149261225 60 59 70 0.86511274095092183 34 1880 39 1953 38 2007 35 1804 36 2093 33 2114 32 2381 31 1903 40 1557 50 1718 51 1536
720 -2.0874324769908799 -2.4246737069035045 10.9099310172902 32 15 21 0.79586019803510699 34 1761 38 2016 35 1699 36 2100 33 2120 32 2387 40 1461 30 734 51 1489 29 1272 42 787 28 1442 52 1029
721 -2.0762481396690733 -2.2405958901515639 10.906085649304877 36 12 23 0.63210903090871284 41 1072 38 2019 35 1702 39 1661 37 2174 33 1966 40 1464 50 1608 49 1350 52 1030 29 1273 42 788
722 -1.6498948650576257 -2.3514328081714146 11.197771631321045 90 84 72 0.69437272440816222 34 1768 39 1847 38 2020 37 2038 33 1969 32 2227 49 1351
724 2.9903081392990174 -0.36674069370050627 6.4515917312954993 36 38 42 0.84523941565964811 34 1792 38 2040 35 1820 37 2197 36 2019 33 2026 32 2289 31 1830 30 861 39 2052
725 3.1191314291152552 -0.34648002187746985 6.6078614257923745 1 2 6 0.83722722110493542 34 1906 38 2045 35 1823 37 2201 36 2123 33 2029 32 2292 31 1831 30 869
727 2.4941498462836438 0.66820606829517337 2.803005667771326 195 192 183 0.67400449457830203 34 1821 38 2058 35 1758 37 2097 36 2034 33 1855
728 2.4939596308123444 0.66883506713064567 2.8015508544834216 195 192 183 0.55983643307010278 34 1822 38 2059 35 1759 36 2035 33 1856
729 3.2099328997053393 2.0641456766709076 5.7978354641336525 34 33 30 0.933114394836707 34 1830 38 2060 35 1614 37 1940 36 2047 33 1644 32 1458 31 1479
730 3.0240820861954965 2.6289370071990579 5.5485161905520757 120 111 104 0.46130194910383349 34 1840 38 2067 35 1773 37 2108 36 2055 33 1889 32 2122 30 658
731 2.7552138106794035 2.7589933105524795 5.2507483366225021 24 19 25 0.56591421953669718 34 1841 38 2068 35 1776 37 2114 36 2058 33 1892 31 1491
732 2.6705077475703982 1.485462848061226 2.9627269430662184 121 114 98 0.54757685506775822 34 1701 38 2070 35 1772 37 1960 36 2056 33 1882 32 1459 33 1655
733 -1.2466892650085348 -3.311423377820025 10.812427289770136 36 39 45 0.83489339540501772 34 1943 39 2038 38 2091 35 1879 37 2264 41 1125 36 2189 33 2196 32 2516 31 1970 40 1623 50 1715 30 917 51 1564 49 1404 29 1655
734 -1.0445022732047224 -3.4649853929128707 10.918962813356222 84 87 102 1.5896877234190008 34 1944 38 2092 33 2197 32 2447 31 1969 50 1716 49 1376 29 1652
735 2.5205500047433684 -0.10629196071426375 10.649295703681808 2 2 2 0.88250152402678972 34 1965 39 2056 38 2115 35 1828 34 1907 38 2047 37 2208 37 2284 36 2127 33 2155 32 2414 31 1945 40 1671 30 778
736 3.2783598030448817 -0.027781056905875325 6.5854068385649835 195 194 190 1.2567819527771416 39 2101 38 2117 35 1902 37 2209 36 2128 33 2149 32 2409 31 1941 30 948 33 2224
737 3.2750765030541884 -0.028178093599049055 6.5759228675414088 195 194 190 1.3305129120031518 39 2102 38 2118 35 1903 37 2210 36 2129 33 2150 32 2410 31 1942 33 2225
738 1.5360995616558681 1.8036417516221226 11.111488559563627 64 93 44 0.95006298629226527 34 1913 38 2121 35 1834 37 2218 36 2133 33 2162 39 2067 32 2311 31 1696 39 2002 40 1653 30 793
739 -0.89623844328753122 -4.7408664422095246 6.3330232209875517 97 93 94 0.92446751270527294 34 1932 38 2139 35 1862 37 2306 36 2170 30 903
740 -0.73105157676719124 -4.8456007013528994 6.3291925555355402 184 183 191 1.3996847570015873 34 1982 38 2140 35 1927
741 3.0724858350927038 -0.69799913678907011 5.8309571037266874 138 8 12 1.6384621756352595 34 1996 38 2152 35 1892 37 2274 36 2204 33 2211 31 1921 30 938
742 2.907651640934263 0.76371565095942784 2.8588126795822664 35 33 27 0.71662727620994648 34 1917 38 2171 37 2294 36 2142 33 2160 36 2219 32 2308 31 1842 30 783
743 2.907651640934263 0.76371565095942784 2.8588126795822664 35 33 27 0.71662727620994648 34 1918 38 2172 37 2293 36 2141 33 2161 36 2220 32 2309 31 1841 30 784
744 3.5938359804613964 -2.1610833597609034 8.4348839539277272 214 210 209 0.75542682325092247 34 1990 39 2174 38 2188 35 1935 37 2267 36 2190 33 2258 32 2457 31 1980 30 1029
745 3.4115681925288968 -0.10607008376440721 6.6012644210786107 3 3 3 1.8773791081256725 34 2004 38 2201 35 1904 37 2287 33 2222 32 2411 37 2212 31 1938
746 3.4115681925288968 -0.1060700837644072 6.6012644210786107 3 3 3 1.8773791081256725 34 2005 38 2202 37 2286 33 2223 35 1905 32 2412 37 2211 31 1939
747 3.5226313624594421 1.7968614791812154 7.8219780807727037 125 112 95 0.65900605517420752 34 2019 38 2208 33 2231
748 2.9117071238273624 2.5947110050868569 5.9108443172588716 70 67 60 1.8513541484310199 39 2157 38 2213 37 2345 36 2227 33 2168 32 2325 31 1855
749 2.8443720941629991 2.7273043220891586 5.3165486810562514 129 127 129 0.60014471851377915 34 2028 38 2216 35 1972 37 2389 36 2285 33 2240 30 888
750 -0.35443541008361129 -3.2234065962809786 10.120288002574778 211 212 206 1.5341766042895171 41 1212 38 2237 31 2098 40 1708
751 3.3103347595528958 -0.84869284852232529 9.0887901895030332 94 85 64 1.5089522934273123 34 2100 39 2212 38 2246 35 2046 36 2334 33 2349 32 2595 31 2109 30 1084
752 2.5569592637897904 0.70412334849931224 2.7610938213691498 11 10 15 0.83168019051102737 34 2103 38 2271 35 2064 37 2453 36 2371 33 2369 32 2601 31 2115 30 1067
753 -1.5960091083916319 -4.6189534589516512 7.5263167000846991 236 235 243 1.4638998112558934 34 2126 38 2272 30 1106
755 3.7279092183596543 1.4518379021695171 10.376269442677557 90 82 61 1.4114389916738834 34 2145 38 2277 35 2071 37 2468 36 2393 33 2407 32 2642 31 2151 30 1114
756 3.0793164576897731 -0.24276443493446914 6.2173143081217486 14 13 18 2.1369811464382802 35 2082 37 2477 36 2391 33 2405 32 2653 31 2166 30 1110
758 2.9415596138017057 -2.4118472173189365 4.7123927954396665 216 213 206 1.971764311804532 34 2159 35 2096 37 2487 32 2668 31 2170
759 2.9184745131187406 2.3466826447130655 6.4760455939665444 27 27 27 1.932927974229399 34 2162 38 2292 35 2098 36 2413 37 2490 33 2420 32 2671 31 2182 30 1129
760 -2.2113729610011243 -2.5881053837762282 12.148745931649104 49 22 37 1.5019136782747859 34 2166 39 2244 38 2293 35 2101 36 2417 40 1764 30 1133
761 2.5336414382193775 0.42762655521562071 3.5598080518554864 205 203 192 0.1415895183245422 34 2161 38 2295
762 0.22098148465129394 -1.8491297991597535 10.834115932332095 37 34 27 0.85208855532836825 39 420 41 464 38 394 32 513 50 1013 51 1019
764 0.29310906506083512 -0.11238159752903419 10.313337102557048 134 132 123 1.0473956568572196 39 575 41 240 38 560 36 585 32 1410 41 762
765 -0.4471785137250156 0.33597779203032835 11.794471152220833 125 118 111 0.98808157896997528 39 635 41 247 38 598 36 606 32 726
766 -0.49996484700722515 0.53693696734859886 10.774489054557247 171 166 162 0.59784574660076828 41 555 38 607 37 654 33 674 32 725 31 588 51 1101
767 -1.5064918903043174 -1.853460331223173 11.34074706007371 10 17 43 0.42335638474713805 41 468 38 1089 35 370 37 421 49 744
768 -1.6065676878901889 -1.1049400470687611 11.371097442270118 85 72 76 1.084728662658315 41 726 38 1120 36 1184 33 1592 32 1362 31 1431 51 1224 49 929
769 -1.8969259438438755 -0.61931032276428644 11.463705293164409 39 15 27 0.71480304298584363 41 740 38 1148 50 1295 42 601
770 0.40043435532853239 -0.54863352224593553 10.588481552935068 216 215 224 0.93924830146671601 39 1131 41 896 38 1160 35 487 37 1221 36 1218 33 603 32 1381 31 532 32 646 40 1202 50 1435
771 0.52669088969082234 1.7152876494334095 11.451204849962812 152 145 137 0.86568191888191603 41 932 38 1196 39 1528 35 584 36 660 33 1313 32 1445 31 1128
772 -1.2229513018112617 -3.0722083480375302 10.955216061021963 52 51 59 1.1974905809566478 41 840 38 1389 37 1522 32 1655 50 1498 35 1534 49 1052 35 263
773 -1.3976010840891149 -1.6798803206677027 11.349439764327837 35 35 60 0.62669437232940417 41 714 38 1463 50 1254
774 -1.4922966198525922 -2.4125589640785399 11.068472640344289 48 40 42 0.76541735150055956 41 981 38 1709 35 1549 37 1828 49 1198
775 -1.8287397433891044 -2.0349574637821655 10.962108477024731 43 21 33 0.75243150485281107 41 990 38 1900 32 2242 40 1333 50 1517
776 0.12797078502845458 -1.8756650475187218 10.815423707311895 200 199 195 0.73867352016248256 39 1684 41 1077 38 1911 36 1999 33 1977 32 2027 31 1646 31 1809 40 1479 50 1621 30 594 51 1494 29 1470
777 -1.7877203344161923 -2.7901164616131373 11.072275366564735 27 31 41 0.5795941746569182 41 1071 38 2015 37 2168 50 1677 49 1348
779 -1.0271981504405971 -4.8401020315268504 6.3401346326299315 134 133 139 0.62885867373579718 34 7 35 10 37 14
780 -0.88709397026343284 -4.0046917617093776 5.8010188288104967 236 234 240 0.76673133616504507 38 847 39 840 35 34 37 1412 36 24 33 1
781 -0.66691932390535247 -4.1902055103998679 6.025815224655207 112 107 110 0.77678488539792567 39 838 35 38 37 902 36 897
782 -0.63663011010668935 -3.9950284784271233 5.7958446367537482 93 88 85 0.54094450999425592 39 844 35 40 37 901
783 -0.50480865310720169 -4.0223365514528746 5.840554896538011 112 107 113 0.87379758966712484 38 26 35 41 37 47 36 31 33 914
784 -0.75686682864622135 -3.9161809665276324 5.8321996659072228 142 138 135 1.5291284415486395 34 43 35 50 36 43
785 3.4074191803031795 -4.6933992359989851 9.4733736736308458 131 124 106 0.6997466702975863 38 48 39 77 35 74 33 968 36 1423
786 2.3059845946442783 -4.7656490920507188 9.8589881984450436 97 83 81 0.32100655158372515 34 69 39 75 35 76 37 97
787 2.5739233459541735 -4.1132920897248484 9.9503071065699018 157 142 150 0.57717491679366806 34 89 38 75 39 882 35 100 37 126 36 100 33 100 32 124 31 92 40 675
788 3.3584939626060049 -2.3578257121552935 6.3304255681463841 88 87 83 0.46292713685595088 38 155 39 917 35 140
789 2.8016499235540304 -1.6061339315053218 4.0345921321856704 156 151 157 0.45580406736720425 38 947 35 143 36 144 37 185
790 -4.5549868334208661 -3.1053684875756207 8.7570102888178329 132 116 101 1.0753258958373122 39 139 35 150 42 28 43 341
791 -2.6760186561088899 -3.6662218216830902 10.644774614954519 113 102 99 0.98883103181251897 34 157 38 908 35 152 37 163
792 2.7090186949232935 -2.1620611295892682 6.3176959247236324 105 104 109 0.73188099398247708 38 971 39 1343 35 161 37 225 36 1020 33 207 32 224 31 198
793 2.7568296870813298 -1.3367405498257137 3.6182511173870475 108 106 117 0.46382203871439714 34 185 38 976 35 168 37 1020 36 178 31 203
794 2.7539698650129902 -1.3337264919110583 3.6118220026238572 108 106 117 0.4974122289381534 38 975 35 169 37 1019 36 177
796 2.9313337391047805 -3.2360209594465377 10.054279485772708 127 127 117 0.49037326316728613 34 219 38 180 39 952 35 190 37 267 36 213 33 250 32 286 31 194
797 2.7227047335662329 -3.1261085573463281 9.9905527864309907 31 31 28 0.62808340744072888 39 218 35 191 37 266 36 258 32 1172
798 2.9798212433671569 -1.9847990821902606 6.3169716029551672 67 67 67 0.33119579334701099 39 266 35 200 37 277 36 269 33 259 32 297 31 250
799 3.0702015873282491 -2.0834766938966944 6.2698335476861313 23 23 23 0.63654495547917567 39 222 35 201 37 276
800 3.1653554127075254 -2.0756790581073123 6.3162582633678026 77 77 77 0.63706303595657288 38 1004 39 957 35 204 37 279 36 1023 32 298
801 -1.0661176876275837 -3.1029646885563014 10.814534099825824 99 99 110 0.78901716047310788 34 946 38 212 35 226 37 1034 32 269 31 951 50 1370 49 1053
802 2.7763727632291264 -2.5651688582841672 9.7330682011237357 64 65 65 0.5574955137751173 39 1002 35 271 37 333 36 342 33 349
803 2.9332544288806131 -2.65264775101351 9.7785153696952811 26 29 38 0.58986172530363079 39 291 35 272 37 334
804 -2.2583678371201636 -2.7870818519603753 10.829273451708445 96 69 74 0.28084109601183799 34 273 39 993 35 284
805 2.7475669352577614 -2.2734134830528112 9.6414797008002004 84 82 83 0.37557198785248058 39 337 35 297 36 363
806 -1.7830647471278056 -2.2801345339356347 10.791235876881458 43 19 33 0.55189399889067814 34 988 38 315 39 320 35 303 36 1097 32 1261 40 786
807 2.8286928896907764 -2.0449053518501441 9.976612954818231 101 99 97 0.54862411372754849 34 994 38 1078 39 1429 35 314 37 1579 36 1560 33 1150 32 475 31 1395
808 3.4147905762123085 -2.0029000255771736 9.634654769608245 56 87 110 0.22611342154136196 34 357 39 402 35 317
809 3.0988270275263656 -1.4371663560063854 6.2392527044685435 76 79 84 0.62718329102305226 38 379 39 1043 35 321
810 3.2101628384168839 -1.4829386740237043 6.6719054418075547 69 72 77 0.50115017359264546 34 324 38 380 35 323 36 371 33 1153 31 369
811 3.1273271199418753 -1.8628117112362343 10.080095712608008 160 114 103 0.49822563510484913 34 382 39 1077 35 349 37 442 33 455
812 2.6007636962049658 -1.608953155642066 9.9457001661804583 58 61 66 1.0699252997087745 34 414 38 438 39 1084 35 379 37 1170 31 436 40 836
813 2.7486538440829977 -1.6684793480472968 10.004619414895114 47 51 54 0.74881462577170199 34 380 39 431 35 380 37 479 33 489 31 439
814 2.9354955131964036 -1.7312543759177905 10.191941025565558 0 2 4 0.93056601354554469 34 381 38 409 39 1076 35 381 32 1316
816 -1.9043602581137291 -1.0267999089235214 10.699732858331549 41 16 19 0.44196950719754652 34 457 39 1093 35 439 37 1187
817 2.7932090397667464 -0.62060221839233998 10.975518307167343 1 2 5 0.98364613160731396 34 501 38 1161 39 547 35 464 37 571 36 563 32 652 31 537
819 2.5611411367383075 -0.46663528249852682 10.554067507456908 96 93 86 0.93250589273187445 38 540 39 583 35 491 36 562 32 1397 30 130
820 0.23636154297526354 -0.14987157842089288 10.35987230374813 216 212 210 0.84193802789036332 38 559 41 532 35 505 36 583 32 700 40 425
821 2.3607958278713488 -0.16983020650416703 10.242814433304039 121 112 103 0.76445759333157937 38 564 39 1159 35 511 37 1244 40 461
822 3.1403227920136523 -0.06163982689584227 7.360547354268193 80 80 76 0.70284625002493883 38 1527 35 515 33 646 32 682 31 559
823 -0.59721288265486794 0.65468821184842974 10.852382068318841 174 172 162 0.63842164834464799 38 605 39 643 41 251 35 546 37 660
824 -0.32076334697708664 0.87093556971587716 11.531250945777607 119 116 97 1.4665840748771934 39 1181 41 564 35 551 37 663 38 618 33 1283 32 1426 31 1102 50 1326 51 1259 49 1135
825 -1.3458668149017736 1.693323561376487 11.05583516065254 150 143 134 1.5762579927383134 38 656 35 578 37 717 36 1249 33 720 32 783 40 975
826 -1.3800904489159755 1.7213020082517481 11.227457943125358 150 143 134 0.71145856414115849 38 655 35 579 36 1250 33 719
827 0.37797327345387594 1.5119662233264901 10.785275794749934 101 94 84 0.88791654290371369 38 1194 35 582 39 687 36 658 32 1442 33 1295
829 -4.2850875438782925 1.9974145614373002 11.015416003981745 108 99 84 0.9835478747612405 39 681 41 570 35 596 43 560
830 -1.3908734180656883 1.7679367048198329 10.998377073525695 149 143 131 0.86410406701144671 38 657 39 1197 35 598 37 1287 40 976 42 637
831 3.9145042880328504 1.4938096848609042 9.6837061813264675 130 117 101 0.74604996848154992 39 704 35 603 37 713
832 2.5111996811197037 0.67715819788877474 2.8161640675340744 200 198 200 0.77750641717941504 34 617 35 620 36 687 33 691 32 747
833 2.7410326489719781 2.0386104562105718 6.3574411290307848 54 53 58 1.2952469028356053 39 1549 35 655 36 1280
834 2.5327448003788753 2.4333122768769222 6.784662297043095 37 33 32 0.39104708525100701 38 717 39 1226 35 663 37 754
835 2.7816847626994834 2.136712450458369 5.656283057804222 8 7 5 1.5048161739549264 38 728 35 671 36 755 37 1694 30 498
836 2.5568331258751598 2.3741371200251673 6.1700837066792689 97 95 96 0.39458932687616999 39 1233 35 681 36 751 33 782
837 2.6074871594461673 2.614175322261886 5.8155706261389257 137 130 122 0.96001994124424639 38 1598 35 695 33 801 32 866 31 690
838 2.7521087266625552 2.6741192746247933 5.4697687356330524 1 5 8 0.5130801673941171 34 725 38 781 35 709
839 2.7521087266625552 2.6741192746247933 5.4697687356330524 1 5 8 0.5130801673941171 34 724 38 782 35 710
840 2.7954343728820801 2.6897011635111081 5.5167965611413239 45 47 47 0.48191955683914817 38 783 35 711 37 800
841 3.1062906872946177 2.6655330497700582 5.7734982817423646 25 19 18 0.37566300490222709 39 1253 35 713 37 785
842 2.5770994687860784 1.5238577229455641 2.8526342713601034 164 134 75 0.21989358017662633 34 693 35 718 36 803
843 3.1267321182617192 2.7836152713407967 5.6634570272298506 53 44 35 0.51571281528829316 39 1277 35 728 37 804
844 2.7526932046181471 2.7696964779316833 5.1339754002589535 65 64 69 0.25078564282307658 34 1209 35 738 37 1725
845 2.989985762350881 2.8252459433697221 5.2365777578918316 10 7 7 0.65250561783558947 34 744 38 1295 35 740 37 1375 36 1338
846 2.1927532267230947 2.879219059601545 4.9990104357778478 46 48 48 0.40178238714905173 34 756 35 749 37 838
847 2.7599217664557494 2.8293036480947413 5.1411658901257713 82 81 81 0.54938546726585469 38 1624 35 751 37 1372 36 831
848 2.9586469725563744 2.7531054115774309 4.9322185122202891 18 14 10 0.27148698017517864 34 1222 35 753 31 707
849 2.1711641366764911 2.8543168061997668 4.7402671941722359 3 1 5 0.12870997106035989 34 1228 35 761 36 1351
850 2.3067638556218166 2.8754335927560288 4.7861108639502037 50 47 44 0.15075273465161768 34 763 35 762 37 1389
851 2.0776382437775753 2.8944208299791905 4.6831368648380325 144 131 125 0.57755025610867228 34 770 35 766 36 1350 37 1732 32 920
852 2.3537266839030284 2.909254172686254 4.6977683332881961 122 117 106 0.2919201274947722 34 1233 35 768 37 1391 33 844 32 925 31 720
853 2.6119835248168259 2.4383642719862677 3.0928690243719363 12 7 4 0.37713784191570571 34 800 35 809 36 1374
854 2.6242756833673737 2.5423275532954794 3.1884773671185869 132 122 110 1.44774179530509 34 1253 35 816 32 936
855 -0.97745985707220961 -4.7743553198663049 6.0647670198809296 110 105 110 1.0742744847756016 38 832 35 829 37 861
856 -0.88971876936951388 -4.5844205863494896 6.1310492829531018 112 112 114 0.85441202587185039 34 10 38 1313 39 828 35 834 37 870 36 886
857 -0.87456509024425699 -4.4339369097960821 6.1525644121725263 217 216 221 0.94952398975431318 39 1293 35 839 37 1740 38 1633 36 892 29 967 40 1265
858 -0.93683718353366241 -4.2592161061776448 6.1984405606783604 95 93 94 0.67249312202401568 38 1315 35 841 36 1737
859 -0.78047345673059032 -4.1891462728210414 6.0813630206622822 86 77 75 0.71116901159370371 34 854 39 1295 35 843 37 1417
860 3.0747371143988151 -4.0858357387352431 6.7632328336183987 154 147 137 0.20397580854695813 38 1646 36 1416
861 3.652973183202783 -4.6463570924969773 7.949412873716299 205 202 195 1.266092453589885 39 859 35 856 36 921
863 2.5390383057052892 -4.7446372448973877 9.8058370984078422 53 40 68 0.47197096827879065 34 68 38 47 39 864 35 861 37 102 33 72 32 1054 31 50 40 655
864 2.5186564513629643 -4.2537711692363853 9.7358739235591063 163 114 105 0.53775712734126935 34 870 38 893 39 875 35 867 37 960 36 95 33 986 32 110 31 81 40 1046
866 -1.8738385189709506 -3.7242623020229231 10.634725644709476 86 74 82 1.164706790673226 39 152 41 38 35 891 36 991 32 175
867 2.7314502635768103 -3.2431215833522313 10.147884890415762 141 136 127 0.47876392267657525 34 930 38 966 39 951 35 916 37 1039 36 210 33 1057 32 1170 31 884
868 3.1707529617316359 -3.239740703815825 10.025767367583335 143 128 118 0.46328042218973664 34 909 38 968 39 1355 35 919 37 1043 36 1019 33 1059 32 1173 31 885
869 2.8213179638319574 -2.125740220144734 6.4370904076199347 17 17 15 0.81945749913852439 38 1392 39 1357 35 920 37 1044 33 1493 36 1775 32 295 31 887
871 2.854011952063976 -1.4539091250032321 4.3196393799870094 156 156 163 0.27412146346442906 38 1395 35 926 36 228 33 1060 32 303
872 -2.2276422572750678 -3.2296025002061897 10.545287062256222 98 71 82 1.0720714663831774 34 198 38 1364 35 932 36 1461 41 833 33 1752 40 727 51 1296 49 1171 52 909 42 456 28 1107
873 -1.8276686870967698 -2.8376921331594254 10.734651815817964 113 83 112 1.0085666190307614 34 277 38 1405 39 1382 35 954 37 1520 36 1502 33 1108 32 324 40 1116 50 1372 51 1184 49 1186
874 -0.75570143072568463 -2.7911510716845678 10.842482122230409 35 37 49 0.8318826451997674 34 960 38 1409 39 1000 41 448 35 968 36 293 32 1197 40 755 50 1226 49 897
875 3.353897294089887 -2.3270152077545192 9.7247158478291809 54 86 102 0.55998759523325381 34 981 38 1445 39 1407 35 973 37 1561 36 1532 33 1135 32 1274 31 991
876 3.4997302677174216 -2.1494915719350369 10.081346202684708 9 27 31 1.0998903319023188 34 997 39 1431 35 987 38 1455 37 1136 36 369 36 1562 32 1736 31 1372
877 3.5583984304503655 -2.2184028465258669 10.382716184231047 9 27 31 1.3199522736604483 34 998 39 1432 35 988 38 1456 32 1737 31 1373 30 587
878 2.4071847430259763 -1.6921314752061971 9.0435563394396432 0 2 9 0.77109063663955857 39 1075 35 1003 40 812
879 2.6970084648043011 -1.9752729278235244 9.9709080938552503 86 85 81 0.45527473336668001 39 1060 35 1004 37 1133 30 91
880 2.7021338529539283 -1.980554628811936 10.002649722625581 86 85 81 0.53098902261782699 39 1059 35 1005 37 1132 32 472 40 815 30 90
881 2.8707186340178636 -1.8421232233195552 10.00181015421898 80 78 79 0.54825056146733275 38 1471 39 1444 35 1006 37 1147 36 1571 33 1174 32 1313 31 1024
882 3.2534323911630079 -1.9400640544394092 10.103007011726083 155 85 73 0.61769386960818895 34 996 38 1081 39 1430 35 1007 37 1148 33 1176 32 477 31 408
883 -1.6524856326636836 -1.5485847235459382 11.012204842206907 83 61 73 1.2509028995408686 38 417 41 718 35 1022 37 1161 36 1158 33 1204 32 1330 31 1044 40 307 50 697 51 1207 49 917 29 688 28 171
884 -0.90626810753914222 -1.0233413150682571 11.086119802432576 152 149 121 0.4335564359090045 41 486 35 1047 40 1183
885 -2.4544171326316127 -0.82085962337273233 10.952875330763083 35 12 22 0.63368979605105014 34 1412 38 1490 35 1054 37 1628 40 862
886 2.9459189757363466 -0.7107030548886345 10.432357143340178 59 59 59 0.87593363845218153 34 1060 38 1153 39 1497 35 1060 37 1214 36 1616 33 1244 32 1384 31 1074
887 -0.59676978728575925 -0.37852827203925654 11.292339022954502 163 160 144 1.0765412743291487 41 1023 35 1069 37 1641 36 1216 32 1393 50 1553 51 1448 49 1317
888 3.3744794094791559 -0.096253307624525511 7.0615605636174994 218 218 216 0.86574691534545434 34 1443 38 587 35 1080 37 628 33 648 32 1810
889 -0.87998880239880028 1.745003979759699 11.76142791887087 93 85 72 1.0277171833121832 41 779 35 1113 37 1282 38 667 39 685 36 653 33 1305 32 789 31 632 50 1453 51 1268 49 1146
890 3.9743552114716754 1.5912728878790774 10.7814676991841 83 74 57 0.68804814941907821 38 1559 39 1537 35 1123 36 1655 32 772
891 2.6133583457324745 0.69722329402821759 2.7091472763919908 27 20 5 1.4838364676607043 34 1138 35 1133 36 1891 33 714 31 1454 30 636
892 2.6061026646897099 0.75300625538723398 2.7323317742886886 138 139 129 0.74789381321925996 34 636 35 1137 36 701
893 2.6061026646897099 0.75300625538723398 2.7323317742886886 138 139 129 0.74789381321925996 34 635 35 1138 36 702
894 2.5786951112095986 0.81107687847515664 2.6839692330019664 130 91 4 0.49915840493344227 34 646 35 1139 37 1311
895 3.3491463617676578 1.857740719077726 6.6685897034742565 139 129 115 1.7508720795620294 38 690 39 713 35 1141 37 1309 36 1272 33 747
896 2.393330104006651 2.5628459611717695 6.5785459723344584 48 44 35 0.47479627690841864 38 1584 35 1154 39 1763 36 1677
897 2.5708288711650784 2.4659785276081041 6.3873174045897505 13 11 12 0.32393479489552612 38 1244 35 1156 39 1232 37 759 36 748
898 2.5478927070572732 1.5006050460816429 2.8961461176295265 34 28 24 0.38338841752207825 34 689 35 1171 37 1712 36 1319
899 2.4814427654184046 1.5154562058545136 2.8490567650915337 189 184 178 0.32239152343631206 34 690 35 1177 32 842
900 2.4583112579920066 2.7568380086828275 5.5234632328441844 55 50 45 0.38744595496782763 34 1195 38 1815 35 1182 37 1713 33 811
901 2.383237216433189 2.6356959311269557 5.1278444501885758 139 134 129 0.17044983380804676 34 1196 35 1184 36 1331
902 3.0072249691056441 2.7390601407258348 5.2936445653843025 150 147 137 0.16628638809302573 34 1211 35 1192 36 1333
903 3.0248149504979507 2.7560773071127231 5.2622612734592016 80 77 69 0.35246521488896265 34 1213 38 1616 35 1193 37 1367 36 1336 33 818
904 3.0524454776486265 2.829696073080632 5.2573586928068199 91 83 75 0.43299855221664596 34 1215 38 1296 35 1194
905 2.7927286785645156 2.8262363362199348 5.050049106205555 87 27 42 0.3874817998943838 34 759 35 1196 36 832 33 1375
906 2.101092398715795 2.8623316737276241 4.6365506967296151 45 24 25 0.19937476611550919 34 1231 35 1206 36 1352 33 842
907 2.0735100831283009 2.8866644458255335 4.5961973258117359 8 4 1 0.52405873043425999 34 1232 35 1208 36 1713 33 1386 31 1198 30 203
908 2.2144226584625133 2.4346563493383355 3.0947527805700186 29 13 0 0.20430411664521278 34 1246 35 1219 36 1371
909 2.7069133834092161 2.4838340465160695 3.1073940162579463 9 5 4 0.16567463744567112 34 1249 35 1224 32 939
910 2.5458000141449748 -4.6594303791486453 10.239876131324552 76 48 50 0.51742822169083869 34 1287 38 1330 39 1308 35 1245 37 1447 36 1429 32 1583 30 394
911 3.12923089383716 -2.233471703420876 6.2663615713821459 87 84 79 0.50733715750231922 38 1379 39 1629 35 1262 36 1455 33 1032 32 1639
912 2.757235379976096 -2.1128421667800552 6.3520767687190274 100 99 97 0.63259900362504251 34 911 38 1377 39 1636 35 1272 36 1471 33 1492 32 1174 31 1314
914 2.7827591061734287 -2.5035560699803403 9.7535658146363691 67 67 68 0.36774952499241037 38 1424 39 1406 35 1297 37 1544 36 1530 32 1243 31 1358
915 2.8493082453069642 -2.532165385859507 9.7939916108041984 1 6 10 1.4612471786986094 38 1430 39 1654 35 1298 37 1546 36 1805 33 1114 34 968 35 295 32 1703 31 988
916 -1.6020289717808227 -2.6301845600758349 11.032473040230089 100 96 76 0.65622529199842172 38 1421 41 690 35 1301 37 1535
917 2.6618235605525946 -2.3844725096887047 9.7456045772487858 98 98 99 0.51179351484723801 34 1360 38 1429 39 1405 35 1309 37 1560 36 1531 33 1532 32 1242 31 1356 40 1319
918 3.1338805582432991 -1.480439444200861 6.3278522914803128 82 86 90 0.72978632804458488 34 1370 38 1449 35 1310 37 1565
919 2.8100375928871419 -2.1834531190166229 9.9299996113936722 86 85 83 0.5032665040116423 34 1367 38 1444 39 1665 35 1319 37 1577 36 1550 33 1546 32 1718 31 1371
920 -2.3369876913715451 -2.1125340851643863 10.776577731557197 26 5 12 0.65273813307955431 41 695 35 1324 33 1542 49 1066 29 1023 28 711
921 3.2032542788961451 -1.8143321683711464 9.9994850575061562 172 82 79 0.6234307351201176 34 383 38 1099 39 1446 35 1330 37 1594 36 1146 32 1317 31 411
922 3.2239099788804015 -1.2138556813031851 6.6141407000100587 28 28 32 1.1023772573764212 38 1476 35 1331 37 1596 33 1559 32 529
923 2.6108227140394926 -1.7102901195113658 10.109516104309851 2 5 13 0.97953484953064518 38 1468 39 1687 35 1337 37 1169 36 1570 33 1194 32 1762 31 1407 40 1481
924 2.7091010169200405 -0.56840654969886062 11.165777149638661 5 3 0 1.1572764719872133 34 1431 39 1135 35 1361 37 572 37 1887 38 539 33 1617 32 651 32 1805 40 1502
925 2.8019941629223348 -0.72419553154896077 10.41140441607288 50 50 51 0.87923649630937262 38 1509 39 1710 35 1363 34 1646 37 1213 36 1203 33 1609 32 1383 31 1440
926 -1.4761728102660712 -0.2022603868358408 10.392746020415974 97 98 98 0.64353778180310572 41 893 35 1374 37 1638 33 1619 42 620
927 -0.069312047951558597 -0.12496667877024113 10.881150077582934 119 113 99 0.58234564005113432 41 906 35 1376 37 1648 40 1214
928 -0.48356248347773834 0.41856376685631508 11.758969171746063 127 124 106 0.84219174203760816 41 915 35 1380 37 1900 36 1235 41 766 33 1627 32 1422 31 589 40 1228 40 1380
929 2.550331849793944 0.61654394447554084 2.6051015331191585 25 20 17 0.57370041568297359 34 1485 35 1411 33 1288
930 -1.6213944535054565 1.9860244048047573 10.607579777699103 140 131 116 0.97524259972413196 38 1785 35 1416 32 1843 31 1473 40 1395 49 1254 29 786 42 639 28 365
931 2.6045660532085106 0.63668831096846612 2.6846205437784398 141 130 93 0.85067835030856676 34 1137 35 1420 36 1267
932 2.6036471029222574 0.78200035753670005 2.7438247164603253 30 14 0 0.4856610868406076 34 1150 35 1425 37 1684 38 1799 36 1666
933 2.6097072246157906 2.6362532383770629 5.7535359171002396 79 72 64 0.34958635696932355 38 1811 35 1441 37 1959 33 1657 32 1479 31 1168
934 2.3231950958600356 2.7540379156979737 5.3019612151249795 141 133 130 0.40588569228341786 34 1202 38 1978 35 1448 37 2110 36 1910 33 1372 32 893 31 702
935 2.7970903374631106 2.74490935095274 5.1308825517351417 33 33 35 0.6939130985212062 34 1210 35 1454 37 1724 33 827 32 900
937 2.1609842458996589 2.9627346342741321 4.5579038385238588 13 11 7 0.44683248149186205 34 1525 35 1457 37 1734 36 1714 33 852 32 1872
938 2.2185248840749074 2.491562323202317 3.14384710766041 141 117 52 0.57349047984148149 34 1530 35 1463 36 1723 33 1394
939 -0.90241854740344352 -4.6126238668094102 6.0010845415777156 128 127 133 0.8013308462560097 38 1631 39 1594 35 1470 37 1973 36 1387
940 -0.87814533437610676 -4.5030410468822542 6.1162329245045504 203 202 208 0.84468948568560265 38 1835 39 1794 35 1473 37 1976 36 1925
941 -2.080142682724051 -3.9826638336142159 11.159630650340489 81 64 75 0.6342082355424542 41 821 35 1504 36 1758
942 3.0545336730972337 -2.1961539006268223 6.262513368717622 32 22 23 0.62747185977672126 34 1581 38 1677 39 1827 35 1510 37 1798 36 1768 33 1743 32 1640 31 1316
943 3.1076098665536138 -2.0870993641575044 5.9944631315570485 33 35 29 0.73453643685399106 34 1310 38 1678 35 1511 32 1141
944 3.1117523370441051 -2.0481064594288934 6.3624513454359715 28 28 28 0.52720615450035135 38 1688 39 1639 35 1523
945 3.1117523370441051 -2.0481064594288934 6.3624513454359715 28 28 28 0.52720615450035135 38 1689 39 1638 35 1524
947 -0.51204381102179364 -3.0895740035146133 10.686442835959772 206 203 196 0.77047644978208918 41 1067 35 1527 36 1967 51 1403
948 -2.1854821338939203 -3.0233389431592377 10.623132130096304 88 65 69 0.60236717558464081 41 969 35 1531 37 2016 36 1778 51 1400 29 1262 28 1427
949 2.6093852538729512 -2.2646635800734063 9.5331170394991851 7 10 15 0.48745778000506512 34 1607 38 1712 39 1660 35 1546 36 1812 32 1997 31 1610 40 1463 30 431
950 2.7995997352848145 -2.3152258189303527 9.7883487970606797 74 72 74 0.46961342409697127 34 1366 38 1713 39 1664 35 1547 36 1813 33 1533 32 1717 38 1443 31 1359 30 731
951 3.1681679078113829 -1.0098350342201869 6.6198109056469345 46 58 59 1.1204588759165033 34 1632 38 1925 35 1568 33 1576
952 3.2129693800506933 -0.64058268953047426 6.653435285179957 6 5 11 0.61795279126976466 38 1754 35 1576 31 1427
954 -4.7017035288424669 2.128299799742825 9.9156814342662773 107 98 81 1.3022795905005924 34 1681 39 1746 41 923 35 1603 40 1393 49 1142 42 522 43 733
956 2.491686574033686 2.4038718853405667 6.4185661480841096 15 15 16 0.46253566777531968 34 1691 38 1804 35 1613 39 1760 37 1692 36 1678 33 1648 32 1854 31 1480
957 2.1577738761157672 2.878353220492059 4.9098826713243655 20 15 15 0.68770819723908805 34 1712 35 1634 37 2116 36 1914 33 1896 32 1864 31 1500 30 510
958 2.9605736983254292 2.7856538213837108 4.6540051452374742 135 126 110 0.73154947010894167 34 1230 35 1635 37 1731
959 3.1594622123003662 2.2517333982277314 3.7302592424185299 124 117 101 0.54651008078627517 34 1226 35 1636 32 1487 31 1172
960 2.24944642661649 2.5065837670334759 3.1521912812478305 26 21 11 0.66138078644799292 34 1716 35 1645 36 1920 33 1674 32 1873
961 2.7624266303192595 -3.1432809717199151 10.097612052364431 40 40 42 0.59988170468298851 34 1590 38 1687 39 1831 35 1680 37 1805 36 1781 33 1757 32 1971 31 1332
962 2.8748469004616779 -2.7462190603359899 9.8879254171738626 6 11 16 0.52239394221357249 34 1755 39 1958 35 1692 37 2020 36 1974 33 1954 32 2215 31 1786
963 2.7170733538678924 -2.0675286720173212 9.8416592335721607 29 30 32 0.56221668576509021 38 1731 39 1858 35 1701 37 2041 36 1993 33 1808 32 2014 31 1625
964 2.7662582886726033 -1.7938837640298406 9.9479247843422396 17 18 23 0.56611159063484273 34 1624 38 1913 39 1862 35 1707 37 2049 36 1831 33 1814 32 2028 31 1634
965 3.5311984543289165 -1.8729703044351402 10.032040405052649 18 67 107 0.86098112885354572 38 1914 39 1968 35 1708 36 2000 32 2029 31 1635
966 3.0537935139305072 -0.78613242642298642 6.0957265344416438 22 16 24 1.7247506664531542 38 1927 39 1983 35 1715 37 1865 36 1595 38 1502
967 0.71009519255273723 1.7720098044123769 11.572593066368844 141 133 120 0.95109612453799419 38 2053 35 1751 40 1600 30 488 29 1334
968 2.5991158419053817 0.60309923891597961 2.9482046543922187 190 187 182 1.1705318339253741 34 1816 35 1755 37 2096 36 2033 33 1857 32 1821 31 593
970 3.0512722511657691 -3.2805006989735608 10.10111121288354 25 25 25 0.51384120912799824 34 1873 38 1871 39 1945 35 1797 37 2160 36 2084 33 1944 32 2192 31 1766
971 3.1546185283730637 -1.0984934001405695 6.4815628156406122 110 57 60 0.79611402504585349 38 2107 35 1812 36 2107 37 2177 32 2396 31 1917 30 928
972 2.0708819858924299 -0.42061202919302615 10.850955440724071 9 9 9 0.97383140330318285 34 1903 38 2036 39 1993 35 1824 37 2202 36 2120 33 2147 32 2297 31 1837 40 1638
973 2.0752879629732113 -0.42288243269623554 10.911288130211023 9 9 9 0.90972620007574423 34 1904 38 2037 39 1994 35 1825 37 2203 36 2121 33 2148 32 2298 31 1838 40 1639 30 624
974 3.3706771684405967 -0.54159320640829689 11.215558831169844 116 101 77 0.90677620107821555 38 2039 39 2051 35 1827 37 2196 36 2018 34 1963 35 1900 37 2280 33 2219 32 2408 31 1937 31 1996 30 870
975 2.5279354405201171 0.62769564149704171 2.8179070665431345 4 2 6 0.7138239992666513 34 1818 35 1835 37 2222 36 2135 33 1854 38 2124 31 1453
976 2.5324163477425241 0.62895702621215688 2.8279930609162962 4 2 6 0.99496704214803611 34 1817 35 1836 37 2221 36 2136 33 1853 31 1452 30 635
977 2.6003840459444123 2.3065571211835425 5.9731669525699598 11 11 13 0.79214570578495502 38 2062 39 2072 35 1840 37 2228 36 2145 33 2052 32 2319 31 1853 30 801
978 2.5865752679823424 1.6051410300101394 2.8582183136745933 18 19 11 0.29458703704836575 34 1923 35 1848 37 2238
979 2.2482655414087822 2.7933898448855339 4.9858384055536149 137 129 125 0.52536680485285947 34 1843 35 1852 36 2158 33 2060 32 2125 30 373
980 2.241945510824094 2.7744087057637237 4.9444624552786669 137 129 125 0.58290153629256936 34 1844 35 1853 36 2159 33 2061 32 2126 31 1187
981 2.9141617349994653 2.3495169578511477 3.4127468062128243 1 3 2 1.0413586059803539 34 1927 35 1855 33 2062 31 1719 30 810
984 2.6925222249046499 -4.3211992293588679 10.354674715104661 44 42 68 0.69436182290066428 34 1865 39 2028 35 1868 37 2258 36 2179 33 2185 32 2439 31 1962 30 984
985 3.3515607149274613 -2.4977429532175597 6.3669492309088636 36 32 31 0.63768754565058838 38 2089 35 1871 37 2144 36 2079 33 2193 32 2370 31 1891
986 2.9950031609672747 -2.0106366698579423 10.166345634942004 11 9 17 1.0764606834014401 34 1950 38 2100 39 2086 35 1885 37 2319 36 2195 33 2207 32 2462 30 848
987 3.4296225684984911 -1.9116249394600384 10.301748221274549 31 24 34 1.0050443512546094 34 1954 38 2106 39 2088 35 1886 37 2272 33 2129 32 2395 31 1916 30 850
988 -2.2013930485781037 1.3405231881545994 11.00212000764043 144 137 119 1.2109094090111718 38 2120 41 1172 35 1908 42 815
989 -0.95230907412030652 1.4141855778587458 11.657932564276328 151 144 126 0.60386522873023174 41 1174 35 1909 33 2228 31 2003 40 1674
990 2.506713280588043 0.81700558398520684 2.7886112569819659 203 200 193 0.66772162474156016 34 1975 35 1916 32 2101 30 955
991 3.06840109257345 2.6237421979218762 4.9861345381629452 186 178 169 0.32540624254069656 34 1980 35 1921 37 2349
992 2.5625065746556888 -1.8505347097193419 10.333660977213896 3 6 13 0.78186831387179068 34 1953 38 2105 39 2087 35 1937 37 2320 36 2200 33 2206 32 2467 31 1987 30 926
993 2.2731899640929107 -0.44020995904340454 10.783118421534764 120 114 82 0.87742875762235173 34 1960 38 2156 39 2097 35 1945 37 2330 36 2211 33 2217 32 2478 31 1997 40 1693 30 943
994 2.6921310626048323 -0.35437162511992432 10.866197755667899 119 103 77 0.82525996200359586 34 1962 38 2159 39 2098 35 1947 37 2332 36 2260 33 2220 33 2275 32 2479 31 1998 40 1696 30 945
995 2.6939323021408836 -0.35439325866987142 10.865918756037155 119 103 77 0.78433811022386779 38 2160 39 2099 35 1948 37 2333 36 2261 33 2221 33 2274 32 2480 31 1999 40 1697 30 944
996 -4.5011376367059848 2.5590354666959936 8.7495307953233805 165 151 140 0.73377033055858798 39 2152 35 1966 40 1704 49 1446 52 1102 42 831 53 947 48 412 43 841
997 2.6095985578093979 1.4934352692996784 2.8901250786791302 10 9 14 0.78045082600828541 34 2022 35 1968 37 2387 36 2280 33 2166 32 2425 31 1702 30 649
998 2.2011520704024701 2.8550148145817018 4.923378005249079 26 30 34 0.61677229786741283 34 2029 35 1974 37 2390 36 2286 33 2291 32 2497 31 2018
999 2.3543192778531998 2.9776424128844377 4.5927118558324347 145 131 118 0.55800471652697159 34 2032 35 1975 37 2392 36 2288 33 2242 32 2429
1000 2.2657481228985055 2.4484314185229015 3.1448204238745276 7 9 11 0.79543942302735049 34 2033 35 1977 36 2289 33 2244 31 1955 30 891
1001 2.8540560055304938 2.600558816140127 3.3815368950903082 63 56 49 1.0109796448475761 34 2034 35 1978 36 2319
1002 2.5783821065714601 -4.7041588581140328 9.9536380976372172 45 47 78 0.48022585874996154 34 1984 38 2177 39 2121 35 1985 37 2308 36 2239 33 2249 32 2506 31 2029 30 982
1003 2.7196636592648469 -1.9534467770722266 9.9801912517938547 71 70 66 0.56678458370724327 34 2049 38 2192 39 2132 35 1995 37 2367 36 2303 33 2312 32 2524 31 2047 30 990
1004 2.7196636592648469 -1.9534467770722266 9.9801912517938547 71 70 66 0.56678458370724327 34 2050 38 2193 39 2131 35 1996 37 2368 36 2304 33 2313 32 2523 31 2046 30 991
1005 2.5467095555287642 -1.4191771795256536 9.9703233607868125 5 8 15 0.86690231077736957 38 2195 39 2134 35 1997 36 2305 33 2263 32 2528 31 2051 30 994
1006 2.7100126117799412 1.7533599704806473 10.683762560952973 67 97 44 1.4025808269327205 38 2207 39 2151 35 2002 37 2344 36 2279 33 2230 32 2489 31 2007 40 1703 30 881
1007 -5.0515219742201865 2.4638720164388448 10.744725827999458 102 85 68 1.4493583767488025 39 2184 35 2005 40 1719 42 849 43 871
1008 2.6722880904844826 0.81553563336834756 2.8221087864997707 132 125 106 0.95295157542570053 34 2063 35 2006 37 2413 36 2311 33 2285 32 2485 31 2002 30 956
1009 2.9358998182762597 2.239648226592684 5.8650982362882988 103 96 94 1.1614830874591409 38 2212 35 2009 37 2385 36 2315 33 2289 31 2013 30 1010
1010 2.5791064144674221 2.7277783859796059 5.397874565679742 150 143 132 0.58969479186045393 38 2234 35 2010 37 2388 36 2316 33 2290 32 2496 30 968
1011 -1.078421318731174 -4.7557163743636002 6.1373043458410184 181 180 188 0.49236806504987579 34 2071 35 2012 30 1017 40 1722
1012 3.0862233211200882 -0.81611172194043435 5.5615888627431254 17 18 22 1.8294153190227525 38 2226 35 2023 37 2371 36 2306 33 2314 32 2561 31 2050 30 1032
1013 2.3898842272999934 2.7602851868401106 5.1270181371947139 1 4 6 0.44807949373241152 34 2084 35 2033 37 2416 36 2346 33 2326 32 2572 31 2070 30 1012 34 2066
1014 2.3920596134328314 2.7626039882820614 5.1318756208863281 1 4 6 0.3538569886739219 34 2085 35 2034 37 2417 36 2347 33 2327 32 2571 30 1013
1015 2.961468759126892 -2.919067291682174 9.5806125175465837 12 15 24 1.5415264033638758 34 2094 38 2239 39 2211 35 2039 37 2430 33 2341 32 2586 31 2099
1016 3.2341727471111832 -1.8088414228061338 6.3200922491253646 22 22 24 0.67493087319423006 34 2095 38 2265 35 2040 37 2431 36 2353 33 2362 32 2587 31 2100 30 1081
1017 2.5522269137251601 2.9705753178143173 5.0924142193013351 142 134 115 1.2323473207551157 34 2109 35 2051 31 2126
1018 -5.1179514269423949 1.8292489150938238 10.131165772862955 176 166 154 1.4236712363230564 39 2214 40 1739 41 1217 42 845 43 867
1019 2.9060407347029842 2.7748764039561946 4.8900121934420131 13 13 13 2.0700116537797597 34 2123 35 2065 36 2377 33 2371 32 2606 31 2086 30 1070
1020 2.2082584627891109 2.9174601400863889 4.6477668813347215 43 37 43 0.42677500190650275 34 2110 35 2066 37 2458 36 2378 33 2372 32 2607 31 2124
1021 2.2114244349556698 2.9261137946683258 4.6637938020141805 43 37 43 0.48080119566872714 34 2111 35 2067 37 2459 36 2379 33 2373 32 2608 31 2125 30 1049
1022 -0.71735802835835505 -4.3567280019878316 7.1235384020190891 254 254 254 1.5755742910040371 34 2113 38 2273 35 2068 37 2472 36 2381
1023 2.4186375170091625 -4.565361359164501 10.056917046812586 168 125 106 0.54943174790995508 34 2128 38 2268 39 2217 35 2069 37 2465 36 2383 33 2401 32 2649 31 2161 30 1093
1024 2.9244046838527282 1.2653180536274102 4.3933856181585185 204 197 187 1.9147846298869453 34 2147 35 2072 36 2372
1025 2.4611330570770069 2.605855726473933 5.5345578663434871 144 133 127 1.9520079112575399 34 2135 35 2074 37 2470 36 2387 34 2122 32 2623
1026 2.6089917584084792 1.5786496274018722 2.8341950460998349 29 28 32 1.2762002762746163 34 2136 35 2075 32 2622 31 2120
1027 2.61465402412307 1.5854420581880113 2.8470433321892803 29 28 32 1.5400798484748619 34 2137 35 2076 32 2621 33 2395 31 2119
1028 -0.44056573453628839 0.15568821602983041 12.374191466326803 148 143 123 1.2870654600768647 34 544 39 615 35 520 41 238 39 614 38 580 37 636 32 719 31 578
1029 -0.73834700930141395 -2.5845125961522806 10.87323978549087 48 50 63 0.73999364071563778 34 303 38 1044 39 1016 35 291 33 1128 32 391 40 767 50 1231 49 1061
1030 -0.76475468217321196 -2.6199919303050985 11.031160825577018 48 50 63 0.53613883897879455 34 302 38 1043 39 1017 35 292 33 1129 50 1230
1031 0.14661300854189191 -1.9953487467763484 10.820849890753216 190 188 176 0.80033017555394192 41 995 35 1561 32 2009 40 1474 50 1619 51 1493
1032 2.6457546524755453 -2.5669602195942813 10.120602674804401 124 125 129 0.37255353153533954 34 2077 38 2242 39 2196 35 2041 37 2403 36 2354 33 2345 32 2588 31 2101 30 1060
1035 2.389906778399411 -4.6367310196261258 10.01597340228105 184 138 102 0.41367419419794699 34 1860 38 2078 39 2023 35 1865 38 1994 37 2134 36 2071 36 2177 33 2088 32 2352 31 1882 40 1660 30 822
1036 2.3885731081892585 -4.6353593025764832 10.012153758430404 184 138 102 0.39852935656749239 34 1861 38 2077 39 2024 35 1866 38 1995 37 2135 36 2072 36 2178 33 2089 32 2353 31 1883 30 823
1037 1.1334812237039813 2.6476448517258304 11.635234196614006 172 164 145 2.0313101232122643 34 2154 35 2091 37 2485 36 2397 33 2413 32 2662
1038 -0.82720975138502428 -3.9598470966749719 5.9269848578040989 136 135 131 0.99508653058970298 35 48 37 53 36 41 33 24
1039 -0.82720975138502173 -3.9598470966749679 5.9269848578040936 136 135 131 0.99508653058965657 35 49 37 54 33 23 36 42
1040 -0.45700790817124742 -4.0001520988466179 6.0242125720903399 248 246 244 0.77064622689080398 35 55 39 36 37 62 32 5
1041 2.5196591406956279 -5.0492297043468257 10.457877628676254 101 84 91 0.67510914830542534 34 67 37 99 32 78
1042 2.5270621431009261 -4.8024044407862352 9.996395576403728 96 83 106 0.34469946106536797 39 76 37 100 40 72
1043 2.2962193789387477 -4.5659374134675703 9.9206357242773553 134 102 95 0.631155630750172 39 871 37 106 32 93
1044 3.6139430983758851 -4.0230999515488071 8.2869096853698299 217 212 208 0.96357776696942654 34 1285 39 865 37 107 38 49 33 977 31 63
1045 0.71544473593783098 -4.2980716500057996 10.174648802181464 253 249 243 0.766655498050131 34 871 37 110 36 83 32 1075
1046 2.2972538390638531 -4.4136010536874819 9.8584018236406052 175 136 129 0.69189901509465279 34 76 39 89 37 113 38 52 36 76 33 984 31 75 40 1043
1047 2.3481530407603439 -4.2083457766734149 9.6851378377495294 187 137 116 0.80895967365936516 34 869 37 114 38 1334 39 1311 36 92 33 1440 32 1595 40 1278
1048 2.4377564873052342 -4.3600564150317167 10.138288653610211 145 99 61 0.25336674591825353 34 79 35 97 37 115 36 93 40 671
1049 3.6280377597230045 -3.999780190184012 8.7230609428520012 143 132 111 0.87174015026498064 38 53 37 116 39 1310 33 89 32 115
1050 0.78754832672306119 -4.2212625960473886 10.229982234523991 250 248 236 1.3406139173341327 34 872 37 121 38 58 32 1081 31 87 50 1168 30 238
1051 2.2352461048814676 -4.1176015497618321 9.9830093144473722 156 125 119 0.61929949908036197 34 86 35 96 38 900 39 880 37 123 36 98 33 96 32 122 31 91 40 673
1052 2.4248937737772946 -4.2398898294223768 10.236645035839022 172 117 80 0.65483981407466008 34 87 37 125 36 99 33 991 40 94
1053 -0.60625754700210799 -3.8160752232843675 10.456804416729858 127 124 116 0.25263579419727367 34 134 37 135 33 150
1054 0.80216075577244883 -3.9753643682392856 10.311073173104392 194 195 190 0.56877142859232221 34 99 39 121 37 138 31 116 40 103
1055 1.4331808908538701 -3.8227257172791638 10.47542947473422 126 118 102 0.60596714107337823 34 137 37 174 39 154 36 971 38 920 31 860 40 1284
1056 1.5441703703807483 -3.8967944376293273 10.637299752570726 38 35 24 0.44378770979120513 34 138 35 128 38 100 39 906 37 176 36 129 33 154
1057 3.2121402272460466 -2.315552892626263 6.3155698197991486 149 123 126 0.22014876493754221 34 147 35 138 37 184 38 944 31 148
1058 2.8859621445967685 -2.2041051213178346 6.0928132556015946 34 32 35 0.44253757784108044 34 144 37 227 32 227
1059 -2.5509766850827336 -3.1781613445105497 10.547439966891881 82 58 64 0.64001731667674533 41 86 37 248 50 937 40 184 51 733
1060 1.7584322251097522 -3.0033031068415013 9.6243029807643232 82 51 47 1.8494449000940978 38 214 39 207 37 262 40 171
1061 1.8020993921192836 -3.2379205674305744 10.669340629114197 71 32 38 0.83792447736441866 39 244 37 263 34 209
1062 2.5494232613428012 -3.2152973307100385 10.072444539886197 139 130 124 0.54593790746618953 34 215 35 189 38 965 39 948 37 264 36 207 33 243 32 282 31 191 40 1080
1063 2.8422245696640607 -2.0707365301268759 6.6470396644268348 157 152 151 0.40812318149210514 38 1001 37 273 36 267 31 247
1064 3.2424875718606661 -2.122264493014693 6.6042827585124737 24 24 22 0.63809432218796869 34 228 38 1005 37 280 36 275 33 260 32 299 31 254 30 265
1065 1.644929094402966 -3.0506072454741844 10.62668232816729 162 124 124 1.5348704634948778 39 243 37 294 35 228 32 331 40 734
1066 1.762121359950277 -2.9071254728793146 10.489052249864347 92 50 59 0.80724310080421557 34 947 35 265 37 295 32 333
1067 2.3966104216936981 -2.7301277792535736 9.894106325377038 76 56 58 0.65885214709878059 34 247 35 267 38 1022 37 297 36 296 40 1111
1068 2.8584111065613156 -1.9430604804579876 6.5829834889404051 106 99 91 0.45486104951579415 35 250 38 268 37 303
1069 3.2493531567031888 -1.8208251639817581 6.3741215749875035 25 25 27 0.57563746934763116 34 263 37 308 35 945 36 1067 32 351
1070 2.4805761452772099 -2.6595732840014557 9.8633230488324575 8 1 3 0.64895845465192792 38 1023 39 1001 37 330 35 958 36 297 33 346 32 334 31 294 40 1112
1071 2.5832589859603945 -2.5161906191466645 10.01072394099492 17 25 24 0.57126157321629933 38 295 39 1019 37 332 36 336 33 347 32 398 31 986
1072 1.8097913572276521 -2.2995788369628971 10.148290790735496 36 7 11 0.84346093450099779 35 306 39 327 37 352 36 356 33 391 32 427 40 770
1074 2.6452567477349591 -2.3805277306949022 9.9385968756510579 7 8 13 0.51172541147447925 39 314 37 356 32 438
1075 2.6144720505028078 -2.340807251235093 10.44187256398874 17 20 29 0.47836906891664926 38 339 39 1041 37 358 32 439
1076 2.8282536810371015 -2.2487116241986964 9.729365170289908 60 60 60 0.60117768833726537 34 317 39 1042 37 359
1077 1.851636891363001 -2.383251608754116 11.009179049649081 40 11 15 0.6431446537338289 39 1036 37 388 40 1145 31 1010
1078 1.8295066110159264 -2.3027110996998239 10.481140909670168 40 11 15 1.5278763746413424 39 1035 37 389 40 771 38 328
1079 2.5841049875753104 -1.9391942632913717 9.7527853563723763 69 70 72 1.1605629978034899 34 350 37 392 40 813
1080 2.853531219254231 -2.0391289677643645 10.211848154971937 36 38 35 0.48026451925013508 38 373 39 1061 37 394 32 476
1081 2.8737790447780447 -1.9764724039666646 10.044621429074402 61 63 62 0.57212164887599515 34 355 38 1080 39 393 37 395 36 1132 33 453
1082 -2.5861899177626442 -1.9741577601294149 11.06365179440559 35 13 23 0.44766868280065314 35 361 37 410 33 435
1084 0.17308475165272114 -1.82501052919507 10.840922154281522 183 176 173 0.78842156653887419 38 392 39 422 37 428 36 427 33 478 32 512 40 291 50 1011 51 535 29 138
1085 0.39758564276811137 -2.0528730819881948 10.84070887962195 176 174 162 0.69731445751880805 39 378 37 430 50 1000
1086 0.41456135538941585 -1.9775477236246011 10.860904553814697 216 214 202 0.68001394488857969 38 362 39 379 37 431 33 449 32 514 40 279 51 1014
1087 0.6553221970649723 -2.1366612433734327 11.26521543180325 157 155 143 0.74634584009453087 39 383 37 433 36 1126 31 398 40 280
1088 2.6516202507658009 -1.8987616538779564 10.039126665667085 74 77 81 0.83216985357988982 39 389 37 436 32 1293 34 1386 31 404 40 818
1089 2.659197816180094 -1.8688784960996239 9.6793149827686165 42 46 47 0.8135341357827176 34 352 38 372 39 391 37 437 36 395 40 817
1090 2.6674916828695632 -1.8779981197500424 9.7362112361327906 42 46 47 0.80961548840271136 34 351 38 371 39 390 37 438 36 396 32 473 40 816
1091 3.1433895267869847 -1.8260572130080079 9.7846434400240057 62 1 0 0.49681040287184364 39 435 37 443 36 440
1092 0.34602870247761597 -1.6478844281658114 10.968649233031764 169 167 151 1.0970991804475323 34 1014 35 403 37 472 38 1481 36 1579 33 479 32 553 32 1772 40 845 50 1398 51 1212
1093 1.4525020378532272 -1.5976794906473979 11.003841587892158 32 12 8 0.95125072249112819 35 407 39 460 37 475 36 470 33 486 31 470 40 317
1094 1.4612717139676077 -1.6675632651028574 10.897715792667228 27 13 6 0.80768495114161643 34 406 35 406 38 432 39 459 37 476 36 468 33 483 31 468 40 846 50 1260
1095 2.87268607868153 -1.7313767453792543 10.660134784392763 3 6 11 0.73337727090746929 38 440 39 1085 37 480 34 416 33 1195 32 1315 31 1036 30 457
1096 3.1345522032303466 -1.0070083755706436 6.0123854363350269 52 53 49 0.45304514843914773 39 1090 37 485 36 449
1097 1.438895353501092 -1.414917863301365 11.396843722069258 119 112 94 0.52420298012246203 34 431 38 462 37 496 33 1212 32 589 31 485 40 339
1098 1.4667330234261504 -1.4955058009682081 11.145297146170625 23 10 3 0.72160506425136572 34 432 35 1027 38 1113 39 1095 37 497 36 1164 33 515 32 556 31 1046 40 1164
1099 1.626306654824861 -1.4277153407797603 10.716247739334113 66 43 49 1.0417209249843082 34 433 35 408 39 1098 37 498 36 475 33 1214 32 1335 31 472 40 852
1100 1.5458781373803268 -1.3911613331917487 11.459270766900968 92 89 81 0.90080430313591819 34 434 35 431 38 463 39 1097 37 499 32 591 40 1174
1101 3.0882988677701677 -0.74055090398710199 6.3531454448792166 45 24 21 0.70614851725014216 34 449 37 534 33 521 36 510
1103 2.9512695559335307 -0.34782837004096939 6.1917367453727499 38 42 45 0.88799838736202907 35 468 38 1163 39 1506 37 574 36 569 33 587 35 1061
1104 0.19348495743771521 -0.26627279231976381 10.874224064602194 215 216 211 0.41956720689441074 34 1086 38 558 37 600 31 571
1106 -1.9910580219407439 -0.064153016496273543 10.787805274927903 63 53 41 0.26828092582530177 34 514 37 616 30 324
1107 -0.43545547101311288 0.25551645945763929 11.683818127131509 164 158 146 0.76368679540126794 38 1176 41 551 37 635 32 1416
1109 0.014747698912059359 0.12472832294879868 11.165808477444063 180 175 155 0.7563207714358301 38 581 39 1158 37 640 36 595 40 480
1110 3.2466035818861152 0.099352303526473701 6.9122089830403581 202 202 201 0.70139939865978573 34 546 35 529 37 645 36 599 33 659 32 712 38 1182
1111 -0.26147844538633869 0.8810184908070483 11.452651981187531 143 134 119 1.3945953336517842 39 648 37 664 32 1427 40 516 35 552 50 1116
1113 4.0839974266052961 1.5830538669112439 10.745364948180709 92 81 63 0.76718492042883835 38 1560 37 712 33 710
1114 0.61908719452001049 1.7952503671007141 11.486301986140736 111 106 87 0.91972636000694052 34 610 37 720 33 730 40 994
1115 -1.6267705829072172 1.9999522001727446 10.794706046970992 143 133 121 0.38407595002759692 41 305 37 724 40 987
1116 -1.6267705829072172 1.9999522001727446 10.794706046970992 143 133 121 0.38407595002759692 41 304 37 725 40 988
1117 2.9341729075728895 0.76011418230456207 2.8256433826198881 175 169 156 0.58810434819767332 34 1151 37 736 32 755 38 1798
1118 3.3288681724359557 1.8747788822599878 6.5415399317685798 22 21 16 0.38728001176944388 38 696 37 741 36 1275
1119 2.7825309886465797 1.9796542078012542 6.5987169591340011 8 7 11 0.6592541197248426 34 652 38 1216 37 747
1120 2.2551170482950633 2.4948130903354913 6.5944165371167811 150 139 128 0.32156815456623927 38 725 37 755 36 744
1121 2.4883317329196908 2.5899709964774735 6.3466218491046158 41 37 33 1.0005577973389048 38 733 37 766 36 766 35 1163
1122 2.670361543425499 2.6032240687214236 6.1445543939308047 54 53 48 0.33077590195064355 34 1180 37 770 32 865
1123 3.1171711615865894 2.6056256584057933 5.6241673453270158 39 32 24 0.27049100445199609 35 1174 37 789 36 1318
1124 2.745556393527421 2.6798343073236803 5.521225072308261 39 40 44 0.34812173315729528 38 1274 37 797 36 1324 34 723
1125 2.3891670853947371 2.7775042404826542 5.5909531463808255 84 75 75 0.66130673910236448 38 777 39 790 37 809
1126 2.9038182690941241 2.7595300031574448 5.261312697936833 47 43 44 0.58069721451328304 34 742 38 1615 37 815 36 1334 33 815 32 899
1127 2.7538965867126803 2.812163117851767 5.3070097742248841 6 6 7 0.23191308983586215 38 1292 37 823 36 816
1128 2.6649520601923928 1.5925472839669121 2.805130729941343 27 24 16 0.54312586551679864 34 1515 37 828 32 858
1129 2.6669653600533985 -3.3569067191863557 3.8534341493382587 153 150 141 1.6944833919187019 34 1545 38 1310 37 863
1130 -0.83959717098369524 -4.4780545804704861 5.9072690177523537 128 125 130 1.0799239463078518 35 11 38 838 39 827 37 869 36 1389
1131 -0.88813056949074287 -4.0132220514390538 5.8576284633647262 90 91 92 0.93881142420755614 38 23 39 33 37 900 36 25 33 2
1132 2.2092812635618477 -4.7690882828213876 9.9217162730515067 55 42 60 0.43915111663535089 34 863 35 858 38 879 39 863 37 945 36 929 33 974 40 656
1133 0.92387484910257522 -4.3234287130739446 10.188457387107249 178 158 135 0.47736398708073535 34 873 35 869 38 889 37 954 36 945 50 1166
1134 2.2808071324526407 -4.3659780782101798 10.014358018582332 173 128 98 0.44190288459288241 34 867 35 870 38 60 39 872 37 958 36 946 33 84 32 106 31 76 40 666
1135 2.782690685778626 -2.62032793168401 6.5269210968679596 112 106 93 2.1033594873556742 34 100 37 984 38 922 35 1486 36 1760 33 1717 32 153
1136 3.100834203806516 -2.3856615836296386 6.2573155941764904 84 80 77 0.68376685758388411 38 149 39 1336 37 1002 36 138
1137 3.0982344527430468 -2.3685878230413384 6.224790410863231 84 80 77 0.86812895002362933 39 1337 37 1003 36 139 35 135 38 153
1138 -3.1605351087957172 -3.627849133269399 11.205373953889103 158 151 143 1.3115269496184327 34 1583 37 1008 40 706
1139 -2.1178133274147477 -3.4800302776500227 10.781483529013668 93 83 78 1.5034599465016505 34 917 39 188 37 1011 35 907 50 927 51 951
1140 3.2497559880592419 -2.2930153850257384 6.3345800534473291 27 29 21 0.42062696109862968 38 946 39 180 37 1017 31 149
1141 -1.1869442724426387 -3.133558168554496 10.967107606032611 91 88 99 0.71606652539488247 34 240 37 1033 50 959 32 268 51 747 49 722
1142 1.8576653045282119 -3.2124835653739257 10.154818097247285 53 32 24 0.57575154431732301 34 925 37 1035 39 1350 36 1016 32 1166 31 922 40 1077
1143 2.3201405014027885 -3.2163589996661086 10.146379758174019 162 154 141 0.56460220666637073 34 928 35 915 38 963 39 1351 37 1037 36 1468 33 1490 32 1168 31 927 40 1078
1144 2.7695471095042437 -3.0628540677245502 10.010407855785859 15 17 11 0.56627376903201287 34 220 38 995 39 979 37 1042 36 1043 33 249 31 242
1145 2.4719006168903563 -2.8349598733842178 9.77001905634617 42 29 27 0.86245624872285198 34 248 38 255 37 1064 33 294 40 739
1146 2.6008292727472222 -2.859444062794704 9.9741379728965356 24 29 32 0.4333513028907463 34 951 35 941 38 1025 39 1376 37 1065 36 1061 33 1079 32 1203 31 960 40 1306
1147 2.6008292727472222 -2.859444062794704 9.9741379728965356 24 29 32 0.4333513028907463 34 950 35 942 38 1024 39 1375 37 1066 36 1062 33 1078 32 1202 31 961 40 1307
1148 2.9575693202283433 -1.9313074820871068 6.560704599952035 122 115 109 0.4290922913894975 34 256 37 1068 38 270
1149 3.0406496610129263 -1.8915472097116686 6.1397892184107681 18 20 19 0.96883364192478405 39 1645 37 1069 33 307 38 238
1150 3.1399451636784592 -2.0524640876806024 7.0644805809075395 161 156 155 0.37731246698528137 34 258 35 1281 37 1070 38 1417 36 1512 33 1088 32 1205 31 1347
1151 2.6700683295036569 -2.5042000262965769 9.9341836344096635 55 56 60 0.60894398514246306 34 289 37 1083 32 1241
1152 3.3811553174213014 -1.8328753812005381 6.8086449031754297 4 3 8 0.48881033561354259 34 295 38 1706 37 1088 35 278 31 306
1153 1.6585453927111222 -2.3147568957464926 10.418557652093943 48 13 23 0.78302722038289563 39 1416 37 1103 36 1105 31 1007 40 769
1154 1.778104786975764 -2.347648592298833 10.775943453577101 71 46 50 1.1045477473360417 35 980 39 1417 37 1105 38 1439 38 327 36 1547 33 1543 32 1715 40 1144
1155 2.609268935936119 -2.419445802005836 9.915818126994159 114 117 124 0.81837236515738321 34 965 39 1404 37 1107 38 1428 36 341 36 1528 33 396 32 1702
1156 -2.6055179583089743 -2.1174876689324162 11.059707969898573 38 24 21 1.2041288732328324 35 994 39 1047 37 1117 36 374 38 310 33 1540 34 985 40 799 50 990 52 738
1157 0.64042181045990543 -2.0842712491061199 10.739039975746778 235 232 223 0.84163949256236392 39 380 37 1125 36 387 32 468 31 397 40 808 50 993
1158 1.6010953315014596 -2.1096028157513356 10.246263767378293 92 46 56 0.79070982400322998 34 343 35 342 39 1053 37 1126 31 402 40 1143 50 995
1159 1.6121046214880255 -2.1745712095759893 10.576795172720153 92 46 56 0.81922689166905405 39 1054 37 1127 36 1128 32 1291 40 1142
1160 2.5734635083973338 -2.058013933972632 9.5633008040786596 10 10 18 0.68396984505903102 38 1063 39 1421 37 1130 34 349 36 1110 31 1013 40 254 30 440
1161 2.8703152294221463 -2.0045277794233876 9.7884889119088854 4 6 9 0.73519346592089818 34 995 35 984 38 1079 37 1134 39 1678 36 1561
1162 3.4682162217059096 -2.1727168517389579 9.8616464355996136 47 85 108 0.53488203518281197 35 986 38 1067 39 1424 37 1135 36 1113 33 421 32 446 31 366
1163 1.673652289239993 -1.8770465531980869 10.342869307246996 104 61 68 0.89308028556862518 34 1004 35 999 38 400 39 1074 37 1145 36 433 33 1168 32 1309 31 1022 40 1149 50 1394
1164 1.73273348688942 -1.8894416920225492 10.627095029010553 45 17 21 1.2814537155787256 34 1005 35 1336 38 401 37 1146 36 1141 33 451 32 1760
1165 0.39763422640551782 -1.7007430937764345 10.911983782512642 134 132 120 0.93214323421550671 34 402 35 404 39 423 37 1165 36 466 33 481 32 516 40 832 50 1399 29 146
1166 0.6400037160537001 -1.7630831427882432 10.941747817628507 185 183 168 0.65712259996030287 38 1094 39 427 37 1166 31 433 40 1157 50 1400
1167 -1.113698628639394 -1.3058463497657382 11.381127552312162 37 39 16 0.59375482249129263 34 430 38 460 39 480 37 1180 35 427 36 494 33 540 40 335 51 817
1168 1.4784174426929959 -1.3533561074527785 10.974751134192587 23 15 3 0.93903658733473672 34 1026 35 430 38 1124 39 1096 37 1183 36 500 33 1213 32 1350 31 1060 40 1173 50 1411
1169 1.7737812576068417 -1.390635802696391 10.79055847411542 4 0 0 0.90024110809357771 34 1028 35 410 38 468 39 1099 37 1184 36 501 33 1215 32 593 31 1048
1170 -0.84564582815495271 -1.0594001997608409 11.427523174806913 148 144 135 0.62972429984256284 34 1042 37 1192 36 521 33 1225 32 621 50 1285 29 175
1171 -0.59717613777240452 -1.0160079093361294 11.485861033228419 53 50 39 0.870143173584361 34 465 39 1108 37 1193 40 867
1172 1.2898654277510075 -1.1744323905234304 10.984541959056791 140 125 108 0.72112217161065029 38 1123 39 1111 37 1194 33 1226 31 486 40 1184 50 1414
1173 1.7408296256478537 -1.1919250490698992 10.807279653219313 7 6 9 0.9708177621690196 34 472 35 1038 38 1489 39 1113 37 1196 36 1177 33 1596 32 1352 31 1064 40 363 40 1357
1174 1.7902496198988098 -1.0266348346076415 10.537388726839067 14 14 12 1.0566201187399396 34 1409 35 456 37 1197 36 1192 33 1598 32 1801 31 1439 40 1187
1175 -2.4965914381793044 -0.92856474402202305 11.087236735097278 33 12 22 0.73950537038037401 35 1045 37 1203 33 1602 40 1176
1176 -1.9817573052393935 -0.88971111841165818 11.543241579966558 62 38 54 0.56852682366261187 35 1057 39 1101 37 1204 32 1375 40 1180
1177 -0.92326750762191023 -0.92174408786633388 10.625283481211213 26 62 103 0.71712691558187003 35 449 38 485 41 729 37 1206 36 1189 33 1236 32 1365 31 508 29 194
1178 -0.71105236022318219 -0.93015574196460915 11.268733789253234 185 178 170 0.77437000057090455 34 1058 37 1207 32 1795 31 528 50 1056 51 1052 49 941
1179 1.7875365780905128 -0.88095288595170329 11.076455452101916 21 10 6 0.98333106523271385 34 484 37 1212 38 519 39 523 36 1615 33 1242 40 879 40 1493
1180 -2.3943628186330215 -0.62068337974986665 10.935328581019434 63 43 48 0.76090463094895711 34 490 37 1219 40 364 50 1420
1181 -2.4658614115661055 -0.51807351956265313 11.094572633775289 36 15 15 0.55415343607684475 35 475 38 507 39 515 37 1220 33 1246 40 875 51 843
1183 3.1272574223214598 -0.33461799586928442 6.0313575079407631 38 40 39 1.095386972626301 38 1518 39 1507 37 1224
1185 -1.8260487889796777 -0.18974353846041953 10.721396603930108 155 142 142 1.20726005612531 34 516 35 498 37 1232 33 621 52 950
1188 -0.13076748116086279 -0.32621158896381963 10.910705152209182 217 209 196 0.90214221806971262 39 1145 37 1241 33 635 38 531
1189 -2.8808064115256293 -0.052352716132222941 11.659515439917275 161 152 138 0.67097018516052032 35 1074 38 1164 39 1141 37 1245 30 323 52 658 42 325 48 252
1190 -0.54585943696529926 0.66279651778156656 11.136810817015514 147 141 127 0.79927653584725733 41 769 37 1262 32 731 40 499
1191 -0.24567162906441309 0.96369883547890089 11.487194606270766 116 112 100 1.8359767138233043 34 1101 37 1265 36 618 33 1284 31 617 50 1120 40 528 49 1138
1192 -0.73457380092345481 1.4809200136361289 11.728083360873644 139 130 115 0.96650682050220149 41 576 37 1273 36 1242 40 963 50 1129
1194 0.40505989806081777 1.6316791752064008 11.20074109835684 101 93 89 0.89751928661194569 34 592 39 688 37 1283 36 659 35 1117
1195 3.0843166932387374 1.8762545318233845 6.5098381635552105 45 43 44 0.69074935591900266 39 1545 37 1307 32 820
1196 2.6123515101706252 2.0588198387410879 6.6796133112695104 19 15 11 0.55643714808648026 38 1226 37 1316 39 717 33 1333 32 816 31 646
1197 2.6014286531052639 2.2643571107634859 6.3278067660745663 10 10 12 0.57786868939009028 35 1149 39 1761 37 1324 36 1675 33 767
1198 2.4625116015211095 2.5465490729169575 6.6437283145227788 50 47 39 0.26853152222014043 38 1241 39 1554 37 1327
1199 2.5418923530013946 2.2933784332060236 6.025696081103785 17 17 17 0.97834251144231366 34 1165 37 1330 36 747 33 1348
1200 2.9141717475261992 2.2333678336773701 5.8201366280320794 73 74 65 0.47483099791500694 38 1592 37 1334 36 1682 33 772 32 840 31 674
1201 2.241053609764756 2.5543435637111269 6.3338944153300192 143 133 123 0.53269546949301294 38 1247 39 1558 37 1335 33 787
1202 3.0738661052085394 2.5307573799220555 5.7958256373398562 66 62 56 0.54650571777089307 35 1170 38 740 37 1345 34 1182 36 774 36 1693
1203 2.803512496168254 2.6621341664799543 5.8784403678084001 66 65 61 0.2343086237383106 39 1570 37 1348 36 1312
1204 2.8261694406698816 2.6235110304663691 5.5780284337053203 31 3 4 1.2279993713091075 34 1187 37 1350 36 1315 33 1366 33 1367 32 882 31 695 31 696
1205 2.980305690736436 2.6398460445857936 5.5564010041698362 108 104 103 0.98372144420079888 39 1582 37 1359 32 885 36 1696 31 697
1206 2.5143796519796733 1.5381466565096424 2.4879523195121833 23 14 12 0.28115502137225507 37 1384 36 1340
1207 -1.0266884334301285 -4.2261156899590109 6.2674598428388659 138 138 136 0.63864020354237683 34 1272 37 1413 36 1398
1208 0.96393824291346275 -4.9168460228274533 10.412139836688519 218 215 208 0.56144550401714721 39 867 37 1443 38 877 36 927
1209 2.0803581930041979 -4.7651151564381644 10.049205838944978 174 172 167 0.58042578778521325 34 1282 35 1242 38 1326 37 1446 39 1609 36 1422 32 1582 31 1256 40 1275 30 233
1210 -2.1370493102042958 -3.8153072230103935 10.623521912824767 149 130 123 0.67694746265569616 34 1299 39 1326 37 1451 36 1440 33 1461 50 1352 51 1288 49 1008 29 606 28 61
1211 1.1550377421554721 -3.9666328197174181 10.493298175878286 189 184 168 0.84057492046741777 34 135 37 1453 32 1931 40 1055 30 32
1212 2.72988256689244 -1.3244589497863761 3.4082185804754439 146 145 153 0.24015772560663726 38 1864 37 1473 33 1036
1213 3.0630889447629785 -2.2480380484496454 6.5007927163463419 91 70 76 0.37417114616658709 34 1579 35 1263 38 1676 37 1483 36 1472 33 1474 32 1636 31 888
1214 -2.7267117134646539 -3.2048091615423471 10.78274685936336 31 17 17 0.5804679148843912 41 667 37 1490 51 1162 38 1667 40 1082 49 874
1215 2.155823345658523 -3.233417852031867 10.244593383396911 142 134 128 0.61778190206945105 34 1319 35 1267 38 1372 37 1504 36 1464 33 1488 32 1656 31 1329 40 1295
1216 2.155823345658523 -3.233417852031867 10.244593383396911 142 134 128 0.61778190206945105 34 1320 35 1268 38 1373 37 1505 36 1465 33 1489 32 1657 31 1330 40 1296
1217 1.9729115027456656 -3.1393130971593779 10.384807270758362 22 10 11 0.73747194088904666 34 927 35 938 38 992 39 1373 37 1506 36 1039 33 242 32 1167 31 923 40 1096
1218 2.2471061631259102 -3.2525524950231133 10.22366120830667 14 6 0 0.60545003537527242 34 1321 35 1269 38 1374 37 1507 39 1633 36 1467 33 1053 32 1658 31 882 40 1297
1219 2.2471061631259102 -3.2525524950231119 10.223661208306664 14 6 0 0.60545003537528275 34 1322 35 1270 38 1375 39 1634 37 1508 36 1466 33 1054 32 1659 31 883 40 1298
1221 2.8417913114258297 -3.2916559429138701 10.134294082929157 43 36 27 0.71556035119567574 34 907 35 918 38 967 39 1353 37 1510 36 1469 33 245 31 193 32 222
1222 -1.0862661045621937 -3.0978762993255931 11.010569897951267 60 58 69 0.78144045661155437 35 1294 41 681 37 1523 49 1183 29 645
1223 2.696547448958555 -2.9097944078975835 10.137039503177194 75 77 77 0.2973170945313201 34 1340 38 1415 37 1525 36 1510 31 1344
1224 -2.0279466300346005 -2.8070119810574279 10.967967409859703 62 47 54 0.55560065471110065 34 1352 38 1403 39 1385 37 1533 36 1054 33 1518 50 1375 51 1182
1225 -2.0237522892004103 -2.8000646585353288 10.948584672522639 62 47 54 0.52681571539142713 34 1353 39 1384 37 1534 50 1374 38 1404 51 1183
1226 -0.7052946876335352 -2.8526421363966845 11.515565644632089 99 98 108 1.4424414119116502 34 1357 37 1537 32 1992
1227 2.5580527034967453 -2.6511032155883343 10.025634203174642 83 87 86 0.58558942385089963 34 1358 38 1047 39 1388 37 1540 31 962
1228 2.6726621172069986 -2.5220022780020916 9.6270438788311612 67 65 68 0.3534161072843518 39 1389 37 1541 34 966 38 301 36 1086 32 397
1229 2.5119510411160024 -2.5135894300010744 9.8858999830784491 105 106 105 0.52685142231139359 34 1359 35 1307 38 1423 39 1402 37 1542 36 1084 33 1521 32 1239 31 985 40 1318
1230 2.8046625431053531 -2.6889666214392944 9.9409361159933738 34 33 34 0.69260880029052785 39 1390 37 1543 36 1511 33 1112 31 963
1231 2.7722832116971561 -2.4649234625456398 9.9540466805186583 42 39 38 0.56267770545933649 34 967 37 1545 36 1087 32 1244 31 989
1232 1.5524782205797307 -2.3446028035318021 10.474053160807287 70 39 44 0.69585785956917645 34 1364 35 1317 38 1438 39 1415 37 1556 36 1104 33 1531 32 1266 40 1323
1233 2.5135541016090039 -2.3004908649158993 9.8227599652996833 17 17 23 0.73852116982796479 34 1365 35 1308 38 1441 39 1663 37 1558 36 1548 33 1132 32 435 40 1327
1234 3.2301414654807767 -1.5696581685902387 6.3814915323416557 45 34 44 0.63813940564142191 38 1715 37 1564 34 1602 32 1277
1236 0.67079619341510932 -1.8433293943462286 11.097777050289706 166 164 150 0.80259772735853618 39 1073 37 1588 36 431 33 1570 31 432 40 833
1237 -1.2003461041581351 -1.5933699089807281 10.916970820178488 50 49 63 0.6233932323121808 34 1013 39 1454 37 1605 40 842 49 1078
1238 1.5583350658580455 -1.7277226767289489 10.408590686438757 92 56 55 0.74008475796888817 34 1385 38 1465 39 1437 37 1607 36 1140 33 1572 32 1759 40 1343 50 1532
1239 1.519664734314877 -1.699995351989851 10.884263033860528 128 107 100 1.065010763707948 34 1390 35 1335 39 1695 37 1608 38 1110 33 1571 32 1773 31 1403 40 1344
1240 1.6518114819654075 -1.7653234640850406 10.965609614833811 97 61 65 0.85463069798496016 34 1016 35 1014 38 1095 39 1438 37 1609 33 1192 40 1158
1241 3.0040587024777667 -1.7542471358102714 10.957994344020072 30 33 38 1.1343335828403869 34 1393 35 1567 37 1611 36 1145 33 1574 32 2043 31 1650 33 1821
1242 -0.81135275800213869 -1.1129710585965953 11.337437464498034 44 40 35 0.75755725873884072 34 1041 35 1354 38 1487 37 1621 39 499 36 1604 32 2069 31 1435 51 1046 29 702
1243 1.4797784021230076 -1.1896431244625274 10.886035168810658 162 148 122 0.74330382896284908 34 1407 39 1480 37 1622 31 1062 50 1415
1244 1.4993981292159633 -1.1147951746752673 10.915901816999 71 56 27 0.88372001146691526 34 1408 35 1355 38 1500 39 1481 37 1623 36 1606 33 1597 32 1800 31 1063 40 1185 50 1543 30 466
1245 1.4884802097200613 -1.0476224619500945 11.045337054936271 139 124 100 1.0301538613452892 35 1051 39 1482 37 1624 36 1607 33 1595 31 1437 50 1545 30 311
1246 0.015539310328917718 -0.19390286608168994 10.453776114931427 197 190 182 1.4084200227342201 35 1076 37 1642 38 557 36 1628 33 1263 32 1408 31 1090 40 1215 50 1554 30 134 51 1456 29 732
1247 -0.48397632942040242 0.57757318757989096 10.851071772574914 92 89 81 0.64758060888860935 35 1093 38 1536 39 1176 37 1652 36 1237 33 1280 40 1233 50 1445 29 746
1248 0.2447812323160648 1.3100918520594351 11.832543435666075 131 126 106 1.6406935799321616 34 1466 35 1390 37 1662 33 1852 32 1828
1249 0.25727087622126771 1.3326955384198922 11.873932290732018 131 126 106 1.1504989191452895 34 1467 37 1663 32 1827
1250 2.8345456959109385 2.054808440539734 6.6246543266258637 20 20 19 0.30091495907099713 34 1497 37 1689 36 1670 33 1336 31 650
1251 2.8746666941859105 2.2054461581307585 5.8172251573871963 113 110 104 0.41549270906609681 34 1505 35 1438 37 1696 36 1681 33 1344
1252 3.2138118273492671 2.1564330838113359 5.7754938768389845 77 74 67 0.8650610331433144 34 1171 35 1153 37 1701 36 1684 33 775 32 841 31 1152 30 354 38 1808
1253 2.3540519989572397 2.636858698037309 6.3910239053066809 100 95 93 0.24797120892884239 39 1563 37 1702 36 1294
1255 2.6855747545350401 1.5604018075523689 2.910852924626679 37 32 26 0.98624023686192996 35 1446 38 1830 37 1719 32 1469 33 1656
1256 2.3105765301490839 2.7733335650789326 5.1411355276709791 10 6 4 0.22910978562159867 38 1618 37 1720 32 897
1257 2.6986798373637573 2.7618534469832392 5.2273047428351109 38 39 42 0.56173728986863469 38 1826 37 1722 36 1701 32 898
1258 2.9546436627305384 2.7221071066268956 4.7577280886240843 66 65 61 0.83681832371663134 34 1225 35 1199 37 1729
1259 3.0639724084018365 2.916077708290437 5.1339641845457171 66 65 61 1.0257591489594484 35 1198 37 1730 34 1224
1260 1.4151459791763452 7.6855286388049242 11.944690476674721 207 212 218 0.56337666331948444 34 1536 37 1735 36 1917
1261 -1.1119468128674028 -4.259955971854712 6.7811978536628379 172 175 182 0.55592469817088697 38 1319 39 1604 37 1758 36 1403
1262 0.99072642377732145 -4.4626103587916601 10.24198258281158 118 106 92 0.65800580221034066 34 1286 35 1481 38 1649 39 1611 37 1775 33 1437 36 1432 32 1920 40 1429 50 1346
1263 2.2618606541045296 -4.1628849139120749 9.8118349235732811 195 148 67 0.72532404596877376 34 1729 35 1482 38 1650 37 1777 33 1710 32 2168 31 1538 40 1539 30 692
1264 2.5483398246342714 -4.3135679728119181 10.163154565684023 173 138 36 0.56778906395533324 34 1559 38 1846 39 1803 37 1778 36 1749 33 1712 32 1923 30 529
1265 3.3750812848788465 -2.847358935468689 6.9046391959073308 215 219 215 0.37798911054942191 34 1291 35 1489 38 1342 37 1783 36 1754 32 1603 31 1277
1266 3.2199090357715816 -2.5772579190641332 6.3996970705187337 58 58 56 0.38902337436603912 34 1564 37 1784 36 1949 33 1718 32 1933 31 1553
1267 2.9140396471977641 -2.4384270987551746 6.4312992133802886 166 166 164 0.34291080851419092 34 1572 35 1495 38 1665 37 1789 36 1762 33 1733 32 1942 31 1293
1268 2.9258881173665063 -2.3379023616246184 6.3047570481300843 23 23 25 0.42636193063401739 35 1496 38 1356 37 1790 36 1454 39 1334 32 1613 31 1294
1270 -1.8558068155604164 -3.2577409475204786 10.925248869928403 28 25 43 0.37179247995230541 35 1279 39 1347 41 839 37 1802 40 1090 50 1365
1271 -1.2306798264361771 -3.1248777693149745 10.846000995300875 88 87 93 0.69641931898036524 34 1594 39 1371 37 1804 33 1772 32 1967 40 1312 50 1489 51 1402
1272 -1.6446261384794392 -2.9969784326924729 10.979718559887861 103 94 92 0.49628468989990931 38 1685 41 975 37 1812 40 1105 35 1293 36 1794 39 1370 36 1504 50 1367
1273 1.6769577604214712 -2.107974935597452 10.298485216272123 134 86 100 1.1500928268549648 34 1377 39 1857 37 1838 38 1452 36 1559 33 1544 31 1632 40 1467 50 1614
1274 1.8797455689505871 -2.177208704099804 10.365282932201964 69 39 46 0.47930094665130041 34 1612 38 1896 39 1849 37 1840 36 1811 33 1805 32 2011 31 1621
1275 1.9763124028644985 -2.1419804693935682 10.348695781387272 19 14 22 2.1356784764322092 34 1614 35 1551 37 1841 36 1822 33 1806 31 1367 32 1292 38 1453 33 1146 35 981 39 1418 30 439
1276 3.1892009579496929 -1.403043757263013 6.3252561645016456 25 26 28 0.6653105140788621 34 1608 37 1844 32 1721 31 1376
1277 -2.3130797397867044 -1.7659419728644539 10.800638471883783 18 3 10 0.49419734183369102 41 867 37 1846 33 1817 30 603 51 1430 49 1208 52 990
1278 1.6372453728875542 -1.7811355870547727 10.375817021615145 131 81 90 0.71751142514516142 34 1622 38 1737 39 1685 37 1849 36 1569 33 1554 37 1589 32 1758 31 1404 40 1480 50 1623 30 595
1280 -2.1430667112361039 -1.5204026893997793 11.037676687609519 80 54 50 0.79330895915948751 35 1342 37 1855 33 1579 32 2041 51 1327 29 683
1281 1.454612140480934 -1.1662295275098562 12.189240253435393 133 119 93 0.22840024204658363 34 1641 38 1751 37 1870
1282 1.454612140480934 -1.1662295275098562 12.189240253435393 133 119 93 0.22840024204658363 34 1642 38 1750 37 1871
1283 -2.4833710251542689 -0.71059344488227116 11.070923930778694 24 7 15 0.79019226475890547 35 1578 39 1706 37 1873 36 1611 33 1840 40 873 34 1052 49 1093 38 1504 42 483
1284 -0.60533575735676382 -0.92937511861456412 11.213318248791479 181 175 161 1.170339243898421 34 1421 37 1877 33 1238 32 1366 41 494 31 511 40 352 33 579 50 1542 29 198
1285 -0.63389747229917004 -0.57467230667391112 11.3379109500959 128 122 106 0.36595773041067375 34 1429 37 1885 29 1064
1286 -0.036571161499467389 0.93617572740594868 11.670981243033197 131 126 106 0.95295462746560766 34 1666 37 1903 35 1098 36 1641 33 1628 49 1140
1287 -0.59342902960368715 1.4944031581155595 11.866394620904874 148 139 124 1.3179232331955126 41 296 37 1908 32 759 40 1390
1289 -1.532318982234314 1.723130842844415 11.629227362489807 95 87 76 0.98522009585423698 34 1472 37 1913 36 1874 32 2103 31 1468 29 768
1290 -1.5070661225902588 1.8928487582031925 10.835263285658247 186 184 167 0.52604584810106725 34 1482 37 1918 33 1873 42 715 28 1549
1291 3.6870461721105965 1.5358395400582148 8.6556765989980367 167 158 141 0.42331890290832686 38 1787 37 1923 36 1888
1292 2.4870734339413585 0.70612116779199519 2.8195739438555059 63 58 52 0.33040097690207682 38 1792 37 1928 36 1889
1293 2.661244849431343 0.7090733434778993 2.754711723251003 134 129 110 0.82502907337724585 34 1826 37 1930 36 2038
1294 2.5371217268223507 0.86375448268612753 2.7822660104769161 196 193 184 1.0523029366809009 35 1608 37 1933 33 2045 36 2222 31 1112
1295 3.0490343482789464 1.9792802532738591 6.5853235670717289 17 17 17 1.0209802694370196 34 1684 35 1428 37 1935 36 1894 33 1641 32 1455 31 654 30 163
1296 2.4875321181512962 2.22900889891701 6.6178683132277492 151 143 126 0.56815522726851231 38 1800 37 1936 36 1672 32 827 35 1147
1297 2.3825518458058728 2.4766087147247315 6.6964921292976909 141 134 124 0.46610340691359564 34 1500 35 1611 37 1945 36 1896 33 1346 31 1154
1298 3.1685334513110432 2.2098985257680699 5.7771045653915776 115 105 104 1.707699820455606 39 1769 37 1949 36 1686 31 1151 30 500
1299 -0.97953788953025389 -3.9923679214348393 6.196287202930483 236 234 240 1.1214501597702384 39 1798 37 1981 36 1927
1300 2.1886057215662973 -4.232832014147518 10.173259526367286 44 31 50 0.75972188223048065 34 1728 38 1850 39 1802 37 1990 36 1752 33 1927 32 2167
1301 2.5023882089651917 -4.158139257638414 10.112678397007217 100 69 62 0.57037182025538347 34 1730 35 1655 38 1851 39 1930 37 1991 36 1934 33 1928 32 2169 31 1752 40 1540 30 694
1302 3.1862780854370589 -2.9823591893340313 6.9433195828809344 62 57 51 0.88981546981796034 34 1731 35 1656 37 1992 36 1750 33 1714 33 2092 32 1925 31 1540
1305 -2.5039151575928091 -3.4190441758218686 10.472948145714795 68 53 58 0.83857424078408815 35 1515 41 964 37 2006 50 1596 30 551 51 1392 49 1269 42 665
1306 -1.9776990372990373 -3.2813362211958754 10.672773305443606 58 42 54 0.63099416429942679 34 1749 35 1685 37 2008 36 1959 51 1486 28 1689
1307 2.042208069563249 -3.275752200326175 10.337963346219571 26 28 32 0.66968234415982941 34 1750 35 1679 38 1870 37 2017 39 1943 36 1962 33 1943 32 2203 31 1777 40 1553
1308 1.9471099658616093 -2.9261223412588997 10.259582891838447 110 78 87 0.92106007045426419 34 1754 38 1882 39 1955 37 2019 35 1689 36 1973 33 1776 32 2214 31 1785 30 712
1309 -1.4067017866310074 -2.6502423651610747 11.162002599949801 88 86 90 1.0828353383415297 34 1765 35 1809 39 1959 37 2023 33 2121 32 2454 40 1564 50 1720 51 1566
1310 1.7964769275085903 -2.6685875356358064 10.5469036571426 80 45 52 0.67879831862199413 34 1758 39 1961 37 2025 31 1790
1311 1.651308427903909 -2.4335020438764463 10.278762275031244 170 121 135 0.66779327180059389 34 1766 35 1696 38 1886 39 1844 37 2032 36 1978 33 1960 32 2229 31 1791 40 1565 50 1722
1312 -2.4491643844773616 -1.8876537434052096 10.865255630181251 72 44 57 1.014930685247192 41 989 37 2044 36 1996 50 1616 30 602 51 1423 49 1288 52 987
1313 0.63839340877102468 -2.0175635013476483 10.927704577723837 163 161 148 0.76642413016714783 34 1775 35 1706 38 1904 39 1856 37 2048 36 1992 33 1978 32 2245 31 1798 40 1476 50 1682 30 748 29 1471
1315 1.737927629753766 -1.1423401376866371 11.163110786739034 95 89 79 0.85933181265243319 34 1788 35 1727 38 1934 39 1980 37 2067 36 1844 33 2021 32 2282 40 1581
1317 0.68976406698914938 0.43273427508317913 11.402234369325557 143 138 118 0.97560241560087413 38 1946 39 1893 37 2084 36 1868 33 2040 32 2099 35 1746 50 1652 40 1515
1318 0.50185832576152345 1.3969788739072861 11.550257275624766 158 153 133 1.7441774056239352 38 1777 39 1896 37 2086 36 1869 32 2417 31 1691 50 1698 30 880 36 2214
1319 2.8739190549074287 1.5948518762101471 10.680457194804516 121 122 96 0.86192437102772446 38 2055 39 2004 37 2092 40 1604
1320 2.889385060638701 0.81447269298940295 2.9047770368627956 164 160 146 1.5929471919593856 34 1680 37 2099 33 1864 36 2040
1321 3.269860409227066 1.9238592760653823 6.5102374070647766 17 17 17 0.45283617479324728 35 1429 33 754 32 821
1322 2.3681119316276904 2.5148633102794915 6.3184913977687955 42 37 31 0.36081804961593839 34 1833 35 1765 37 2104 31 1484
1323 2.5985546827992798 1.5771744071780682 2.9467590932602019 206 142 40 0.50290086250507049 35 1845 37 2112 36 2155
1324 2.1932086313876291 2.8371581022879595 4.7858065312708966 48 49 54 0.64675952070108056 34 1713 37 2117 36 2060 32 1865 31 1197 34 1523 30 374
1325 1.540143741692529 8.7160394101740888 13.459484223182995 250 252 254 1.3406397295946766 34 1850 37 2120 36 1719 31 1737
1326 2.2395464604559945 -4.9099082432766803 10.041976737717878 173 166 149 0.79122190627393751 39 1927 37 2132 35 1654 31 1879 40 1612 30 691
1327 1.0235014731781256 -4.7104100610378614 10.268353553346605 255 254 245 0.76022741179854414 34 1859 35 1787 38 1993 39 1928 37 2133 36 2070 33 2087 32 2351 31 1881 40 1537 50 1580 30 821
1328 2.1730063827744281 -4.3038197408105257 9.937162306684904 48 34 61 0.49049656655954804 34 1726 35 1789 38 1845 39 1929 37 2136 36 1932 33 1925 32 2162 31 1748 40 1538 30 825
1329 2.6612375966251962 -4.3774953038964295 10.145899549923959 39 34 64 0.40702028343636648 34 1863 39 2026 37 2137 36 2075 33 2091 32 2358 30 826
1330 1.5373964088294265 -3.4213346400668567 10.474909305617185 56 46 53 1.0443720513051218 34 1746 35 1676 38 1867 39 1829 37 2151 36 1960 33 1941 32 2190 40 1551 50 1712 30 834
1331 1.5373964088294265 -3.4213346400668567 10.474909305617185 56 46 53 1.0443720513051218 34 1747 35 1677 38 1868 39 1830 37 2152 36 1961 33 1942 32 2191 40 1552 50 1713 30 835
1332 1.8348464590920741 -2.9326572505564972 10.341067950212443 65 33 40 0.83807992449718016 34 1753 35 1688 38 1881 39 1954 37 2164 36 1972 33 1951 32 2213 31 1784 40 1625 30 720
1333 2.0565103909532114 -2.7997929209960604 10.200176830332879 12 7 19 0.58519078515297906 34 1881 35 1805 37 2165 33 2119 31 1904 40 1626
1334 -2.1044455259770314 -2.5764121118785428 10.894218995756816 27 11 21 1.2020669547129725 34 1760 35 1694 37 2167 36 2095 41 1131 50 1678 51 1488 42 786 29 1457 28 1699
1335 1.5979698737819343 -2.2799578241156442 10.359254249216786 78 43 49 0.75038476012723576 34 1883 38 2021 39 2041 37 2172 36 2101 33 2124 32 2389 31 1909 40 1628
1338 1.5105673342435268 -1.2388274258694421 11.11056717859076 140 128 107 0.85048646951873264 34 1898 35 1720 38 2030 39 1974 37 2186 36 2004 33 2019 32 2269 31 1822 40 1578 30 859
1340 2.9113750737959969 -0.4450292644535106 11.076453260608913 22 22 13 0.9205847572166399 34 1905 35 1826 38 2038 37 2204 36 2122 33 2033 32 2301 31 1834 30 771
1341 1.2039188946515971 -0.092132585397905642 11.217549157650739 172 163 148 1.0216650621060004 34 1659 35 1736 38 2044 37 2206 36 2125 33 2153 32 2304 31 1943 40 1643 50 1696
1342 2.8977738222260534 0.72282489310547593 2.9029867054533893 163 160 144 1.4220442038333609 34 1823 37 2223 36 2139 33 1863 31 1689 37 2292 30 479
1343 2.5794219243813163 1.4809529439815121 2.9365790502166322 195 191 182 0.6658471613530671 35 1844 37 2236 36 2152 33 2053 32 2112
1344 1.0471832252085822 -4.9186090730337577 10.348775874483993 203 199 188 1.889845901988173 34 1934 38 1990 39 1801 37 2254 34 1858 35 1653 36 2176 33 1708 33 2183 40 1428 50 1579 50 1665
1345 2.7897424984862877 -1.9391669656208106 3.6944271119631318 168 168 178 1.4233512894538731 34 1862 35 1864 37 2256 36 2240 33 1924
1346 1.8232255425931974 -2.6311077470386572 11.775848520572053 54 28 33 0.79182212554575593 34 1947 35 1882 37 2268
1347 2.473220121302087 -2.0326205186555995 10.179264982442403 5 7 12 0.97305330420454983 38 2099 39 2043 37 2269 36 2194 33 2125 32 2391 31 1915 30 847
1348 3.6600018160540677 -2.2150514893903135 10.178948387263027 18 5 16 0.7655957875803665 34 1948 35 1884 38 2102 37 2270 39 2085 36 2193 33 2202 32 2390 33 2127 31 1910 30 849
1349 1.2916534184174506 -0.95155807093706368 11.036810587106078 102 94 75 1.0143288599989648 34 1959 35 1894 38 2113 39 2093 37 2278 36 2207 31 1932 40 1635 50 1742 30 941
1351 2.2086028738754679 -4.7100447042876246 10.014913848059255 60 58 100 0.46874355995316763 34 1983 35 1928 38 2141 39 2078 37 2307 36 2238 33 2248 32 2505 31 2028 30 906
1352 1.6586695519648245 -1.2954506732092406 10.715375193168839 0 0 4 0.91576482912363455 34 1955 35 1890 38 2111 39 2090 37 2322 36 2203 33 2210 32 2473 31 1992 40 1665 50 1756 30 935
1353 2.8704341456302975 -0.80714813262707585 10.298480202486569 40 40 40 0.91275672581279865 34 1998 35 1942 38 2153 37 2324 36 2256 33 2268 32 2535 31 2056 30 997
1354 2.8704341456302975 -0.80714813262707585 10.298480202486569 40 40 40 0.91275672581279865 34 1999 35 1943 38 2154 37 2325 36 2257 33 2269 32 2536 31 2055 30 996
1355 3.2233754111287585 -0.55911193389507874 6.006939298805114 0 5 5 1.8720137481126193 34 2054 35 1998 36 2255 33 2266 32 2537 31 2054 30 1033 37 2326
1357 2.2985970441907901 -0.4590872895318111 11.155012380483015 111 102 80 0.71945646246815331 34 1961 35 1946 38 2157 37 2331 36 2210 33 2218
1358 3.1109681472569082 -0.16559386006650439 7.8021169480520323 0 1 4 1.0234264348548492 34 2002 35 1950 37 2334 36 2264 33 2276 32 2539 31 2057
1360 -1.4192621217761514 0.057210210483325107 11.147743754698833 122 115 96 0.99837589409961502 34 2006 35 1952 37 2337 36 2266 32 2568 31 2084 40 1695 30 1002
1361 2.7620934295659492 2.6767332614214991 5.4828589473475846 9 10 16 0.33205290962108042 35 1971 37 2347 33 2239 32 2495 31 1949 30 886
1362 3.0262537687577953 2.6728869850482209 5.4312308529054087 59 55 50 0.60029627590768464 34 2027 35 1973 37 2348 36 2283 33 2241
1363 2.0810005819879605 2.8716318730602213 4.7402804338464497 141 132 117 0.74485045281699247 34 1926 35 1924 37 2352 36 2232 33 2063 35 1854 32 2332 31 1721 30 806
1364 0.74860166304217235 -3.7489529574024334 9.1253125199923133 255 255 255 1.2234174426567948 35 1933 39 2080 37 2360 34 1935 38 2081 36 2242 32 2508
1365 2.8687924217040282 -2.7656313197520808 6.6088341170044043 170 165 146 0.90431981080241952 34 2044 35 1987 38 2181 37 2361 36 2295 33 2305 32 2510 31 2034
1366 3.0528254630559806 -2.6773302539456871 6.4728815321578272 34 33 38 0.45599474772124043 34 2045 35 1988 38 2182 37 2363 36 2296 33 2306 32 2555 31 2036 30 985
1367 0.25546335005133991 -2.0594838233988573 10.895612484444118 186 186 176 1.1401863801509255 34 2052 35 1994 38 2191 39 2130 37 2369 36 2302 33 2311 32 2560 31 2078 40 1711 50 1755 30 992 51 1598 41 1203 29 1768
1368 1.4722395990527968 -1.7879373507362837 10.523214189307511 132 108 97 1.0203921538275855 34 1994 35 1939 38 2194 39 2133 37 2370 36 2250 33 2261 32 2527 31 2049 40 1687 50 1774 30 993
1369 -0.25402990573884487 0.8239201890305361 12.183229163394881 131 124 105 0.62613266229666609 35 1956 39 2147 37 2379 36 2269 32 2542
1370 2.7995885618437764 2.8285768146890895 4.7269883621611397 138 126 114 1.5171619312499185 35 2011 37 2391 36 2287
1371 0.93199641827675994 -4.4069843967119384 10.243387450045358 179 157 136 0.63403948328661019 34 2072 35 2014 38 2220 39 2165 37 2396 36 2326 33 2333 32 2576 31 2093 40 1724 50 1777 30 1019
1372 3.0184434984730095 -2.2059185334466056 4.6380481111991276 183 179 180 1.4289449236032306 34 2043 35 2013 37 2397 36 2325 33 2302 32 2553 31 2032
1373 0.60394918650223417 -4.2102323014115859 10.218866974325849 255 255 255 0.95397327528897768 38 2221 39 2166 37 2398 40 1725 50 1778 30 1054
1374 1.8702820817860464 -3.6084000746333391 10.752333656175495 149 131 111 0.73523903593062034 34 2074 35 2019 38 2223 39 2169 37 2400 36 2328 33 2339 32 2580 31 2095 40 1726
1375 2.276593801645562 -3.5310301136501301 10.553074525237934 143 132 104 1.1360912235873311 34 2075 35 2020 38 2224 39 2194 37 2401 36 2329 33 2340 32 2581 31 2096 40 1727 30 1027
1376 1.5440616250279031 -3.1018327492624134 10.439690722609305 145 126 101 1.3238447289174435 34 2076 35 2021 38 2225 39 2170 37 2402 36 2330 33 2342 32 2585 40 1728 30 1028
1377 3.4181648522634354 -0.90857489639121691 9.6297245626939407 91 82 63 1.1696843885836501 34 2099 35 2045 38 2247 37 2406 36 2333 33 2348 32 2594 31 2108 30 1083
1378 3.4145865114751319 -0.39824532895986553 10.622571589385265 118 109 80 1.447533451255909 34 2101 35 2028 38 2251 37 2409 36 2338 32 2599 31 2112 30 1085
1379 3.0863435710450857 -0.35085084141045203 8.8401960764019361 118 109 80 0.85665095896118826 38 2250 37 2410 36 2339
1380 3.1131583009570911 2.3457375490712313 5.729539797899915 2 3 5 0.86679325467850044 34 2083 35 2032 37 2415 36 2343
1381 2.9946045277686628 -1.1577564310403261 5.4262164055423572 22 23 27 1.6192379222290587 34 2120 35 2061 37 2434 36 2356 33 2389 32 2617 31 2137
1384 2.4303945989413269 2.4703497081287931 6.3328393395835612 111 106 100 0.72073157172049462 34 2106 35 2049 37 2441 36 2360 33 2354 32 2602 31 2121
1385 2.4303945989413269 2.4703497081287931 6.3328393395835612 111 106 100 0.72073157172049462 34 2107 35 2050 37 2442 36 2361 33 2355 32 2603 31 2122
1387 1.7780761369669402 -3.8149280203006208 9.3013946149183173 182 176 160 1.1623038147205589 34 2116 35 2056 38 2260 39 2208 37 2447 36 2364 33 2382 32 2631 31 2131 40 1742 30 1056
1388 1.7818033940650773 -3.8431472312078698 9.3773568554470401 182 176 160 1.1769371599650273 34 2117 35 2057 38 2261 39 2209 37 2448 36 2365 33 2383 32 2632 31 2132 30 1055
1389 1.4261458490279002 -3.8408809047092056 10.851540218662008 140 127 110 0.55782182612826237 34 2091 35 2058 38 2262 37 2449 36 2366 32 2633 31 2147 30 1078
1390 2.126632061384238 -2.9213600511124844 10.117598906499438 6 8 20 0.86211332659127204 34 2118 35 2059 38 2263 39 2218 37 2450 38 2269 34 2130 36 2367 33 2385 32 2635 31 2148 30 1096
1391 2.1280585034115473 -2.9319509388996421 10.137374384592043 6 8 20 0.62175487714927224 34 2119 35 2060 38 2264 39 2219 37 2451 36 2368 33 2386 32 2636 31 2149 30 1097
1392 1.6529662350081773 5.0245656106786916 8.0382224419641304 153 144 137 1.6205241122388181 35 2077 37 2460 34 2148 33 2416 32 2666
1393 3.0878257787603793 1.925966194432581 6.247635392172441 22 22 22 1.6590765841148141 34 2134 37 2469 33 2392 32 2643 31 2144
1394 3.022853958879558 -2.1711838318797172 6.0130771114849164 44 40 37 1.319889612538657 34 2142 35 2081 38 2281 37 2473 36 2389 33 2410 32 2657 31 2163 30 1120
1395 0.37612080743626891 -6.9888091188872608 11.193044438409046 255 255 255 1.4911298114011295 38 2279 39 2227 37 2482
1396 2.9642820751750438 -2.4412762861071196 4.7754865308186769 214 213 209 1.902971895505289 34 2160 35 2095 37 2488 31 2171
1397 0.5220284453317583 -1.2388615091477699 9.4214656575961904 182 181 163 2.4922897039645329 34 2165 38 2294 37 2496
1398 2.7937104299174469 -1.6562639478766037 9.4329224854401463 11 15 17 1.6427442321622816 35 2105 37 2497 36 2420 33 2431 32 2682 30 1136
1399 -2.7901395777475981 -0.15740560216823185 11.400377865194798 143 130 125 0.89851937321742281 34 1434 39 1140 38 1520 35 1073 37 611 41 188 38 546 36 1220 33 1622 30 473 42 315
1400 -2.4346335935197128 -2.9934580807095457 10.492325136750207 41 30 33 1.7327436002945324 35 1285 38 1381 41 838 34 1326 39 1362 37 1801 40 1100 29 998 42 563
1401 -1.557876316284013 -1.686961508632254 11.046404316714378 28 25 29 1.471710309530883 41 1002 34 1630 39 1861 37 2056 41 1138 34 1892 39 1964 38 2103 35 1814 36 2104 33 2131 31 1818 31 1919 40 1478 40 1571 30 753 51 1540 49 1381 29 1474
1402 -1.9236653829502894 -3.6210222499970555 10.448358369341086 174 130 158 0.65274750934842729 35 155 37 168 36 990 32 1107 51 942
1407 -0.39389524137342913 0.2561436925081218 11.415356993792857 164 158 146 1.1678702359909121 41 550 37 634 38 1177 32 1417 31 1091 29 740
1409 -2.2712506772348893 -2.7667473779689939 10.673070263479076 35 9 19 0.43884169684480184 35 283 38 1011 37 1055 50 1221 52 724 28 91
1411 -1.8418403607730904 -3.0440051975157059 10.964778794553888 27 15 38 0.51034729665897949 35 261 37 1058 34 234 39 963 38 199 36 240 40 744 33 1070 50 1212
1413 -2.2524074004022769 -3.5167110944911353 10.442004721330115 144 133 128 0.64183031171806948 35 906 38 1349 37 1465 36 988 33 1470 40 710 50 1181 51 1137 52 813 42 447
1415 -2.3964754902608321 -3.1509090977606515 10.527500445475168 27 14 21 0.93436019707085471 35 933 38 1361 39 939 37 1493 36 1479 41 668 51 1165 49 1040 52 908 29 622 42 564
1417 -1.9371844746369533 -3.5146953610547338 10.416847539977148 143 125 129 0.35967857198470604 35 1672 37 2148 33 2105
1420 -2.3705875853302243 -3.8270798436102131 10.167377409392593 255 252 246 0.37950419804150187 35 880 39 887 37 977 33 994
1422 -0.96536203444744617 -4.0113040604642896 6.199742069387276 243 242 246 0.19040801685059031 38 29 39 42 36 48
1423 2.1237602131682523 -4.6208521094842689 9.8246876813878128 48 47 81 0.55335595372619584 35 75 37 947 39 78 36 69 38 881
1424 2.401628854292436 -4.44346049252729 9.9273051274039421 184 144 109 0.79004455644218297 34 77 39 90 36 79 31 77
1425 0.75351108303648939 -4.3500579409478544 10.234466880315253 165 158 137 0.51321076860261639 34 82 35 91 36 84 32 104
1426 0.75306675309718718 -4.3876705033098542 10.521356943948323 153 143 130 0.33034620815064508 34 83 35 92 38 57 36 85 33 92
1427 2.8413397460743237 -2.6344487730653423 6.4361346222563212 171 168 151 0.48278847257900775 35 110 38 76 36 101
1428 -2.886823760393781 -3.7534563717783538 10.494665639766893 159 149 141 0.59269892025756332 34 123 38 906 36 120 33 1001 29 44
1429 -2.2892277770626617 -3.7234963075081073 10.469481541263976 162 157 154 0.80623623390116594 41 35 36 121 51 705 52 608 42 23
1430 3.0241317816774007 -2.4776940596599002 6.4254867488415242 25 25 25 0.25718347458313179 34 101 38 925 36 133
1431 3.3111040037650925 -2.5590281505634733 6.5271806281992895 144 145 140 0.49208129792256516 34 109 35 120 36 142 32 198 30 37
1432 -2.3304095650035661 -3.6715511136164918 10.477089744470433 91 85 86 0.77769574629200455 34 160 36 156 33 139 51 941 41 395 52 695 29 47 42 442
1433 -2.162785954756294 -3.6340050036588485 10.413253165218704 162 157 154 0.9153574834560626 41 36 36 160 33 140 51 707 42 263
1434 3.0848867726689591 -2.3856901352105107 6.4042946616724619 78 78 78 0.15374202219162994 38 941 36 175 32 193
1435 -2.3264896023788508 -3.420172381960322 10.528895038577053 38 24 28 0.82476468089516219 39 163 41 426 36 183 37 195 33 193 51 715 49 444 52 702
1436 -1.6743831711991779 -3.2377657254380634 10.960456415247982 103 98 99 0.57890050416761418 34 235 36 242 32 263 40 731 33 1485 51 1168
1437 1.8211187358267336 -3.0618703786492807 10.289578805379447 112 79 86 0.63203394074237229 38 216 39 973 36 250 32 276 31 235 40 737
1438 2.5917498361047202 -3.0453044576620942 9.844132713883285 14 21 24 0.54108427532383085 34 934 38 226 39 950 36 254 33 1056 31 241 40 1081
1439 2.71446071439154 -3.0145312298633051 9.9917780012899335 96 101 97 0.37397915760973771 38 228 39 980 36 259 33 295 32 285 31 931
1440 3.2062429704190123 -2.9487402695663323 9.8537799696203905 88 69 68 0.53153037295114702 38 231 39 253 36 265 33 302
1441 2.9684948906716144 -2.0419267594603343 6.7142592008314121 82 79 75 0.21802572743702697 38 1028 36 270 33 306 31 251
1442 -0.89854280439126188 -2.9346137395589924 11.25058755063036 86 88 101 0.75659806160473753 34 1356 39 999 36 292 33 1789 32 1979 40 754 50 1506 49 1188
1443 2.79455739851289 -2.7889934556466476 9.8681741619153591 82 82 81 0.478807432334943 39 289 36 298 32 339
1444 2.561297694497688 -2.4255234491964135 9.4596992961301787 127 124 131 0.41433501188362276 34 964 38 1048 39 1020 36 335 33 348 32 396 31 987 40 1121
1445 2.4149956342782439 -2.3304321348677588 9.6859432454847276 129 131 128 0.66454172825047586 38 294 39 311 36 339 33 394 31 335 40 776
1446 2.45733598547426 -2.2274191199480393 9.8317695684467914 5 7 16 1.3928492707157187 34 312 38 1062 39 334 36 360 31 1012 35 1552 36 1985 40 237 40 1462 30 429
1447 2.4191467679368941 -2.1638197430219952 9.864787927208269 26 29 38 1.1663944157662416 38 338 39 335 36 361 33 418 32 434 31 362 40 796
1450 3.1945740205962339 -1.7668045777928936 9.6705908030048864 29 0 0 0.90193668024055085 38 1100 39 1078 36 441 33 456 32 525 31 413 30 296
1451 0.28890151642102846 -1.6945603264324081 10.97204975201981 121 120 103 0.98754261154329581 39 455 41 715 36 464 33 1190 32 552 31 465 40 829 50 1256 51 1025 29 143
1452 -1.245523039940527 -1.2328882705266431 11.354490554608116 131 144 63 0.75495953544119776 34 461 35 425 39 479 36 495 38 1122 33 539 32 584 37 521 40 859
1453 1.7702205635249559 -1.3350419168665986 10.933246300587681 1 0 7 0.48606256811220855 34 435 38 1125 36 502
1454 1.6765635069273463 -1.2039636537251008 11.037029225798857 91 88 82 1.3294975329481327 34 1044 35 433 36 503 40 870 50 1060
1455 1.2965192837942152 -1.0339965544993222 11.029880978240756 146 134 115 0.8998747384525585 34 466 35 450 38 493 39 1112 36 526 33 544 32 624 31 518 40 868 50 1421
1456 -1.0255345856103597 -0.53312160279606879 10.742975730712407 179 173 173 0.41959876950386904 38 517 41 502 36 552 33 599
1457 0.58247022742808674 -0.30387537085912331 10.813558923954952 203 200 189 0.80175178294061722 34 530 35 488 36 559 39 579 33 641 40 907
1458 0.076950599296215894 -0.24347446361163883 10.563056909307756 69 65 62 0.62620066546856756 34 527 41 217 36 582 31 570 40 424 49 966
1460 -4.0360337149573162 1.7431908209672882 11.637616313227577 94 84 72 1.2183694913284207 34 580 35 1110 36 641 40 534 50 848 49 817 42 352
1462 -4.1293751129392939 1.9246965555593269 10.590446741184426 161 153 133 1.6755236181597006 34 604 41 569 36 664 51 902 53 757 55 1012 48 205
1463 -1.6323499147781737 1.7778543446975621 11.565798712592237 127 122 106 0.84173539462199642 38 652 41 775 36 671 31 637 40 550 42 528
1464 3.7948648410667181 1.5801487716125862 8.7582921426028335 124 115 101 0.44091666111049638 39 1214 36 682 32 801 38 1205
1465 2.882601534273082 1.9106732825575252 6.5184359650202781 11 11 11 1.0983333758390903 34 655 35 638 36 713 32 818 37 1320
1466 3.0907018647201441 1.9032223474033316 6.5838968649365839 48 48 48 0.52622248038197539 35 641 38 695 36 720
1467 2.5695630007563404 2.2271543136200052 6.3828093598784239 40 39 44 0.84895274679202204 34 664 37 1323 36 735 33 1339 31 660 30 166
1468 2.5275697348247896 2.3892222885787864 6.1662685215949082 10 10 8 0.59276558018280301 34 1164 35 1155 36 749 33 1347 32 1474 31 668
1469 2.4755748768366566 2.7078535471381562 5.1933125149275057 148 132 130 0.382329136642724 34 1204 35 724 36 808
1470 2.9941829107960722 2.7739556528383997 5.3132911559443849 88 85 83 0.47111009877349819 34 1212 36 821 33 817
1471 2.2423380872377487 2.524122425280082 3.135639089934978 133 127 146 0.43602683190051833 35 1222 36 861 31 1207
1472 -0.96045654864818042 -4.2274633322836186 6.1362793254133132 230 230 232 0.65738619275150745 38 848 39 841 36 895 30 9
1473 -0.54597319561854518 -4.0325088527286397 6.0425041854045602 115 114 110 1.288696385904595 34 45 36 901 32 1003
1474 -0.62743019860502813 -3.9768283871422181 6.0864215292073967 121 118 117 0.5382272091974889 35 847 38 859 36 909 33 26
1475 2.2985124745932191 -4.6657669044370094 9.8164796510977972 56 39 53 0.87832768056074373 34 864 35 859 38 880 36 930 33 975 32 1059 31 808 40 658 30 16 34 70
1476 2.4736128748282673 -4.3811249096701914 9.7781326745831212 167 131 110 0.75142994183379541 38 885 39 874 36 940 31 817 40 1044
1477 3.397663426902517 -2.9224199551111174 6.7219429570979932 180 176 173 0.58368230159052037 39 878 36 950 32 128 31 94
1478 2.4644764881953427 -4.1934421231900867 10.092582490613765 94 47 23 0.33992991381369214 34 874 35 99 39 881 36 956 33 99 31 829
1479 -2.3155584859831095 -3.8866931172003354 10.332510677608024 121 113 103 0.39230013621900345 34 128 36 965 28 58
1480 -2.1085595713749181 -3.9167552869928723 10.459204153613715 254 248 245 0.86629950178344128 34 129 36 968 49 1002 51 1281
1481 2.9134289329852878 -2.399337799937181 6.2500945724547172 30 30 30 1.6044380278187058 39 1331 36 974 31 143 31 144
1482 2.9658397239081418 -2.2091065372453551 6.3116815873887804 37 28 31 0.30800339388991477 34 178 36 1001 32 1139 31 200
1483 3.164964620675998 -2.318234262377155 6.235310254600833 44 36 34 0.67568977667880292 39 1338 36 1002 32 197
1484 3.0874450710379788 -3.2777948280920364 9.9138223352800647 135 124 111 0.67780594304417974 37 222 39 1354 36 1017 38 181 33 206 32 1137
1485 3.1062908342303541 -2.149667616793415 6.2504177333608686 65 64 60 0.70596897166012984 38 974 39 1345 36 1022 31 890
1486 3.2391117166319883 -2.0862107193331081 6.2705601376608548 19 19 20 0.51843733416577775 39 1640 36 1024 31 893 38 1690
1487 -2.3323070449794132 -3.0080517641012938 10.601785198332646 79 58 67 0.69234842794337104 38 1382 41 673 36 1029 33 1507 50 1207 51 1174 49 1048 52 831 29 637 28 1112
1488 1.7258937575565798 -3.0988560022229152 10.261883587291907 141 106 105 0.59136666854679443 38 1391 39 971 36 1037 33 240 31 924 40 1095
1489 1.779208337485999 -3.0209040323054639 10.34187845207637 85 42 57 0.62672559615985413 38 991 39 972 36 1038 33 1075 32 1198
1490 2.8824865947165268 -3.240999585359007 10.334146136231853 57 57 62 0.79022334093282121 39 953 36 1042 33 248 31 932
1491 2.47542597555901 -2.810520742990644 9.9907274546513438 39 26 22 0.44687421143204098 34 952 35 1296 38 1020 39 1386 36 1060 33 1080 32 1200 31 956
1492 2.5315537612156374 -2.5499417188400284 10.030033618707856 103 104 100 0.28027811148204435 39 1403 36 1085 32 1240
1494 3.3833188652149895 -2.2174507569341513 9.7880007540958349 46 91 128 0.57270611130535831 35 985 37 1563 38 1446 36 1112 34 983 38 1447 39 1423 33 1137 32 1275 32 1276 39 1422 31 1014
1495 3.454686144643035 -2.1587058708927604 9.8018747797716177 55 86 103 0.6158359078612089 38 1066 39 1425 36 1114 32 445 31 365
1496 2.0375413766195067 -2.0932744839007782 10.301248411045906 32 36 45 1.372071036639495 39 1057 36 1130 38 367 32 470
1497 -0.64016693815227343 -1.679949118904718 10.616481585936114 53 52 60 0.46497947047036475 34 401 36 1137 40 290
1498 0.39156207686888411 -1.8513479588752182 10.83997651536126 146 144 132 0.88255721021528044 35 1012 37 1587 38 1464 39 1072 36 1138 33 1553 32 1757 31 1402 40 830 50 1393 51 1325 29 144
1499 3.589382994215252 -1.6826786830137725 10.176436374798564 50 84 99 0.86892790574778889 38 1483 39 1459 36 1147 33 1197 32 1319 31 1040
1500 -2.0782045269836709 -1.5995857291079443 11.074286406288778 44 21 28 0.52460131062996462 34 397 36 1152 32 1328
1503 2.5672552119738437 -1.4947637308927892 9.5265134438972368 0 1 4 1.0720427912508532 35 1339 37 1171 38 439 36 1165 39 464 32 1337 31 437 40 320
1504 1.5284319470018841 -1.3943598485074076 10.789386938710837 85 82 78 1.1863528374398533 34 1399 35 1345 38 1488 39 1467 36 1175 33 1586 32 1351 31 1414 40 1355 50 1539
1505 -2.5308857033173724 -0.61794052513898934 11.134430969151859 20 0 6 0.93883995288859368 39 1119 41 730 36 1196 38 1505 40 1188 50 1419 28 777
1506 -1.9689405013976866 -0.66860334308496439 11.313792607147239 31 10 19 0.67628615771941269 34 1055 35 1058 36 1199 32 1377 39 519 40 877
1507 -1.0156937618033173 -0.27768260176792914 10.507028945565313 23 87 112 0.96882930686641655 41 516 36 1214 32 1388
1508 3.14855125937338 1.6230635297923148 5.7658061197693478 131 120 102 2.1788883792160587 37 743 36 1271 35 643
1509 2.6479384308665281 1.9733894369306306 6.6926697365524905 163 152 140 0.62360852217629414 34 1154 36 1273 32 815
1511 2.5217942828729738 2.4535531557370009 6.2600500170996032 108 108 106 0.31816586379572093 34 675 35 1158 38 1585 36 1287 33 780 32 847
1512 2.5507109507458279 2.5075249868928546 6.4176055931025084 108 108 106 0.12946035105111423 34 676 35 1157 36 1288
1513 2.3392981958969346 2.6315626197052868 6.4941108680791508 89 85 82 1.2374875775194953 39 1559 36 1293 32 859 31 678
1514 2.5486644811238763 1.5238206493422908 2.8402521547607305 180 140 74 0.15955352906852918 35 1178 36 1327 33 785
1515 2.8464483658763053 2.8044195364907099 5.5161713021874643 95 86 80 0.60999291652495435 38 1819 39 1585 36 1332
1516 1.1814250159411086 -4.7679604078922662 8.0428446399513707 229 225 222 1.1973540418712243 38 44 39 1302 36 1414
1517 2.280360769843623 -4.4749178722988345 9.8647231275093823 83 57 64 0.52314936291590897 35 1244 39 1307 36 1428 38 883 33 983 32 1077 31 815 40 1042 40 1277
1518 2.5522826862902259 -4.6808590625245516 10.284793222168908 73 55 50 0.78744758705221507 38 1331 39 1309 36 1430 30 393
1519 3.2350579883349715 -2.3685257147314744 6.6664006609013446 83 79 75 0.53092734792008345 35 1261 38 1378 36 1456 33 1031 32 1638 30 408
1520 3.3108730550760788 -2.3603723245911516 6.5162906714807534 36 21 26 0.36519727634461779 34 1302 36 1457 32 1142
1522 2.5288016799970672 -2.9030850235550436 9.6876852702343363 88 93 92 0.6480718346405564 39 1643 36 1490 40 1305
1523 -2.3482412660290835 -2.7172248171317985 10.544470508946093 26 11 16 0.60399141663749223 34 1348 35 1300 36 1499 33 1517
1525 3.7231878669595759 -2.4034560584166562 10.329452985446412 102 98 88 1.5280760577580923 38 1448 39 1666 36 1551 33 1138 32 2000 31 1015
1526 -2.1445088392560057 -1.9184090882281442 10.892301117220226 77 52 60 0.48861080914628457 34 1381 39 1671 36 1554 33 1810 32 2020 40 1147 40 1332 50 1390 51 1323 49 1209 28 1142
1527 -2.1436648308173551 -1.9221301399792976 10.893414784148883 77 52 60 0.52546852608565608 34 1382 36 1555 40 1146 50 1391 29 663 28 1141
1529 2.847983672135777 -1.8160555097398978 9.8545852558338698 71 73 72 0.56882539433379653 39 1445 36 1572 33 1175 31 1025
1530 -2.4261686736255461 -1.6108798271672742 10.982757337566371 75 50 58 0.30021596151550095 34 1626 36 1577 33 1818
1531 -1.1675918883475576 -1.0677543656840069 11.529678275939283 113 163 85 0.50618251612237231 34 1406 36 1601 33 1594 32 1792
1532 -0.99903908877061565 -0.36201990471404288 10.407501306965464 27 83 95 1.1383857119001133 34 1427 36 1620 33 1620 32 1387 35 479 40 1358
1533 2.9327913253640103 -0.24385698336337042 7.124969189371531 32 1 0 0.37865920375381573 34 1432 39 1722 36 1624
1534 -1.4756011516069503 -0.075829203466076259 10.136010386911009 116 111 100 1.0164647498884136 41 753 36 1627 42 506
1535 -0.011159632889683449 1.4524663766454342 11.722970577166745 150 144 132 1.1299646223332018 38 1187 39 1737 36 1645 39 671 50 1566 49 1149
1536 2.8536246806899457 1.6472477688703726 11.152041859336936 104 112 77 1.7017479381060601 34 1476 36 1650 33 1634 32 1448 31 1117
1537 2.8177806798186187 1.6200739202742998 10.951007648289041 104 112 77 1.5926004813285584 34 1477 36 1651 33 1635 32 1449
1538 0.49780506867238206 1.911693972815693 11.381562183485137 76 69 59 0.680766985938416 39 1750 36 1653 32 806
1539 2.5359103981066076 2.4482810168154074 6.1476506557529644 4 1 1 0.31289099644847335 34 1509 36 1687 35 1436 33 1651 32 1475 31 1165
1540 2.904990287792141 2.3200447601456609 5.8713216110590514 4 1 2 1.9641444804722561 34 671 36 1689 30 362
1541 2.7407294515847913 2.846546223593299 5.4023462204350219 41 47 43 0.66604731830385833 37 1723 39 1589 36 1702
1542 2.3869374924232303 2.8401201933096929 4.8991587990214178 140 130 120 0.72253600246014027 35 1629 36 1707 32 912
1543 2.0689013111996637 2.8721027263619781 4.5711216051453167 18 8 6 0.41358838101907258 35 1207 36 1712 31 1199
1544 2.2208786588792195 2.4990765628355316 3.154686032403796 140 107 31 0.58861519503921311 35 1462 36 1722 33 1395
1545 2.2963553889002113 -4.0650656770621802 9.9400780710932164 98 55 42 0.49861180037442282 34 1558 35 1485 38 1652 39 1614 36 1753 33 1711 32 1924 31 1539 40 1431
1546 1.4269787861892635 -3.6997163853145985 10.447304015052898 148 132 118 0.65170385791226604 34 1570 38 1662 39 1816 36 1766 32 1940 31 1763 40 1444 50 1590
1547 -1.8130212093912144 -2.9705192344759079 10.607104051705777 88 62 88 0.97476375713426733 34 1331 38 1682 36 1779 32 1652 49 1181
1548 2.5750145701159237 -2.3347273223429958 9.4896086592871427 94 94 102 0.91063379503491271 39 1845 36 1806 32 1701 36 1527 38 1427 31 1609 40 1458
1549 2.0123535866029592 -2.07804835865453 10.856253190054716 10 7 18 2.1608629630541976 34 1623 39 1677 36 1823 38 1454 31 1393
1550 1.7312912401316791 -1.1241641399223332 10.993927066862447 93 84 75 0.92397818678404442 34 1787 35 1728 38 1933 39 1979 36 1845 33 2020 32 2281 31 1823 40 1580
1551 2.3214311067799485 2.5248447145457447 6.4493128097355958 113 109 105 0.69095721531222665 34 1695 35 1616 36 1898 33 1646 32 1857 31 1483 30 503
1552 2.4529033894863264 2.5097584343380968 6.4226112314812847 117 112 107 0.71928239390462256 38 1969 39 1909 36 1900 33 1650 32 1471 31 1163
1553 2.5117566696128146 2.6557554315105403 5.3260907875811982 141 133 122 0.44087028195093853 34 1516 36 1906 32 879
1554 2.211942809072899 2.4329914861640001 3.1371622538028756 168 143 49 0.75227742615636228 35 1643 36 1919 33 1393 32 1507 31 1200
1555 -0.68099955148045566 -4.0531503900986845 6.1834946967977586 109 105 104 0.28405868055175693 38 1839 39 1799 36 1929
1556 0.7621643791430468 -4.0661964788967122 9.9060480798675918 254 254 254 0.37882811495122948 34 1727 36 1933 33 1926 32 1922
1557 1.1374072933425612 -3.7977736485474698 10.271703535854844 95 89 73 0.62299849349045622 34 1743 35 1665 38 1859 39 1815 36 1947 32 2174 31 1893 40 1547
1558 1.5217576749668591 -3.7834253576654571 10.463739497766863 43 34 31 0.58217815608101875 34 1871 38 2002 39 1938 36 1954 40 1615 50 1707
1559 1.5217576749668591 -3.7834253576654571 10.463739497766863 43 34 31 0.58217815608101875 34 1870 38 2003 39 1937 36 1955 40 1614 50 1706
1560 1.6291705872414386 -3.7412990454257065 10.544263879969183 137 125 103 0.38669270452696974 35 1671 38 1663 39 1817 36 1956 33 1731 31 1764 40 1436
1561 -1.9946415869577065 -0.64620911832148797 11.315038512899756 37 17 26 0.81655341771751444 34 1797 35 1731 37 2193 38 2033 39 1984 36 2015 33 2031 32 2288 40 1492 50 1690 30 622 51 1509 52 1038 29 1300 28 1497
1562 0.41266567666729437 -0.29111620799102106 10.789592607191235 177 183 176 0.52730828371058835 35 1734 39 1885 36 2023
1563 2.397040202488729 -0.13002081701258805 10.678862843053434 122 109 91 0.87103688668497281 39 1890 36 2024 33 1847 32 2305 31 1685 40 1589 30 776
1564 2.9668254291269225 -0.33802376395979389 10.160233112266731 93 84 67 1.4515513309523602 37 2205 38 1940 36 2025
1565 2.3171427069839745 2.4202815925251575 3.1554920197943281 134 127 121 0.404362513854432 34 1848 36 2063 32 2128 31 1502
1566 2.1683431366289123 2.5178055987019667 3.1267466331322114 136 127 113 0.26380342714369981 35 1781 36 2064 30 667
1567 2.735992942119966 -2.3952801299256445 6.6192702833305761 242 244 251 0.54654813712523842 38 2090 39 2037 36 2082 33 2106 32 2368 31 1894 30 915
1568 2.4683156100150954 -3.1684846138142952 10.054698162316333 51 31 24 0.74804325515509029 38 2010 39 1944 36 2083 40 1621 30 837 31 1778
1569 3.2714778146802939 -1.8986967650439117 9.6047764987038224 28 22 33 0.79404236349064716 34 1887 39 2044 36 2103 33 2126 30 741
1570 3.0212728649265728 2.0634810891834463 5.1647236916081702 11 4 5 1.3157363791117669 34 1172 35 1622 36 2146 33 1654
1571 2.5677485869886949 1.5381179622978396 2.8511207076940881 167 108 2 0.2000632000487422 35 1846 36 2154 33 2054 32 2115 31 1703
1572 1.4213000541138754 -2.3005279286169733 10.613974280647096 131 113 96 0.766730452665213 34 1949 35 1881 38 2148 39 2083 36 2191 33 2200 32 2459 31 1984 30 925
1573 2.7905830737326962 -2.2363122333105876 9.9919247855674183 62 63 57 0.46412994866910334 38 2149 39 2084 36 2192 33 2201 32 2460 31 1985 30 921
1574 -1.6905189026327909 -1.9579168256259385 11.523712925659391 70 69 65 0.85154210628084115 34 1951 35 1888 36 2199 33 2204 32 2465 30 931 51 1538 51 1567 29 1662
1575 -0.73504512410740575 -3.846336233451074 10.816747034348893 99 94 100 0.62781898663876645 34 1940 35 1876 38 2087 36 2246 39 2033 33 2191 31 1968 30 912
1576 2.7614921310451002 2.676184416466751 5.4796578839306136 9 13 22 0.3703095080248418 34 2025 36 2282 33 2238 32 2494 31 1950 30 887
1577 2.0459590559749801 -4.162288889545338 10.501309056202539 180 174 158 1.119141242455213 35 1986 38 2179 36 2294 33 2304 40 1706 30 1021
1578 3.1434591886928276 -1.5234293826783596 10.084911209497848 0 2 9 0.54161097132729952 37 2436 38 2245 36 2357 33 2367 32 2591 31 2104
1579 2.9990244976664231 -1.3985515252414982 9.2577762143973494 0 2 9 1.1237914209941364 34 2097 35 2042 37 2435 38 2244 36 2358 33 2366 32 2592 31 2105 30 1099
1580 0.50257785066909744 1.7175846941299295 10.84608638865755 137 129 126 1.0963301507063865 34 2133 36 2386 33 2408 31 2167
1581 2.5696018054939462 2.9262743938200684 4.8484339269516044 143 130 113 1.0768005542632406 37 2471 36 2388 33 2396 32 2624 30 1092
1582 0.78544263515611512 -4.6495545359144606 7.3099594514763186 254 254 254 0.67906914647008143 35 2079 36 2403 31 2156
1583 2.9499284259413701 2.6840418327111766 3.5211345184513183 59 52 36 1.1518575302457479 34 2156 36 2411
1585 0.10440264097199618 1.4274567275214223 10.992095556883976 92 85 74 1.9432219073732484 34 1673 39 1738 35 1599 36 1875 34 589 38 1547 33 702 39 672 32 760 31 626 40 977 30 149 41 588 29 278
1586 2.7439009599420285 2.4355423129786544 5.7806200206460749 28 28 30 0.61390590070158879 35 1165 37 1703 36 1688 39 1773 38 1809 33 1358 32 851 31 685
1587 1.5235458389528813 1.7484200571977611 11.667507711851153 135 133 107 1.4783317951719246 34 1475 38 1781 35 1404 37 1670 36 1262 34 596 38 1198 33 1315 32 1447 32 2106 31 1132 40 1403
1588 -1.8571613015231832 -3.8387969522002701 10.96657349588418 96 85 87 0.99112037441253786 34 164 38 92 37 996 36 993 41 640 39 1327 33 1462 40 1066 50 1177 51 947 49 855 28 69
1589 2.6469334905738764 1.9340749044139749 6.4869522814055403 12 9 7 1.2417935104274338 34 1493 38 1574 36 1274 35 647 37 1314 33 751 32 817
1590 -2.0740094316828421 -0.56849002904939694 11.151845301984249 76 49 57 0.95404157846488014 34 1423 38 1508 35 1066 37 1883 36 1614 41 170 39 1120 38 513 37 566 33 1248 33 1613 40 1191 49 948 29 715 28 1178
1591 3.2419132732128886 0.089171443566813086 6.7016455269407764 16 13 11 0.80281415424501357 34 1445 38 1534 35 1379 37 1651 36 1636 39 1731 35 1592 33 1273 32 1414 31 1449
1592 -1.6159470836128929 -0.86604299221293179 11.326251377270625 45 22 27 1.5699711879887579 34 1056 39 493 38 479 35 446 36 1599 41 1016 39 1701 32 1380 31 1832 50 1278 50 1541 51 1335 29 1297 28 223
1593 -2.445735782286635 -3.5076074722280852 10.286852795325242 145 135 130 1.417277483317986 34 1575 39 1821 37 2000 36 1763 34 1304 39 1342 37 1461 33 1469 33 1934 40 1446 50 1587 51 1387
1594 -2.6679917752204187 -3.3062053530225839 10.682434760269931 101 88 88 0.85726979343383602 34 191 39 184 38 160 36 181 41 422 35 1275 51 955 52 708 29 75 42 560 28 1105
1595 2.3999051548809676 -2.9336275608651845 10.010550107340721 70 47 41 1.00452950980171 34 949 36 1041 33 1510 40 1097
1596 2.8926935865184311 -1.978635428211605 2.2868947640877684 123 92 74 0.47813464940642753 36 888 37 897 33 30
1597 2.9191198506008518 -1.8372337217887353 2.3703045780539131 141 113 102 0.93455063719364728 36 904 37 69 33 40
1598 2.499431188319384 -4.395849386963727 10.054810473746018 135 76 47 0.47167877543521813 35 90 36 947 38 62 33 87 32 109 31 818 40 672
1599 2.5005633488774368 -4.3155215392345827 10.411105104022338 107 49 25 0.35589280803463169 34 875 35 98 36 955 38 901 33 98 32 1082 31 828
1600 -2.1457733102996559 -3.8512502631289709 10.459698896167113 152 143 136 0.42597833090067438 37 133 38 72 33 108 50 524
1601 -2.0891049336938328 -4.0883903002800048 10.714505882093579 255 251 253 0.98329830831438902 38 73 33 111 36 954 40 682 33 109
1602 -1.8998997632161641 -3.8805593708992321 10.483987156200815 126 112 112 1.0285411181005144 36 123 39 150 33 113 49 843
1603 -0.51442944947599523 -3.958194866883225 10.386889653460633 110 111 105 0.9105032923248686 41 14 33 116 31 114 37 983 30 31 29 34
1604 -1.9342793016685862 -3.6413424486120105 10.493747516872864 160 141 157 0.33508456698620792 38 91 33 141 50 539
1606 -1.7452402689832531 -3.7731573511139582 10.912721547312016 91 76 81 0.89149826344299066 36 163 33 146 38 95 39 167 32 177 40 139 50 923 51 710 49 66
1607 -1.6274708593492981 -3.7563024359424748 10.873770621820492 66 63 72 0.46726527512310473 39 169 33 149 35 893 36 164 40 696 50 549
1608 2.9785219088577701 -2.363278814227046 6.2859421021146789 79 80 76 0.25475631947619326 35 132 37 178 33 159
1609 -0.89664622918584713 -3.4160707453794128 10.332281298273424 78 79 100 0.57475054999102515 36 194 39 928 33 200 32 178
1610 -0.95947312387115113 -3.5270290962617108 10.692642331413552 78 79 100 0.96815217142067111 36 193 33 201 39 929 40 166
1611 -0.85521060294020868 -3.5303500124626286 10.803939883709264 133 134 155 0.52153845046911074 36 201 33 202 37 1012 31 178
1612 2.9959212519045439 -2.3150964597445158 6.3919827927704143 74 76 73 0.32782974788910463 35 163 36 173 33 209
1613 -2.2851042652728402 -3.1818238733931867 10.54452191419168 54 37 40 0.6152902549501611 36 237 38 163 33 220 50 938 29 79
1614 -2.2176410884474231 -3.1344690811007982 10.460372330373795 101 75 84 0.58644816060547511 36 1028 37 250 33 221
1615 -2.1576739166329735 -3.2950220625325843 10.666977369640779 43 27 34 0.5982654956757808 35 211 33 223 40 729
1616 2.7810287809556651 -3.0137323749116867 9.7397546207465169 67 70 77 1.6963054013067 34 218 36 1044 37 269 39 954 33 247 32 289 34 222
1617 2.9801895958963773 -2.0232954977292987 6.2207561284262418 16 15 20 0.49827798505998938 35 199 37 1045 33 258 31 249
1618 -1.86904623474398 -3.0282808532831051 11.071299054880468 37 26 50 0.83180522649763189 36 290 33 279 38 203
1619 -1.3812242134003023 -3.194108471595364 10.907831974064722 38 37 50 0.40238278939683914 38 207 33 282 50 951 41 93 49 715
1620 -0.76683162431293317 -3.1313960377759416 10.788246875314616 87 86 99 0.58805491312088731 37 261 33 287 32 272
1623 2.969178986755622 -0.6946681203961973 2.1501561257280417 106 90 84 0.31174994052507476 37 1551 33 318 32 361
1625 -1.8174590535383186 -2.7389728771753705 10.742266008164274 118 93 116 0.73346841343621072 35 963 36 1503 33 335 39 994 38 1407 32 326 50 1376 51 987
1626 -1.1139343066696594 -2.8772854434567812 10.865230419835324 149 156 166 0.75897104617273303 41 100 33 343 31 331 30 78 51 759
1627 -2.0653931792171618 -2.2546553692616236 10.863292980686039 33 20 29 0.57042066483597231 37 1121 33 404 39 1028 40 243 32 1260 34 335 51 1003
1629 -2.2947840702439439 -2.1834361356104384 11.017983778633006 43 14 30 0.69790735672626825 36 376 37 369 33 407 50 987 51 774
1630 -1.5509177874157993 -2.2366283145278776 11.347639735911793 44 41 48 0.6095113208832067 37 379 33 412 40 249 50 989 51 520 49 737
1631 3.2067273928112843 -1.3281330130361917 6.4883056275169677 53 56 63 0.71849253918597222 37 404 33 426 36 403
1632 -1.7713431596399711 -2.1087342933547011 11.049339627019723 100 77 92 1.0178120728313758 38 350 39 354 33 437 51 1006 49 1067
1633 -1.7115855843543324 -1.9594611611167718 10.952648267163445 94 72 87 0.95196442223425315 36 382 33 439 38 352 39 1049 40 264 28 725
1634 0.12375855144144396 -2.1144170779520666 10.986937865524609 251 248 243 0.94874826033767679 35 337 37 1575 39 372 33 444 32 463 40 806 50 1242
1635 0.22477808000370508 -1.8303921979049267 10.757630565517271 52 48 45 0.72607162627333566 38 393 39 421 33 445 31 430 40 292
1636 1.6671124945427349 -1.8699180230396628 9.6787136013169039 102 62 73 0.86268754671039938 36 392 33 450 40 811
1637 -1.3185597048820461 -1.8105829417642894 11.442072833875244 35 31 47 0.55609411761924654 37 1163 38 1092 33 475 32 508 50 1010 39 417 51 1202 49 914
1638 -0.78161688304834087 -1.6973594864767012 11.562639998429482 53 50 61 0.85435837582685625 37 467 39 453 33 477 31 459 38 430
1640 -2.1799993512532132 -1.3758822478646386 11.022368808819104 37 5 18 0.59495402443732059 36 485 39 440 33 505 32 580 40 306 50 1026 51 802 52 623 49 756
1641 -1.1396762086096026 -1.5899414103497542 11.379278397982734 43 49 47 0.79685256155222639 38 427 39 451 33 510 31 457 50 706 51 223 49 528
1642 -1.1698360943633028 -1.5290775536062606 11.309356603827895 155 169 147 0.53920841481788484 35 398 37 492 38 428 39 452 33 511 29 157
1644 -1.2608332238519231 -1.4286028810618348 11.363802421530647 70 80 41 0.66425655683144602 39 450 33 513 35 421 37 493 38 1107 32 583 31 1058 40 315
1646 -2.173738943734032 -1.2173593916478005 11.047934974901775 37 12 24 0.5168168587138815 37 510 39 470 33 536 40 856 50 1263 28 194
1647 -1.3447178115919676 -1.3251745527218897 11.551578560084414 45 46 43 0.80301823351326362 35 424 33 538 37 491 32 1348 50 739 38 458 40 333
1648 1.3038660784612075 -1.0334025011585628 11.123842525718985 149 136 118 0.49017270552675613 36 525 38 494 33 545
1649 -2.5222050924262693 -0.9916336690639117 11.232572657353513 87 60 73 0.80274605388403875 38 475 33 565 39 488 35 437 36 514 37 508 40 344 50 1274 51 1039 29 164
1650 -2.0700864026733892 -0.75323296814311225 11.000072407559816 86 60 72 0.35105336617190014 38 508 33 570 51 827
1651 2.8178178803537786 -0.63461510919702246 9.9993183284891742 25 28 26 0.69671989862960393 35 465 36 1204 33 582
1652 -2.1535942212991754 -0.67524580326905415 11.676638322860535 51 23 37 0.44486851446132997 36 1198 39 516 33 597
1653 -0.93999134549972674 -0.47728528359367967 10.46529049018573 87 87 102 0.52032084573652992 36 553 39 1128 33 601 32 661 40 388 29 205
1654 0.37667428618836946 -0.50126987646974108 10.388416792711462 162 163 157 1.1396304582448398 37 569 33 604 40 891
1655 0.51350742238901714 -0.4936769916204507 10.737361779188673 186 191 186 1.2487004209956782 39 1132 33 605 32 669 34 495 31 554 40 893 37 570
1656 2.9080918013315045 -0.54680371160418784 11.384444717252835 33 32 24 1.1100038413379565 36 567 38 1162 33 608 31 1080
1657 -2.7778662966763052 -0.31272725107763877 11.434072802525925 56 35 42 0.5751342440773215 38 522 39 532 33 613 36 1208
1659 -2.1344685895254289 -0.37542591423482086 11.279894610137815 39 11 23 0.5777022295974571 39 535 33 619 50 778
1660 -2.1418736945121042 -0.30860357351094836 11.287427939334005 47 26 33 0.6124109518255445 37 1231 38 525 33 620 32 683 50 1067 51 852 29 212 42 498
1661 -1.6976039015764568 -0.19078885733132855 10.588494372254999 114 107 107 0.35351443981412406 41 513 33 623 32 687 49 1120
1662 -1.0791089018714899 -0.35721415225300757 10.544489032647533 168 181 185 0.76751686768636873 38 526 39 540 33 624 32 662 31 544 40 387 29 720
1663 -0.51639415579964165 -0.13462511830802532 10.516894585118676 222 218 213 2.3004608672409863 36 580 33 633 50 1310
1664 0.27654235680387995 -0.32019612081668153 10.328962988481909 199 204 198 1.2290262620356278 36 558 39 1147 33 639 32 668 31 551 40 906
1665 0.65921121700777574 -0.34197399498303499 11.091540765117609 170 165 158 0.9856719828956092 34 531 39 1148 33 642 32 670
1666 0.66359789265138014 -0.23293918552087828 11.247573450263168 164 160 150 1.820988101768541 35 508 38 1170 33 643 31 572 32 701 40 428 40 1216 29 223 30 136
1667 -0.76473201883291364 0.21077280189826703 11.008022183291478 120 113 102 0.57107646329139983 36 1226 33 664 32 717
1668 -0.33245876237513056 0.20715947017081249 11.170799389189161 175 167 162 1.282215018708101 38 579 33 668 40 473
1669 -0.42650129572963508 0.36824537073967539 11.486415104930456 139 132 125 1.1601355280111254 37 639 41 548 33 671
1670 -0.30530190647196076 1.0336100658684195 11.488231518368256 136 129 119 1.3860375087380226 35 558 37 679 38 619 33 682 31 1109 50 1328 34 1103
1671 -0.19498935624976957 0.9871004040234822 11.1221171708646 162 155 145 0.42098377561267764 36 619 37 680 33 683 31 618
1672 -1.2484944336173549 1.2608174140060662 12.710827145972443 176 169 161 1.4601466634301952 37 670 33 686 31 623
1674 0.7835206435633828 1.4157022380113322 11.97257201704914 150 144 129 0.38821328879932548 36 635 38 648 33 688
1675 -1.1295141729504976 1.3844474296383695 11.46224453949803 123 117 106 1.7048923996601193 36 627 38 643 33 699 32 757 31 1115 40 538
1676 -1.1535093655158482 1.4685492007291121 11.602331991758389 167 160 149 0.91031316619602942 41 280 33 700 40 542
1677 -1.4711326477849047 1.730131103709045 12.519035187984032 107 105 93 0.83978253328922536 39 1191 33 722 40 1241
1678 -1.3640673182392928 1.7956309685825957 11.905841692184705 76 70 56 0.87841723233703828 36 651 33 723 32 785 31 638
1679 0.2905728216106564 1.7448264321544331 11.352729544166213 146 138 127 1.0591223977991342 35 583 33 729 29 789
1680 -1.4840937585628007 1.9680185595845694 10.863553782581914 82 75 66 0.96657514126749844 37 1677 39 697 33 740 31 644 40 989 30 155 49 659 29 297 42 387 28 882
1681 2.2847198785242524 2.5712062675776197 6.1808255164693637 154 149 143 0.59749310187311178 34 1174 35 685 33 789 32 860
1682 2.9157111602878301 2.7401026030500537 5.1931171335452619 98 97 97 0.34679716947343125 34 743 35 739 33 816
1683 2.7012647589291752 2.7656073303914046 5.168622594781545 45 48 53 0.52195003773255733 34 1206 35 1190 33 826
1684 3.0168192221599739 2.9407084224108808 5.1809026191364849 74 73 71 1.0334972848523132 36 1343 33 838
1685 2.2139833515049263 3.0207560718242426 4.558410395808016 109 99 90 1.066743051999504 35 776 33 853 32 935
1686 2.8676018704491089 -1.7761839176270102 1.8373162925071449 185 159 158 0.69460136685354179 37 879 33 917 32 24
1687 2.9287076577752384 -2.0649779268219333 2.3931300410813505 83 58 43 1.0284104867341008 37 1745 33 929 31 768
1688 2.9564359087237424 -2.0637934305670398 2.4549338746977241 94 63 51 0.99092284155258115 36 1394 37 1409 33 930 32 1021 31 769
1689 2.9301575028354661 -1.6792709478145917 2.2419127200426354 123 120 121 0.7037178525855734 36 1408 37 927 33 956 32 1042
1690 2.9613502064133597 -1.7115933046186049 2.3015357630877209 123 120 121 0.38992608389474276 36 1407 33 957 32 1043
1691 3.5124924543122003 -4.3247466852855219 7.8869808493113087 202 204 193 2.0435900069690232 37 94 33 966 31 788
1693 -3.0587823442645785 -3.7737807673978065 10.856018347803305 168 161 155 0.86473529927238013 36 981 39 145 33 1002 40 136 50 538
1694 -2.0093987958777717 -3.5463863210966351 10.53822542041058 140 134 134 0.37357772891676405 34 163 37 995 33 1015
1695 -1.7938278922028523 -3.7084688685019702 10.975339627203299 78 67 73 0.43962141248268249 37 998 39 168 33 1017 40 155
1697 2.8946501119874886 -2.351388056010169 6.57668779409543 65 66 70 0.62608637196443218 36 999 37 1482 33 1027
1698 1.8349624618966991 -3.2852289674871558 10.16253314577602 154 130 117 1.2421775144733238 35 914 36 205 33 1052 32 219 40 170
1699 -2.6293847526119509 -3.1235058981921999 10.782037888210631 55 36 40 0.67143565213344603 38 953 39 959 33 1067 51 974 52 717 42 284
1700 2.6549797960751209 -2.8253266217416901 9.8237532766028668 99 103 104 0.34045272702347401 34 1339 36 1509 38 1414 33 1081 31 1345
1701 2.9467491536185371 -1.7581921070748621 6.020060257686441 45 49 50 0.57449637682734533 37 1527 33 1089 32 1206
1702 -2.7466334965084016 -2.8424767329280223 10.95263389208316 42 26 33 0.21738746010666948 35 280 33 1100 52 722 34 1345
1703 -2.3088257024260805 -2.6631148742482549 10.703474093741752 89 69 79 0.95463414134652569 36 1073 37 1532 38 1400 39 992 33 1104 50 1224 49 894 52 836 29 648 28 691
1704 -2.1653429013213805 -2.6888303865269298 10.887266104138961 53 35 41 0.82408558382955666 35 962 38 1402 33 1107 39 1380 36 1075 51 991 34 274 52 731 42 286
1705 -1.383858451277816 -2.68476826156876 10.994439692491088 99 99 108 0.65824797249465217 35 289 37 327 33 1109 32 387 32 1697 50 975
1706 2.4978693343342662 -2.2608164431145474 9.6601189166090151 11 15 20 0.61173043993755305 36 1549 37 1559 38 1442 33 1131 32 436 40 1326
1709 3.0222602520217623 -0.57534753947121953 2.5651292375514503 163 153 149 0.35001248326237416 36 1564 37 1597 33 1155
1710 -2.2019262004810787 -1.9645177944170353 10.792347626118156 43 16 25 0.43263594253868332 36 378 37 411 33 1159 40 257 51 1005
1711 -2.2002075359295281 -1.9634910329701987 10.787297775754086 43 16 25 0.53122347310821949 36 379 37 412 33 1160 40 258
1712 -2.169733673271653 -1.832759233108137 10.747452920341114 51 20 35 0.80167317385201997 38 1069 33 1162 49 909 52 739
1714 2.0776391951963067 -1.8238378729896527 10.060564382991748 3 6 13 0.4812020124234519 36 1143 33 1169 35 1002
1716 3.1943679598861991 -1.1724737247892694 6.7102219831628656 140 65 78 0.68115092024050994 35 384 36 448 33 1180 31 416
1717 -1.6894798595133886 -1.7080780832797073 11.059466159850265 82 60 68 0.7246687279660412 36 415 38 1088 39 1067 33 1187 32 504 50 1005 29 677
1718 -1.6898452359642466 -1.7045456459204593 11.031584360483793 82 60 68 0.64020702345929337 39 1068 33 1188 50 1006 29 678
1719 -1.2485720246252912 -1.3369168206588218 11.272704413680259 128 138 79 0.69634056418822632 38 1121 33 1209 39 477 32 1346 40 858
1720 -1.1484174542980612 -1.4401803289604782 11.464930947997004 73 76 58 1.0783581435470917 35 426 37 494 39 1083 33 1210 32 586
1722 -2.0192066369827151 -1.0841349215233695 11.046645240309479 52 25 33 1.0704920789850247 36 1591 33 1223 52 750
1723 2.930433573475332 -0.14252642768615947 2.0597660129047752 64 61 55 0.58686543945624259 37 1888 33 1228 31 448
1724 -0.5374946422208855 -1.038750247639721 11.666345594073215 113 111 99 0.6299337892809358 36 523 38 489 39 503 33 1239
1725 -0.51457422986153956 -1.0329235071205189 11.5139974842459 113 111 99 0.644434394246584 36 524 37 526 39 502 33 1240 38 488 32 1367 31 1071 50 1287
1726 2.7427727479057018 -0.73030101450204554 10.578291985603283 0 2 5 0.78619541586777208 35 1360 38 1152 33 1243
1727 -1.9015536399545714 -0.61621390164736356 11.444954526894527 52 26 40 0.6226362591423642 35 1059 33 1249 32 1378 51 1057 36 1200 52 763
1728 -1.9604741067772207 -0.57309996514982453 11.461924311352996 67 46 52 0.58504957504245692 39 520 33 1251 32 656 40 367
1730 2.3564547332806516 -0.15233488279205287 10.228832861089478 125 121 111 0.90381646874156774 36 1629 33 1266 40 1373
1731 2.4566086179986066 -0.082669319743290046 10.858171132522068 128 122 107 0.83481271478633656 38 1174 33 1271 40 944
1732 -0.47275484418055669 0.4757648049281033 10.790102358167633 170 167 160 0.81332662183265225 37 653 33 1278 38 595 31 587 40 497
1733 1.8216839936205034 1.3112208256633733 11.81039210048217 100 88 62 1.1468164409423565 38 1552 33 1285 35 1392 31 1458
1734 -0.72173187115214477 1.5478464382028689 11.801661477268603 96 87 73 0.20411242211001832 41 585 33 1291 50 1130
1735 -0.67931769716709123 1.4778543221109834 12.203510170622954 127 122 102 0.6627696093679053 39 1192 33 1292 32 758 36 629
1736 3.010404125732272 0.78145847181738837 2.7784694527210245 161 158 149 0.39285128242390521 36 1668 37 1685 33 1301
1737 -1.306507696487416 1.7631744425908535 11.858170074911916 90 82 67 0.45633366169866646 41 777 33 1303 32 786 42 535
1738 0.39121253048385241 1.8513952063141035 11.037205218414963 115 105 92 0.66847470086679495 36 1260 33 1310 31 640
1739 2.6066356209291417 2.3783399196062214 5.9392232425455296 98 89 88 0.52317364136385058 35 1159 37 1339 33 1349 32 849 31 672
1740 2.6117398049837006 1.5899485152484591 2.8298543416162691 41 45 41 0.28492294562488391 36 1705 37 1718 33 1361 32 857
1741 1.5502154720559378 8.6769250966344451 13.391234903320465 251 251 253 1.5996964366801347 36 1718 37 2121 33 1408 35 1642 31 1738 32 1888
1742 -0.90832767564136641 -4.1198770745748812 6.0820034332073103 170 168 168 0.96109490387130503 35 1240 36 1401 33 1420 30 392
1743 2.9692528997676479 -1.7948395575420555 2.5081865172612461 69 60 51 0.4474477086293045 36 1743 37 1766 33 1429 32 1039
1744 2.1453337367261329 -4.3958657349453683 9.8943737788654129 42 41 71 0.61903057162433328 36 1426 38 1333 33 1438 32 1594 40 1276
1745 2.3864389260001988 -4.319503667004911 9.9262855264120393 187 139 103 0.47279607988348227 36 1434 37 1776 38 1335 33 1439 31 1263 30 395
1746 -1.9334258918784151 -3.7657419387504696 10.168851208820591 148 127 127 0.42891765634504114 35 1250 36 1439 38 1340 39 1324 33 1447 37 1781 32 1602
1747 -1.1216224928589322 -3.3207803018569098 10.734727908229704 98 96 119 0.54301588758584673 36 1014 33 1486 38 169 31 916 40 732 30 418 49 1035
1748 -1.459569627272439 -3.0096105945069369 10.929337523129178 95 93 107 0.84785799821486263 35 957 39 966 33 1509 32 1677 50 1217 49 885
1749 2.6843680240245287 -2.5087280201929216 9.9315743501078 60 61 60 0.36715209865152731 36 1529 38 1425 33 1522
1750 -1.5502935965626079 -2.549824375744012 11.645785798619013 100 99 104 1.1519702225773711 34 1363 39 1414 33 1529 35 979
1751 -2.344392366247392 -2.2115830777168148 10.747458184851434 26 10 20 0.55082781130775227 39 1412 33 1538 37 1833 38 1707 52 918 29 1017 28 1449
1752 2.9235885768233931 -1.7915083640020248 10.520600812158291 40 46 53 0.41813988930005913 37 1591 38 1470 33 1555 32 1763
1753 2.9316037628140306 -1.9108431773361181 10.043423896737359 3 1 6 0.52473386074505945 37 1590 38 1472 33 1556 31 1396
1756 -2.140065080988669 -1.7980102855400921 10.898646482920961 95 67 80 0.55804578108914826 38 1719 39 1435 33 1566 32 2021 40 1152 51 1198 49 1214 29 1034 42 577
1757 1.7023523393661535 -1.6973589329336234 10.862476304123486 59 26 37 2.334521895464492 36 1581 39 1440 33 1573
1758 -2.5372289194003548 -1.4385132757398873 11.108270575813956 46 21 30 1.1803539203596547 34 1023 35 1020 38 1477 33 1578 40 840 42 476
1759 -1.6869930433846163 -1.5161871809205212 10.892789793943276 62 29 40 1.0902516651429002 36 1159 39 1453 33 1585 37 1857 40 1162 50 1396 49 916
1760 -1.1045863736885746 -1.0299294940352539 11.21503491286947 125 166 104 0.90297160613548311 35 1353 36 1600 39 1477 33 1593 38 1497 32 1791 31 1067 30 115
1761 3.209244050811487 -0.68001827636314172 7.1692007701819449 49 53 54 0.63326306784623332 36 1610 33 1599 32 1368
1762 -1.9943618429626921 -0.51844732273095484 11.365092532447527 41 15 26 0.42725707379050665 37 1631 33 1614 28 786
1763 1.3207303826521564 1.4066922438293514 11.465318067349134 184 175 158 0.59474380773933555 36 1243 37 1274 33 1632 40 980
1764 2.9795303641273443 2.1002592003708478 5.8874614791786559 60 59 57 0.35189935827271679 34 1499 33 1643 32 1457
1765 2.1701509896369315 2.8099502878663549 4.9137528981629028 21 13 15 0.11405276263996898 35 1627 33 1665 32 1496
1766 2.9779629651169826 3.2099118306454826 4.1859507005944536 137 128 113 0.98486912114155478 34 1255 33 1678 32 1878
1767 2.9240074645146668 -2.072554742068232 2.3196431858865938 167 143 120 0.41398032876301932 37 1977 33 1692 32 1557
1770 -1.6329103191918053 -3.3583910209885488 11.171176743705187 50 47 54 0.87460638177366334 39 1348 33 1755 38 959 40 1303
1771 2.8012469251347172 -2.1278753863014166 6.7497861732799995 44 38 43 0.52806361941036284 35 1681 37 1806 33 1758 36 1783 32 1972 31 1591
1772 -1.5773569144687705 -3.0694464220222581 11.009927901215018 73 70 75 0.72268855473938676 35 1533 36 1485 39 1641 33 1771 37 1813 40 1109
1773 -1.4376810326768867 -2.7319851982869032 10.963675298298543 96 94 105 0.32306232473280327 35 1303 36 1802 37 1820 33 1787
1774 -1.5709679446581677 -2.5792439504070415 11.331085743692617 53 51 62 1.0738650200553632 34 1604 36 1545 39 1396 33 1797 51 1316 49 1197
1776 2.9853209157618124 -0.4884575337623101 2.5268399025829953 166 147 142 0.35010019819982541 36 2001 37 2058 33 1816 32 1739 31 1378
1777 -1.7973120008102144 -1.7002358330357412 11.23421497318073 56 29 34 1.2311768700123478 35 1344 38 1735 33 1820 37 1603 36 1136 39 1066 51 1203 29 1038 28 1469
1778 -2.4292032552569269 -1.4467097572482421 11.004379200803822 87 61 66 0.886470739439989 35 1570 36 1832 39 1690 33 1826 40 1345 50 1529 51 1435 52 993 50 1624 42 684 28 1723
1779 3.3872722452305517 -1.4345209233930889 10.52110432717318 50 49 47 0.71155840103215862 34 1631 36 1837 37 1863 33 1829 32 2044 31 1415
1780 -0.57705849333313664 -1.193871079094428 11.557611937349449 61 59 62 1.0957650270304666 34 1638 35 1574 33 1834 50 1540 29 1051 31 1677 32 1796
1781 -0.42487397905901475 -1.0312400796515191 11.28111347227402 197 195 183 1.5443189885007733 36 1843 33 1835 35 1049 37 527 50 1289 29 1058
1782 1.2579311298174647 -0.95802416795143919 10.949528166633877 98 89 74 0.68375293820571281 36 1605 33 1839 32 1797
1783 3.0738307108699185 2.5980267411328906 5.689372726002949 8 4 1 0.53635439696755083 34 1703 33 1888 32 1862 30 505
1785 2.6297144065167841 2.3789360838181759 3.3010183513901716 136 124 108 1.8057248295072748 35 1639 33 1900 32 1870
1786 -1.6999589339073031 -3.6611077665368041 10.969158172844054 117 107 108 0.44840742208599915 36 1953 37 1787 38 1861 39 1822 33 1937 32 2183 40 1449
1787 2.1341690018763275 -2.3113312551780405 10.224076065849649 7 10 20 1.6816744215419583 36 1984 38 1711 33 1961 31 1622
1788 -1.4797065571295698 -1.901959387601706 11.263097982588922 21 47 85 0.68869069637949287 36 1997 37 2047 33 1975 32 2251 31 1807 51 1433 49 1291
1789 -1.4419603016726859 -1.8759156311346192 11.093031857427055 21 47 85 0.7314501637646702 36 1998 37 2046 33 1976 32 2250 31 1808 49 1290 29 1473
1790 3.0063226100774685 -0.33563101708886728 2.5756038037191962 123 109 96 0.61670467622600478 36 2111 37 2188 33 1986
1791 3.0063226100774685 -0.33563101708886728 2.5756038037191962 123 109 96 0.61670467622600478 36 2112 37 2187 33 1987
1792 -1.1841262104009087 -1.3405511883447285 11.254525526959595 145 161 62 0.86185180285180774 35 1717 36 2109 37 2181 33 1990 32 2401 31 1924 51 1499 29 1480
1793 -1.1841262104009087 -1.3405511883447285 11.254525526959595 145 161 62 0.86185180285180774 35 1718 36 2110 37 2180 33 1991 32 2400 31 1923 51 1500 29 1481
1794 2.9492771914654026 -0.3580116980248112 6.2719876168835373 34 35 39 0.27127349630445402 36 2020 37 2198 33 2027
1795 3.2824802649194655 -0.46966682493538758 6.490606461967058 33 34 38 0.99647851026669032 34 1795 35 1732 37 1881 33 2030 32 2075
1796 3.0538835058447504 1.0422111134917247 2.9018239224049842 187 185 173 0.29499491440954378 36 2143 37 2225 33 2046
1797 3.0495324712728578 0.95354677995523052 2.7230344859129882 190 188 175 0.53717569798401632 36 2043 37 2226 33 2047 32 2107 31 1460
1798 2.402659401155026 2.5456666859991768 6.3332343327043805 51 50 47 0.8394113748267682 36 2147 33 2055 32 2322 31 1708
1799 3.093974223332832 1.8238496118914251 3.1066150868955491 174 172 160 0.40243391400988748 36 1913 33 2057 32 1481 31 677
1801 3.1915583486397758 2.7695224503054892 3.8827287075803416 125 120 109 1.2010685403520616 34 1928 33 2065 32 2131 31 1724
1802 3.6306515881995667 -3.9424125111334134 8.7454613000015513 140 130 117 0.66905598339859318 34 1864 35 1788 36 2073 37 2138 38 1996 33 2090 32 2163 31 1749 30 827
1803 -2.0385637781324322 -3.8680892101010849 10.468380763419967 156 134 132 1.1105449026694025 35 1660 36 1943 38 1849 33 2095 50 1583
1804 -2.5137335359223187 -3.136664224523984 10.550827798420332 77 56 67 0.73630815734775312 35 1683 36 1965 33 2107 40 1453 30 710 29 1448
1805 -2.517436533644775 -3.1420749188179919 10.562064135747772 77 56 67 0.71314949058031263 35 1684 36 1966 33 2108 40 1452 30 709
1806 1.8575598215442939 -3.2698518828170551 10.539491228577656 86 56 61 0.47450315762706324 35 1796 37 2159 38 2009 33 2109 32 2375 31 1900
1807 2.9390472675997459 -0.27056771710738592 2.2583448160762383 139 111 106 0.41926667942398899 37 2275 33 2134 31 1812
1808 2.9390472675997459 -0.27056771710738592 2.2583448160762383 139 111 106 0.41926667942398899 37 2276 33 2135 31 1811
1809 -1.6301634409464205 -1.2217487620450889 11.785662108545008 83 78 72 0.6401916278355273 35 1722 33 2142 32 2405 31 1927 40 1487 50 1628 49 1298
1810 -1.1622533531477464 -1.1777996121216732 11.220304788536556 139 157 57 0.66815435486384012 37 2183 38 2028 39 1972 33 2143 31 1928 40 1575 30 857 29 1580
1811 -1.1678347872473935 -1.181844364590434 11.243481649731629 139 157 57 0.61141579763809573 37 2184 38 2029 39 1973 33 2144 31 1929 40 1576 29 1581
1812 1.2018967962974509 0.23791796085916039 11.269374743510747 178 173 154 1.7472463451637064 35 1830 36 1866 38 2119 39 2059 33 2156 32 2482 34 1969 35 1906 31 1946 31 2001 40 1514 40 1645 34 1910 39 1726 50 1697 30 954 29 1592
1813 2.988904549287648 0.60624735986495115 4.8501941762871716 214 215 209 0.87046112979959567 35 1833 33 2158 32 2307 31 1687
1814 2.5285866342705861 1.599532069866213 2.8124468413502948 193 196 183 1.8936150907607221 36 2229 33 2169 32 2120
1815 2.8534704749591606 2.5889737709551248 5.5423416506841257 48 17 26 0.54418764382021079 34 1978 33 2170 32 2427 31 1856
1816 -2.0198390288900954 -1.2139500106431762 11.229123294197397 62 34 48 0.93792465144203274 36 2202 33 2212 30 760 49 1382
1817 3.2764355829200547 -0.37761706067495021 6.7053450544227688 29 30 34 0.62992914786657894 35 1898 37 2281 33 2216 31 1933
1818 3.0069125655837659 0.98359108830120667 2.7119909079039792 153 151 139 0.77076004111123542 36 2224 37 2295 33 2232 32 2423 31 1845
1819 3.0068411898331493 0.98262083776709719 2.7095662638354709 153 151 139 0.63741169035145284 36 2225 37 2296 33 2233 31 1846
1820 2.9065919015652688 -1.5971445054264017 2.3349049385053831 65 61 58 0.5130296701953595 37 2358 33 2246 32 2436
1821 3.0636476122471428 -0.32561436106570951 2.7968333734135808 65 61 54 0.59767900017206466 36 2307 37 2373 33 2264 32 2470
1822 -2.1104746203925853 -0.94431445200383435 11.019410266371075 78 55 49 1.4468980365412349 36 2252 38 2150 33 2267 40 1632 50 1727 30 862 51 1570 42 825
1823 3.0121057124852744 0.84403418448404022 2.7270526372015538 152 150 138 0.5898857734953441 36 2312 37 2382 33 2286 32 2486 31 1947 32 2418
1824 2.9749663674856612 -0.20419345127470612 2.2048775166354222 73 69 66 1.0296786463049312 37 2437 33 2316 32 2529 31 1988
1825 2.9749663674856612 -0.20419345127470612 2.2048775166354222 73 69 66 1.0296786463049312 37 2438 33 2317 32 2530 31 1989
1827 2.9059061992755293 -1.552150757284509 2.5156841343422403 172 170 158 1.2002790699771499 37 2463 33 2379 32 2612 31 2130
1828 3.0392943674335813 -0.36177280732505568 2.5133698462313254 80 70 65 2.5407469002428407 37 2476 33 2404 32 2640 31 2139
1829 4.0306747638819562 0.5041757105445559 8.6071012332818295 192 189 182 2.1237820118726076 36 2407 37 2484 32 2660
1830 2.9216602631804331 2.3728795841113408 6.5583510603596658 24 24 24 1.196131497659263 36 2414 37 2491 33 2421 32 2670 31 2181
1831 -1.5765104763559235 -1.9661430790216037 11.153247493532417 37 35 33 0.87211391123771442 34 1620 38 1903 39 1854 34 1383 36 1558 33 1812 32 2023 40 1473 50 1522
1832 2.4062419295827326 -2.2495774123059054 9.6796023704139245 127 129 134 0.72762084052667275 34 311 37 355 33 395 35 972 38 1060 39 1419 36 1109 32 1271 31 1368 40 1324
1833 2.5916044982084148 2.1296677278538962 3.4176497080627541 96 96 90 0.32504467854872954 33 2059 34 1710
1834 2.9791294298491642 2.7196571393671007 4.9176517048715152 57 53 50 2.7435953470311087 36 2160 33 1894 34 1846 35 1778
1835 4.1033138329799055 1.5977949128339872 11.269032937109127 111 101 84 0.68268236042066632 38 672 39 699 35 588 33 708 34 1123 37 711 32 770
1838 0.37237113594197085 -2.2962368559380573 11.26367161508807 199 197 185 2.0952504999128272 36 2415 37 2493 33 2422
1839 2.4588504858222135 -4.7639089051612693 10.009247492588143 74 56 69 0.76832781299276676 35 860 39 81 32 94 37 948 31 809
1840 2.3292469772399045 -4.3430394068376694 9.9410597426454839 143 86 57 0.88639043164685494 36 88 38 61 32 108 40 667
1841 -1.9517694885403711 -3.8176381991239139 10.675777343247194 80 63 81 0.451692953864473 35 890 39 151 32 150 36 1441 40 695
1842 -0.62796175058610204 -3.9355411096085646 10.918651986789969 243 239 240 1.2952891504825359 35 158 32 151 39 905 34 887 40 699
1844 -0.8764115695895075 -3.6611289669881586 10.953251288633846 122 123 152 0.29205189227812328 35 179 32 179 36 996 40 167
1845 3.0315916754427503 -2.2922882412414456 6.0643570797298993 46 48 47 0.83904921694600121 33 167 37 1471 32 191 36 1446 31 145
1846 3.0071527720885505 -1.1005902705985102 2.3549276059686122 174 147 150 0.41620303546572124 33 126 36 960 32 202 31 125
1847 2.9436912080494904 -0.90318355944126127 2.116275405368369 118 101 102 0.52764054886301004 33 1039 32 241 31 153
1849 -1.3212042749394477 -3.2632023430820576 10.786454774341216 41 40 52 0.61793774894253028 35 223 38 960 39 196 32 265 37 255 40 188 50 1199
1850 2.956358376319256 -0.86846894300745103 2.2980632814336426 120 113 105 0.22870042272187419 36 1477 32 305 33 266 37 1048
1851 2.9992711133333376 -0.9198191571482971 2.5560707762885611 99 99 97 0.2109924244477106 36 1476 37 1515 32 306
1852 -1.8238323348901653 -2.8305266726925078 10.738211320837506 118 90 116 0.71615084140191143 35 953 32 325 34 276 39 1383 37 1519 38 1406 40 1117 50 1373
1853 1.6761742095079677 -2.9935125638058757 10.53899623624303 99 49 60 0.79575985051858333 36 294 38 253 32 332
1854 2.9814770865022822 -0.7489877243676607 2.4240467032165873 167 163 160 0.36588669398953749 33 362 36 1518 37 1549 32 358 31 311
1855 2.9814770865022822 -0.7489877243676607 2.4240467032165873 167 163 160 0.36588669398953749 33 361 36 1517 37 1548 32 359 31 312
1856 2.4519952617912435 -2.3015479882439309 9.419741531696264 138 141 147 0.55418805550310879 35 294 36 340 38 297 32 399 31 338 40 761
1857 3.416144067971052 -1.9377533326339271 7.3624257560832422 234 237 242 0.40760183153572294 34 293 38 306 32 401 31 968 39 1846
1858 3.0114207534217385 -0.78199490320260789 2.7115932349981811 112 107 101 1.3985635021685996 33 360 36 1089 32 404 36 1090 37 337 31 310
1859 2.9850223823722035 -0.69086672949710959 2.5907604749386413 165 161 152 0.38060330353052263 33 1140 36 1116 37 1567 32 405
1860 -1.7357898617842946 -2.2314576508311013 10.860832003582296 101 82 101 0.56695484914982319 33 410 39 1032 32 423 36 1098 37 372 29 656
1861 -1.669096977186852 -2.3066776561706597 11.220567388446328 120 114 102 0.86095426577029954 37 376 32 424 49 509 51 178
1862 2.1714702323792019 -2.4234961995107676 10.517493025354907 6 14 27 0.98800693024264175 37 353 39 1039 32 430 40 774
1863 2.1422775210374332 -2.2087781256827039 9.9138883330737269 9 14 26 1.1222788322677797 37 354 32 431 36 1108 40 775
1864 2.6123939490706602 -2.3140084395068943 9.6764923887130649 10 13 20 0.14061155581573251 37 357 38 340 32 437
1865 -1.79932469443545 -2.0640616544817365 11.039079593894359 53 25 40 0.89484182877048002 34 1003 37 374 38 348 39 356 32 456 36 1122 40 801 51 519
1866 -1.4714271344394894 -2.2220325508019005 11.195037782074584 93 91 103 1.2092778588202471 34 339 39 324 32 459
1867 0.220772870812037 -2.0233467540427976 10.748071417341642 183 179 176 1.0335593122624889 34 370 38 359 39 374 32 464 40 807
1868 2.6284014299847982 -1.7763633452491927 9.4661142409101284 92 97 104 0.66624615141407462 36 397 38 405 32 474 40 282
1869 -1.5773033498282136 -1.9070378438495807 11.663623129506259 27 33 54 0.42024079751921284 35 369 38 1090 32 505
1871 -1.6451151962096273 -1.6840934894222028 11.097715196633368 19 15 44 0.8640182998613618 35 391 38 385 39 413 32 546 37 457 40 286 50 1009 51 1023 49 742 28 169
1872 -1.619564725520543 -1.6331000444172221 11.512692396308745 70 69 65 1.3332487304045322 39 444 32 548 35 393 37 461 40 311 50 1020 40 308 49 752 29 154 38 419
1873 3.4380260272416674 -1.3339232177733416 10.19353924898209 20 20 20 1.001292814031469 36 1178 37 1185 32 596 31 475
1874 3.2719991317760564 -0.65929891988855605 6.1859304938363957 43 10 10 1.8536946450971534 35 1043 37 536 32 600
1875 -2.1101810104024175 -1.0444751188271317 11.664042520385395 71 43 58 1.1147333683424308 34 458 35 440 32 615
1876 1.2956674957067176 -1.0364305529201696 11.017889776713627 150 137 120 0.99046788490848992 35 451 32 623 34 467 50 1422
1877 1.7646779013203369 -0.95745024848983695 11.467378520294574 124 116 105 0.86338590294282425 33 1241 39 1122 32 625
1878 -2.1515854066619311 -0.59964153381712493 11.213436659669402 48 21 30 0.5061153993810017 36 538 37 563 38 512 39 518 32 635
1879 -0.70298690603952629 -0.56150515105298948 12.115426300095645 184 182 167 0.27846839899969683 36 556 38 530 32 664
1880 0.33167144898412915 -0.43865445416480786 10.232329071502718 204 204 205 1.2545722181675409 33 1255 36 1852 32 667 31 550 40 392
1881 2.6317931123248424 -0.47846550604784327 10.406683930529848 98 89 75 0.8944124516040397 36 566 37 573 39 1150 32 677 40 911
1882 -1.7255131189037092 -0.13643168294972963 10.444136216501141 207 196 200 0.93830454275927788 41 748 32 688 29 214
1883 -0.93144530699995276 -0.14292464027474722 10.218097576667139 194 228 221 1.1083393296745776 33 630 35 500 32 692 34 521 34 1081
1884 -0.56539139291105167 0.60782793567837412 10.778676704164354 177 172 167 0.78899685380238793 41 554 32 729 31 596 40 498 50 830 51 1100
1885 -0.2194218278867672 0.67761442479130063 12.272675254879744 135 129 113 0.7976886655630403 35 548 36 1239 32 733
1886 -0.10470975868854179 0.68436560804965629 11.634851552153281 156 150 134 1.1001174878350424 35 549 36 1240 32 734
1888 2.5267322717247405 0.71903116468317996 2.7253186265872151 28 32 31 0.71974057884159426 33 1297 34 1149 32 750 31 601
1889 0.14404356539108884 1.50688749200608 11.536491002331349 155 154 149 1.9514381447061535 41 589 32 761 31 1116 36 654 38 645 40 978 51 1123 49 1151 35 1114
1890 1.3543461382471955 1.5010203911867139 11.835792373565615 113 104 87 0.80956687047690423 36 661 32 766 31 628
1891 3.0612560867358214 0.80737737672725807 2.8886398762051066 151 152 146 0.89247460211533713 36 1669 37 1686 32 777
1892 -2.2630516768549827 1.5235111851881664 11.932515395648483 155 146 131 0.85505159321084456 38 1186 32 780 40 958 50 1447
1893 -1.4495673584923399 2.0066328586378561 10.869902152414756 135 125 115 0.84752496531471999 41 591 32 813 40 990 51 671 49 995
1894 2.39629649853996 2.5672699871332649 6.2310696311330309 118 115 113 0.50776990085956519 35 687 36 764 32 861
1895 2.5429219484522831 2.6868138999296236 5.51014832734813 71 64 59 0.41996760436283598 34 1197 32 878 31 703
1896 3.0588098282540042 2.7665781747166642 4.961074484329826 102 96 84 0.52320537879741325 38 1627 32 906 31 1184
1897 3.0136425292452418 -1.8023760088179028 2.433725808793378 83 77 76 0.47325602011855855 36 1405 32 1041 31 783
1898 3.007926947850367 -1.7143097637921458 2.466218856650662 113 111 116 0.61893069915139765 36 1409 32 1052 31 791 36 1746
1899 0.82534835597591127 -4.4870973952547377 10.158411774782619 201 186 168 0.59012523724066701 35 864 37 951 32 1074 50 1162
1901 -0.61187610800218795 -3.5430826655052519 10.670613330713408 93 95 109 0.96520686429085578 35 181 36 997 38 135 39 930 32 1110 40 1076 50 925 30 553
1902 2.9360615082635162 -1.0089992816610809 2.0998070567539582 131 121 129 0.41745066595280189 33 1453 32 1118 31 851
1903 -0.80404418244490627 -3.5674636521194243 10.794053522258208 60 60 86 0.67342385479611155 33 203 35 912 32 1131 31 880 40 169 39 177 50 1194 51 1152 49 857
1904 3.0350824817282942 -1.0919949839788161 2.6554193450283634 178 166 160 0.49274958018593634 33 1037 37 1794 32 1148
1905 2.9964407833926039 -0.91515170092585751 2.2270719901120195 189 164 156 0.27877498428924552 33 1476 37 2014 32 1150
1906 2.9448248597749567 -2.0586455983569674 6.5634761057654458 84 84 84 0.36178703760388997 33 256 35 1274 36 1492 37 1511 32 1176 38 1002 31 1336
1907 2.9825205317887575 -0.79765375461401777 2.6828680028409515 187 184 177 0.75815482413477053 33 1115 32 1210 31 309
1908 2.9945589031432651 -0.84941964965007122 2.5004554543977435 168 164 161 0.32371367891323211 33 1512 36 1789 37 1817 32 1212 31 938
1909 3.0150023854672137 -0.7733510587892104 2.5403183997963867 72 71 67 0.43744006602822361 33 1116 36 1515 37 1824 32 1213
1910 2.959881440007901 -0.71324551331198871 2.1692605216066503 199 192 188 0.43547656351860031 33 1513 37 2026 32 1215 31 940
1911 3.0139113587687527 -0.77796941826766186 2.6577021817865347 173 166 160 0.16985137097659034 36 1807 37 1823 32 1246
1912 3.0027232735433258 -0.7254928497767914 2.4462323706150828 85 76 75 0.36017710576169393 33 1119 36 1535 32 1248 31 313
1913 -2.1175869805043344 -2.3257321695522721 10.808429290277292 52 30 50 0.71867316015952232 34 331 35 976 38 311 39 1027 32 1256 36 1542 40 782 50 1232
1915 1.5597028678297951 -2.4475363862620885 10.475221840887624 82 35 49 0.63448082803706807 35 970 36 1102 37 1102 32 1264 31 1006
1916 0.058464682719377846 -1.7299916696507258 10.850066965323307 204 202 196 0.86291353218531586 36 426 32 1308 31 1401 41 1004 30 607 29 1041 29 1282
1917 1.5833181602345756 -1.6653901070999382 10.768811776928933 98 59 70 1.2157665941924649 33 487 36 472 38 1112 39 1456 32 1334
1918 3.4461343946146261 -0.65736236858858776 10.517208541748266 113 107 95 0.90034845537289443 36 1617 39 1498 32 1385 31 1442
1919 0.007051445253176563 -0.19377438875677522 10.40974975491298 201 200 196 0.82232993288824863 37 1643 32 1409 40 1363 49 1327
1920 0.148822886961123 0.42584606749023607 9.9604838392009096 138 132 116 0.29619021887843366 33 1281 35 1088 32 1423
1921 -0.35425100007535759 0.85945516539169298 11.297000710465625 158 155 149 1.5384768578549823 38 617 32 1425 31 599 50 1115
1922 -0.39478644155962356 0.96230796337426516 11.516491290472704 140 133 125 1.7901049218663605 37 1658 32 1432 49 1136
1923 -0.83234942802117873 1.4355517770721891 12.482083439996028 132 126 112 0.57031399351498901 36 1643 39 1186 32 1434 40 962
1924 0.34110077779680131 1.6027414674696503 11.033790908997217 159 151 145 1.3452120604382847 36 1254 37 1668 38 1192 32 1443 40 993 29 774
1925 -1.4073364332077725 1.9283709421240203 11.251871963904101 120 111 102 0.66852252693892888 33 1326 34 1125 32 1451 31 1135 42 379 38 677 40 569 37 719
1926 -0.95550515473613828 2.101540624645728 10.328869646085009 139 129 120 0.43980725560740458 38 1786 32 1454 40 579
1927 2.4938068834261142 2.7585193085669362 5.1805561414994479 87 28 40 0.32298812775241964 34 1519 38 1983 32 1489
1928 2.8670225307551194 2.6145853125957315 2.8235937666130342 34 19 0 0.66605885405349896 34 1542 32 1520 31 739
1929 1.9825909250697515 3.1211367605793763 3.2300978354720002 151 125 88 0.69550829722098273 33 1411 32 1526 31 1217 30 384
1930 3.0491910866928738 3.2860702640159167 2.6335833308472703 64 38 12 0.48587166951574295 33 1417 32 1534 31 747
1931 2.9231957924400258 -2.1186932978725568 2.2382586378507812 182 152 139 0.60013284082762808 37 1971 32 1546 31 1229
1932 3.3389397562465728 -2.8005094691345995 6.7798437129384652 233 234 235 0.33435481097680653 34 1292 35 1490 38 1343 32 1604
1933 2.9718121925263885 -1.1440114284288727 2.3975794792952998 160 95 92 0.54973486283140027 33 1721 32 1606 36 1939 37 1779
1934 2.9610103888452697 -1.1444887512367758 2.5446027300849035 86 83 78 0.80772007492850328 36 1937 37 2145 32 1614 31 848
1935 -0.97025677978751246 -3.5384211276880051 10.925319070353423 117 117 143 0.71910498790000044 34 921 39 1349 32 1633 31 1312
1936 3.007006163380904 -1.0093651706989943 2.54519823159937 126 64 75 0.39076531169981221 33 1745 36 1958 37 2012 32 1641 31 896
1937 2.9620715947686564 -0.91056774592260503 2.1034719632418382 165 150 155 0.54143099241012793 33 1748 37 2005 32 1642 31 864
1938 -1.4246756483716823 -3.0922971369364016 10.693156493137494 98 96 110 0.80869064523390466 36 1034 37 1498 32 1653 49 879 37 1029
1939 2.9527538424942605 -0.90611198523658065 2.6114555580330849 185 188 181 0.66485493026897513 33 1760 36 1968 32 1663
1940 3.0344422429930433 -0.94852977336829736 2.4843376845771648 81 73 66 0.59908113494672821 33 1763 36 1964 37 2013 32 1664
1941 2.9471780380676504 -0.82913348116610741 2.0728787516567615 150 150 151 0.39287771794042636 33 1499 32 1665 31 899
1942 2.981018435705991 -0.78358815095563794 2.3149043976267065 142 120 122 0.44420582345724613 33 1780 32 1684 36 2092 37 2166 31 1340
1943 1.6836977723571853 -2.6132060740549532 10.37274120224151 178 125 143 0.87573462829233362 36 1523 37 1539 32 1699
1944 1.6836977723571853 -2.6132060740549532 10.37274120224151 178 125 143 0.87573462829233362 36 1524 37 1538 32 1700
1945 2.9895742743159164 -0.71813401501526919 2.6527236658469642 84 79 73 0.58976498652645559 33 1793 36 1980 37 2034 32 1707 31 971
1947 -1.5603354979722284 -2.2874114462897497 11.344267522610407 62 60 65 0.83071888769180258 35 1326 37 1572 32 1730 50 1382 51 1193
1948 -1.5206421679257913 -2.2595720016890626 11.166668840830777 62 60 65 0.66454487361948389 35 1327 32 1731 37 1573
1949 0.55042749494623688 -2.1701999776075329 10.866823259764963 197 194 189 1.1432486660100243 33 1144 38 1451 39 1675 32 1732 31 396 40 251 50 1387 50 1520 30 295
1950 2.749643980951384 -1.510464542078791 10.491260770058101 39 42 49 0.78298488004735434 36 1582 37 1610 32 1775
1951 2.976835224349216 -0.70839799190314012 6.0380445730499144 62 68 68 0.53759394118027348 36 1593 32 1786 35 1041
1952 3.4933579823807275 -0.038315690133638579 7.0764204593701141 206 210 206 0.32714412479533056 35 1590 37 1649 32 1811 36 1637
1954 3.0286070365794582 1.6683682325076072 11.923031033682769 99 91 68 1.4733872867558051 33 1296 35 1406 32 1829 40 1405
1955 2.5454579628548646 0.82389467093737412 2.8706122275979413 209 212 203 0.34152631969147135 33 1869 32 1830 31 1456
1956 3.0006762129186626 0.83666845690184066 2.5930453135719991 197 198 193 0.54118440071226526 33 1637 36 2042 37 2224 32 1831 31 613
1957 -1.4839973944430058 2.1465357712862811 10.684069538340367 140 131 116 1.0033887211487078 36 1887 32 1844 40 1525
1958 3.082177856221318 1.6978745734792469 2.8902343084106885 186 185 180 1.0785777329827082 36 2163 37 2240 32 1860
1959 2.9882150002069681 2.4496322872386749 3.4699431463912322 124 121 114 0.86633056434900568 35 1640 32 1868 31 1497
1960 2.9882150002069681 2.4496322872386749 3.4699431463912322 124 121 114 0.86633056434900568 35 1641 32 1869 31 1498
1961 3.0326851999867102 2.9663551797187759 2.6451162534221995 169 162 156 1.3580489255356269 33 1907 32 1885 31 1730
1962 2.9692001106993215 -1.7871997347407567 1.9860516937747594 165 158 164 0.84307085836103024 33 2080 32 1902 31 1237
1963 3.0186164544666974 -0.97356759077971178 2.5157707008421593 176 162 157 0.73691401807493129 33 1746 36 2087 37 2153 32 1957 31 1318
1964 3.0186164544666974 -0.97356759077971178 2.5157707008421593 176 162 157 0.73691401807493129 33 1747 36 2088 37 2154 32 1958 31 1319
1965 2.9602129353252766 -0.83337592773932789 2.1661703217879169 116 96 98 0.57816123410266718 33 1949 37 2266 32 1973 31 1321
1966 -1.5680295112372906 -2.8894392462908538 11.118529638966011 86 84 95 0.31225151973805521 34 1599 35 1543 39 1651 32 1978
1967 -0.83171734517957752 -2.7647453661950241 10.630527118905501 92 94 106 1.186860250404197 36 1971 32 1980 35 1695 38 1879 39 1839 49 1277
1968 2.9921305215906586 -0.77747200200525735 2.2374684451688038 97 89 86 0.73810969340833188 33 2115 32 1983 37 2318
1969 2.8574068764962988 -0.44249285326645532 1.3657168682812666 183 129 103 0.38503205453135703 33 1955 32 1993 31 1349
1971 2.8967860037740016 -0.19284503743334369 1.6393365401577682 139 131 119 0.15806456647112682 33 1988 32 2030 31 1637
1972 2.8949422808018683 -0.13340756788819103 1.6363078694075721 135 128 122 0.26043723261292961 33 1992 32 2045 31 1658
1973 2.8949422808018683 -0.13340756788819103 1.6363078694075721 135 128 122 0.26043723261292961 33 1993 32 2046 31 1657
1974 -0.46582342264755405 0.57933000026213932 11.64048986921898 160 156 141 0.52175022861553388 35 1745 36 2027 37 2083 38 1950 32 2098
1975 2.9673535056987164 1.9970598608808161 6.440668331399257 58 59 63 0.57489950021261027 34 1829 32 2111 31 1476 30 495
1976 2.2484471485363775 2.4001219671987855 3.1962519291041338 155 152 136 0.58845630008896521 35 1856 32 2127 31 1723
1977 1.9890702006640681 3.1698567942898279 3.2433298184450412 34 27 9 0.47085067865386376 33 1906 32 2138 31 1734 30 680
1978 2.7058524036307676 -2.873662379870789 3.9252787201049513 213 216 207 1.0656904222045485 38 1840 32 2146 31 1522
1979 3.0030605392689669 -1.8867656122415941 2.5535086411233938 112 79 69 0.62990199584275819 36 2068 32 2154 31 1744
1980 2.8473493124190195 -0.67690101982550543 1.5057222352885693 137 117 106 0.1296653276353191 33 2195 32 2195 31 1770
1981 2.8300280734770586 -0.45061705815955877 1.2635052768648454 180 140 119 0.32346192024708709 33 2118 32 2217 31 1595
1982 1.937927874265299 -0.46425683195392969 10.512010839781663 119 113 97 0.48084480347221881 36 2017 38 1938 32 2296
1983 2.5650256801876359 0.83060998454842516 2.7802590268509006 27 17 21 0.76097503700437996 36 2140 32 2310 31 1690 30 787
1984 2.418238181791887 1.8409037976315468 3.0387442193568663 196 191 188 0.11050978799449573 33 2171 32 2326
1985 2.8472652071575504 2.4195278286970332 2.65534689972788 158 156 157 0.61405356645355291 33 2066 32 2336 31 1728 30 813
1986 3.0647921220844307 2.6423491565856168 2.7080382643651633 142 139 132 0.29618404267070636 33 2175 32 2339 31 1865
1987 2.0235045123611797 3.0956479789436191 3.2511447345991935 28 23 13 0.39280948244992453 33 2071 32 2340 31 1732 30 679
1988 2.0235045123611797 3.0956479789436191 3.2511447345991935 28 23 13 0.39280948244992453 33 2072 32 2341 31 1733 30 678
1989 2.9766639754922615 3.1984657766308371 2.6308590929491156 32 28 22 0.31533290903041816 33 2177 32 2342 31 1735
1990 3.0053243336944102 3.3296553507479865 2.6251384776015425 21 19 17 0.28786570609440765 33 2073 32 2343 31 1868
1991 3.0036391439688028 -0.91427426934844702 2.6211219675389015 110 110 108 0.59321304806000319 36 2249 37 2317 32 2377 31 1781
1992 0.3793283021657195 -1.7489114073930812 10.900065381983403 160 157 151 0.95312478814405432 34 1894 38 2024 39 1967 32 2393 50 1723 51 1543
1993 3.1618221531491786 1.8282492919654865 3.1449654341118638 151 150 145 1.2595384288071114 33 2237 37 2302 32 2426 31 1948
1994 2.8441044393044494 -1.4186164428095929 1.4834905504759228 124 123 128 0.84519141142722987 33 2298 32 2435 31 1872
1995 0.68876822759930711 -4.4016909230095465 10.116980432223318 250 250 250 1.4009700393861935 33 2184 35 1867 38 1992 32 2438 40 1613 50 1702 30 824
1997 3.0426837823025048 -0.31876272314214071 2.7447861126091375 77 73 67 0.65295510836955328 33 2265 32 2471
1998 3.1314753473615742 -0.76418668820241109 6.5579092915763786 65 48 47 0.48055085710853085 37 2273 32 2474 31 1990
2001 2.6705056969122891 2.4738049425705295 3.1216305881371378 21 19 24 1.2749266440420324 33 2294 34 2087 32 2499 31 2020 30 972
2003 3.0751870617417616 -1.4628830388023191 2.6482215666712019 106 90 98 0.61780269152750622 33 2334 32 2552 31 2076
2004 1.1182539773232951 -0.38039749680536072 11.092375239193242 187 188 180 1.0067951524394219 35 2000 36 2259 38 2158 32 2567 31 2083 40 1692 50 1758
2005 2.9610150206399877 -1.6706202878121927 2.3678468548476266 101 98 103 0.3295444287656159 33 2359 32 2574 31 2074
2006 3.5442784912323875 0.22938888578918454 7.5030710715481144 214 214 214 1.8182617430463448 33 2391 34 2121 35 2062 32 2618 31 2143
2007 2.5761071031415534 1.5003345957273915 3.2606724325288838 195 196 188 1.6814271022015561 33 2393 32 2620 31 2117
2008 2.7170589240526564 1.6748268248088707 3.1781861806251261 0 0 0 0.31050644313175213 36 2375 37 2455
2009 2.7820071897984842 1.7417821532311197 3.329016624569813 0 0 0 2.412611560630169 33 2394 36 2376
2010 2.9706802865516244 3.11599534857509 3.4630816041760037 131 121 112 0.58816478294160779 33 2374 32 2626 31 2127
2011 3.0578536392623135 3.3289748308752238 2.7059424267735186 106 75 27 0.42436136348658993 33 2377 32 2629 31 2128
2012 2.4571707327355625 2.6275704102810855 3.0865757186024743 149 140 131 1.0070244466179024 33 2398 32 2644 31 2153
2013 0.78544263515611457 -4.6495545359144641 7.309959451476324 250 250 250 0.67906914647008598 35 2078 36 2402 31 2155
2015 3.1209341917269002 2.9074307441477316 3.8485011791844377 61 66 56 0.35513326356644032 33 2415 32 2664 31 2169
2017 1.8094935573521289 1.2788228956775358 11.523670312621428 55 51 36 0.91611637180916317 36 1870 38 1551 34 1669 37 1911 32 1823 31 1457 40 1520 50 1660
2018 2.6200160708418165 2.238387620210371 6.7604808359743513 29 28 30 1.6826053636996308 37 2414 33 2324 32 2547 34 1976 39 2154 31 2067 30 1009
2019 3.20620234509179 -1.9900541172713646 6.3620888429018398 26 26 25 1.3820554092419315 39 1836 35 1525 37 1807 33 1495 32 1177 38 239 39 1378 35 924 37 1047 36 277 31 1338
2020 -1.8948728204516416 -3.7725554870293743 10.901046027931955 48 35 39 0.84947646216744177 34 165 39 165 38 93 32 1108 36 992 33 144 40 138 50 921 50 1183
2021 -1.9082152640447894 -2.8266949358514917 10.826980669320795 51 28 43 1.0709647693032489 38 246 33 332 37 293 32 1195 41 685 39 1381 38 1693 36 1055 40 1115 50 623 51 986 49 1055
2022 -0.60724658568155576 1.2062399969364108 11.907133872014656 131 125 109 0.56888641974926946 36 628 32 1431 40 955
2025 2.1438993026850635 -4.8549585604843584 10.507399540282989 174 173 179 1.879469844930729 35 85 36 939 31 58 32 92 40 76
2027 2.4618923603495468 -4.3152690365429152 9.9695771797318251 182 136 102 0.79936761543219792 36 94 31 80 40 670
2028 -0.52829768196373339 -4.0304431334333275 10.57770590256504 133 133 133 0.57220555595783551 33 115 37 982 31 113 40 1054 30 30 29 35
2029 2.925731903864321 -2.5118843904917738 6.2944465516326122 89 89 91 0.74406038735285307 37 141 39 1318 31 118
2030 1.5928589600396468 -3.8293427355223986 10.470636466836524 139 130 120 0.32494773154469547 35 129 37 177 31 139 40 123 50 911
2031 -1.2730965227585378 -3.5008757090777225 10.524110815198354 118 119 136 0.28530320721397429 33 1023 34 172 31 174
2032 2.397597174792593 -3.2298850486650332 10.087336238746071 117 91 80 1.0349641669198208 37 1038 39 212 31 189 40 1079
2033 2.8432786184026928 -0.53518149011369165 1.1796300632471974 129 105 94 0.67802522706648205 32 1668 33 1504 31 211
2034 2.9673180513913908 -0.71734505790906755 2.5546566897040814 170 163 155 0.79112122872074375 36 1808 37 1566 31 314 33 363
2035 2.584368910591782 -2.5665189540637927 9.9159273431355466 51 62 64 0.32277723945470305 36 334 31 336 38 300 40 1120
2036 2.4155035412386257 -2.3394656066029129 9.5161849982761026 50 42 47 0.49252790144085928 36 337 38 296 31 337 40 759
2037 2.8655208992730783 -0.25663131640631703 1.5685435533585494 158 147 137 0.2217694817384952 32 1323 33 1562 31 373
2038 2.8655208992730783 -0.25663131640631703 1.5685435533585494 158 147 137 0.2217694817384952 32 1322 33 1563 31 374
2039 -1.5783931030098055 -2.3776652749570513 11.277200102387546 60 50 49 0.78835826427842959 39 323 31 385 37 347 38 317 40 247 50 201
2040 -0.80637074702936895 -2.242502641031447 11.12314067744917 116 117 139 1.2273282330158466 38 324 31 390 35 335 39 1033 40 1140 50 1240
2041 1.6627284175578469 -2.1323939844309545 10.790262682464554 118 67 82 1.2626001121027102 36 390 37 387 31 403 40 810
2042 2.6897984588755226 -1.7737858920106457 9.7227521485559301 10 16 31 0.4694655942373876 36 438 38 1098 31 407
2044 3.8002886801288978 -2.1393487082561369 10.543649833256332 109 100 93 1.2177740320272428 38 1083 39 1063 31 415
2045 3.2308982019855632 -1.157556642598081 6.3362559456756031 60 29 35 0.71668524077968643 36 446 37 1151 31 417 32 533
2047 -0.74654087786213252 -1.6512127061999908 11.28443256142088 66 63 80 0.93474187281312937 37 468 39 454 31 460 51 551
2048 0.25009151535982183 -1.7425554880222707 11.3322772031848 145 138 130 0.87206036645804585 36 465 39 456 31 466
2049 1.4622412592069745 -1.6657885983075358 10.88859277877191 57 38 35 0.63382595151436294 35 405 36 469 38 433 31 469 40 847
2050 1.7568274209010988 -1.4520571998064784 10.865683741805382 96 74 84 0.93786361354874892 34 1027 38 437 31 473 33 516 39 484 40 319
2051 1.8165082556215431 -1.3396339076006336 10.539114554276273 43 46 53 0.76910385499913425 32 594 39 486 31 474 38 469
2052 3.8147034312985766 -1.3534261111846191 11.568425136443564 98 90 79 0.46986837282625055 34 440 35 435 39 1114 31 496
2053 -1.3700057094389826 -1.0727592763263543 11.334065205813584 62 60 65 0.91469047248387836 36 519 31 504 40 348
2054 -0.76183260961692489 -1.0685292782672944 11.377189178953639 134 133 136 0.87155242638179087 36 522 39 500 31 510 37 524 40 351 50 1055 51 1047 49 767
2055 1.3516126364733481 -1.0104486066016705 11.188298992648098 103 90 71 0.43865020228623186 36 528 38 495 31 519 40 359
2056 1.5803006000867006 -1.052367829079794 11.002350709155591 138 126 107 0.76669171002456582 38 500 31 520 35 454 36 1190 37 1195 39 505 40 871 50 1423
2057 -0.63731425367525574 -0.85027019668262938 11.336852823974528 184 179 172 0.77869287682945243 41 495 31 531 40 370
2058 3.0829263790006487 0.11332974123182053 7.1022137501396525 139 131 119 0.63276345928202138 32 1412 35 1086 31 561
2059 -0.078982617703674263 -0.15951924849313287 11.058806663119675 136 129 120 0.66365751833103304 34 525 31 569 30 135
2060 2.5026106228077589 0.71507045296143823 2.8681131872562657 81 86 82 0.15325249804444582 36 1890 37 1927 31 591
2061 2.574529517103354 0.72600588166222113 2.6977796303679655 154 155 156 0.34380925673072121 32 753 31 602 30 330
2062 2.574529517103354 0.72600588166222113 2.6977796303679655 154 155 156 0.34380925673072121 32 752 31 603 30 329
2063 3.0817462228672676 0.81057410115474138 2.8753713379532422 193 195 184 0.95488377738815655 32 778 33 1636 31 611
2064 2.9880034986729904 1.884971425663019 6.5239933121569376 31 31 31 1.2001378274259009 36 717 39 1753 31 653
2065 2.6286355469344107 2.2854548357633262 6.6816873098236629 60 64 68 0.89723274525126673 33 1340 31 661 30 167
2066 3.0982467392008686 2.2521033152462677 5.9933256836373587 93 92 87 1.700952984753374 35 1440 31 665 30 353
2067 2.7902648553991121 2.6352967959968199 5.8433083287592877 98 97 99 0.30710085800428027 33 1365 31 693 30 183
2068 3.5828297447058448 2.3827992516543346 3.9898705009681441 162 159 152 0.96088699854606074 32 892 31 701
2069 3.3341137314281886 -4.0577622962178816 6.6129495497454442 216 217 209 1.0443342642064983 34 860 37 1437 31 776
2070 2.8269297480833355 -3.0868510021421511 5.2720963146203692 155 152 143 1.5310074466203831 32 1574 35 857 31 787
2071 3.542885973670598 -4.4281827693414799 8.2972002662522613 159 155 144 0.57273820084318006 32 1573 36 925 31 789
2072 1.0542288591614319 -4.0925947785930896 10.872580011550697 215 214 207 0.39274901350214658 35 125 38 919 31 844
2073 3.03192019099132 -1.0150388492872446 2.7170467503778069 113 118 117 0.20763574306310306 36 1963 37 2011 31 895
2075 2.4885203799334779 -2.9695571955615923 10.001915564577601 66 46 52 1.0149387987656975 36 1489 31 929 35 1528 38 1686
2076 3.0225486802663561 -0.95650224841890308 2.6975530424016823 126 125 124 0.24246185037710125 33 1762 36 1969 31 936
2077 3.0548376646897544 -0.90509331470396359 2.7877881408208292 111 109 104 0.20933736623582822 32 1683 36 1797 31 937
2078 1.7468384609761354 -2.5093828955290389 10.426059620386086 112 69 78 1.0504994237547169 34 309 35 971 36 1525 37 1557 31 984 32 394 40 1129
2080 -0.99947010300309158 -1.0560393450161245 11.480273097001749 154 170 176 0.53658470314590312 32 1364 33 1237 34 1040 31 1070 50 1281
2081 3.1906376812110815 -0.82315798591548106 11.429012283485283 1 7 10 1.4351552970791221 39 1711 31 1075 34 1059 33 584 32 653
2082 -1.3993534427101706 1.8694936739834314 11.295512037685732 97 92 86 1.0285894897390691 37 1288 38 1783 39 1740 31 1133 42 716
2083 -1.4680183953782771 1.9725880690415971 11.582916881658313 125 120 114 0.59740936339968098 33 1327 34 1126 31 1134
2084 3.5057531668901838 1.9672195550651685 6.8652769453841156 212 209 199 0.91548084486018266 33 1878 31 1138 34 1919
2085 2.8871349827987496 2.2517526132932608 3.2299493522350735 128 123 121 0.44801975594681664 32 1502 33 1898 31 1185
2086 2.2464358440330052 2.7691282967466369 4.7865090839266244 22 19 14 0.34133411345839232 32 1497 33 1666 31 1189
2089 3.3940944979594625 -1.779472039775573 8.0610139912320662 133 124 118 0.46679774645170485 32 1720 33 1547 34 1369 38 1734 31 1375 35 1320
2092 2.1651641860324862 -1.7656193334656036 10.375721393684689 33 37 48 0.72297879444705992 38 1466 39 1441 31 1405
2093 3.4813281143493593 -1.0905293772681108 6.7899634073025714 26 32 32 0.8001654529468617 36 1838 37 1173 31 1408
2094 2.5925437286520987 0.86671209974356489 2.7444534617293104 142 141 127 0.39314018534733775 33 1870 38 1966 31 1459
2095 0.42051120007779852 1.9153910500661555 10.925574046895004 176 166 154 0.41822867624101062 32 1836 33 1639 31 1471
2096 2.8862497671391876 -0.56104448339580371 1.5120759041569645 159 131 107 0.28550942215870195 32 1986 33 2116 31 1592
2097 1.8037374209252368 -2.2085589003137867 10.660086715018162 81 43 54 0.58195801557099536 36 1821 38 1726 31 1633
2098 0.30133553725238105 -1.88985891584345 10.865686527175619 206 200 200 0.87315091543620471 34 1621 38 1736 31 1647 40 1475 50 1622
2099 0.37291761047068123 1.8024669944318321 10.969698773212206 133 124 118 1.0497858678023912 33 1866 34 1676 31 1694 30 644 29 1333
2100 0.34617860781357412 1.8597220888786168 11.479044518582461 133 124 118 0.74842661755154949 33 1867 34 1677 31 1695 30 645
2101 2.1859749370663919 2.4624082702266197 3.0018199041307141 44 27 13 0.47162981253427416 32 2133 31 1726 30 668
2102 2.8301815819025147 -2.3596730817653002 9.5261359925384728 17 20 29 1.3088362844649617 35 1810 36 1979 37 1829 31 1792
2103 0.71595856246244161 -0.3565610211348248 10.846681088080244 174 171 162 0.55813256752008011 36 1853 37 1894 38 1937 31 1836
2104 2.9479152078060658 1.0052592848830189 2.4801897689598631 203 204 196 1.8804133327492709 32 2314 33 2234 31 1847
2105 2.9287840701698817 -0.66266187540187071 2.237397899708462 118 99 99 0.58847504997579048 33 2259 37 2365 31 1905
2106 2.7580540664455819 -0.10008066560583886 0.61653252589715968 129 128 129 0.5145333746455456 32 2464 31 1912
2107 -0.57316903877344794 -1.0499680440963086 11.445325187820654 118 115 109 1.0417719284782343 36 2013 37 2064 38 1932 31 1930 40 1579
2108 1.0074199308175147 -3.2795441785184134 10.457626048046725 210 209 205 0.76901963004342067 36 2247 31 1972 50 1737
2109 2.3893872012676312 2.8664678033180717 4.9653544196148758 158 148 139 0.93709644424281591 32 2548 31 2017 30 970
2110 2.8286276803016746 2.5082031095509811 3.2720190560418181 127 126 108 0.31809046126982549 32 2500 31 2019 30 893
2111 2.8416099447721619 2.8825028029421902 3.5996416627122332 94 85 70 0.30614318533047963 32 2501 31 2021 30 1016
2112 2.6531585428740705 -2.5838544566814314 10.192335247250522 121 129 132 0.25941725650366954 36 2355 37 2404 38 2243 31 2102 30 1061
2113 -1.428453734791961 -1.7416819831793933 11.242432383963887 48 74 147 1.0447609510349314 34 2053 31 2106 51 1599
2114 3.7333235343448643 -1.3831946898086138 10.156058921427423 23 27 30 1.7895143590924083 35 2043 36 2332 37 2405 31 2107
2115 3.0300127966742356 1.8211438491893994 7.3651631906347887 162 153 136 1.9567344489251441 32 2619 33 2370 31 2116
2117 2.5941783060097063 2.1421944715341676 8.4514032815112596 0 0 0 0.54360986904700948 35 2092 36 2410 37 2486
2118 0.038226699267861902 8.4343198136817268 13.384550804774388 251 251 250 1.4453700141070929 33 2426 31 2191 32 2678
2119 0.57829927954715055 -1.5442898077314475 2.9473345943444542 252 252 252 2.408402229281259 32 2681 33 2430 31 2192
2120 1.9344459614324541 -0.67153031714778688 10.893745169837842 117 107 89 1.1019793413149721 36 2209 37 2279 32 2477 31 1995 38 2034 39 1989 37 2195 34 1791 36 2117 33 2032 32 2406 31 1681 31 1934 37 1886 40 1637 30 868
2121 1.1396772360751917 -3.8407184343443714 10.402268285171095 105 97 82 0.89278312853431141 34 1742 35 1664 38 1858 39 1814 37 1997 36 1946 33 2104 32 2173 31 1892 36 2183 32 2515 40 1546 50 1671 30 914
2122 2.7971476405058486 -0.58378563663585181 11.220269350841292 72 69 64 0.92963581030081355 38 1516 33 1256 35 1362 31 1079 34 1069 37 1222 36 564 39 548
2123 3.1495334623118776 -0.78183796511023762 6.299846412135631 128 28 35 1.5655272820207156 37 1615 33 1218 32 1340 31 1052 34 448 39 1118 35 1042 38 1143 36 509
2128 0.78176233351622804 -4.6600527086705021 9.7045927226291013 185 185 185 1.1392165181637719 34 2114 35 2054 38 2259 39 2207 37 2446 36 2363 33 2380 32 2630 32 2648 37 2464 40 1734 30 1077
2129 2.1504299420453998 -4.5315664018424009 10.034052450132954 42 36 68 0.36097537285226317 35 86 36 75 40 79
2132 -1.7175491133508549 -2.6883143205517643 11.208065781858041 77 69 58 0.56615787722802358 33 383 40 230 51 764
2133 0.14742072603470138 -2.0279325618718236 10.745955253704045 172 169 162 0.30609255449436223 32 462 40 273 50 1245 29 127
2134 -1.5043499538427978 -1.6958419240079177 11.114608518831524 9 4 12 0.43811569882371493 31 452 40 288 49 745
2135 -0.6799520526175159 -1.5286111729374754 10.797240274807852 39 38 46 1.1951936780774852 31 462 40 316 49 920
2137 2.6791060537341114 -0.71146336024774293 9.9870120255879176 0 0 5 1.0549401198723147 34 486 36 543 40 396
2139 0.21606780647604085 -0.26986294161598534 10.10425097053929 155 154 145 1.3279153799941867 32 666 40 423 33 638
2140 -0.854412793303995 0.002380777919570063 10.399655753510649 75 69 57 1.4620960640902412 33 655 34 541 40 447
2141 -0.28327873736205494 0.20560815358731444 10.740001325617003 153 144 147 0.86711933863750967 33 669 40 474 31 579
2142 -0.45289529284373009 0.46818200377685504 10.603291440347219 157 155 142 0.70100046483730483 33 1279 40 496 29 243
2143 0.16931596262955481 1.455239227178782 10.866252214337768 90 82 79 2.1435614532474037 34 590 40 559 29 279
2144 2.4158853024048423 -4.3756084578525032 9.8623684038301125 103 55 35 0.65085451763353996 31 78 32 107 35 89 38 891 39 92 40 661 33 985
2145 2.2217350525956432 -4.3284348537133406 9.9405082352769139 62 26 35 0.33243009535948104 34 78 35 93 40 665
2146 2.3084009735602389 -4.2800641883614237 9.9333442700313306 120 72 29 0.78741608913548311 31 816 33 990 35 94 38 892 40 668
2147 2.3188331197791481 -4.3145361581630777 9.9934239395539546 120 72 29 0.68858007424868484 32 1079 33 989 34 868 35 95 39 873 40 669
2149 1.4539348812484085 -3.0277775055497687 9.3180246461249041 136 123 106 0.54555132704502085 36 204 38 173 40 714
2150 2.5249423489377643 -2.9916627476733688 9.6596882600112117 95 93 97 0.76815090594379809 31 240 36 252 38 225 40 719
2151 2.5428862746504057 -3.0350318454523157 9.7884235402014284 95 93 97 0.61194002288105853 31 239 36 253 40 720
2152 1.7689862955816158 -3.0037814037233286 10.065147534100765 86 42 60 0.48624164878674592 36 249 37 1036 38 990 40 733
2154 -0.84387574951214583 -2.29102800701996 11.10818899394023 63 62 76 1.7197648025963315 31 387 38 321 40 790
2155 2.0383702493623224 -2.0599851963314983 9.4748945368329665 2 5 12 1.4984409510768888 36 358 37 390 38 332 40 794
2156 -2.5095348082905828 -0.3349170753015267 11.331483012848119 70 44 51 0.69139695514907784 35 1064 39 1125 40 886 50 1298 51 1236 52 867 42 79
2157 -0.49074143458037417 -0.18647930637480187 10.259302925439949 121 117 115 0.68642093971638285 33 631 41 531 40 904 32 697
2158 2.3427505848254078 -0.22407936209934859 9.962787705087333 5 7 5 0.77204045960267753 37 607 38 563 40 924 35 510 36 588
2160 -4.1668924645162093 2.0033684899721438 10.588971689490281 103 97 81 2.0164909468953911 34 1489 40 968 48 256
2161 0.92124256399775162 1.4068999137763689 11.384645763765182 158 152 136 1.1068006535704855 32 763 37 693 40 979
2162 -4.4088609931584966 2.4624004373840371 7.4861583201304027 117 107 91 1.3460756725092251 41 603 40 1004 49 1155 52 898 53 810 43 396
2163 -1.9667556405551159 -4.3276209864224091 10.465694713109899 254 254 254 0.74895584848789276 39 1313 41 630 40 1049 36 944 50 1169 51 930 49 999
2164 -2.1759813300526241 -4.0387505408511561 10.522605021827735 196 194 194 1.1158168583232109 33 1446 40 1052 50 1171 49 683
2165 -2.9156901540228981 -3.869636923874022 10.518706493210095 161 156 137 0.76708510123692697 36 118 41 636 40 1060 38 67 50 1175 49 845 52 690
2166 -1.4906883007277971 -3.8251083267099695 10.846327850682055 123 118 115 0.53856961492032673 32 1612 41 641 40 1068 50 1475
2168 -2.3817386732452763 -2.8155325673191864 10.607762049612511 35 17 29 0.79963349118199278 35 1288 36 1497 40 1113 29 635
2169 -2.2900933579312444 -2.5529232856404498 10.664854066157726 80 62 63 0.51527848136904963 34 974 40 1124 49 1057 52 837 28 1122
2170 -1.9993575516355147 -2.3174311959466327 10.185406334146389 89 62 71 0.46209826253207542 35 1313 39 1393 40 1126 36 1519
2171 -4.0797264750110251 1.8044322958112007 11.605808453030111 88 82 67 1.5988695172575103 34 1479 40 1239 52 672 49 979
2172 -1.1887342798324949 1.4858156990187745 11.492299471165683 89 83 69 0.46754369972448351 35 1103 40 1243 34 587 42 149
2173 -1.2945438154565228 1.8306073831179606 11.956618480809068 123 116 106 1.3893579107641343 33 1304 39 1199 40 1247 29 274 42 536
2174 -0.70276287278799621 1.7959199894309288 11.721392100056448 130 123 113 1.3563105047780031 33 1306 40 1248 49 1251 29 275
2175 1.0403901025350408 -3.7500941902706639 10.166074060333795 194 191 182 1.4314437948734031 33 1465 34 888 38 1657 39 1621 40 1283 50 520
2176 1.0408631862296838 -3.5072534633236017 10.32295181178371 191 185 173 0.74886590183626511 35 1507 36 1765 40 1290 32 1955 39 1824 50 1355
2177 -1.2343328458070277 -3.1359635784732762 10.878714034910244 80 83 90 0.67994846530810127 32 1968 33 1773 34 1593 40 1313 50 1490 51 1401
2178 -0.34464847487156375 0.56778216319740527 11.69767632968472 120 114 94 0.97188031534984032 32 1816 34 1454 36 1638 37 1901 38 1538 40 1381 39 1177
2179 1.5148574977751417 1.669909522419869 11.13774852673868 118 124 100 0.99583525510759341 35 1405 37 1671 40 1404
2180 -4.5485991625239919 2.7167150816205035 7.8859314364163007 145 130 119 0.9907870579728405 41 1049 40 1409 43 737
2181 -4.6276661262298431 -2.8738667996881184 7.3891995604077447 124 117 107 0.99823954261700154 41 950 40 1433 43 711
2183 1.0381577451539838 -3.7303241601803823 10.548931046337541 196 191 179 0.85080556025637188 31 1566 38 1661 39 1622 40 1443
2185 2.3850835790650566 -2.4537867997328631 9.9124390229866499 17 17 19 1.1988820381281964 36 2098 38 1887 40 1627 30 728
2186 -0.85622436633071564 -1.4758859150731842 11.370867268107226 66 65 73 1.8215595236494617 34 1897 40 1629 49 1355 50 1685 29 1577
2188 -4.5847379321146997 1.6240858422209987 7.695647121191838 173 161 147 0.93750491155660309 41 1106 40 1650 42 800
2189 -4.3855419854798612 2.700679654006684 7.4655472641903904 105 96 81 1.0875120409713108 41 1210 40 1732 42 838 48 422 43 861
2190 -4.3855419854798612 2.700679654006684 7.4655472641903904 105 96 81 1.0875120409713108 41 1211 40 1733 42 839 48 423 43 862
2194 2.5205500047433684 -0.10629196071426375 10.649295703681808 9 9 12 0.88250152402678972 34 1908 39 2057 38 2046 38 2116 35 1829 37 2207 36 2126 33 2154 32 2413 31 1944 40 1670 34 1966 37 2285 30 777
2195 -2.1672167692872644 -2.2024717302141772 10.794391745574407 88 57 68 0.68373634715528731 34 987 37 1568 40 783 41 457 39 1031 50 1235
2196 -2.6055574099105647 -3.1510878600439165 10.670527202522598 79 59 63 0.94012760417944252 34 1325 35 1276 33 1751 40 725 41 441 39 232 50 1204 51 1164 52 826 29 624 42 282 28 1109
2197 -1.3690315503539143 1.6721866779241514 11.382377382859724 153 146 138 1.8156527542150336 34 582 38 658 36 650 33 721 40 972 41 581 34 584 38 661 37 704 32 782
2198 0.46029761248441692 -1.7305479747080275 10.867468330269501 192 190 183 0.94716715195564882 35 372 36 429 33 480 32 517 40 296 39 424 32 518 50 712 29 145
2201 -1.4145074767845507 -3.4985416313622335 10.815455322107402 173 168 175 0.51468036057349587 37 212 50 70 41 57
2202 -1.6639276044135778 -2.7701014599726537 10.9830786599845 35 23 1 0.72144701293870894 40 221 50 150 37 1079 51 763 49 726
2203 -0.80807701045335412 -2.61923344127583 10.614155612965869 41 43 55 1.0868543622269857 36 325 50 154 49 157
2206 -2.4302587061826353 -3.5316340089057014 10.50957777129007 64 58 58 1.2209075983882884 36 154 50 545 51 709
2207 -1.4084783471000499 -3.2734233360428018 10.976950782064542 70 69 77 0.72943070043327907 33 234 50 602 51 484 49 477
2208 -1.6947642880506562 -2.2711824330030566 11.236954611907274 9 2 4 0.73601638764720168 37 377 50 659 51 779
2209 -0.79079398936755363 -2.3081927779160782 11.019897954504055 88 84 100 0.48022594172542293 35 304 50 663 51 515
2210 -2.1504393095243497 -2.0032694211752546 11.001242133793991 29 4 18 0.49451234454259124 36 380 50 669 39 353 42 53
2212 -2.5677192880752955 -0.93695804581593845 11.305323301385073 29 2 18 0.6153681655081219 38 476 50 748 51 1040 52 624
2213 -1.2829230616298044 -1.1642843222549299 11.487774887909527 110 123 42 0.92911029038553938 37 522 50 757 49 225
2214 -0.63936881756079178 -1.0832328765402606 11.438756780332046 113 119 119 0.70433385802120652 41 157 50 766 49 539
2216 -2.8837043413416104 -0.0096310311400946008 11.544665260408831 114 109 90 0.68485299171747593 39 561 50 784 40 409
2217 -0.44382731979643275 0.49212647125042119 10.809742287498647 119 119 109 1.2407367971722725 41 556 50 832 40 502
2218 1.0480755616715536 -4.4818943744855106 10.267941199668556 156 147 142 0.50093450636078396 34 75 50 902 32 105 33 981
2219 -0.38826792128737431 -3.9810655896693481 10.456374379869905 216 212 210 0.65860198784933077 36 126 39 119 50 905 51 432 49 406
2220 -1.9996920044473547 -3.8027304246689546 10.430945994769267 181 158 159 0.60843103130748799 35 154 50 909 37 981
2221 -2.2002633424463798 -3.6415088568647622 10.369266007657968 136 126 129 0.53662589684171347 36 159 37 993 50 913 42 262
2222 -2.2399811847604867 -3.4508475722450527 10.403331493578637 127 117 123 0.45095884316916918 37 166 50 917 42 32
2223 -2.2369925490474492 -3.4491301461485024 10.399026326839238 127 117 123 0.33538547391062662 38 119 50 918 42 31
2225 -1.2694746531120633 -3.1456289199190812 11.018890675133823 94 88 100 0.84175141760269567 40 202 50 958 49 492 29 87
2226 -1.8698829637533232 -2.972548237722163 11.499569713420687 60 62 73 0.85084361779299789 32 1196 50 970 33 1519 49 895
2227 -1.0910121739500214 -2.7851771753643577 11.215792326349344 37 44 50 0.19684743544894959 31 981 33 1111 50 976
2228 -2.5858381256877316 -2.174092733651829 11.003220558185962 24 4 6 0.70982055352242046 38 1052 50 985 39 1023
2229 0.24361023879176291 -1.9927136107902086 10.808369499371851 205 202 195 0.25811142084923672 39 377 50 997 32 466
2230 0.5012141741962628 -1.9892989172057012 10.748058239056412 194 190 181 0.72029646490323851 34 372 39 382 50 1002
2231 0.42085221928710775 -1.7839965075688355 9.4536334295302282 152 148 139 2.1128584741800824 41 463 50 1003 39 375
2232 0.20113379480537497 -1.6873195543995181 10.853621493012273 115 104 94 1.030741681137227 37 470 38 396 40 828 50 1024 51 800 29 142
2233 -2.1711454960937537 -1.1318561961385649 11.052218460560441 15 0 4 0.63535539616446923 38 450 40 323 41 479 50 1031 51 812 52 747 49 923 42 480
2235 -1.1952769260062768 -1.2764913269540441 11.280577996324098 102 125 19 0.33807985397042634 37 495 38 459 50 1038
2236 -2.6461497185193363 -1.0115839281332903 11.405018543444884 19 2 0 0.56637384333295404 40 343 50 1042 37 507 51 811 52 749 36 1181
2238 1.6368483297804295 -1.1745464899951747 11.033285566904564 42 31 16 1.6191603324983637 33 546 35 432 38 499 40 869 50 1059 31 491
2239 -2.344963864182815 -0.5949051584020002 11.049729950859444 55 27 42 0.19815497615023173 35 460 50 1063 34 491
2240 -0.90780530094834333 -0.35377333941461553 11.332612856349435 163 156 142 0.34181832411451663 35 481 39 541 50 1078 38 527 37 591
2241 -3.9258548359692558 1.6955599721880852 11.361057841167588 85 75 63 1.382687506282571 41 262 50 1122 51 359
2242 0.77066788019988874 -4.2897285346884733 10.260552180021694 135 125 116 0.27664714443891902 34 84 40 92 50 1167
2243 -2.2490092723232014 -3.5142794050168131 10.438248814791669 122 110 114 0.72901639997347112 36 989 37 1466 40 711 50 1182 51 1138 49 859 52 812 42 446
2244 -0.88755308131604371 -3.2813896014754262 10.796116148766069 46 46 59 0.70801834925543694 41 437 50 1203 51 1171
2245 -2.7413494372099092 -2.8368881162014543 10.954292947717427 23 6 15 0.75711983806688588 34 1344 50 1219 42 464
2246 -1.8508014810040465 -2.5970745956971322 11.256356820016322 20 11 33 0.30627543901264598 37 1555 40 766 50 1229
2247 -0.76489397033320328 -2.0874255130275308 11.224969051457563 28 26 37 0.82522811246216965 31 427 39 366 50 1241 51 1009 49 906
2248 0.25956841213094245 -1.836543829886514 10.949205629303332 153 150 145 0.63853271230882902 36 428 41 470 50 1249
2249 0.39581162765200351 -1.7725203497261279 10.824416701453194 128 121 113 0.85141665287835533 35 1013 36 1139 40 831 50 1250 51 1208
2251 -1.9095342517211826 -0.61875987451459724 11.495996069667418 35 6 25 0.85552984392108522 38 1149 50 1296 51 1058 32 1379 52 762 33 1250
2252 -1.3584494398362044 -3.1073710994694816 10.844277407028326 85 79 91 1.1732423784038766 37 1031 39 964 40 1107 50 1368 34 943 35 225 30 421 51 746 51 1176 49 1051
2254 -1.0421261360490417 -3.4373315781939859 10.687861738281013 104 105 126 0.48715417075907413 41 830 50 1485 49 1168
2255 -0.5499133341905762 -3.5201067446116707 10.755628138981329 214 214 214 1.0261344966275379 33 1741 35 1265 50 1486 34 1308 34 1577 49 1272 35 1674
2256 -1.6251566581662507 -3.1508095350086611 10.805416944570055 94 82 84 0.89068124137960358 33 1754 35 1686 50 1488 37 2157 38 2005
2257 0.023715407332816255 1.0696089537877147 11.904667621256806 118 109 94 1.6051664654229572 38 1767 50 1560 37 1905 35 1100 34 1459
2258 -0.61221865359652028 -2.4193026123790204 10.95848710796478 95 92 107 1.0963252889526054 32 2228 33 1959 34 1611 50 1605 30 736 51 1418 50 1512
2259 -2.471903091534319 -1.2391184105982092 11.076645106545499 78 47 42 0.91920071325681851 37 2179 41 1082 50 1627 49 1295 52 1033 42 745
2260 -1.5481484007790496 -1.1971515009550187 11.437102045335891 65 61 53 0.5174308097557474 40 1488 50 1629 49 1297
2261 -2.4413330328249656 -0.44335820784897839 11.212151859171657 69 35 37 0.89957721931845747 39 1878 50 1636 30 769 51 1511 49 1308 52 1003 42 753
2262 -0.59937396598801163 -3.9201824659174185 10.519943410164917 249 249 249 0.65659485122725081 35 1662 37 1995 38 1856 39 1811 40 1544 50 1668 51 1526
2263 -0.43064305633426447 -3.8899533226921448 10.546767951583703 139 134 128 0.68270092030274443 39 1813 50 1669 30 547 51 1479 49 1338
2264 -2.6331118919185461 -3.294959224021941 10.523508865888337 83 73 72 0.97403397802772973 40 1555 50 1673 51 1532 49 1344 52 1055 42 783
2265 -2.6554432683807079 -3.3119968217816145 10.571237119133054 83 73 72 1.0684772123299453 40 1554 50 1674 30 841
2266 1.4639176260022471 1.6882194143529046 11.273936376223885 122 111 100 1.3496747894549621 36 2031 50 1699
2267 -0.34126465080691243 -4.0108282091941989 10.491180730102226 246 246 246 2.0167357986980479 35 1493 50 1705 51 1525 32 2362
2268 -3.0817408228948167 -3.6655326159718422 10.755306989847419 151 145 133 1.9701321184619971 36 2185 38 2084 40 1618 50 1710 30 916 52 1025 29 1650 28 1984
2269 -1.246873462984621 -3.3178917840997664 10.832161859535294 33 31 42 0.99803031784111662 41 1126 50 1714 51 1563 49 1374 29 1656
2270 -1.4422296297855632 1.5591581378905364 11.576430095976418 88 79 64 1.4988669228994809 40 1597 50 1730 37 2216 38 2048 49 1395 42 803
2271 1.3852384945001739 -3.6722762734081251 10.516192892246462 123 107 91 1.0388991894970909 33 2194 50 1735 39 2036 30 831
2272 -0.98437042014083453 -2.2402070242726926 10.012093652500003 75 77 92 0.88136735191087601 50 1772 34 2079
2273 -2.2040420309781736 -0.8899952059925712 11.198510895296383 74 44 42 1.5466869455344399 50 1791 51 1622
2274 -1.8523236318796208 -0.9337564171232583 11.363202994893973 77 48 62 0.7601380168777172 37 2277 32 2475 50 1689 34 1902 39 1977 38 2032 35 1818 37 2191 36 2115 32 2404 51 1502 49 1358 29 1582 28 1910
2275 -1.649172547553982 -1.2971432233486018 11.427341005596933 4 0 0 0.78463837078875909 37 1176 50 1264 39 474 40 326 50 1033 49 761
2276 -1.764632140310598 -2.2639103861832317 11.226104150948125 0 3 15 0.14674301254500707 36 352 50 1238 51 778
2277 -1.4372803452719212 -1.4795261767198935 11.103830575388988 182 180 168 0.39834377475609389 35 395 37 1179 50 1259
2278 -1.8252852974521103 -3.3206640423431284 10.9602117139711 60 63 80 0.28427203185466726 38 165 50 941
2280 -1.0605425557617831 -0.85924485931859129 10.674841852430534 173 201 205 0.45261904692003957 31 525 33 578 30 119 32 620
2281 2.3122032690825307 -0.5625305080597095 10.830447102652034 23 25 28 0.27738526706415728 38 538 30 125 39 1134
2282 0.46001628830750824 -0.334411632705784 10.303252396333891 191 201 205 0.47274608341866875 31 557 30 128 29 733
2283 2.6790320535133452 2.2992085366600703 6.6780770275492172 66 71 75 0.77737006404283271 32 836 33 1341 30 169
2284 2.4122741298423449 2.5683974032077139 6.316809534443137 63 58 62 0.60577284530361586 35 686 36 1292 30 180
2285 -0.92861014730132796 -0.99088693035767983 10.368839093820872 85 92 99 0.7973533906089747 31 1068 30 309 32 1790
2286 2.9369993316579697 -2.7913582294126691 7.0178308557938776 151 144 138 0.20000271944867562 32 1092 30 404 31 847 33 119
2288 -1.8214804199260524 -0.091389646098525332 10.896267328132311 158 145 137 0.82820928030837726 32 2091 30 475 29 724
2289 -1.9199462317408558 -3.9201794976444813 5.1959621698515281 155 147 158 1.111580578272116 39 1792 30 521 29 965 40 1416
2290 -4.5498417332536043 -3.3632445198176937 8.8934443205414659 193 186 179 1.2934601579448211 35 1500 30 540 29 1248
2291 3.492097678222414 -2.2993746193469207 10.203582281669078 37 113 139 0.45286290919626032 31 1794 32 2232 30 580
2292 2.5618012436983428 -2.0622680635626214 9.949593428798897 71 74 83 0.47454429930146758 31 1623 30 585 33 1807 40 1468
2293 3.453282772748294 -1.7729449182646089 9.2638363344427201 41 39 49 1.2987659210533209 32 1738 39 1970 30 589 38 2025 33 1980 34 1889
2295 -1.7161687574835531 -1.8128536585056692 10.648441965497867 99 67 83 1.1727951894125597 50 1618 30 604 41 1074
2296 -1.266818866799208 -1.3720045714495597 10.961715264560331 102 111 121 0.78234088448982264 39 1971 40 1574 30 615
2297 -2.227691186206699 -3.6032058389119901 10.497528761718154 170 162 160 0.53127679206008882 36 2080 39 1939 40 1550 30 703 51 1485 52 1022 29 1447
2298 2.6796619028266688 -2.0698878685604933 6.3374801813812578 87 83 86 0.37243707155536954 38 2011 39 2039 30 707 34 1876
2299 2.33924533159301 -2.1263013918444549 10.315744945918091 45 52 60 1.0920278397579626 31 1800 30 739 32 2012 40 1569 38 1729
2300 2.3392453315930122 -2.126301391844458 10.315744945918109 45 52 60 1.0920278397579366 31 1801 40 1570 30 740 32 2013 38 1728
2301 1.7983024150232163 -0.84616413599285001 10.574700331681658 14 14 16 1.1509245450058156 37 2072 39 1874 30 765
2302 -2.5562221971030121 -3.0161665631647701 10.758267081204083 116 89 93 0.90355045693565295 50 1676 30 845 42 732
2303 -2.1303742601764921 -0.67790538292053759 11.158024299096081 111 75 86 0.54490115832602226 40 1633 30 863 37 2327 41 1164 51 1548
2304 2.3590595669758736 -4.1853775627865151 9.7244232889794713 179 138 85 0.53067258506506076 35 1929 38 2142 30 907
2305 2.1429731976136157 -3.9633453217721435 9.5463429900974592 149 116 105 0.38283010480678231 34 1936 39 2027 30 909
2306 -0.55465016531515365 -3.8460142348211952 11.142557291883529 236 239 241 0.83069439204880358 32 2514 30 913 49 1424
2307 3.7970730870770675 -2.493862449437791 9.9786570204229719 149 136 122 1.6059963537826001 31 1908 32 2386 33 2199 35 1880 38 2098 30 920 37 2033
2308 -1.5681964714032068 -1.6954847798116326 11.178102189119093 63 65 86 0.97206075978132178 38 2104 30 933 51 1541 49 1380
2309 -4.2991239520679496 2.4677521889510388 9.7595510431253132 207 195 183 1.0629216992176183 34 2020 35 1965 30 965 28 2010
2310 -0.45977754417712202 -4.3687379682572542 6.4789547542806734 155 154 150 0.96329540754431187 34 2041 30 979
2311 -0.45977754417712202 -4.3687379682572542 6.4789547542806734 155 154 150 0.96329540754431187 34 2042 30 980
2312 3.2651657794483073 -0.7760012792556944 10.735271992340843 21 30 39 0.68731905519477143 31 2081 32 2565 30 1035
2313 3.5170994242117577 -4.9707882630777593 11.972048041264074 187 185 173 1.412560687849203 31 2162 32 2650 33 2402 30 1094 36 2384
2314 3.2741283845451798 -0.3184939817932203 6.8167401300080241 0 0 0 0.71513640293538394 34 2143 38 2282
2315 0.27064953230857852 1.5338425758597085 11.111919800603319 153 146 141 1.6550556025579357 34 1120 38 1550 35 1116 32 1833 31 1126 30 338 34 1119 38 1549 35 1115 36 1252 33 703 32 1834 31 1127 36 1251 30 337 29 772
2316 -2.6655175410297147 0.038681423441278048 11.404718887538865 154 148 130 2.0583875342578879 41 1149 34 1967 33 2226 30 953 34 1909 39 1991 36 2124 41 1099 33 2151 51 1551 52 1060 42 757
2317 0.933988171232502 -4.3966379145238559 10.14720985688137 187 176 158 1.6824390434309908 32 103 33 82 38 56 31 73 50 512 36 87 32 1076 50 1164
2318 -0.77472436341578643 1.0957631032856214 10.19994672404726 132 125 117 1.1295277037452507 31 625 41 574 36 625 32 743
2319 -9.3652008988061439 1.6814109541615732 14.212440652020261 19 6 0 0.34318041855576259 40 491 51 330 42 118
2320 -1.5303973079367477 2.0328797245843635 10.912245512364628 108 98 88 0.96851794400236046 41 590 51 397 49 661 42 388
2321 -2.7936213478056016 -3.8517130223854679 10.518945110230716 96 83 69 0.70688899363271318 50 523 51 442 49 45
2322 -1.9407435571703289 -3.7245746871397056 11.142105096738044 32 35 54 0.65372202464595619 50 559 51 466 49 447
2323 -0.93301779665950046 -3.3144364196411296 10.971797650046103 119 116 136 0.3619874337243762 50 606 51 487 49 482
2324 -1.6376457918388361 -2.0231832680249551 11.280296514011235 67 56 54 0.30031671580110525 40 267 51 524 37 417
2325 -1.2972950996916646 -1.8753190303936451 11.583897490251042 64 61 72 1.0720396590830823 38 387 51 531 29 134
2326 -11.349307232012336 0.3124669620959975 15.147284418618945 66 64 69 1.1865288499331901 41 175 51 571 49 540 52 179 43 33
2327 -10.730438401035611 0.24356099132494019 15.020219723500619 39 4 10 0.80741530095641445 41 176 51 572 52 409 40 375 53 179 54 551 55 537
2328 -2.134365081436834 -0.53523466553135901 11.159219442409878 31 1 12 0.32396001303652361 38 514 51 585 40 365 41 501
2329 -2.1400531666432681 -0.53494779737546738 11.183089347116029 31 1 12 0.35477093113923902 38 515 51 586 40 366
2330 -9.4820661135619364 1.7327815896377983 14.168533810296328 79 61 44 0.51705147984303579 40 490 51 608 52 266 42 117 54 659 55 801
2331 -0.42885117073996648 -3.9599178043873708 10.394605236204354 235 227 224 0.63085411936058078 50 904 51 693 49 839
2332 -4.7539793904763394 -3.0305954652046458 8.7092083065247721 183 179 172 1.0765719490632994 41 418 40 148 54 729 48 115 52 381 51 439
2333 -3.257365283255536 -3.8244964670757629 10.67484795604496 89 80 63 0.48944130578772455 39 142 50 532 51 704 36 116
2334 -2.1097503873929693 -3.4749736630356818 10.525389360399672 106 95 95 0.68967579752874664 36 162 38 120 51 716 39 164 42 269
2335 -1.1576138628033865 -3.4494548852828895 11.172273514862978 108 108 124 0.9144848090776293 50 583 51 738 49 464
2336 -1.8802026099818745 -1.8902808567763751 11.123109866579727 35 6 25 0.53356704503191632 33 436 38 1070 40 262 51 786 52 622
2337 -1.7053983742887178 -1.5018377700781427 11.134919712256242 45 11 26 1.06734467828802 32 1329 33 508 36 456 51 803 29 152 28 170
2338 -1.8460129209894847 -1.4545968843698911 11.437595156643113 34 6 27 0.45061063856685946 35 418 38 1104 39 441 50 719 51 804
2339 -2.5410262487178352 -1.1664975452566648 11.150097656524231 25 2 10 0.62674901495457125 50 306 51 810 52 536
2340 -1.681158993936567 -1.245038257841554 11.372416862910285 68 41 46 1.0272062087066882 38 453 39 476 40 324 51 813 49 759
2341 -1.5170641997823406 -0.97028060245942549 11.305267641372643 60 54 49 0.87965102530829409 41 153 50 759 51 822 49 765
2342 -0.66491906357963548 -0.89916113899548156 11.301949344312604 105 99 87 0.72055316602879005 31 530 51 833 49 779 29 196
2343 -0.66450206841746484 -0.89621950509882076 11.285699323316731 105 99 87 0.63800835441764003 31 529 51 834 49 943 29 197
2344 -10.801919869072718 0.41608082342265679 14.875626162033823 122 126 129 0.48918664071619561 41 505 51 835 49 771 40 397 52 628 42 64 48 182
2345 -10.699425279347286 0.45531737712309206 15.125889245933681 138 139 141 0.62488741699206363 41 506 51 836 49 772 40 896 52 541 42 304 53 625 55 727 48 183 43 352
2346 -2.1608573002784106 -0.70921810098741123 11.197981087857725 41 11 10 0.6917969972349276 41 488 51 837 36 536 38 510 42 300
2347 -2.1489867929618711 -0.71063499692862531 11.152703128706195 41 11 10 0.50088835187563818 41 489 51 838 38 509 42 301
2348 -9.6236100940323439 1.1368582759809629 13.783983026159735 23 32 43 0.55184097104638785 40 466 51 858 52 446 42 88
2349 -9.4420740454571135 1.105146841784761 13.787420804419497 63 63 65 0.48907200728151723 41 231 51 860 49 584 53 248 55 603 48 58 43 61
2350 -1.6839407631463834 -0.20172817195461912 10.591751745416332 60 60 65 0.609960778327853 50 788 51 864 49 299 52 663
2351 -1.2630960310429629 -0.24461590053016213 10.867830467711045 91 91 89 0.44637371921793401 50 790 51 866 49 798
2352 -0.93440003742302746 0.066473695094655255 10.857620563589963 116 107 97 0.39399923712904333 50 1091 51 878 49 812
2353 -4.7127064945783363 -3.1228587901079599 8.6694405578398737 176 167 151 0.95909909092504175 41 400 51 935 49 434 30 42 52 697 29 995 28 1421 54 1037 55 1075 48 170 43 519
2354 -0.69511989455503154 -3.8427441091730539 10.884387812089605 48 43 51 1.1800843801727563 50 32 51 944 49 849
2355 -2.3018173893588485 -3.5868109532519847 10.41364726159404 80 75 71 0.39628668641239823 36 158 39 162 51 945
2356 -2.1432808314052365 -3.4513772185406721 10.64323056106452 104 89 94 0.87938514303208737 36 185 40 151 41 47 51 950 49 700 52 703 29 60
2357 -0.85345295452203929 -3.5541990621297965 10.850548665574152 122 123 142 0.84170807541362214 36 200 50 1193 51 953 49 864
2358 -2.3564925809155768 -3.2950359718706435 10.501514776936778 77 57 68 0.610185952238394 36 184 37 1009 38 118 40 183 51 957 52 706 29 78 42 273
2359 -0.80849827409240738 -3.4646775284065736 11.001790320866842 49 50 70 0.79599614282448472 50 943 51 966 49 869
2360 -0.80849827409240738 -3.4646775284065736 11.001790320866842 49 50 70 0.79599614282448472 50 944 51 967 49 870
2361 0.3701013319089585 -2.0078526289050571 10.859138618254983 157 153 147 0.94078349762595437 40 277 51 1011 38 361
2362 0.3701013319089585 -2.0078526289050571 10.859138618254983 157 153 147 0.94078349762595437 40 276 51 1012 38 360
2363 -2.1851438263768204 -1.7412005638714194 10.831171787777732 32 10 12 0.68076199416868022 41 466 51 1015 49 911
2364 -1.4538889111537963 -1.0708232005563996 11.390930860539262 30 23 30 0.40063622880493299 41 484 51 1044 38 480 49 931
2365 -0.41542346634183991 -0.92629132273388015 11.167702315429196 130 124 112 0.59676241452617851 39 1110 41 497 51 1053 49 944
2366 -0.41541727212164392 -0.92741856350038632 11.190652377059207 130 124 112 0.67344974378137645 39 1109 51 1054 38 490 49 945 41 496
2367 -10.761392979516215 0.20353790645736203 15.274664496301085 19 23 26 0.47057165883471302 41 498 51 1055 49 773 40 881 42 66 43 351
2368 -9.5289863616314392 1.0346667086226007 13.726573791064027 2 8 20 0.12956469144398841 40 928 51 1066 42 320 53 643
2369 -9.3801481346495876 1.0631601071135817 13.996443591602995 127 116 102 0.5174722547095707 40 1225 41 535 51 1068 52 642 42 500 53 737 55 886 48 196 43 542
2370 -2.5366696431972344 -0.039283383028738593 11.364301985919987 107 98 88 0.57130427269181883 50 1433 51 1072 52 784
2371 -0.84804690101501357 0.14940371959241799 11.064357566591271 97 87 76 0.99031834356556958 50 813 51 1088 49 1128
2372 -0.74702026189637216 0.28330513219663633 11.133177337580868 104 96 96 0.19131489382077876 41 546 51 1090
2373 -2.1860467066921938 -3.4708952498819836 10.421733063968672 78 63 66 0.5880323835347242 39 925 51 1140 29 58
2374 -1.9146958703931156 -3.603860773338468 11.043639247297953 16 18 39 0.46400340031474857 50 1482 51 1148 49 1166
2376 -2.4080991102556859 -3.2894862043533588 10.47820950279918 28 14 24 0.38546117740753766 38 1348 51 1154 42 455
2377 -0.8482605092126152 -3.336984557005171 10.806217412812652 128 127 157 0.58040062959929606 50 945 51 1158 29 88 41 665
2378 -2.6994365333811454 -3.1787121608631121 10.713609865032472 23 10 20 0.46426617898530886 37 1491 40 1083 51 1163
2379 -0.90715920896545321 -3.3859827184053803 11.061729522586738 43 40 57 0.60349462287722488 50 1202 51 1170 49 1037
2380 -1.2646028272008212 -1.8662784336953377 11.390936770963433 69 67 78 0.54946619064931312 35 1011 36 1568 40 1156 51 1201
2381 -1.7913661126279492 -1.6382855062140325 11.219233300205975 33 7 16 0.64952262910814074 36 1155 40 1155 41 869 50 1253 51 1206 49 915
2383 -2.1714992950454581 -1.2381104439820554 11.001689194242802 27 0 21 0.4504053354979255 41 722 51 1215 49 1085 29 692
2384 -2.8261711438056709 -0.19559414820691789 11.375134518247012 142 135 127 0.85562444904737356 50 1297 51 1234 49 1108
2385 -9.4586756826774021 0.92253255827669467 14.063380594004466 148 134 124 0.24443251901344715 40 1219 51 1238 55 983 53 729
2386 -9.4502349366888403 1.155921859188227 13.982951564506441 45 35 31 0.46045062720900648 41 759 51 1239 49 956 52 649 42 322 53 738 54 933 55 991 48 198 43 541
2388 -9.5851973261481032 1.4291393440410205 14.349934686777143 88 57 36 0.48521801255655883 40 1226 41 914 51 1243 49 962 52 783 42 510 48 305 43 655
2389 -2.3476648543043614 -0.01924844313770786 11.262583146767216 118 109 93 0.74685983261585898 50 1436 51 1244 52 949
2390 -0.73603375818398686 -0.21905839039226455 10.340658015052755 196 196 204 1.0057280091268743 50 1437 51 1245 49 1123 40 415
2391 0.068125738577342027 -0.15783714979805624 10.406881333367513 106 92 89 1.2407787258650154 41 220 50 1312 51 1251 39 572
2392 -4.5698765969128168 1.9148705742838452 9.8244497261268755 158 146 130 1.504994374991933 41 567 51 1265 40 965 52 791 43 663
2393 -1.5845821567276583 1.9151804798365106 11.112743581843475 90 82 71 1.1185349550400552 50 1459 51 1273 52 956
2394 -3.2971195526353281 -3.7808369849328081 10.576460723382837 167 161 145 0.78778817069271612 35 1502 51 1286 49 1163 52 810
2395 -1.2187743972010452 -3.4082626844754684 10.718038677528224 50 48 61 0.97703520979593106 50 1484 51 1300 29 1256
2396 -0.97806903598303729 -3.194873105327213 11.040963188598177 120 118 142 0.9287453084005759 50 1499 51 1307 49 1180 29 634
2397 -11.014836233662171 0.24818732400544335 14.913320490375279 75 70 74 0.78621115981898293 41 1019 51 1337 49 1222 54 1101 43 715
2398 -0.90031179529465677 -0.82683903719249341 10.588285557988515 161 155 139 0.25362724971192879 50 1544 51 1340 49 1224
2399 -9.565731060425712 0.76382795631068789 13.837550476093929 184 170 161 1.0127596777011034 40 1505 51 1342 49 1226 41 1027 52 635 42 602 55 1051 48 330 43 360 43 717 53 829 54 1053 55 1101
2400 -0.73481332906652186 0.2167110439263939 11.209238649868011 131 125 111 0.39567063869767916 50 1558 51 1358 49 1237
2401 -1.1941098619067456 1.3870277598131702 11.224926482833821 82 76 64 0.35115166192609809 50 1450 51 1363 49 1143
2402 -1.4480864933334601 1.6913022626550402 11.183465292305296 85 79 67 0.55399775019449538 50 1568 51 1370 49 1245
2403 -1.6312860751048666 2.0169298258876753 10.666100803539685 155 144 141 1.0583479708312615 50 1574 51 1376 52 957 49 1253
2404 -2.5414707163430017 -3.7271705341669135 10.473012409449323 160 150 148 0.55017313632244524 34 1737 51 1386 52 968 30 543 29 1250 42 727 28 1687
2405 -2.1763218096177219 -3.4591408826948356 10.505837331596092 55 34 51 0.84708778675930807 40 1292 41 957 51 1393 39 1624 52 973 42 666
2407 -1.9860181868882394 -3.3772880562322838 10.569366298234403 123 112 110 0.45537692779298522 35 1673 37 1796 40 1293 51 1395 42 667
2408 -2.3997875888389602 -1.68170632121625 10.799800387851731 73 43 50 0.89575500239713646 37 2054 41 998 51 1429 49 1212 42 682
2409 -2.0005874319090209 -0.49752787014431737 11.380572579357672 26 3 11 0.77523579620725824 32 2084 34 1650 51 1443 29 1061
2410 -2.6190196573063749 -0.1614138165067831 11.071590368412942 45 22 24 1.2045150214264499 50 1549 51 1446 49 1109 29 1666 28 2058
2411 -9.5029129876320031 1.5869551776150217 14.038840229471292 104 83 64 0.41034856961280125 40 1593 41 1036 51 1451 49 1233 52 877 42 704 48 340 43 763
2412 0.26385961962481541 1.5483762474545977 11.716691578393768 85 78 68 1.149352276168665 41 1110 51 1464 38 2050
2413 -0.12479210028385593 -0.030787872527130881 10.622687440613126 78 69 59 1.8898090870322122 50 1651 51 1516 49 1328
2414 0.12829518304317561 1.7034930988939043 11.709825266413006 88 77 71 1.3961154721781674 41 1043 50 1658 51 1523
2415 -4.141571837945845 2.3671896906782757 9.6222658879913485 167 154 137 1.5516715611045897 41 1041 51 1557 40 1524 49 1368 52 1046 53 902 54 1200
2417 -3.8867344195587399 1.8002484934691794 11.92298695025857 71 61 51 1.5270860825148271 50 1786 51 1609 49 1442 52 1097 54 1219 53 937 48 419 43 860
2419 -1.0306545391246751 -3.2904039126514473 12.193213250575061 62 64 76 0.60469198315998507 50 1780 51 1619
2420 -1.8895029553315998 -2.407032444108792 11.097461061436654 37 16 25 0.17435799474771546 41 1257 51 1629
2421 -1.3117854258424255 -1.5691109548448481 11.25024265178121 40 41 50 0.98858800191214702 37 466 31 456 40 314 51 549 41 142 50 285 49 527
2422 -2.2764055183881635 -0.33962371453687151 11.263834700894131 66 44 54 0.69104182634826872 41 499 33 615 51 850 39 534 50 776 52 651
2423 -1.4361133963683443 1.9451004043470721 10.990920130720443 73 66 50 1.1310285418884636 41 1042 34 1675 39 1748 38 1955 37 1924 36 1883 33 1875 32 2109 31 1699 40 1397 51 1374 36 1258 50 1463 49 1335 52 1017 42 771 28 1551
2424 -2.3888014670402424 -3.9955552575029341 10.482851156922974 218 208 206 0.5403246051512548 51 31 49 26 52 355
2425 -11.550032514404752 0.41563057760818056 14.967295656939198 46 43 50 0.97509546893343413 41 173 49 240 52 176 48 29 43 32
2426 -10.648103410162445 0.17704525108510599 14.971954038654699 149 137 140 0.51723190753218717 41 164 49 242 42 65 53 483 54 550 55 536 48 32 43 35
2427 -10.349725358083102 0.49783630162658166 14.791045823095272 27 31 32 1.0903017279592466 41 182 49 258 53 626 55 728 48 122
2429 -4.5928398704490681 2.0217709065457341 9.7900168728101011 162 150 136 0.46175582117111896 41 267 49 358 43 83
2430 -4.8629269697587381 -3.2509240448917907 8.8090508549195103 115 102 93 1.8802297433818258 51 694 49 425 28 1420 29 1246
2431 -2.8419359624227929 -3.8145490219332019 10.608668038928522 125 113 99 0.31908513402588201 51 451 49 428 52 366
2432 -4.7789975787789931 -3.092402532477414 8.6935873249685134 179 174 170 0.95252853483614319 40 132 41 401 49 435 52 373 48 114 43 518 51 697
2433 -3.1710402603379113 -5.021156227092586 15.742294555273975 46 52 68 1.8144792852319067 40 161 49 473 38 127
2434 -1.5826565013739933 -2.3200190254194135 11.211792423576625 95 85 73 0.38428075213490248 37 378 49 511 41 117
2435 -1.4486627366712475 -2.3068344251057584 10.94900206680647 66 59 53 0.50733526005942753 40 248 49 512 36 354
2436 -0.70275503066528855 -1.4964514545872127 10.821892062748514 59 58 66 1.3411581068602711 35 401 49 532 41 475
2437 -11.0199181705395 0.40146303205877348 15.688041898096881 13 12 9 0.45950137271008512 40 401 41 180 49 542 43 37
2438 -9.8350841575687316 0.76648269678908887 13.580421834653837 18 12 16 0.59777554482517903 41 203 49 566 52 547 42 73 53 632 54 913 55 879 56 946 48 187
2439 -9.5033504571270555 1.0561339351619587 13.927767647572148 25 18 15 0.50994245063903187 40 931 41 230 51 859 49 585 52 555 51 1067 42 90 53 522 54 932 55 885 48 127 43 370
2440 -9.5093915378765139 1.1812361056905105 13.84732859853365 15 14 11 0.7547537068730702 40 929 41 232 49 586 52 447 55 782 48 64
2441 -9.7375179564393477 1.2166932999010851 14.706313319291786 115 99 76 0.17472478369737385 41 233 49 588 52 236
2442 -9.179290155101306 1.7901490398164084 13.359208431807666 102 94 83 1.4276879466683035 41 250 51 344 49 618 53 296
2443 -2.2366735621220126 -2.6701111558049306 10.616873681069334 39 17 17 0.47281887723686034 36 316 49 725 52 725 29 104 42 466
2444 -11.120091890326657 0.40352006945294505 14.692475322658579 16 13 22 0.79187806408036721 41 503 49 769 52 178 53 622 54 773 56 721 43 529 49 937
2445 -9.5925304842767041 1.4973500641928461 14.169138681705929 92 70 48 0.45736639849469979 40 486 49 805 43 68
2446 -4.3076057921157487 2.038799798952593 10.907004324239754 91 81 69 2.436272860041143 41 272 49 823 42 349
2447 -1.2816898143081903 1.7148206161450203 11.476385753483894 51 44 38 0.67760120466761897 30 152 50 870 49 829
2448 -4.4640164377771923 -3.1241848117789188 8.798976752352976 157 148 141 0.8121316683142954 41 402 49 851 48 231
2449 -4.5205824628682461 -3.1466767278064056 8.8665464472249891 157 148 141 1.7533669801155198 41 403 49 852 52 699 54 1038 48 230 40 689 39 1322
2450 -2.2647479736691025 -2.9959701602024422 10.614248094526852 40 17 23 0.39576596132648367 41 676 49 884 29 638
2452 -9.5091622996407903 1.1355324892737397 13.026066757755004 36 39 50 0.84411124830940787 41 533 49 955 53 736 54 930 56 953 43 539
2453 -4.508478756201459 1.9767049197173299 9.8394470165330592 114 99 80 1.5402634170113072 41 772 49 989 52 676 29 1092 34 1139 35 1413 42 346 28 1235 55 1011 54 1032
2454 -0.86374697507858045 1.52608137125599 11.715742678555126 73 63 54 0.71441794009241422 37 1281 40 544 49 991 38 1546
2455 -4.4578506488005969 -3.2835290047694574 8.8445293400267158 215 212 205 0.96690650638475084 34 884 40 1059 51 1280 49 1005 53 813 54 1079 48 287 43 337 35 148
2459 -2.3283607827330823 -3.4348288653102581 10.486370125370533 41 29 29 1.1280987689702884 41 827 49 1020 29 619 42 559
2460 -2.4233786933405579 -3.1872443818740033 10.600255016212127 17 3 6 0.89754749165162584 30 266 41 669 49 1041 52 907 29 623 42 565
2461 -2.4105028809194629 -2.5345450255648965 10.817729422869926 8 0 2 1.2192865980491534 34 1362 41 849 49 1058
2462 -9.5848478574110505 0.7994743436289673 14.302355273173877 44 42 47 0.50039345054564921 41 897 51 1343 49 1107 52 760 42 614 40 1367 48 301 43 639
2463 -9.5318259713027302 1.1008854682562801 13.404914551021081 107 98 85 0.56317298436714636 41 909 49 1116 52 875 42 613 53 788 54 1058 55 1056 56 1023 48 300 43 643
2464 -0.037801319652915367 0.89973049712737341 11.475001375362785 111 102 87 0.30108296291218084 35 1099 49 1139
2465 -1.98929089735122 -3.5410383164108294 11.095792786704422 80 60 90 0.5559712518294827 35 908 38 1352 49 1172
2466 -1.8624201177741677 -3.2404590302930183 10.689842545368251 78 41 80 0.84805880760355434 38 1669 40 1087 49 1178
2467 -2.1722114448613152 -2.4363336108900424 10.743555615552108 69 44 44 0.6170356889934846 39 1394 51 1414 49 1195 35 1314 36 1520 29 1019
2468 -9.5518386507360322 1.3241439496713281 14.030721586697926 107 84 66 0.36436216796682308 40 1510 41 1032 51 1450 49 1229 52 876 42 703 48 338 43 726
2469 -5.2024468456727737 -3.3907536946301504 8.9367788019361623 127 114 104 2.112190758155942 51 1478 49 1259 48 355
2470 -2.4591630351692535 -0.64671891969491646 11.202458565936411 51 20 28 1.0971381376447815 41 1086 49 1303 52 1036 30 767 29 1484
2471 -9.6354552105408491 0.86738136286351797 13.319252682213548 106 97 93 0.59896199021366248 41 1026 49 1310 52 935 42 697 53 853 54 1111 55 1137 56 1105 48 332 43 716
2472 -9.5998673714347742 0.99488426387869411 13.119397579682369 24 31 47 0.57453721336529351 41 1025 49 1316 52 936 42 696 53 852 54 1113 55 1138 56 1104 48 333 43 760
2473 -9.6481995816147599 1.4547020561687805 13.529592374313282 113 88 56 1.4639656225859046 41 1101 49 1321 52 947 42 702 53 836 54 1063 54 1149 55 1147 56 1079 48 361 43 651 43 802
2475 -4.5368264091820922 -3.0955805518258219 8.6168392497042543 81 68 52 0.76259921763408933 51 1559 49 1339 52 1052 53 906 54 1194 48 370 42 782
2476 -4.8462361134163423 -3.1053467242215267 8.7382283867070356 223 224 228 1.4259322517863569 51 1527 49 1341 53 907 54 1179 48 371
2477 -9.53261156529293 0.96415828405801007 13.650329310738293 10 18 32 0.56818044466633011 41 1097 49 1362 52 1001 42 795 40 1641 53 880 54 1163 55 1164 48 360 43 798
2478 -1.6327833198935584 1.4700199184377296 11.305654020209047 84 74 65 0.40949852582874241 50 1729 51 1575 49 1365
2479 -1.6455057651141927 -0.79817042150981143 11.297971164320275 50 18 29 1.0356639773299543 35 1895 40 1634 49 1387
2480 -3.8101840646212359 1.7516763481472071 11.797867255786134 66 59 48 0.93390591024797642 51 1610 49 1443 52 1098 48 420
2481 -4.2259571922937971 1.8457908690883633 10.187885400349828 153 147 131 1.7985130018635263 30 1040 40 1717 49 1444 29 1732 42 836 28 2065 27 2333 48 418
2482 -4.0622864445054754 -2.8551302523912656 10.507857766000503 140 134 118 1.151940912205891 40 1744 51 1618 49 1459
2483 -2.2290267762457696 -2.1380211050230447 10.807626715589386 42 13 28 0.72938061937138066 37 370 33 406 40 244 50 986 51 775 49 735 41 458 36 375 32 452 42 292 28 114
2484 -4.4425041560451994 -3.023899238582636 8.7961416545405271 92 86 79 0.94677706573798237 34 899 39 896 35 902 49 1011 40 1075 41 654 52 818 29 52 42 451 54 1083 48 289
2485 -1.1253000891425908 -1.4915420469661198 11.41787816693903 94 95 105 1.7385919762729976 31 1425 30 462 49 1082 36 1163 33 512 51 1028 41 1009 29 690
2486 -1.8493553759296688 -0.20206140510552101 10.775037757029292 148 139 130 0.92635688695884788 41 1168 39 2096 36 2212 40 1669 49 1428 50 1757 51 1600 42 829 28 2000
2487 -2.4358473152379543 -0.1917423276451668 10.855905732260311 144 130 126 1.0844342655768509 41 889 39 1718 38 1761 34 1435 35 1371 37 1890 36 1856 33 1843 40 1360 30 774 49 1112 50 1432 51 1242 29 1304 42 694 28 1742
2488 -1.2738685813699668 -1.922807627202251 11.131443217535697 26 29 60 1.7549007402813137 35 367 36 421 33 1166 40 804 49 1070 41 708 39 1050 38 357 36 418 35 365 40 269
2489 -0.74767019697724735 -2.2874784533776156 11.096225778866684 68 68 90 1.007758921612266 37 382 38 323 31 1021 40 1139 49 904 36 1100 39 325 32 1262 50 1239 51 1004
2491 -4.4549477683625938 -2.7310260348636972 8.7922401156692001 208 198 187 0.85587989912684936 51 1293 49 866 42 281 48 233
2492 0.011663695875925447 -0.43531150738123814 7.7446495689699697 160 147 133 1.9649312842957389 40 391 49 331 36 541 38 518
2494 -9.8543243111614913 1.7634567403296766 11.586892685402981 145 119 103 0.23425081301604886 49 613 52 262 58 326
2495 -9.5006219784899155 1.8338933203913419 13.637551318533626 86 78 65 0.54226698465525225 49 325 52 264 51 619 54 658 55 638 56 382 43 76
2496 -4.4123587168638023 -3.7326728451194668 9.2311281752990588 184 181 174 0.65848594267282412 49 676 52 359 42 436
2497 -4.776525187858125 -2.9877185401612669 8.7515686247880993 191 182 177 0.7702637693458142 55 692 56 671 43 18
2498 -9.8082759611845667 1.4246219786796346 11.151697627790995 84 76 76 0.82408852596640469 49 306 52 451 53 542 54 637 55 316 57 594 57 707 59 816 60 696 58 551
2499 -9.6860346244100395 1.6602985589155643 11.468932136379442 47 32 26 1.4593203464418609 49 321 52 460 53 287 53 561 54 648 54 649 55 629 56 608 57 606 59 640 60 567 60 703
2500 -1.5582347078585381 1.4095109384520739 11.392159771733034 91 81 69 1.1619135579017259 49 644 51 636 52 481
2501 -9.5525488038687403 -4.6311394226140594 10.185379664842696 177 168 169 0.9338762953231734 49 10 52 512 59 870 55 699 60 730 58 875 48 13
2502 -4.4855700014689432 -3.0442561844914162 8.7759574765742911 234 220 218 0.43459520078651731 51 701 52 518 54 871
2503 -2.2917512379798466 -3.4353805573216682 10.506027631141432 100 88 88 0.51093381709962671 49 81 51 463 52 520
2504 -10.364332923436535 1.0547818754172293 11.638182258735839 45 54 62 0.59304307775668585 49 787 52 551 53 637 56 854 59 792 60 777 58 688 58 811
2506 -9.7063106519359916 1.1740057777562261 12.675426781479741 180 166 154 0.4068301197207147 49 795 52 560 53 648 54 808 55 884 54 929 56 877 57 792 59 1034 60 797 58 833 48 194
2507 -9.6822497636447711 1.3240075605026085 12.384075725558924 63 54 53 1.0125301584575783 49 804 52 561 53 647 49 577 54 927 55 894 57 799 59 1043 58 840 48 132
2508 -9.77905148801538 1.4642179705514551 11.44983019783699 76 76 79 0.56205359971107782 49 597 52 566 53 657 54 819 55 776 59 953 58 835
2509 -9.7204797492576969 1.4861672237560333 11.577346182064828 41 44 55 0.44005083481990354 49 802 52 567 53 658 54 820 55 891 56 883 57 796 59 954 60 863 58 836
2510 -2.7652260662310613 -0.10107736421700558 11.275229150917403 148 136 126 0.99897718994791374 49 295 52 574 48 135
2511 -4.1537487812474492 2.3365507953808802 9.9904393540650371 92 83 68 0.75607876002293584 51 918 52 592 54 962 49 367
2512 -2.384256850574086 -3.4226216606925597 10.44739381934035 58 47 46 0.25663056923522248 49 79 52 612 42 30
2514 -10.212184072251818 1.252649402408363 11.64712555458374 59 66 73 1.1127064716901094 49 793 52 645 53 732 54 917 55 980 56 949 57 862 59 934 57 699 60 785 60 848 60 930 58 955
2515 -9.7644060382294917 1.1603876425009783 12.312662395302656 70 62 53 0.48812207756331866 49 953 52 647 53 646 54 807 55 765 55 883 56 869 57 790 59 946 60 858 58 832 48 193
2516 -9.621886260438556 1.4589345941318437 12.457958643229389 23 13 9 0.57951935908696928 49 960 52 656 53 795 54 1015 55 989 56 960 57 871 59 1098 60 907 58 966 48 197 47 96
2517 -9.6419455538908352 1.6141246364172148 11.619074019922007 47 42 38 0.40126462775922428 49 964 52 660 53 750 54 941 55 902 56 884 57 801 59 1046 60 868 58 912
2518 -9.4367411334813198 1.4991328544743059 11.752493003830484 31 19 2 2.0520721578033405 49 810 52 661 53 544 53 793 54 639 56 886 57 924 59 1097 60 905 58 967 48 200
2519 -9.6967481283377435 2.3011686858905502 11.276434674334572 107 85 62 0.51760213144557143 49 627 52 667 54 833 53 571 55 805 56 644 57 722 59 842 60 719
2520 -9.8226478260402565 2.4090619707251286 11.467551988940578 154 141 124 1.1096362704860314 49 628 52 669 53 751 58 919
2522 -4.4084715410365733 2.5179418501149451 7.4912209371824874 176 160 145 1.5769521934499144 49 664 52 684 53 690 43 109
2523 -2.2992545388240191 -3.8837909114641587 10.543669764511955 166 162 159 1.340826481677093 37 131 39 149 41 397 50 908 52 687 42 258
2524 -4.4368462555766861 -2.3925433779034151 8.8695317445526243 181 166 151 0.51918452310843488 51 1305 52 718 49 888 53 823 54 1095
2526 -2.1877633200445379 -1.5274090221975263 10.965153465440677 50 22 11 0.37208096101694238 33 501 52 742 29 149
2527 -2.1912508720872856 -1.5309539797283753 10.976910678174875 50 22 11 0.40855218015650829 32 541 33 500 51 1022 52 743 42 296
2528 -2.1706943049812666 -1.4378189072725189 10.913757581083427 32 1 19 0.44651389930070762 51 1027 52 744 29 682
2529 -9.7577912743936395 1.3060192317262802 11.820001046839797 153 137 124 0.48529636939838788 49 951 52 772 53 733 54 925 55 892 56 876 57 797 59 1033 60 864
2531 -9.6289345224176213 1.2502118732131613 12.782923927097718 7 9 14 0.60571990472289594 49 1115 52 774 53 786 54 1057 55 1059 56 1022 57 920 59 1146 60 936 48 249 43 641 47 118
2532 -9.6975477265573158 1.5055648356573939 11.985836933400547 140 128 115 0.57630687337062059 49 958 52 778 53 744 54 938 55 998 57 870 59 1092
2533 -9.5611845449636466 1.4670580691956272 12.91549970309671 119 91 59 0.66480848833321882 49 1121 52 780 53 796 54 1016 55 999 56 1027 57 927 59 1099 58 969 48 250 43 649
2535 -2.2669720953922821 -3.482550742578109 10.490645501161312 138 119 123 0.53806364785176253 51 949 52 814 29 617 49 1022 28 1102
2536 -2.2675140950750352 -3.4810113958806324 10.49337985866701 138 119 123 0.41002961261177273 49 1023 52 815 29 618 28 1101
2537 -4.3722374710647767 -2.5053707292208545 8.6868167973339663 137 124 107 0.41761808760087177 51 1160 52 829 53 820
2538 -4.4123087876572793 -2.5307542683116129 8.8111715163213162 195 182 165 0.15142132226098523 51 1302 52 830 53 848
2539 -2.2921828694797752 -2.36675851965984 10.734214074859789 79 52 48 0.31676638455221878 33 1528 52 838 28 702
2540 -11.899382860609842 1.0238992218258964 12.806433756685703 65 70 70 0.65368665487271016 49 1095 52 859 53 827 55 1095 56 1070 57 959 59 1164 60 947 58 989
2541 -10.360482329522206 1.1199036629436565 11.958315182569965 45 52 54 0.55894407335438101 49 1104 52 865 53 782 54 1007 55 977 56 1016 57 912 59 1084 60 927 58 956
2542 -9.7795175976228954 1.6196064883705217 11.336758814064657 33 30 26 0.49159583764966808 49 1234 52 883 53 792 54 1061 55 1063 56 1025 57 923 59 1091 59 1143 60 934 58 965
2543 -9.7795175976228954 1.6196064883705217 11.336758814064657 33 30 26 0.49159583764966808 49 1235 52 884 53 791 54 1060 55 1062 56 1024 57 922 59 1090 59 1144 60 935 58 964
2544 -4.5145219784309916 -3.2300097262539817 8.7072775295750215 198 183 177 0.91617391542417315 51 1380 52 901 53 866 54 1131
2545 -2.2214139132458772 -3.2278670116881791 10.552124161967825 88 51 61 0.6880309790399336 49 1170 52 910 29 1258
2546 -9.6909504863316194 1.3600062878121255 12.651423210459209 174 158 149 0.42805635571410189 49 1319 52 945 53 856 54 1116 55 1144 56 1110 57 997 59 1201 60 985 58 1017 48 336 47 151
2547 -9.6770691837437521 1.3555262461057254 12.641184601232721 174 158 149 0.42433094857982778 49 1320 52 946 53 855 54 1117 55 1143 56 1109 57 996 59 1200 60 984 58 1016 48 337
2548 -9.8819978914840441 1.1681086531901987 11.806246318641426 163 160 154 0.78315891708090002 49 1315 52 1004 53 882 54 1167 55 1163 58 1037
2549 -9.7959810762936197 1.3108741281179619 11.610025129103716 42 45 62 0.3840113105450319 49 1318 52 1009 53 881 54 1147 55 1142 56 1108 57 1024 59 1199 60 981 58 1040
2550 -9.624452203445351 1.8536327408576168 12.642481864790097 138 115 84 0.51133849061156378 49 1324 52 1011 53 859 54 1150 55 1149 56 1114 59 1203 60 986 58 1044 48 362
2551 -9.2947212909722303 1.8704338394706308 13.91300553335093 132 119 103 1.6625231162889238 49 1392 52 1042 53 885 55 1168
2552 -4.49950732340921 -3.0724654221634067 8.5856803211945909 95 79 63 0.6451932809745291 51 1560 52 1051 54 1195
2553 -9.702715368686782 1.3703266467383111 12.210624844335447 13 25 42 0.45693824287693319 49 1416 52 1059 53 912 54 1183 55 1179 56 1164 57 1053 59 1227 60 1019 58 1072 48 397
2554 -4.4582968991362213 2.6135669375411288 8.233812752845111 129 118 114 0.85460902059373678 49 1435 52 1091 42 818 41 1198 53 939
2555 -4.8891421037996423 2.5348551327799855 9.1694416058993404 177 163 150 1.9750290415429939 49 1432 52 1101 53 938 54 1224
2556 -4.0775034743120218 2.0789147554810632 11.001513682848586 91 81 72 0.85078467839636074 49 1454 52 1106 53 946 51 1616 54 1227
2557 -3.3852751308712774 1.7497376474148627 11.080248761776668 109 96 79 1.9427355396140171 49 1465 52 1118 48 441
2558 -0.79031301459951453 -4.4236772387359862 6.2333424008744167 170 170 172 1.3294138062178558 39 1294 40 630 29 3
2559 -0.95219751687954091 -4.0464915278832345 6.0485894542310614 179 177 188 1.0070513571268269 36 38 29 11 38 25
2561 -1.8483540363140036 -3.7324983063594952 10.897859900122906 159 140 158 0.17630492264364461 35 157 38 94 29 49
2562 -2.3615586732876364 -3.3017562467305672 10.521246750493928 148 119 144 0.49738639531123674 52 707 29 77 42 274
2563 -1.7743224043204819 -1.9459871019701211 11.106844424837508 112 75 93 0.17507358678975826 32 503 29 121 33 441
2564 -1.6912552941288026 -1.8012400251776437 10.943949276750823 155 122 134 0.82182017924987694 38 1087 40 285 49 740 29 131 39 411
2565 0.22071825050169369 -1.867193268466522 10.956325266071678 148 147 152 0.48610058330115696 30 103 37 427 29 139
2566 -0.74296163420304417 -1.4000809023568916 11.406807183364709 104 105 135 0.75174903438416996 36 497 29 158
2567 -0.74296163420304417 -1.4000809023568916 11.406807183364709 104 105 135 0.75174903438416996 36 496 29 159
2568 -4.1638341150731328 1.4355908730698488 5.5482494634182977 128 191 180 1.0846913685776618 41 566 29 264 42 339 43 378
2569 -2.6202977366822657 -2.665131499947321 10.840762635580971 105 75 85 0.27770589946074392 34 958 36 315 29 647
2570 -1.9199462317408558 -3.9201794976444813 5.1959621698515281 160 162 167 1.111580578272116 30 522 39 1793 40 1417 29 966
2571 -2.4306916992317102 -3.6540091805894086 10.457818045341758 156 147 148 0.31141800596343372 49 1014 29 993 42 555 36 1451
2572 -1.6379973799527605 -2.4367432704863572 11.271367972647273 160 153 138 1.1390581226168057 36 1546 29 1021 40 1136 41 857
2573 -1.7611767258085993 -2.2348007644753105 11.404348537083139 154 126 169 0.14645352868119346 30 444 29 1030 28 1133
2574 -0.86086144447637702 -0.49140859965259454 10.557281991823379 215 218 223 0.35867179634927532 32 2085 29 1062 31 1682
2576 -4.2669885307099307 2.5674976187710117 6.2711342722722403 184 178 163 1.6100581578876179 30 653 29 1121 28 1265
2577 -2.3499206445444294 -1.13275164296193 11.159128316721594 48 34 43 0.22725722416818248 38 1919 40 1353 29 1286
2578 -2.3499206445444294 -1.13275164296193 11.159128316721594 48 34 43 0.22725722416818248 38 1920 40 1354 29 1287
2579 -2.1981999425881518 -3.7876679677924234 10.452027744195329 252 251 251 0.44298391979326707 34 1739 29 1445 28 1680
2580 -1.3769500873849394 -2.964838499012826 10.892154093500633 108 112 139 1.1111969736485836 30 568 51 1535 29 1454
2581 -2.3527781611837613 0.040780571895851096 11.783394417901214 180 175 156 0.59661485527719027 32 2415 29 1585 33 2152 34 1808
2582 -4.7362866476923369 1.0439143694412105 9.8026418557778356 212 211 198 0.89104995037044987 30 1003 34 1970 29 1673 28 2062 27 2324
2583 -4.215417965049939 2.1186517344618085 5.6809010626832395 81 115 95 1.5289888663735409 41 1180 29 1684 42 830 43 840 44 1107 47 217
2584 -4.9007497481791376 -3.0416476272723245 8.7728829544066311 252 255 255 1.3279164090653659 30 1026 29 1718 28 2103 27 2367
2585 -4.4962384826326662 2.7039691059148594 7.597968685369497 188 183 164 1.3698565850161524 30 1044 29 1739 28 2077
2586 -4.6178464127339982 -3.1536254299420787 8.7652535536690657 183 167 152 0.80070782637928062 30 1057 29 1764 28 2140 27 2368
2587 -1.5408007058292654 -2.7125500517361334 10.529636297050677 181 162 146 2.1452499612088087 30 1031 51 1604 29 1797
2588 -0.49558372741877105 0.052286878977943818 10.674831524785436 176 170 154 0.62890271554046728 31 2113 33 2352 29 1802
2589 -4.162744024808001 -5.7164058301512037 11.255468036371418 206 204 192 1.271194441854969 30 1126 29 1866 28 2213
2590 -2.2884343955881139 -5.5152203702008809 13.789026596560861 255 255 255 0.038562063308012123 30 1119 29 1869
2591 -2.236692015386776 -2.5963294696117529 10.684654585529145 35 17 25 0.59814389678552515 34 297 39 1005 38 1013 35 286 36 1074 33 1106 51 990 29 105 49 900 52 730 42 469
2592 -0.89864913574456495 -3.5937868936057606 10.852488475874701 54 55 75 0.74577494532292909 35 180 38 133 33 1025 31 175 29 67 50 1191 51 1151 49 1028
2593 -2.1790790729756786 -1.2262596757402486 11.050608870843867 34 9 23 0.88874309516772321 36 486 37 509 38 449 39 469 33 535 40 855 50 1262 52 746 29 693 41 723 51 1214 49 1084 42 477 28 193
2594 -1.0580623680120018 -3.436870853072612 11.124294112505108 112 114 133 1.9964729952784039 35 937 36 1015 31 917 37 260 38 172 50 942 29 1001 38 1672 41 837 36 1463 33 1756 31 1589 40 1304
2596 -3.2535977674957488 -3.8976462183894025 11.010416951625317 117 108 93 0.91972462430691404 39 144 42 19 38 89
2597 -10.950065955550707 0.5389879903204734 15.015694960461875 30 30 39 0.81684374872740118 49 257 42 72 51 276 48 31
2598 -9.5464674597961281 0.75940087719055005 14.078151719067598 167 162 150 0.38509746740311629 49 567 51 847 52 549 42 75 55 756 53 507 54 619 43 363
2599 -9.6673504544696716 1.0704697716755391 12.955920753639909 54 64 63 0.50359300298117282 49 578 42 83 53 519 54 796 55 767 56 763 59 947
2600 -9.5183332685114745 1.2145301654775487 12.946288159907187 133 135 139 0.26935348526294245 49 582 42 84 55 778 48 134 43 367
2601 -9.6781053503739845 1.7919683486712743 13.15579760131506 111 89 64 1.0022079625522549 49 616 42 113 55 800 57 720 53 564 59 971 43 75
2602 -9.4787187497873617 1.7786678579150288 14.269859102202457 112 100 86 0.18316656188166575 49 619 42 119
2603 -1.4128058967736357 1.6508761530158906 11.891469290363284 129 123 111 0.25638860648911921 38 641 39 669 42 148
2604 -2.4566671862692888 -3.9085214956925212 10.26776057627554 154 149 145 0.77687588918221018 38 69 40 119 42 256
2605 -2.365608131659247 -3.471148677677478 10.429916606814377 91 79 80 1.0090960139911487 38 117 42 268 28 64
2606 -2.2968462278003412 -0.061724973280765164 11.032282531534838 46 37 20 0.6413424676107411 37 614 41 528 42 330
2607 -4.1228673389604129 2.0513314703697221 9.8992646301080907 99 93 77 0.92340299838847817 34 1143 42 358 54 959 40 984 43 559
2608 -4.1139923475560316 1.982174890510443 9.949696595052421 155 149 134 0.47916790360979755 49 649 42 359 54 956
2609 -4.2725132758687225 2.2230948131293826 9.6781150466957513 118 103 82 0.53785492660716028 34 1491 42 370 35 1423
2611 -4.4201966192437006 2.5153159991957361 7.4603201041370966 171 163 144 1.2139285618148554 30 497 42 376 48 314 52 1018 43 566 44 655
2613 -2.3542265126402948 -3.5945617791643891 10.58937141437235 0 0 0 0.17218854099344519 51 946 52 700
2614 -4.4555814086275669 -2.6622826458825775 8.8234750347009161 172 159 145 0.22083338875420369 34 1324 42 460 48 234
2615 -4.9943661478969927 -3.2238258259664816 8.848561025730918 223 220 221 1.452245591304288 29 1443 42 558 28 1419
2616 -2.1566630868151417 -1.4302493626796462 10.899136496559541 28 4 26 0.41016614343510716 36 1154 41 717 42 582
2619 -1.2385420077316738 1.5143776017165758 10.730966212590895 79 74 62 1.3652566681987703 37 1280 42 634 39 668
2621 -4.4608812178457091 -3.2788959911346547 8.7341250043098739 142 136 124 0.47925714653311191 49 1162 42 661 48 326
2622 -11.196683627629417 0.28780342793564007 14.741097176805448 176 174 176 0.56778527766751086 41 1018 49 1221 42 692 52 855 53 825 54 1050 55 1092 56 1066 48 296 43 714
2623 -9.8677270426807215 1.7146506621541795 13.877383966715781 115 94 72 0.81042801853682045 41 1035 52 782 42 706
2625 -1.3774602196109975 1.6662374772422044 11.689466973283356 122 118 107 1.2795830783540445 29 1096 30 642 42 764
2626 -4.3868680507254325 2.4059874980002829 7.4931574142173343 114 103 83 0.37657786403794996 29 1113 42 768 43 808
2627 -1.4178942849796696 1.75010403946474 11.354949276895359 117 110 102 0.40486166125588702 39 1739 42 769 38 1778
2628 -9.6221832588276452 1.5766010274269278 13.841211540761364 8 0 6 0.56718343440277474 49 1390 42 797 53 898 54 1168 55 1182 48 375 43 803
2629 -2.0129641403866851 -3.1475166678662978 10.515704965649737 32 14 32 1.053435289059683 52 1081 42 824 28 2106
2631 -2.0555520985976909 -0.98798673859565556 11.152887673649102 30 2 13 0.46419656982916724 38 1130 40 863 49 928 37 1188 42 482 41 150 50 1044
2632 -9.4433263683411059 1.943692650690072 13.485561325525126 127 119 108 1.3155623524392461 40 507 42 514 54 1119 52 952 55 1107 56 1082 43 658
2633 -4.120231583546869 2.0465164460485386 5.3944164133386883 11 21 0 1.0758688932508982 29 304 41 312 42 373 43 392 44 442 47 68
2634 -4.1691069003882477 1.5565447738704095 5.5794702806296677 31 80 69 2.1288764691529947 29 1083 42 625 41 1107 48 381 43 765 47 187
2635 -3.9497502441554855 -0.96212782277345354 0.48682090835082559 90 88 79 0.62856672666566438 29 27 28 52 19 676 20 261 21 216 26 99
2636 -2.254652135718191 -2.7566386034285926 10.611910475806068 111 72 96 0.32257191630527898 35 282 37 1056 28 92
2637 -3.7432912257974085 0.3867406925821425 0.59437144942210152 90 85 82 0.99403984771343601 29 703 28 229 21 1311 22 1372 23 1660
2638 -4.6983878133602106 0.90296273063068033 1.1787868900374034 68 63 57 1.0981952891733806 29 233 28 258 26 252 24 379
2639 -4.6916918868683251 0.90081531105888268 1.1732467100399908 68 63 57 1.2161192845164199 29 234 28 259 24 380
2640 -3.8332872545027006 1.8571703618081674 0.62717166687922266 94 99 93 1.0932878314996217 29 322 28 399 21 736 22 702
2641 -3.0485027536411735 1.8995893271905524 0.2510360056255091 71 51 50 0.36969368762231403 29 345 28 423 20 964
2642 -2.9090636681500088 4.1109692276047189 3.7434708279780251 84 89 100 1.1841035032915557 29 830 28 447 27 495
2643 -2.6926922940973745 4.1387152127006654 3.3439861149227195 9 15 30 2.4696155602337386 29 368 28 454 21 955 22 962
2644 -3.663920237568794 3.7306344141262242 0.68287691614658552 123 122 118 0.87466659745607489 29 862 28 506 27 551 26 618 20 1825 23 799 19 578
2645 -2.4609919889040848 3.7104939935110983 1.271747215489996 185 156 129 1.6235798557464782 29 441 28 556 22 1063
2646 -3.988933131889294 -0.94878110971696472 0.50302755279511158 79 63 53 0.5909171729479229 29 589 28 669 27 820 21 1215 20 1979 23 1595 25 1397 19 1123
2647 -2.3128597689159722 -2.7906092072973609 10.621500556214551 170 138 161 0.3228504312340239 35 951 37 1053 28 688
2648 -4.7106844907954457 0.92734111869343905 1.1775772867725285 18 14 2 1.2709625673141549 29 734 28 808 21 448 22 1384 26 1012 20 1480 24 1259 19 1183
2649 -4.2517754440196285 1.4785916109719823 0.79719666457788596 44 43 38 0.74558443807010399 29 780 28 860 27 1433 26 1082 20 2104
2650 -3.8310924790547554 3.5896295456585459 0.56356515831793519 44 43 48 0.58066835351502155 29 850 28 949 27 1123 21 1565 20 2226 23 1404 22 1649 25 1255 19 1355
2652 -2.4379862480639574 3.5906761540894148 1.5712914912892051 133 86 61 0.94402851290367917 29 1139 28 966 26 673 22 1004
2653 -2.4819301383117507 3.6629235395352522 1.0377119565854895 132 86 53 0.96624852709398856 29 436 28 999 26 721
2654 -2.483694319630565 3.6911611435127778 1.1150810903676973 172 135 116 1.4196470671600037 29 435 28 1001 21 1659 26 1374
2655 -2.4852224496030551 3.7016279239511554 1.2567208731942792 177 139 115 1.4097143338087623 29 873 28 1002 21 2021
2656 -2.3938736845082076 3.7874824777291884 1.0902900062336034 122 78 53 2.183483444937206 29 885 28 1018 22 1121 26 1407
2657 -3.4017737192681525 4.1010535616349095 0.50579833125125007 88 85 80 0.68622321901024985 29 916 28 1040 26 1369 22 1735 21 1052 23 1489 25 1339
2658 -3.756178323978673 0.40995319649745976 0.63426271437397308 100 93 86 1.3437792938465505 29 1052 28 1175 27 1359 21 433 22 361 26 1971 20 466 25 1789 19 1649
2659 -3.8215095077644925 1.8238164745967402 0.62501064308639698 70 69 58 1.2055815138072024 29 1122 28 1270 27 1484 21 1929 22 2053 26 1682 20 1686 23 1806 23 1823 25 1183 24 1876 19 942
2660 -3.891139671790143 1.9117895897771904 0.64283118544773499 84 74 61 0.88101401208002017 29 816 28 1271 20 2181 25 1583 24 791 19 1321
2661 -3.0543219564748258 1.9063449348959798 0.29947893090028804 57 55 50 0.6309282123956248 29 1127 28 1285 27 1093 21 1525 22 776 26 1226 20 1741 23 1348 25 1226 19 1335
2662 -2.6811849701643475 4.0813617727242413 3.2309899483859499 128 134 150 1.8331266839666025 29 1133 28 1299 27 1129 21 1592 22 1673 26 1303
2663 -3.6751552453681477 3.6567730676166166 0.64600357315895829 118 119 118 0.47908712546078963 29 1149 28 1308 27 1136 21 1583 22 912 26 1272 23 798 24 942 19 1023
2664 -2.2756545426134416 3.5459066313827887 1.6450854672239725 202 161 133 1.5578244205650988 29 842 28 1313 27 1547 21 2013 22 2127
2666 -2.2136587532817464 3.67553953169935 1.298724132791957 158 122 89 1.3787144204020441 29 1159 28 1331 27 1906 22 2489 26 2158
2667 -3.7249492214076851 3.9332628251508153 0.40140317330262876 114 117 122 0.97781028074643794 28 1338 27 1166 22 1684 26 1317 23 1437 24 1574 17 1089 16 1028 29 1174
2668 -3.4896124588731703 3.8662397933080008 0.45765891673288062 36 38 37 0.54257462389535194 29 1385 28 1339 27 1571 21 1993 22 2121 26 1325 20 2576 25 1652 24 1951
2669 -3.4631519867230822 3.9609988144674446 0.52221665804925832 1 1 12 0.87107746881400949 29 1394 28 1341 27 1573 22 1723 21 993 26 1771 20 2267 25 1325 24 1961
2671 -2.2163267194884946 3.6722289134631665 1.0331663992366433 159 122 89 1.7342751780418257 29 1168 28 1349 26 1411
2672 -4.0144794269949298 0.17378771685677291 0.66508296127134203 110 65 52 1.2812951038600402 29 1477 28 1476 27 1976 21 2123 22 2553 26 2256 20 2638 23 2327 25 2179 19 1636
2674 -3.670692656826462 1.8814280833482517 0.59035587707132475 120 99 88 0.69236715398920257 29 1343 28 1572 27 2057 21 2226 22 2398 26 2327 20 2724 23 2404 25 2088 24 2361 19 1719
2675 -2.9578539097038523 1.8245993110825149 0.28218251709368436 156 101 97 0.83957294813198768 29 1520 28 1583 27 1823 21 2450 22 2067 26 2073 20 2891 23 2186 25 1900 25 2250 19 1852
2676 -2.8550104322751015 4.2318250656035268 3.867315999900403 28 24 30 1.6120195731221507 29 1525 28 1594 27 1851 21 2266 22 2444 26 2121
2677 -3.8407031581393198 3.5230056503388729 0.69455372924264935 30 31 35 0.57505724260788893 29 1531 28 1598 27 1849 21 2258 26 2104 20 2546 23 2214 24 2193 19 1741
2679 -2.1495409968034296 3.5453052324029275 1.8448635968858835 174 140 115 2.083432997507952 29 1533 28 1604 26 2379 22 2796 21 2608
2682 -2.0955264388122408 3.6299273216897334 1.8386980076038719 136 113 96 1.4514271544251061 29 1355 28 1611 27 2090 26 2386
2683 -2.0955264388122408 3.6299273216897334 1.8386980076038719 136 113 96 1.4514271544251061 29 1356 28 1612 27 2091 26 2387
2684 -3.5849329324867552 3.8017099073649669 0.41465891774156421 19 23 26 0.62248832285504407 28 1618 27 1883 21 2278 22 2453 26 2128 20 2566 23 2231 25 1942 24 2206 17 1509 16 1406 29 1546
2685 -3.6132188283070721 3.8781932505589354 0.43836099590636973 104 108 111 0.87512984186177245 29 1384 28 1619 27 1884 21 2284 22 2459 26 2138 20 2782 23 2232 25 1943 24 2400 17 1508
2686 -3.5495228396952458 3.8223794848343005 0.54575459182120756 34 33 39 0.50608106910685369 29 1375 28 1620 27 1885 21 2279 22 2454 26 1749 22 2114 20 2568 23 2233 25 1944 24 2207
2687 -3.5344972410126969 3.8231926927919746 0.49606002500410318 144 145 141 0.90700705072268006 29 1376 28 1621 20 2567 21 1991 22 2115 26 1760 25 1639 24 1949 17 1519
2688 -2.2822492594054271 3.707800302892605 0.96563727701809521 123 81 59 0.57435805429277209 29 1389 28 1639 26 2168
2689 -3.3537965569395909 4.2520351920376607 0.84969722288460325 84 74 83 0.62776089249353595 29 1550 28 1645 23 2267 25 1971
2690 -3.9431857633469924 -0.98379846170723673 0.53855928364919525 34 41 30 0.64272016289049017 29 1565 28 1675 27 1941 21 2520 22 2703 26 2433 20 2804 23 2487 25 2168 19 1769
2691 -1.9739297972686978 -2.1615368571708444 11.036487068006885 149 110 141 0.4011586699136267 35 1703 28 1703 38 1894
2692 -4.5285465360430175 0.99113391895379033 1.295981928106787 57 55 56 1.0569074776467391 29 1594 28 1749 21 2379 22 2565 26 1985
2693 -3.164353121887503 1.4972441403078149 0.23579484061780068 127 72 59 0.82058732569243287 29 1514 28 1786 27 2045 21 2218 22 2617 26 2311 20 2710 23 2397
2694 -3.3167650778115387 1.9223047532312112 0.3407571485432016 75 51 39 0.79686232306606775 29 1611 28 1794 27 2061 21 2447 22 2406 26 2337 20 2730 20 2888 19 1850
2695 -2.765454228952454 1.9115303190576434 0.37122835693834139 104 90 72 0.71107902770656362 29 1348 28 1803 27 2065 26 2345 20 2750 23 2421
2696 -2.624723338787204 1.9312052822486943 0.32992041544855077 84 56 43 0.662085566085021 29 1614 28 1806 27 2067 21 2464 22 2648 26 2346 20 2753 23 2424
2697 -3.7088076079520595 3.5722460149696964 0.73181518868477236 23 26 33 0.68623460869170161 29 1536 28 1817 27 1857 21 2474 26 2114 20 2553 23 2435 25 1921 24 2198 19 1744
2698 -2.391630855471242 3.50409872543141 1.9521070219157963 153 106 77 1.0095533104260053 29 1528 28 1818 21 2485 26 2370
2699 -2.4087431812474107 3.5788527391339828 1.9694778546421929 215 197 191 1.7413650357604966 29 1529 28 1819 21 2486 26 2133
2700 -3.8498104363946588 3.5908291732170761 0.52671566259812341 117 117 120 0.64861674487092813 29 1535 28 1823 27 2081 26 2112 23 2218 25 1919
2701 -3.6458403330683722 3.6692773654803044 0.70989121174724368 135 137 138 0.61743699949499609 29 1616 28 1824 27 2209 21 2476 22 2658 26 2360 25 2125 19 1749
2702 -3.4788828683513602 3.7831600651996342 0.77744091227314627 122 124 120 0.68256481797862212 29 1617 28 1830 27 2089 21 2280 22 2456 26 2131 20 2779 23 2234 25 1946 24 2399
2703 -2.1240995229994106 3.578188715533432 1.4414576681470554 211 175 143 0.70827774462991799 29 1541 28 1834 27 2219
2704 -3.6523454872885259 3.9895577850185808 0.3721088499705294 115 120 119 0.83270553459608088 29 1390 28 1851 27 1895 21 2286 22 2461 26 2139 20 2575 23 2239 16 1242
2705 -3.4595919817005831 3.9282312952536946 0.45288350175535075 137 138 142 0.72531711474125427 29 1625 28 1853 27 2099 21 2490 22 2671 26 2376 23 2456 25 2141 24 2500
2706 -3.5165093001396786 4.0487276029575625 0.79018183801185615 14 20 23 0.53750745142788325 29 1623 28 1855 27 2101
2707 -2.4977924584193167 3.7339976470586729 1.0927698242993151 180 140 114 1.3378696137990196 29 1545 28 1857 27 2105 22 2681 26 2157
2708 -3.4741699101387304 3.916602334964137 0.39504656031364388 45 44 50 0.57228330657061999 29 1547 28 1864 21 2290 23 2455 25 2140 24 2405
2709 -4.7903520589994013 0.90373215291628339 1.3433557868749557 56 52 45 1.1887402569484495 29 1589 28 1916 21 2374 27 1995 22 2737 26 2264 20 2650 23 2345 25 2029 24 2297 19 1790
2710 -4.2643897616506852 1.2010947679073427 0.95339957960488708 24 23 21 1.0584769519547945 29 1674 28 1923 27 2172 21 2557 20 2846 19 1896
2711 -3.1627314969004052 1.5564372929181474 0.24812494151488837 67 49 54 0.69156497722229182 29 1687 28 1942 20 2976 19 1972
2712 -3.7355513342196236 1.8704939923461177 0.56647412625248295 7 8 7 1.0157354957270084 29 1610 28 1948 27 2193 21 2587 26 2499 23 2571 25 2340 24 2484 19 1922
2713 -2.4803937296358431 3.6820870605058738 2.4625933153390953 13 17 29 0.66413352684514515 29 1749 28 1951 27 2205 26 2135
2714 -2.1692459252192879 3.5667487024854911 1.695807245610873 211 169 126 1.8013890350703499 29 1532 28 1956 27 2214 21 2614 22 2798 26 2520
2715 -3.4873481911715345 4.0262013201633415 0.85484324456542282 109 116 111 0.48022338333316894 29 1698 28 1963 27 2293 21 2604 22 2795 26 2517 20 2996 23 2587 25 2262 24 2501
2716 -3.5235443461446203 3.8929879557888136 0.38587233594787224 123 124 129 0.81069402674218916 29 1624 28 1964 21 2607 22 2794 26 2375 20 2908 23 2586 25 2261 24 2564
2717 -2.3606194694792499 3.6938737526100796 1.0626741730611278 189 148 113 1.7718201303966028 29 1620 28 1965 22 2806 26 2529
2718 -3.4327656652516074 4.0540833304300756 0.5990960738210922 112 107 111 0.77807870166742243 29 1703 28 1970 27 2226 21 2612 22 2672 26 2384 23 2461 25 2147
2719 -3.1885927209510112 1.4011157617886565 0.19411743792526248 46 53 49 0.94723634971740156 29 1683 28 2013 27 2278 21 2731 22 2929 26 2662 20 3032 23 2717 25 2429 19 1967
2720 -2.9107371784550944 1.4170878403259384 0.35666081491967916 81 85 88 0.6735791268268313 29 1685 28 2014 21 2672 22 2866 26 2603 20 3036 23 2721
2721 -2.9055730580523251 1.6234215494290312 0.39901960029079048 136 118 111 0.6700703581517764 29 1688 28 2019 27 2282 21 2739 22 2872 26 2675 20 3043 23 2726
2722 -3.4581068676869289 4.0297966222685435 0.52112314132533022 26 29 38 0.48503472740937487 29 1755 28 2037 21 2690 22 2885 26 2621 23 2678 25 2401
2723 -3.6661086261702271 0.30718590149286806 0.53044896575249501 130 128 126 0.77401523354340618 29 1770 28 2053 27 2312 21 2763 22 2961 26 2707 20 3066 23 2756 25 2412 19 2004
2724 -3.185036158827296 0.30442535531002357 0.31320364540206524 80 82 80 0.46796063277004535 29 1578 28 2054 27 2254
2725 -3.8708874162401337 0.39372015267546101 0.64293956716510348 33 21 15 1.04711397002371 29 1771 28 2056 27 2315 21 2764 22 2963 26 2708 20 3067 23 2759 25 2413 19 2006
2726 -4.7139181583932297 0.96487992308834425 1.7309951035228346 21 17 14 1.5866735847057463 29 1776 28 2061 27 2321 21 2657 22 2914 26 2586 20 3018 25 2369 24 2536 19 1950
2727 -3.7876541935398933 1.6595703337770238 0.5710328652888812 124 106 37 1.0413030716360909 29 1741 28 2072 27 2341 21 2772 22 2970 26 2718 20 3081 23 2773 25 2430 24 2693 19 2030
2728 -2.9802357446563441 1.6016671360246033 0.35319505611999963 44 45 50 0.78016019820175864 29 1743 28 2079 27 2344 21 2789 22 2934 26 2673 20 3096 23 2781
2729 -2.9852592359907613 1.6039149996346438 0.35966829990550614 44 45 50 0.79426695327495467 29 1744 28 2080 27 2345 21 2788 22 2935 26 2674 20 3095
2730 -2.775187585419352 1.5951763397527623 0.35403352304460767 29 26 22 0.81629592102496396 29 1745 28 2081 27 2346 21 2791 22 2987 26 2734 20 3097
2731 -3.9488221981954381 1.9527191960553087 0.61857447442443703 100 92 73 1.0251066652777785 29 1785 28 2083 27 2348 21 2738 22 2933 26 2671 20 3037 23 2724 25 2389 24 2610 19 2033
2732 -3.7045062196090606 3.6343042651387005 0.58511917842070704 15 19 22 0.4980674181741977 29 1752 28 2087 27 2353 21 2743 22 2942 26 2616 20 3049 23 2733 25 2345 24 2562 19 1984
2733 -2.4154590842155139 3.670789236105771 1.7204553454374165 199 158 126 1.2615697882114394 29 1693 28 2088 21 2799 22 2994 26 2686
2734 -3.071694465681416 1.4688508663408826 0.2330719362170478 139 71 63 0.88817006798927622 29 1783 28 2121 27 2392 21 2781 22 2977 26 2721 20 3086 23 2814 25 2472
2735 -2.9822199073927749 1.3661674253565166 0.25114259847175924 51 49 60 1.1363795485091464 29 1780 28 2123 27 2389 21 2773 22 2971 26 2719 20 3124 23 2774
2736 -2.2028973042512701 3.5523414656305374 2.0343117673773174 233 228 228 1.4577617862610743 29 1815 28 2130 27 2433
2737 -3.6278704183427046 3.6156827670478986 0.77642836709179186 25 20 17 0.73950795082577192 29 1789 28 2132 27 2400 21 2826 22 3025 26 2739 22 2991
2738 -2.8799475711225613 1.2405541760120244 0.21820074729758748 66 109 188 0.69990847652706201 29 1807 28 2150 27 2425 21 2817 22 3018 26 2768 20 3154 23 2842
2739 -2.8825031637614837 1.2408662184604509 0.22131523680360651 66 109 188 0.72145473325265119 29 1808 28 2151 27 2426 21 2818 22 3019 26 2769 20 3155
2740 -3.0624374737847364 1.6624439401592206 0.28672188758008116 138 90 83 0.62286996754086066 29 1812 28 2154 21 2822 22 3023 26 2771 20 3129 23 2819
2741 -3.4945017190680678 1.8681671828797342 0.44079547154768239 95 75 58 1.4090528641685394 29 1786 28 2157 27 2430 20 3128 19 2064
2742 -2.5215587461295565 3.6509279138860045 0.76737811633516206 160 98 63 1.1230069123363136 29 1821 28 2161 26 2780
2743 -2.830414015476149 1.0423654352719141 0.22541898998593585 57 68 94 1.1736629394109603 29 1847 28 2176 27 2450 21 2858 22 3060 26 2809 20 3185
2744 -2.4600524049250496 3.6502823888819016 2.5593801910365279 9 11 23 1.2236849108850247 29 1840 28 2183 27 2459
2745 -2.5928979034917807 -0.5412241235298022 0.587967910475374 209 212 185 1.1552034084601528 29 1842 28 2188 27 2467
2746 -2.1754064859977316 -3.4769270648901336 10.559076888228406 36 18 30 0.84409381576637632 37 1010 39 926 50 920 36 1011 38 1350 28 1104 41 958 51 1394
2747 -1.9924084727814242 -0.85268590604327854 11.349151310386203 33 9 20 1.0433231430975931 41 1087 39 1870 33 2024 32 2287 50 1687 30 865 51 1505 49 1356 42 792 28 1180 34 1416 38 1495 40 864 36 1183 42 691
2748 -5.1820250712614042 -3.3000167861731859 7.6020199509889492 216 220 223 0.46385210703892404 29 1440 28 1411 27 1947
2749 -5.0713073952910319 -3.0954175696042561 7.6316638918299544 208 213 217 0.60717269940536012 29 1242 28 1413 27 1662
2750 -4.9898276036131675 2.7286414292686603 8.755063678155274 228 230 227 0.81266411894803614 29 1118 28 1564 27 1049
2752 -4.6913532417159951 -0.34748873433838728 10.044666933974918 213 199 188 1.0545443599782081 29 1724 28 2057 27 2317
2753 -2.3255228836391266 -0.31531817216898683 11.235036018797283 25 2 10 1.2229672578550703 41 891 34 1652 39 1879 35 1579 37 2074 33 2035 32 2294 40 1497 50 1640 30 628 51 1345 49 1312 52 1008 29 1306 42 695 28 1182 35 476 38 1512 39 533 37 1227 36 550 40 1199 51 851
2754 -5.0202794702516034 -1.2484056823750105 0.50144535545980351 139 128 121 0.27817799974441676 28 1075 27 127 21 1185 22 1221 23 1581 25 872
2755 -4.0968886385271039 -1.1585213156445799 0.43265887479563309 166 166 156 0.62914625870542473 28 34 27 137 21 188 22 1228 23 111 25 89 19 90
2756 -4.7201533839219163 -0.10978955158124871 0.78604151942566591 108 70 39 0.71493707662107209 28 127 27 187 21 282 23 181
2757 -4.5963157331971445 0.09128002907633867 0.74681189661734815 124 58 61 1.4381241058962861 28 154 27 203 26 172 25 933 24 244
2758 -4.7403628019339825 0.26145203865723493 0.40167339350102316 93 42 49 0.76660706821125324 28 739 27 216 26 192 23 1089 25 952 22 300 19 155 18 184
2759 -4.4408125209858991 0.13159605412928355 0.65728782266685382 119 61 65 1.032406460568069 28 156 27 218 21 338 22 286 26 961 23 1093 24 1219
2760 -4.567749492238935 0.23458130453279435 0.800618583930512 23 12 20 0.78337813852681215 28 185 27 242 22 307 26 971 25 1429
2761 -7.4276959270978082 -1.187812959209233 14.896427304039115 231 245 254 1.0063835129624461 28 767 29 183 27 254
2762 -5.6215329181303701 0.53622390661784614 0.70322735823624061 86 75 57 0.89869466963935107 28 224 27 255 20 455 16 197
2763 -4.7364003971245108 0.45757543872287088 0.53407558690947898 77 60 44 0.63025917702742462 28 228 27 256 21 393 22 353 25 973 19 184
2764 -4.6050420538208288 0.44509520306166428 0.5702949036089503 66 41 19 0.72666263289617683 28 772 27 259 21 402 22 1369 26 990 20 1446 23 275 25 1442 24 1244 19 752
2765 -4.968551660736769 1.1787345634921356 1.4499633128748344 33 21 24 1.120659332609661 28 817 27 304 20 1516 26 284 21 499 25 272 24 449
2766 -4.4561534451615765 1.1438042656087284 1.0899183317752459 41 36 37 0.16694751754832829 28 287 27 305 22 437
2767 -5.4832319598935166 1.371056150758426 0.67411924597647155 104 56 36 0.75686935674468503 28 299 27 309 22 422 26 278 20 1511 23 362 25 1010 24 442 19 230 18 279 16 277
2768 -5.38180766100876 1.36462059019765 0.6504691842107575 83 38 14 0.73107934032428135 28 828 27 311 22 424 26 279 20 557 23 365 25 261 19 231
2769 -4.9364313254790781 1.368813779940925 1.2031381644271457 19 9 3 0.73412025955146687 28 843 27 314 21 1361 22 1417 26 302 20 1528 23 1179 25 1483 24 1776 19 1204
2770 -4.8830888823902177 1.3461973213207201 1.2639961766591694 90 83 70 0.51873311933929278 28 833 27 315 26 303 19 259
2771 -4.4374869057321176 1.3842125231457516 0.93760670934161527 129 124 85 0.8172382520360213 28 322 27 346 21 1382 26 338 20 634 23 444 25 1055 24 513
2772 -4.336855475024465 1.3517454894043544 0.860690449159347 87 84 38 1.0905800111968733 28 321 27 347 21 565 26 337 23 445 19 314 29 266
2773 -4.7285765761821992 1.5216880908608985 0.90070779131196244 58 38 13 0.72269020749503587 28 857 27 363 20 631 21 560 22 549 26 332 23 1208 25 1088 24 509 19 840
2774 -4.6492033894457307 1.4892442131277477 0.99749064604169946 36 19 8 0.83033879841748048 28 859 27 366 20 633 23 442 25 375 19 843
2775 -4.176466421390888 1.4975113788191159 0.85333862696577223 72 68 67 0.77468672344423717 28 342 27 368 21 597 22 1459 26 373 20 694 23 1240 25 1118 24 619 19 871
2776 -4.1184165463496711 1.5928731125336371 0.61791491306416124 55 50 41 0.95573781873261709 28 877 27 398 21 631 26 401 20 1594 23 2143 26 2039 25 432 24 1422 19 1517
2777 -2.9460196151162821 1.3231502056172542 0.31358455771178761 75 83 88 0.24089702057843262 29 300 27 404 21 675
2778 -2.9003661183506475 1.3246801993330477 0.36658652994154795 100 106 110 0.47246859665163249 28 364 27 407 21 676 22 630 26 410 23 590
2779 -3.8817273507052024 1.6205490307510073 0.59525316565384379 120 112 71 0.77350358888878668 28 373 27 419 21 670 22 1509 26 1144 20 1623 23 1792 25 1553 24 694 19 911
2780 -4.3082504895201579 1.8812096974987664 0.52020385270083613 83 39 23 0.54877268520715461 28 392 27 434 21 704 24 738
2781 -3.3671345903544743 1.8389469879359595 0.38634898008597374 89 65 50 0.51249632041876536 28 907 27 453 21 765 22 731 20 934 19 464
2782 -4.7275637214730439 2.3098963799140972 0.69713022550949744 87 60 45 0.7268748269973706 28 411 27 462 26 504 20 906 25 1193 19 455
2783 -3.013469550065313 1.7730622191567111 0.24191148949640515 167 110 101 0.76480945789590271 28 908 27 464 20 1726 25 1212 19 473
2784 -2.9999638071914037 1.8035312239011296 0.26931365194095414 133 115 101 0.63871815107193164 28 413 27 466 19 475
2785 -3.8751067204942231 3.5871169418933078 0.51516936453673978 145 141 142 0.60902840560019589 29 397 27 503 21 1564 20 1024 23 753 25 628 24 900 19 527 17 613 16 538
2786 -3.9889283672515181 3.6436776571964269 0.35345423994180503 72 68 76 0.92995661110815619 28 473 27 518 22 876 26 568 20 1038 25 622 18 1044 17 603 16 529
2787 -3.7367372671002994 3.5901092081501433 0.33367029614185995 76 79 89 0.90729554111682253 28 504 27 525 21 1579
2788 -3.6205796410806981 3.6575519062972361 0.73683454283375205 55 57 54 1.0579754858369212 28 488 29 861 27 535 21 907 22 913 26 598 23 800 25 663 19 570
2789 -3.5371536386817231 3.7481547541193407 0.44421140268749054 117 115 114 0.61563768103985783 28 543 27 574 16 624
2790 -3.5851713672603851 3.8068662024799655 0.37388545788331323 94 93 99 0.5680827893219339 28 541 27 594 21 972 22 982 20 1122 23 837 25 702 24 986 17 693
2791 -3.3943991747561872 4.0413513635266805 0.78411277183287931 26 27 31 0.96065558758322711 29 898 27 636 26 1351
2792 -3.4609122582524288 3.9459498271611961 0.34388667050475624 54 53 58 0.43182146345662858 28 587 27 660 21 1017 22 1030 26 686 23 880 25 746
2793 -3.9765811785668892 -1.3111495129959907 0.41049753822329493 72 87 74 1.6748102682670318 28 627 27 775 26 1470 20 175 19 649 23 68
2794 -5.1032458716963491 -1.3129145517613279 0.62711093531992046 145 136 129 0.66974391126449062 28 648 27 794 21 175 22 134 26 72 20 215 25 874 19 95
2795 -4.7126273233455196 -0.18156823535678607 0.6434176990714936 148 132 87 0.82600645194127087 28 705 27 835 21 1236 22 1280 26 921 20 1353 23 1049 25 905 24 1185 19 1129
2796 -4.5101999212816528 -0.031908936330130887 0.73086693970719363 53 24 18 0.42616073877891081 28 132 27 850 21 1761 22 2270 26 1529 20 1999
2798 -5.1853882161098195 0.15530499613691412 0.75572343105568218 63 42 34 0.84240775162545822 28 737 27 873 21 328 22 1313 26 955 20 1400 23 1087 25 925 24 1212 18 772
2799 -4.8739863461320647 0.29111106429030431 0.40683400061613195 162 150 142 0.67041680273410786 28 736 27 875 22 301 25 179 23 220
2800 -4.5700337630050756 0.16875611750519337 0.6287887758399735 149 136 133 0.82649497913731351 28 1156 27 879 21 1262 22 1330 26 959 20 1401 23 1091 25 929 24 1216 19 724
2801 -6.032586414703129 0.35493371164542598 0.55501369245486476 45 34 19 0.94374436946359352 28 752 27 886 22 296 26 187 20 421 23 242 19 733 18 773 17 845 16 173 15 654
2802 -4.8684242028675557 0.37586613783399836 0.50474769412966602 86 53 20 0.7213095895256717 28 755 27 893 21 1293 26 984 25 970 18 782
2803 -4.625106469045047 0.46117339503979893 0.55103559743921249 96 80 58 0.81529066484084001 28 771 27 902 21 1297 22 1368 26 1000 20 1445 25 1441 24 1736 19 1167
2804 -3.576345901806512 0.34436889130331771 0.84090081090152846 78 71 65 0.80212694592341049 28 230 27 908 20 2051 21 1312 23 1662
2805 -5.8127934346724999 1.0304844444396108 0.84001470320110161 105 95 86 0.81558882608166039 28 794 27 923 18 1135 17 1167
2806 -5.8224423842375987 1.0308466558771621 0.84831608707960549 105 95 86 0.61621669203168106 28 795 27 924 21 447 22 384 26 246 23 301 25 220 18 1136 17 1166 16 1106
2807 -5.0763033741089147 0.97494572394473844 1.4321088490920095 32 22 13 0.92888640540745049 28 806 27 934 20 1481 19 1182
2808 -5.1006463371034316 1.0095020991480304 1.3725928586556859 62 53 43 0.75015529220284438 28 805 27 935 26 1020 23 1676 24 1756 19 779
2809 -5.6475217009935763 1.2767497864377346 0.66500183611645158 42 36 27 0.76236834349100324 28 1195 27 939 21 1806 26 1014 20 1487 25 1456 24 397 19 1179 18 1146 17 891 16 799
2810 -4.1800548841238152 1.2297014017737309 1.0260633413690843 46 41 38 1.1971203199106704 28 836 27 960 19 288
2811 -5.4528616454684977 1.4837808736388631 0.68806643803733836 99 44 27 0.67114668976772596 28 313 27 971 21 1358 26 1595 23 1153 25 1482 19 1473 16 1309
2812 -5.4398099865766358 1.5213680398877865 0.70485023920706247 79 30 16 0.63391212332135594 28 1215 27 972 21 1359 22 1413 26 1044 20 1524 23 1176 25 1027 24 1307 19 1202 18 1163 17 1197
2813 -4.5673988375701677 1.3859071998409629 1.0033237637025822 148 131 108 0.72403550064617395 28 845 27 974 21 1379 22 504 26 334 20 1529 23 1182 25 1054 24 1338 19 1217
2814 -4.5898413166644749 1.4236296587524289 1.0590239847490246 67 55 38 0.58018000195057073 28 323 27 976 21 1835 22 1951 26 1063 20 1553 23 1726 25 1495 19 844
2815 -5.4241575776165529 1.7163889969524277 0.76049754193283381 122 87 41 0.56464644230978744 28 1245 27 991 21 1396 22 1457 26 1081 20 1545 23 1204 25 1084 19 837 18 892 17 1224 16 1157
2816 -4.9790170914467042 1.6032898315502717 0.85820153757157513 100 88 64 0.50537366769982839 28 856 27 993 21 551 22 547 26 325 20 625 23 1206 25 1086 24 1370 19 838 18 896
2817 -4.8881970661474599 1.7041624241592375 0.88774266800735702 52 40 35 0.6452422641935246 28 873 27 1009 21 593 26 1625 20 1579 25 1532 19 355
2818 -4.2645214218886167 1.5646187357658783 0.52413318249814611 51 47 43 0.68799263439947289 28 875 27 1011 21 1399 20 2102 23 1755 25 1535 24 1420
2819 -4.2693301310749918 1.5652110392866085 0.52862423882641241 51 47 43 0.73713053663508643 28 874 27 1012 21 1398 20 2103 24 1419
2820 -4.1302196479019644 1.5604593466246575 0.50928786638108825 85 80 76 0.72677942618019564 28 876 27 1015 20 2129 25 1116 24 1829 19 1280
2821 -3.3241419122572489 1.3828015920605672 0.21290952128697629 68 71 76 1.384374486373573 28 363 27 1017 21 638 26 1647 25 1144 19 913
2822 -3.042491369688225 1.3279881694769649 0.24813441574044334 99 101 116 1.3101292638557507 28 880 27 1020 20 2154 23 1775 25 1555 29 795 19 1289
2823 -2.8919942979088233 1.3124853530044547 0.4140270713904764 81 80 85 0.5362653256791402 28 881 27 1021 21 1902 22 2017 26 1113 23 1796
2824 -3.1376404948777443 1.4222717754187102 0.19150189481073843 132 83 79 0.99726078806348772 28 1561 27 1032 21 1898 21 2207 22 2016 26 1669 26 2052 20 1628 23 2391 25 2077
2825 -3.869833215061445 1.8480382907650623 0.63744294431502424 123 118 102 0.74214226463779787 28 398 27 1062 21 1478 26 1177 23 1821 24 1873 19 1317
2827 -3.0617295383920604 1.6286912999133032 0.29454520748991503 179 114 108 0.59255838965833818 29 1123 27 1065 21 1481 22 1566 26 1691 20 1716 23 1330 25 1195 19 1323
2828 -2.8930477069935114 1.5562900285397929 0.42351129615261979 81 59 61 1.0008401609929316 28 897 27 1068 21 741 23 1331
2829 -4.8071077918744063 2.2124411933080061 0.57298739624270068 104 89 80 0.75435476636353871 28 1275 27 1077 22 694 21 731 20 873 23 1327 25 535 24 1477 19 936 18 1270 16 952
2830 -2.9130518399622298 1.7387170322496626 0.40842234891509988 127 116 114 0.91789480048569028 28 909 27 1080 26 1211
2831 -3.0424854194621545 1.8765105345957449 0.26817120313388076 155 111 104 0.56191887355136505 29 820 27 1090 21 1524 22 1602 26 1220 20 1735 23 1347 25 1223 19 1334
2832 -2.9849264197834526 1.8020070304895248 0.29007835206821692 122 80 75 0.66917372090974603 28 414 27 1091 21 1516 26 1223 20 2202 23 1341 25 1214 19 1330
2834 -2.9195486407061848 4.3351667229087187 4.39908456114218 253 240 241 1.1150188127533416 28 1295 29 361 27 1117 26 1275
2835 -4.0177022882864062 3.6126760329573746 0.38792605158965693 152 147 143 0.73945335846835647 28 943 27 1119 21 1557 22 875 26 567 23 1389 24 879 19 517 17 601 18 1035 15 494
2836 -3.8259410322124632 3.6121351847218777 0.34507811825440371 150 148 154 0.13738191032060584 28 501 27 1132 20 1804
2837 -3.9933839320116675 3.7885356909004018 0.33549816082192635 89 76 73 0.66411977770196451 28 973 27 1140 22 2103 26 1740 20 2230
2838 -3.6730351844852991 3.673211045329932 0.57678558741216857 145 141 134 0.59629501675852803 28 957 27 1142 21 906 22 910 26 1284 20 1824 23 1888 25 1275 24 1922 19 1366 17 1322
2839 -3.5995276506675284 3.7082186899177043 0.7803730633657221 50 45 42 0.4809066230796234 28 959 27 1144 21 1584 29 1150 26 620 23 1419 24 1566 19 1372
2840 -3.7056231732784291 3.7726112229924893 0.37730535823495137 60 58 61 0.61283195721061767 28 976 29 877 27 1154 26 1295 20 1835 23 818 21 943 22 951 24 1564 16 594
2841 -3.5154256310962007 3.7877103546232478 0.59036895128348132 172 165 166 0.65721731512637771 28 1317 27 1156 22 984 20 1125 23 841 24 1580
2842 -2.1211657873309933 3.5911916596582039 1.8220966748405367 231 194 160 1.560989930326631 29 392 27 1159 22 1729 26 1384
2843 -2.1881478502227076 3.6084520505172368 1.5839590997869721 137 100 73 1.1683462232100346 29 407 27 1174 21 2025 22 1741 26 1378
2844 -2.1891943740112283 3.6151288915011648 1.5890062507716158 137 100 73 1.5423121526057528 28 981 29 406 27 1175 21 2024 22 1742 26 1379
2845 -3.7811498413918816 4.0578089169037614 0.29156040032440994 122 121 119 1.6943709418744091 28 1023 27 1187 21 1626 22 1704 21 988 26 1342 28 1356 23 1449 25 719 24 1587 17 1100
2846 -2.4234431641810326 3.6760769493021814 1.0588178475896468 144 110 93 0.54858957147529663 28 557 29 1157 27 1193
2847 -3.4185455509719316 3.9500105698474584 0.37529250755759314 41 43 55 0.63628594889120393 28 1361 27 1200 21 1644 23 1472
2848 -3.9538852758531036 -1.4829707233138485 0.71077785731290344 97 115 108 0.53403881952005217 28 1067 27 1274 21 1714 22 1817 26 1468 20 1958 23 1556
2849 -5.0948376552140378 -1.3534218284843194 0.5769278540298397 148 137 131 0.51765464208515133 28 1394 27 1281 21 1729 22 2230 26 1476 20 2330 23 1987 24 2007 19 1119
2850 -3.7665022321044388 -1.1551278048925211 0.69061997091324157 98 82 65 0.58564686037511193 28 1080 27 1284 21 1735 22 1829 26 890 20 1971 23 1579
2851 -3.846650748228424 -1.1203337995972331 0.68813943804171129 43 25 15 0.61067057188940521 28 1079 27 1289 21 2088 22 2238 26 1483 20 2337 22 1834 23 1997
2852 -2.729138625063753 -0.61424234353630491 -0.15454443105006779 155 139 123 0.49100650943153379 28 1088 27 1293 22 2242 26 1915 20 2611
2853 -4.1209503869503026 -0.57312422199895352 1.4020759740198467 61 57 51 0.77874262477104494 28 1114 27 1303 21 1746 26 1505
2855 -4.6730607251564713 -0.056359317872590887 0.71950535622125578 138 98 46 0.86668697509716264 28 1455 27 1308 21 1240 22 1297 26 944 20 1997 23 1059 25 1420 19 1135
2856 -4.1939976374280787 -0.12952116046550288 0.94733733700494804 43 33 32 0.83947649642496192 28 1138 27 1313 21 2109 22 2271 26 1535 23 2022 25 1418 19 1431
2857 -4.7780548142070884 0.20057285856217483 0.63220994178217771 91 74 73 0.79804328566728411 28 1473 27 1322 21 1768 26 969 20 2371 23 1630 25 1768 19 1441
2858 -4.0524197245435314 0.0061503283635894485 1.2968834578401309 82 78 75 0.74934961313396453 28 1149 27 1328 21 1771 22 1877 26 1538 20 2367 23 2033 25 1770
2859 -4.0550968369587013 0.0085081921312441158 1.3049696359312877 82 78 75 0.86733336743614542 28 1150 27 1329 23 2034
2860 -5.3523959094154172 0.35940857674157528 0.56921649787234285 91 90 77 1.3232836871894877 28 1165 27 1338 21 1272 22 1325 26 966 24 1723
2861 -5.0226923527351381 0.37069349867744661 0.5333839738134637 108 82 52 1.0480360359998404 28 1166 27 1342 21 1275 22 1894 26 1556 20 1421 23 1642 19 1157 18 1119 17 856
2862 -4.7392314973457559 0.32721434701833918 0.52512379672547427 67 23 22 0.88252459560151586 28 1167 27 1345 21 1277 22 1895 26 1544 20 1423 20 2030 23 1643 25 1776 24 1233 19 1160
2863 -4.3373348958960971 0.2705284847552839 0.91610984177020049 165 117 103 0.46170138768934699 28 1483 27 1350 20 2376
2864 -4.2723024728319636 0.40476034656864152 0.88439849097767254 160 112 97 1.0781825232386342 28 1174 27 1358 21 2139 22 2301 26 1970 20 2390 23 2047 25 2027 27 1707 24 2289 19 1451
2866 -5.5429778270507981 1.419930368475558 0.6727844489119339 74 16 18 0.60259147127468249 28 827 27 1396 21 1815 22 1937 26 1028 20 1510 23 1695 25 1468 24 1762 19 1192
2867 -5.4563104029745704 1.3989996913094425 0.6727814744451025 157 111 83 0.57777053695324898 28 1206 27 1397 21 1340 22 1938 26 1029 20 1512 23 1152 25 1469 24 1763 19 1193 18 1155 17 1180 16 817
2868 -5.0489921962775881 1.5267351960920508 0.89287054407329414 114 103 73 0.53912464050144404 28 855 27 1413 21 1374 22 1432 26 1061 23 1713 25 1048 24 1329 20 620 19 1214 18 1185 17 953
2869 -4.7443735472017172 1.4160227883179843 1.0586593089991092 93 71 50 0.81045014480204003 28 1220 27 1416 22 1434 26 1607 23 1180 21 562 25 1494 24 1335
2870 -4.4807609468772798 1.3459407034995647 0.9905796538458187 145 138 116 0.93707819034014894 28 1221 27 1417 26 1049 20 2082 23 1181 24 1787 19 1486
2871 -4.3935134843367019 1.4277444580165015 0.8983994559152223 126 122 91 0.95800393685965124 28 1232 29 778 27 1418 21 1836 22 1952 26 1609 20 2095 23 2113 25 1837 24 2100 19 845
2872 -4.2468210372832544 1.5976587980831882 0.51125394097190424 105 96 91 1.0785598351334145 28 1249 27 1440 21 1869 23 1773 25 1536 24 2118
2873 -3.0101078226393838 1.3208025959741909 0.32288011583396981 109 121 127 1.5784380230609394 28 1251 29 1109 27 1445 22 1992 23 1279
2874 -2.8986427302272442 1.288680455962143 0.34275999559041148 136 137 141 0.49501778681903907 29 1098 27 1446 21 1870 22 1493 26 1649 20 2155 23 1776
2875 -2.8533315000726565 1.2641530389572244 0.33782506055246841 43 48 60 0.24755676010718888 28 1252 27 1447 26 2043
2876 -4.2146358666502062 1.6650555297896594 0.55742735727183723 110 103 97 0.71797385752618603 28 1256 27 1459 21 2196 22 2011 26 1645 20 2130 25 1550
2877 -5.2321590498463335 2.1642715616081398 0.72270137459824224 58 36 21 1.6966955513415087 28 1267 27 1474 20 831 25 1164 23 1298 24 1465 19 908 22 658 17 1271 16 944
2878 -2.982662436561744 1.7724224654645444 0.30681552379249299 157 87 90 1.0891910250826706 28 1576 27 1499 22 2066 25 1899
2879 -2.8875768318541573 1.8189372484872308 0.44827590976376863 101 101 103 1.0971193953670018 28 1283 27 1500 22 2069 26 1712 23 2187
2880 -3.9105119147543506 3.5443609517440069 0.67072566203457529 105 99 100 0.596099532825353 29 1137 27 1524 21 1971 22 2094 26 1734 20 2545 23 1868 25 1615 24 2192 19 1579
2881 -3.8294438478461275 3.5531801214746572 0.75512845128963568 93 104 98 0.46369297121696268 28 1302 29 1353 27 1525 21 1973 22 2097 26 1739 20 2220 23 1872 25 1617 24 1912 19 1349
2882 -3.8102519608438472 3.511368261056302 0.75813387655547038 27 24 16 0.70608291079450425 28 1297 29 1138 27 1526 21 1552 26 1736 20 2219 23 1871 25 1618 19 1350 19 1584
2883 -3.7259173517058848 3.5387933281860486 0.75586707347785642 108 98 97 0.40555582574983118 29 841 27 1533 21 1976 28 937 22 1639 26 1265 20 2222 23 1393 25 1259 24 1917 19 1359
2884 -3.8579071815309405 3.778154185589421 0.21051810739850862 34 38 41 0.55106632134597777 28 1321 27 1543 24 2200
2885 -3.6193028467334236 3.7861560930888278 0.41364953586837439 140 138 141 0.6133391375382703 28 994 27 1545 21 1607 22 1686 20 2244 23 1438 25 1285 24 1578 17 1333 16 1032
2886 -2.1595139443723017 3.5786750765839623 1.8002820481295694 229 185 148 1.6771953946226996 28 494 29 1140 27 1548 22 2470
2887 -2.1238408302696614 3.617388627887931 1.8028408866134675 225 184 149 1.0540176545598297 29 1141 27 1549 26 2150
2889 -3.4836552135681416 3.9467568861865976 0.64102578462325632 21 18 24 0.63424382074230523 28 1342 27 1559 21 1995 22 2124 26 1762 20 2579 23 1458 25 1655
2890 -3.4962742784864798 3.928170650289573 0.43176251417374523 39 34 41 1.3888065366691589 29 1392 27 1572 21 2010
2891 -3.4899106299677252 3.938153860783757 0.35287023392352646 145 144 149 0.53030659792412305 28 1359 29 1391 27 1582 21 2009 22 2141 26 1770 23 2246 25 1955
2892 -3.4093634616067674 4.1734910738632554 0.86998911205478124 74 71 80 0.52811235573587789 28 1637 29 1184 27 1585 21 2020 22 1738 26 1787 23 905
2893 -3.4162409388678712 4.1793784673738728 0.87869098352899055 74 71 80 0.5112584039402801 29 1183 27 1586 26 1786 23 904
2894 -2.5102236086377374 3.7427759704030135 1.0327117641037646 64 14 17 1.3854063708711968 28 1347 27 1587 22 2163 29 1544 26 2392
2895 -4.4893219110242377 -1.6171659906329217 0.61075617832589024 72 65 57 0.56108759693111088 28 1657 27 1634 21 2321 22 2516 26 2217 20 2602 23 2288 25 1986 19 1613
2896 -4.3047293134285658 -1.5282430564895177 0.51667290936516796 149 142 136 0.34069387928188366 28 1378 27 1635 21 2071 22 2212
2897 -4.9601613912194651 -1.5135869644087319 0.50078704950184405 141 135 123 1.470829228863898 28 1658 27 1637 21 2322 22 1812 26 1883 20 2603 23 1561 21 1717 25 836 25 1987 19 76
2898 -4.28906338752026 -1.392634128053085 0.46430203925254376 41 36 32 0.55251147052241334 28 1382 27 1639 21 2075 22 2219 26 1886 20 2317 23 2290 19 1400
2899 -4.0013566461036474 -1.470255702002522 0.69362796299526519 5 23 25 0.38821289781087415 28 1384 27 1640 21 2076 22 1816 20 2312
2900 -4.6985002355813972 -1.3252516736809437 0.55434552368541379 110 103 93 0.54549026538682222 28 1395 27 1643 21 2079 22 2232 26 1891 20 2334 23 1989 25 1724 24 2003 19 1407
2901 -4.3570374564950747 -1.2317583342915583 0.57037067362174798 199 196 189 0.52087952300611662 28 1396 27 1646 22 2235 26 2224 20 2335 23 2296 25 1993 19 1411
2902 -4.0686246631454033 -1.0744023763500203 0.4526009554673921 93 86 76 0.38610882783077999 28 1669 27 1647 21 2087 22 1831 26 1902 20 2336 23 1995 25 1996 19 1618
2903 -5.0914173342071418 -1.2300368704829425 0.59307531501954192 150 138 129 0.91973154694606041 28 1398 27 1649 21 1736 22 1242 26 1485 20 1305 23 2298 19 1413
2904 -4.6455539761341518 -1.0558850595206635 0.50613946422874689 96 89 79 0.44542351739169561 28 1082 27 1651 21 2091 22 2250 26 1909 20 2347 23 2003 25 1738 24 2009 19 1414
2905 -4.6455539761341518 -1.0558850595206635 0.50613946422874689 96 89 79 0.44542351739169561 28 1081 27 1652 21 2092 22 2251 26 1910 20 2348 23 2004 25 1739 24 2008 19 1415
2906 -4.9534276437163642 -1.062231109436359 0.57251975698710422 103 95 82 0.54192841674115311 28 1403 27 1654 21 2096 22 2245 20 2344 23 2001 25 1736 24 2012 19 1420
2907 -4.9534276437163642 -1.062231109436359 0.57251975698710422 103 95 82 0.54192841674115311 28 1404 27 1655 21 2095 22 2246 20 2343 23 2002 25 1737 24 2013 19 1419
2908 -4.665056507020112 -1.0310034153872889 0.56422532454282726 174 168 156 0.67081122350682554 28 1673 27 1656 21 2329 22 2521 26 2225 20 2612 23 2485 25 2166 24 2417 19 1620 19 1770
2910 -4.0230852843069922 -0.92607731609298949 0.46074690709838878 73 61 49 0.57881857224621203 28 1087 27 1659 21 1742 22 1840 22 2252 26 1496 20 1978 23 2006 25 1741 19 1417
2911 -4.8696827185264198 -3.2541590671715221 8.2003317451394633 248 246 251 0.46715782463554184 29 1243 27 1663
2912 -4.1946555023982741 -0.6082989981618141 1.4185339652107662 24 18 16 0.6554444690904877 28 1693 27 1667 21 2333 22 2255 26 2230 20 2617 23 2304
2913 -4.9250975817285791 -0.22035484882388484 0.64426532480765519 67 39 25 0.79142074895337056 28 1443 27 1669 19 1128
2914 -4.0573650777291617 -0.42968198538010194 1.3877537281325472 90 83 77 0.70735010896704387 28 1439 27 1670 22 2259 26 2236 20 2619 23 2309
2915 -4.6262178173707733 -0.052514975904155936 0.78539313077311323 119 90 72 0.84965699856473831 28 1457 27 1672 21 2107 22 2268 26 1946 20 2361 23 2019 25 1760 24 2020 19 1429
2916 -4.2801766126621983 -0.1448103742695166 0.97840225696830452 73 66 64 1.3735508970783308 28 1458 27 1674 26 2240 25 2169
2917 -5.2239080559107904 0.25600592881206452 0.49003173178098414 146 127 112 1.0226099538751217 28 1155 27 1682 21 1273 22 1884 26 1954 20 2020 23 2031 25 946 24 1211 24 2030 19 1148 19 1440 18 178 17 192 16 168
2918 -4.1835758458601697 0.22124625690171207 0.57550449307328277 53 43 47 1.401204050159822 28 1475 27 1685 21 1281 26 1958 20 1406 23 2032 25 1777 24 2277 19 1781
2919 -2.7895099389121358 0.27266284966766324 0.067914548954489645 64 45 31 0.66104099040845876 28 1478 27 1695 21 2367 22 2554 26 2259 20 2643
2920 -4.7625552078897337 0.41166156062431214 0.50914376722065735 126 99 75 1.1640074720407316 28 1727 27 1702 26 2260 23 2043 21 1786 24 2039 19 1645 18 1494
2921 -4.5399681174988462 0.48008818998469466 0.60113406960060012 55 31 19 0.81784281151595839 28 1495 27 1703 21 2137 22 2297 26 1969 20 2386 23 2045 25 1788 24 2042 19 1450
2922 -4.4698219359579943 0.39076496816130984 0.59411740434724236 85 42 38 0.75055952921727231 28 1482 27 1704 21 2128 22 2291 26 1964 20 2385 23 2046 25 1783 24 2043 19 1448
2923 -3.5853629386303774 0.37201215612930871 0.4973041466770064 85 76 71 1.121981046697182 28 1736 29 1292 27 1708 21 2369 26 2261 20 2646 23 2517 25 2309 19 1787
2924 -4.9607259616650747 1.3717764005854598 0.91658121353461108 44 35 30 0.59374838503376259 28 1527 27 1744 21 2163 26 1999 20 2420 23 2089 25 2036 24 2309 19 1474 18 1512
2926 -4.3041449867314592 1.2358210276891366 1.0728364626742557 28 25 20 0.83267976862190218 28 1210 27 1749 21 1825 26 1050 23 1714 23 2095 24 1777
2927 -4.7490515955206227 1.3758751401537372 1.0068688019134608 157 142 121 0.70575197275797175 28 1528 27 1757 21 2164 22 2332 26 2001 20 2422 23 2092 25 2043 24 2310 19 1671
2928 -4.8119798671291845 1.5105232453981887 1.1072860331404057 145 128 114 0.37401306139065099 28 1538 27 1759 20 2432 23 2112 26 2007 19 1682
2929 -5.5844551388431931 1.7427637974404648 0.72369392271382149 115 81 71 0.76424849773145975 28 1545 27 1767 21 2166 22 2346 20 2428 25 2041 24 2315
2930 -5.4419490353859796 1.6842475057543238 0.72345408597897554 118 87 68 0.94547608142330053 28 1769 27 1768 26 2004 20 2673 23 2107 25 2042 24 2086 17 1576
2931 -4.3478813098704867 1.4271244114470372 0.92122495216826206 74 77 23 1.0526600240496917 28 1233 27 1769 21 1837 21 2168 22 2340 26 2008 20 2436 23 2114 25 2053 24 2324 19 1494
2932 -5.4519289962903095 1.9140320038144476 0.92837507379042039 113 92 44 1.1684290968029851 28 1782 27 1775 21 2192 22 2594 20 2691 23 2124 25 1848 25 2059 18 1535 17 1689 16 1563
2933 -4.9054853585561453 1.7779429805228872 0.69965299847009366 18 14 14 0.74561069611518982 28 1558 27 1776 21 2194 22 2360 26 2035 20 2462 23 2125 25 2061 24 2333 19 1257
2934 -4.2357594779129197 1.5362577740725847 0.44060408122762879 61 53 45 0.86398719147487546 28 1247 27 1777 19 870
2935 -3.9293633118857145 1.5285379169324187 0.72749820500428652 40 44 42 0.42716334385484911 28 1776 27 1780 21 2414 22 2598
2937 -3.4134754623176256 1.4126271378897055 0.39693298880522654 61 63 71 0.81706265140030399 28 1546 27 1782 26 2041
2938 -4.1499941152590898 1.6886023292752372 0.55055491494418707 96 89 83 0.84711362409135926 28 1560 27 1791 21 1895 22 2374 26 1665 23 1774 25 1869 24 2126
2939 -3.0039795527644797 1.4549323962837766 0.21046933250585967 149 83 86 0.52537722372640316 28 1562 27 1800 21 2219 22 2387 23 2160
2940 -5.0360172597228772 2.1486009497872862 0.69770793610914783 60 41 27 1.2078216154794221 28 1787 27 1808 21 2213 26 1680 22 1535 25 1874 24 2138 19 1302 18 998 27 1056 16 948
2941 -2.9006249035074831 1.7119836530027963 0.46616316901073551 110 99 94 0.62753035575846938 28 1280 27 1817 21 1944 22 1583 26 2066 20 2196 23 1837
2942 -4.714943712815689 2.3002198283127817 0.45043169180294157 127 117 107 0.48237074140984754 28 1579 27 1820 21 1939 23 2175 25 1579 24 1886 19 1545 18 1447 17 1478 16 1366
2943 -3.0073432981331325 1.8050640930800259 0.23210590594182667 98 89 78 0.62905411598284644 29 1519 27 1821 26 2338 28 1797 20 2731 23 2411 19 1851
2944 -3.0048577932389602 1.7869793760499009 0.28406170849184875 164 112 99 0.63942514944436168 29 1346 27 1822 20 2201 23 2181 25 1898 26 1222
2945 -4.7302358394325621 2.3778733737976903 -0.013843479081465649 28 26 25 1.0952822218849205 28 1805 27 1827 21 2235 26 1707 23 2171 16 1364
2946 -2.907279473934909 1.8768970711778103 0.40977692101476576 68 73 76 0.61501520719881586 28 1584 27 1831 21 2243 22 2416 26 2082 20 2526
2947 -3.7416984180641055 3.5027518608769586 0.74770591527133379 46 28 25 0.60711948038232255 28 1600 27 1850 23 2216 26 1264 25 1920
2948 -2.8378335192796604 4.2007782751504781 3.8111184160626626 27 19 26 1.2765113233649008 29 1526 27 1852 22 2445 26 2122
2949 -4.0527899753306009 3.6048335819775486 0.46593323589964042 26 15 13 0.97956282043064224 28 1812 27 1854 21 2470 26 2355 20 2763 23 2212 25 1916 24 2189 19 1740 17 1607 16 1382 18 1682
2950 -3.5124191362338544 3.7920461373948631 0.66840804995118008 181 169 173 0.49988058855837642 28 1613 27 1871 22 2116 26 1750 26 2129 20 2569 25 1945 24 2208
2951 -3.6549515246892996 3.8251627665474981 0.39752872381058557 9 8 14 0.22068575210338862 28 1840 27 1882 20 2565 25 1939
2952 -2.2092779187647782 3.6298198204171914 1.4518059097076661 237 194 149 0.99122590034632529 29 1365 27 1889 21 2501 22 2678 26 2393
2954 -3.3920952773642683 4.1012006515972068 0.76730807216340047 25 30 34 0.43275194763122327 29 1396 27 1903 21 2299 26 1785 23 2259
2955 -4.6542428163087006 -1.6442699298977483 0.65543257164825186 77 70 60 0.78890915880049939 28 1656 27 1929 21 2320 22 2514 26 2215 20 2601 23 2286 25 1985 24 2250 19 1759
2956 -4.0389614815228336 -1.4269959941561667 0.42497528590612066 129 128 123 0.62384433798883276 28 1877 27 1931 21 2510 26 2423 19 1760
2957 -4.0240347126414848 -1.298383109448213 0.41555247347450935 123 141 116 0.56393628650235605 28 1663 27 1934 21 2323 22 2519 26 2427 20 2800 23 2479 25 2159 19 1761
2959 -3.7844062671862848 -1.3757934043625062 0.66757916615563229 147 136 96 0.90736138047481207 28 1665 27 1936 26 2220 21 1718 22 1820 20 2320 23 2292
2960 -4.1070897853597073 -1.1906264487416818 0.4356559510450167 170 172 162 0.41549067727654998 28 1666 27 1937 21 2326 22 2520 26 2222 20 2604 23 2482 25 2160 19 1764
2961 -4.2577175598433996 -1.1130465119726303 0.49525458639951869 47 47 39 0.4371753220844693 28 1667 27 1939 21 2515 22 2701 26 2430 20 2610 23 2483 25 2163 19 1617
2962 -4.2780417785345524 -1.0535829201038143 0.53371586467162779 54 54 50 0.42746539626314767 28 1668 27 1940 19 1768
2963 -4.9101241347839339 -1.0015227372117532 0.54690612590158028 163 155 143 0.62591672939360543 28 1672 27 1943 21 2097 22 2247 26 1919 20 2613 23 2300 24 2258 19 1421
2964 -4.5751713606472597 -0.94666657115120423 0.5667333882398301 94 82 66 0.78242263885354291 28 1677 27 1944 22 2523 26 2226 20 2614 23 2302 25 1998 24 2260 19 1772
2965 -4.5751713606472597 -0.94666657115120423 0.5667333882398301 94 82 66 0.78242263885354291 28 1676 27 1945 22 2524 26 2227 20 2615 23 2301 25 1997 24 2259 19 1771
2966 -4.236387810401089 -0.95069017262819355 0.5216819931744987 66 55 51 0.65451739246609941 28 1674 27 1946 21 2330 22 2522 26 2228 20 2805 23 2486 25 2167 19 1621
2967 -5.074821277338585 -0.84725262050658201 0.59706649777707699 140 128 108 0.5210173317558473 28 1682 27 1950 20 2616 24 2261
2968 -4.7839581599989218 -0.24620731165898191 0.58492835918142738 180 150 43 0.78637519516165022 28 1887 27 1956 21 2337 22 2528 26 2234 20 2621 23 2307 25 2002 24 2263 19 1774
2969 -4.7839581599989218 -0.24620731165898191 0.58492835918142738 180 150 43 0.78637519516165022 28 1888 27 1957 21 2338 22 2529 26 2235 20 2620 23 2308 25 2001 24 2264 19 1775
2970 -5.3662297687831595 0.046978274769369069 0.5059751550070628 21 28 24 1.8299063735806556 28 1454 27 1959 26 1943 22 2267 23 2320 25 1759 18 1110 17 843
2971 -4.7185193345403311 -0.083244948664969495 0.62502035036606696 176 142 51 0.80582062873399174 28 1704 27 1960 21 2341 22 2534 26 2237 20 2626 23 2315 25 2006 24 2269
2972 -4.3624474929013308 -0.15866175154941209 0.96225616956687698 63 55 53 0.794967308304799 28 1706 27 1962 21 2342 22 2264 26 2238 20 2627 19 1627
2973 -4.6414583881767202 0.069430814285885559 0.61777883099469755 172 133 128 0.84680514110272365 28 1463 27 1966 21 2114 22 2276 26 2245 20 2630 23 2321 25 2010 24 2272 19 1629
2974 -4.6402847872002946 0.069569541141507207 0.61679417989767737 172 133 128 0.87493443631297774 28 1464 27 1967 21 2115 22 2277 20 2631 24 2273 19 1630
2975 -4.0767954244968294 -0.054864149846437636 1.3090829849914822 81 75 74 0.74136991384619932 28 1713 27 1972 21 2356 22 2547 26 1951 20 2634 25 2014
2976 -3.9755977868285037 -0.13148493073926631 1.355357372108374 123 117 97 0.83209503895454573 28 1708 27 1973 21 2348 22 2541 20 2628 23 2323
2977 -4.6498920528356669 0.13047835069118915 0.74349350306813577 151 132 128 0.69087390171955798 28 1902 27 1974 26 1949 23 2326 19 1633
2978 -4.2585681717881112 0.01199802552485279 1.2351098890222778 61 57 59 1.6219424780152607 28 1710 27 1977 21 2354 22 2544 26 2247 23 2329
2979 -3.9710823148082639 0.11068816726168355 1.3005857151589089 33 20 21 0.6378568281255621 28 1903 27 1978 21 2365 22 2726 26 2258 20 2820 23 2510
2980 -4.6921518405910607 0.28593998596205372 0.46681101859017554 178 147 147 0.70992563800686426 28 1718 27 1981 21 2363 22 2552 26 2255 20 2642 23 2336 25 2022 24 2283 19 1638
2981 -4.7279498590954319 0.3389913672453933 0.45774159921049912 96 46 43 0.98417820763004593 28 1907 27 1982 21 2364 22 2557 26 2254 20 2826 23 2335 24 2423 19 1780 18 1608
2982 -5.4976534499546856 -0.99024252761358134 10.763872524629182 175 188 206 1.0463378722203576 28 1728 29 1047 27 1985
2983 -4.194948417064956 0.42810578375482239 0.59148648758393241 154 104 84 1.1290882561532569 28 1735 27 1987 21 2138 22 2300 26 2262 20 2645 23 2339 25 2026 24 2428 25 2185 19 1785
2984 -5.5784105110675215 1.1321324967404345 0.59768512979423771 63 53 48 1.2325959594473437 28 1747 27 1998 21 2146 26 1983 19 1651
2985 -5.7200576069654758 1.0938439329909453 0.8459101915474303 69 36 27 2.2179574819846883 28 1748 27 1999 21 1798 22 1913 26 1977 20 1476 23 1128 23 2056 25 221 25 1793 22 385 19 1789 18 1620 17 1738 16 1110
2986 -4.5771773897329417 1.0601161345065788 1.1026661428674036 19 21 10 1.0255769014773646 28 1518 27 2007 21 2377 22 2744 26 2463 20 2655 23 2523 25 2320 24 2540
2987 -5.5983278462154926 1.4909439269981275 0.71277422910377963 163 115 113 0.62646846287501556 28 1761 27 2011 21 2385 22 2573 26 2272 20 2663 23 2349 25 2035 24 2308 18 1509
2988 -4.6522245493974825 1.4394094829983921 1.0176977150106155 142 120 101 0.6624129055186867 28 1764 27 2017 22 2578 26 2283 20 2851 23 2539 25 2198 24 2448 19 1813
2989 -4.8905385857077208 1.5364426534069284 0.81915553133272279 160 149 117 0.58792055203687976 28 1770 27 2024 21 2395 22 2577 26 2282 20 2674 19 1681
2990 -4.1262748710065189 1.5583335630409769 0.57632522718464063 150 142 139 0.71236537497451202 28 1773 27 2035 21 2411 22 2595 26 2299 20 2692 23 2371 25 2062 24 2334 19 1702
2991 -4.1262748710065189 1.5583335630409769 0.57632522718464063 150 142 139 0.71236537497451202 28 1774 27 2036 21 2412 22 2596 26 2300 20 2693 23 2370 25 2063 24 2335 19 1703
2992 -3.099161051916675 1.3051744484182772 0.11666533387392833 115 124 139 0.44144421162895192 28 1778 27 2037 23 2383 25 2073
2993 -3.7779821544133361 1.6185194866884125 0.60332246116362587 126 119 54 0.69461343073141479 28 1783 27 2040 21 2419 22 2607 26 2309 20 2702 23 2388 25 2075 24 2347
2994 -4.3568561804567203 1.9470341448678272 0.56593355761752928 114 100 83 0.72706907171766033 28 1946 27 2048 21 2578 22 2616 26 2322 20 2877 23 2562 25 2237 24 2481 19 1839 18 1679
2995 -4.3500387667771241 1.9446704970419142 0.55903437847294501 114 100 83 0.72456641818029377 28 1947 27 2049 22 2615 26 2321 20 2878 23 2563 25 2238 24 2480 19 1840 18 1680 17 1704
2996 -4.6803005963217812 2.2324716838297887 0.37413138336225488 27 26 29 0.62190588536335945 28 1790 27 2053 21 2231 22 2623 20 2721 23 2163
2997 -4.7074469956255198 2.2610655364546588 0.65889146645300833 153 130 114 0.58118527431888811 28 1792 27 2054 21 2437 22 2624 26 2329 20 2723 23 2403 25 2086 24 2360 19 1717 18 1570 17 1604 16 1501
2998 -4.7074469956255198 2.2610655364546588 0.65889146645300833 153 130 114 0.58118527431888811 28 1791 27 2055 21 2436 22 2625 26 2330 20 2722 23 2402 25 2087 24 2359 19 1718 18 1571 17 1605 16 1500
2999 -2.8974817625402878 1.8157262144290438 0.33282820809076979 93 97 98 0.52736687002002969 28 1798 27 2062 21 2452 22 2635 26 2339 23 2575
3000 -2.9516943418684729 1.8863101583079711 0.3437559820611843 66 69 70 0.58570261160065973 28 1802 27 2063 22 2636 26 2341 20 2741 23 2418 25 2103
3001 -2.9502379418825679 1.8810148482038762 0.34189050460519904 66 69 70 0.87108287948041596 28 1801 27 2064 21 2453 22 2637 26 2342 23 2577 29 1613 19 1853
3002 -4.0905994100772265 3.6398239522141891 0.42319314118622992 33 24 18 1.003850983900328 28 1821 27 2079 21 2261 22 2434 26 2109 20 2541 23 2210 25 2118 24 2386 19 1578 17 1491 16 1223 16 1381 18 1579 15 1294
3003 -3.9640941765144166 3.5689279152309767 0.54529917780683723 95 91 90 0.41710058427934332 28 1814 27 2080 22 2653 26 2356 20 2899 23 2579 24 2489 17 1708
3004 -3.8242852964271168 3.6986091175668405 0.16854850733097793 128 127 126 0.57646985117625538 28 1828 27 2087 21 2268 22 2447 26 2120 23 2437 25 1924 19 1747 15 1296 17 1611
3005 -3.5132698656537134 3.8031941976786094 0.74051921566083945 28 18 19 0.56050732050589813 28 1829 27 2088 21 2483 22 2669 26 2369 20 2778 23 2447 25 2134 24 2397
3006 -2.535772708258957 3.7492636754794537 0.9923671920121091 158 95 65 1.3818765543758844 28 1856 27 2104 22 2164 26 2527
3007 -4.3151961719155612 -1.5558284171120424 0.41302965732409785 125 118 110 0.77562155395265697 28 1875 27 2127 21 2508 22 2513 26 2213 23 2287 19 1757
3008 -4.03573409235225 -1.3214813692131127 0.35007404354589194 90 101 88 0.66541125441864002 28 1878 27 2129 21 2513 26 2426 19 1869
3009 -4.1311022515232931 -1.0524595452578287 0.45703616854174295 169 168 159 0.42247584528794219 28 1880 27 2132 21 2519 22 2702 26 2432 20 2803 25 2284 19 1766
3010 -2.5642017683975604 -0.4505396158689503 0.68237139798668822 231 228 203 1.6925602822290839 28 1690 29 1653 27 2134 22 1844
3011 -2.5642017683975604 -0.4505396158689503 0.68237139798668822 231 228 203 1.6925602822290839 28 1691 29 1654 27 2135 22 1845
3012 -4.9697967193884489 -0.26561041749582798 0.6557755319306966 70 31 46 0.9713173764393791 28 1886 27 2137 22 2827 26 2556 20 2808 23 2615 25 2286 24 2511 19 1773
3013 -4.8023089229210809 -0.15010992062781947 0.6110079006341983 170 140 40 1.0227102967698964 28 1892 27 2139 21 2525 22 2830 26 2560 27 2243 20 2809 23 2691 25 2356 24 2513
3014 -4.7784028709921387 -0.14946679556414361 0.59448035481749717 170 140 40 0.80784422262789912 28 1891 27 2140 19 1776
3015 -2.9266678502350305 -0.074693763849201567 0.16169373069732115 79 66 68 1.0017691631996444 28 1701 27 2142 21 2640 22 2903 26 2638 20 2937
3016 -4.405346715676294 -0.17918543260927017 1.2636515089024567 84 76 74 0.83686484978137943 28 1898 27 2147 19 1941
3017 -4.0329306387458237 -0.13479450005735893 1.3207343760600738 24 14 12 0.72251666668350345 28 1899 27 2150 21 2533 22 2719 26 2445 20 2817 23 2628 22 2837
3018 -2.7848513927367406 0.15887033424834823 0.019129059826312904 50 28 32 1.0008362997775657 28 1714 27 2153 21 2536 22 2722 26 2448 20 2941
3019 -2.7848513927367406 0.15887033424834823 0.019129059826312904 50 28 32 1.0008362997775657 28 1715 27 2154 21 2537 22 2723 26 2449 20 2942
3020 -5.4943579399033471 0.3337980464740421 0.61243514640513708 137 130 124 0.67002944309078882 28 1905 27 2155 21 2359 22 2551 26 2253 20 2639 23 2333 25 2019 24 2421 19 1779 18 1604 17 1651
3021 -4.2443878258398753 0.30868885991730138 0.60375326301274668 158 105 97 0.70496884867916454 28 1908 27 2156 21 2544 22 2730 26 2456 20 2827 23 2633 22 2844 25 2307 24 2526
3022 -5.6128398858496134 0.49614102912184033 0.62838460363397797 10 6 8 0.99875318330332719 28 1996 27 2158 21 2542 21 2652 22 2733 26 2454 26 2574 23 2516 25 2182 24 2424 19 1880 18 1606 18 1700 17 1654 16 1531
3023 -5.6026338527931774 0.49727428251000005 0.62318711939927662 10 6 8 0.92992854359538846 28 1997 27 2159 21 2543 22 2734 26 2455 23 2515 25 2183 24 2425 18 1701 17 1655 18 1607
3024 -5.6547283680238882 1.1228426514321035 0.73095722523672479 188 173 170 1.304443291901497 28 2003 27 2162 21 2549 22 2741 26 2461 26 2582 20 2834 23 2522 25 2311 24 2531 19 1886 18 1618 17 1666 16 1448
3025 -5.6574721886220045 1.122706765632572 0.73240759082665041 188 173 170 1.3354142957890847 28 2002 27 2163 21 2548 22 2742 26 2460 20 2835 23 2521 25 2310 24 2530 19 1885 18 1619 17 1665 16 1449
3026 -5.0458537833747519 1.3168560681361092 0.92481312225198398 72 86 135 0.75692500449815181 28 1920 27 2169 21 2554 22 2749 26 2468 20 2842 23 2529 25 2191 24 2439 19 1799 18 1631
3027 -5.0445898087370011 1.3168561551396705 0.92442593716486421 72 86 135 0.76946127263502984 28 1921 27 2170 21 2555 22 2750 26 2467 23 2528 25 2190 24 2438 19 1800 18 1632
3028 -4.3528968711477871 1.2278448518307543 0.89509393243718016 58 58 60 1.4287141846163633 28 1922 27 2171 21 2389 27 1747 22 2574 26 2470 20 2664 20 2845 23 2353 25 2192 24 2443 19 1662
3029 -4.8317020217846114 1.5054209222602117 0.95760668540075722 153 133 105 0.66379283822280699 28 2008 27 2175 21 2559 22 2753 26 2472 20 2850 23 2538 25 2197 24 2447 19 1900
3030 -4.6389627814238539 1.5025881183215224 1.0765157669354903 29 21 10 0.68303936641902929 28 1929 27 2177 21 2661 22 2756 26 2473 20 2852 19 1901
3031 -3.8514554092658813 1.5760785808871307 0.61001802462370258 12 12 22 0.66475421913961019 28 1937 27 2185 21 2569 22 2766 26 2481 20 2872 23 2552 25 2228 24 2548
3032 -3.9901614274074864 1.9444377882564556 0.54569934251755581 123 107 88 0.75246240030816214 28 1950 27 2191 21 2585 22 2774 26 2498 20 2882 23 2570 25 2244
3033 -3.2390240873889082 1.9226026228885111 0.33364278644756618 102 86 86 0.69720451244997372 28 1796 27 2196 21 2592 22 2779 20 2889 25 2249
3034 -3.2285052189589285 1.917553922935002 0.31845437329845472 102 86 86 0.69300077713823216 28 1795 27 2197 22 2780 20 2890 25 2248 19 1926
3035 -2.659111779477715 2.0226353984859768 0.40372844781222067 85 55 29 1.1474458872103472 28 1588 27 2198 21 2467 26 2615 20 2894
3036 -3.8952050689177811 3.4414690397637875 0.46056814261459367 40 23 20 1.2109304140251331 28 1813 27 2201 22 2652 26 2353 20 2897 23 2578 25 2255 24 2488
3037 -3.7804225256408803 3.5875108547243713 0.59376865491347786 118 120 119 0.27976056932888604 28 1954 27 2204 21 2595
3038 -2.7231085966673119 4.1938115417749309 3.67778693878966 229 228 234 1.1996577925690051 28 1953 29 1692 27 2207
3039 -2.3961831354446645 3.5903333959968875 1.8421262386114998 223 213 209 1.3584477112876367 29 1615 27 2211 21 2606 22 2788 26 2518
3040 -3.51187105134587 3.7632118068124605 0.5484811913043538 166 163 159 0.71876026137997406 28 1957 27 2212 26 2368 21 2482 22 2668 20 2777 23 2446 25 2133 24 2396 24 2496
3041 -3.4993564122374829 3.8339834591465718 0.65658223006517946 38 33 40 0.5766576855511466 29 1619 27 2213 22 2787 24 2498
3042 -4.1344181242447355 4.0464678427789877 0.17593785489775113 106 94 81 0.75672894756483011 28 1847 27 2216 21 2477 22 2664 26 2362 23 2440 19 1750 16 1507
3043 -3.4903841002884843 3.8774061037810941 0.60726168433550731 79 78 83 1.1281634556014766 28 1962 27 2217 26 2374 20 2909 23 2451 25 2136
3044 -2.3762641361377685 3.5509823446046034 1.0812147160841261 206 155 123 1.7510333611327384 28 1841 27 2222 26 2525 22 2888
3045 -3.882287326294398 -1.531116907051959 0.63644915461618745 16 37 32 0.40929701654655526 28 1978 27 2236 21 2627 20 2920
3046 -4.638802572570059 -1.3660613842623408 0.5363863868195079 161 154 144 0.79574538224147662 28 1979 27 2238 21 2628 22 2819 26 2551 20 2924 23 2607 25 2279 24 2414 19 1872
3047 -3.863600537107565 -1.1877346142550598 0.67842122233137359 92 78 48 0.76952371190713387 28 1980 27 2239 21 2630 22 2821 26 2635 20 3004 23 2688
3048 -2.8108281917126394 -0.59925543323266939 -0.15145778276255006 66 56 51 0.99532865799835901 28 1982 27 2241 21 2698 22 2900 26 2636
3049 -4.2813079958081222 -0.22451906755804096 1.0276306540013647 37 23 23 1.0367085470431865 28 1989 27 2246 21 2639 22 2832 26 2563 20 2935 23 2618 25 2292
3050 -4.642900739326933 0.017464207071306005 0.7193058097928996 71 16 14 0.84020115500833692 28 2049 27 2249 21 2643 22 2840 26 2565 20 3007 23 2621 25 2358 24 2583 19 1942
3051 -4.8371431501853372 0.26871019092474013 0.41172546745396765 145 140 134 0.77451498900395765 28 1994 27 2251 21 2538 22 2724 26 2450 23 2503 25 2301 24 2522 19 1878 18 1697
3052 -3.8444798596131382 0.32617942339634698 0.96957270867970047 76 68 66 0.67054767580064401 28 1998 27 2256 22 2848 26 2575 20 2946
3053 -5.8994676414522713 -0.2966046034719928 11.96894898817804 150 170 197 1.4968285924473463 28 1999 29 1584 27 2258
3054 -2.6806952574380127 0.57669738520760816 -0.045819755241356425 66 58 53 1.0318887536481582 27 2259 21 2547 22 2849
3055 -4.3754314670927048 0.98119083098930027 0.99442607083070977 17 26 23 0.35451160992357555 28 2059 27 2263 21 2656 26 2585 19 1949
3056 -5.2809633017086739 1.3456897677219311 0.82191648021493813 76 95 124 0.59094709563330372 28 2004 27 2268 21 2658 22 2852 26 2588 20 2950 23 2639 25 2317 24 2539 19 1890 18 1710 17 1743
3057 -5.3809924482933083 1.7257447961303158 0.79122543144800017 165 130 57 0.82645855940213386 28 2009 27 2273 22 2857 26 2476 20 2849 23 2644 25 2322 19 1899 18 1774 17 1800
3058 -5.0199249626627607 1.7265546800075635 0.75637099677254549 138 130 111 1.6074663827128077 28 2068 27 2275 21 2662 22 2920 26 2593 20 2959 23 2710 25 2425 23 2769 24 2650 19 1906
3059 -4.1206915614789095 1.6689596088088396 0.58721282576818867 150 143 135 0.80463804456317645 28 2012 27 2276 21 2572 27 2184 22 2765 26 2480 26 2602 20 2871 23 2655 25 2225 25 2329 24 2547 19 1913
3060 -3.5685065397218314 1.5762423493240783 0.46633605215084251 33 22 22 0.526499464531341 28 1938 27 2277 21 2729 22 2927 26 2665 20 3031 19 1918
3061 -4.8727902188137211 1.9358825427870763 0.68664956756897988 20 19 23 1.4001784839868474 28 2015 27 2280 21 2571 22 2764 26 2600 20 2699 23 2556 25 2224 24 2469 19 1831 19 1912 18 1782
3062 -3.1904805874126922 1.567481955535863 0.27953432846246301 71 54 57 0.841415140109672 28 2017 27 2281 21 2733 22 2865 26 2605 20 2977 23 2720 25 2387 19 1971
3063 -3.7768083911744168 1.9569850582150456 0.59591679624854765 114 98 78 0.71583052035693584 28 2021 27 2284 21 2677 22 2871 20 2984 19 1978
3064 -3.1544500492216971 1.7591541919391658 0.25146023004753015 63 54 57 1.1875502941465015 29 1690 27 2286 25 2392
3065 -4.4455503196485999 -1.701820766695221 0.75299976258072621 38 33 30 0.57649447649437413 28 2039 27 2300 21 2696 22 2898 26 2634 20 3002 23 2687 25 2354
3066 -3.8340166579132831 -1.3467420118317763 0.69462470649252328 138 113 57 0.55018128780974906 28 2098 27 2301 21 2697 22 2899 26 2696 20 3055 23 2744
3067 -4.1974562566301987 -0.98009621307249939 0.46498480400839076 93 87 83 0.86324279673559634 28 2040 27 2303 21 2752 22 2952 20 3058 23 2746 25 2407 19 1994
3068 -5.4873892743702681 -0.14965703674110808 0.50133054397114907 38 29 33 0.77984491861800065 28 2044 27 2306 21 2756 22 2956 26 2700 20 3006 23 2793 19 1936 18 1753 17 1730
3069 -5.3488676214053212 0.22451424455427549 0.49365188437930096 10 16 26 1.4284661054655841 28 2050 27 2309 21 2703 26 2572 20 3010 25 2360 24 2521 17 1732
3070 -4.3219958420499971 0.23949940730618635 0.55927428980179905 33 34 37 0.86585235101332503 28 2051 27 2310 21 2704 22 2907 26 2641 20 3063 23 2753 25 2409 19 2000
3071 -4.4395490452511845 0.33847677555038613 0.60632684313324525 149 144 138 0.76118797679921979 28 2052 27 2311 21 2707 22 2908 26 2644 20 3011 23 2694 25 2362 24 2587 19 1945
3072 -4.3208464610032253 0.43561680685415732 0.60898060381052899 34 7 12 0.87736322847990711 28 2055 27 2314 21 2708 22 2910 26 2645 20 3014 23 2697 25 2365 24 2588 19 1946
3073 -2.8518496047794812 0.42883334806475853 0.13620017687733432 44 30 31 1.4759429294254101 29 1773 27 2316 22 3011 26 2757
3074 -4.2572346866882507 1.3063326674963429 1.0646456866127165 119 117 102 0.99671071590912397 28 2064 27 2329 21 2770 22 2967 26 2654 20 3071 23 2762 25 2421 24 2646 19 2014
3075 -3.9540652303729202 1.3902788771699155 0.73040611421694424 14 18 21 1.1138740451489013 28 2067 27 2331 21 2720 22 2921 26 2658 20 3024 23 2712 25 2378 24 2600 19 2022
3076 -5.4589793130668722 1.9657666722130449 0.77370950967454755 137 133 100 0.67754571770939453 28 2071 27 2338 21 2726 22 2924 26 2661 20 3027 23 2714 25 2326 24 2601 19 1957 18 1777 17 1806 16 1684
3077 -5.0044155732272202 1.9295519714912808 0.64684857674930507 125 109 83 0.6576051751418569 28 2074 27 2339 21 2728 22 2926 26 2664 20 3029 23 2716 25 2381 24 2604 19 1960 18 1819 17 1807 16 1692
3078 -4.9678344400763619 1.9177054422564603 0.61345109883764848 125 109 83 0.69458813776259709 28 2075 27 2340 21 2727 22 2925 26 2663 20 3030 23 2715 25 2380 24 2605 19 1961
3079 -4.6754665894091669 1.9760160296118372 0.70980985687026132 123 89 72 0.85292537870113383 28 2078 27 2342 21 2732 22 2930 26 2668 20 3034 25 2384 19 2027 18 1828 17 1862
3081 -3.8085587066258082 3.6736623521678813 0.37010994891629839 46 55 65 0.84743610992915952 28 2027 27 2357 21 2684 19 1983
3082 -4.0910072689887844 -1.1264825203320208 0.38848039976684973 153 151 144 1.0403969116049461 28 2099 27 2364 21 2806 22 3005 26 2751 20 3108 23 2790 25 2484 19 2044
3083 -3.8705537270303902 -1.0613934054403036 0.59498292353054272 30 28 25 1.0395842638289328 28 2101 27 2365 21 2753 22 3007 26 2697 26 2753
3084 -5.1353008533146332 -1.0889646023559734 0.59827665457164469 106 89 79 1.0087432543422208 28 2102 27 2366 21 2754 22 2951 26 2698 20 3057 23 2745 25 2406 24 2626 19 1995
3085 -4.6005022608123634 -0.42015179934697988 1.3540568121643821 78 68 58 1.5395720759297893 29 1766 27 2369 22 2954
3086 -5.0625859657016923 -0.036848399165293172 0.83935997423396547 57 49 39 1.4431598435605901 28 2045 27 2371 21 2760 26 2702 20 3062 19 1997
3087 -4.4497329054219934 0.12732395945698349 1.2737666593133261 31 26 28 1.5067469962756597 28 2143 27 2373 19 2078
3088 -4.4497329054219934 0.12732395945698349 1.2737666593133261 31 26 28 1.5067469962756597 28 2144 27 2374 19 2079
3089 -5.2831259849693728 0.74876138973174888 11.164589429178296 239 234 230 1.3171071656817241 28 2114 29 1728 27 2379
3090 -4.7086511625167224 1.407020115636415 1.0841629181560615 121 99 78 0.79036298999769383 28 2115 27 2383 21 2768 22 2965 26 2712 20 3070 23 2760 25 2419 24 2644
3091 -4.2780608827679139 1.4758890085657297 0.60734876913178637 31 28 25 1.0201120819750438 28 2116 27 2385 22 2968 20 3122 23 2809 25 2467 24 2690 19 2058
3092 -3.9906744783213854 1.7613952600881853 0.62282229966476277 10 13 12 0.88411350337661732 28 2124 27 2390 21 2779 22 2974 26 2724 20 3125 23 2812 25 2468 24 2692
3093 -3.0707957350266097 1.46793730383511 0.22907414774684146 156 82 79 0.79485329933412985 28 2122 27 2391 21 2780 22 2976 26 2720 23 2813 25 2471
3094 -4.6658989306450014 2.0838374079474806 0.62262712582587143 77 48 32 1.1828826328209028 28 2127 27 2394 21 2785 22 2981 20 3090 23 2777 25 2436 24 2660 19 2028 18 1827 17 1865 16 1698
3095 -4.7140370549599115 2.4383530016998436 -0.040236507662864858 125 79 56 1.3362305703261654 28 2128 27 2397 22 2878 26 2678 20 3044 23 2727 25 2391 24 2611 19 1977 17 1868
3096 -3.7758355957956327 3.5614195384648166 0.64888432829343989 78 80 79 0.58213230094481139 27 2398 21 2794 22 2990 26 2738 20 3102 23 2785 25 2440 24 2665 19 2069
3097 -3.9813184062960052 -1.3747903506290364 0.62912311502448404 38 54 44 0.78549619616545741 28 2138 27 2407 21 2803 22 3004 20 3141 23 2789
3098 -4.0778172915066593 -0.00048793871128204394 0.4544900370853896 91 91 87 1.0603112392037528 28 2142 27 2414 21 2810 22 3008 26 2756 20 3111 23 2794 25 2453 19 2046
3099 -4.1949384454065353 0.28088695577675199 0.70554776901761684 157 102 90 0.85332172163691355 28 2171 27 2416 21 2837 22 3036 26 2787 20 3145 23 2831 25 2486
3100 -5.2910226250832846 0.49566465144550653 0.54700003807642128 101 94 78 1.3778364734512676 28 2172 27 2417 21 2838 22 3038 26 2786 20 3146 23 2833 25 2485 24 2715 19 2050 18 1869 17 1882
3101 -5.3215164339940531 0.50788058437136674 0.57180329533769203 101 94 78 1.1079471323818186 28 2173 27 2418 20 3147 19 2049 18 1868 17 1881 16 1716
3102 -4.9414072341363404 1.27867698895977 1.2388517994752479 11 5 19 0.3209971864695681 28 2148 27 2422 21 2814 22 3015 26 2761 20 3116 23 2803 25 2461 24 2686 19 2082
3103 -4.2452844892982027 1.6724114790288991 0.67457078854173402 113 106 100 0.83218888587013051 28 2152 27 2427 26 2766
3104 -4.7561690563764421 2.2414210964482573 0.61678198804613948 122 103 86 0.64886712949632852 28 2158 27 2428 21 2819 22 3020 26 2729 20 3126 23 2815 25 2474 24 2700 19 2061 18 1858 17 1890 16 1756
3105 -3.6181011119092004 1.917689353554604 0.58555179616886754 113 88 68 0.86365710192395528 28 2156 27 2429 21 2820 22 3021 26 2773 20 3127 25 2475 24 2702 19 2065
3106 -2.777101744321727 1.7820912744735227 0.39829903820227452 29 28 34 0.96125211591733783 29 1787 27 2431 21 2823 22 3024 26 2774 20 3159
3107 -3.6138690512707279 3.823163821935903 0.34937099094997215 31 34 41 0.67926760185123103 28 2160 27 2436 21 2827 22 3028 26 2741 22 2993 25 2479 24 2705
3108 -4.6147365201088997 -1.4811273542905226 0.48999557770719737 150 146 135 0.58855297532133566 28 2162 27 2441 21 2832 22 3031 26 2783 20 3140 23 2830 25 2483
3109 -4.6455433425410995 -1.1574047734752015 0.48981514320134134 164 157 147 0.52903667870177939 28 2139 27 2442 21 2807 22 3006 26 2752 20 3109 23 2791 25 2448 24 2673 19 2045
3110 -4.6715455154321148 -0.89677788822749838 0.48390003800909603 154 146 132 0.39137852181620103 28 2166 27 2443 21 2834 22 3032 20 3142
3111 -2.7950486043658564 -0.49912239347284287 -0.20379297469696561 64 56 50 1.423245435045309 28 2167 27 2444 21 2833 22 3055 26 2804 20 3163
3112 -5.5467532576969703 0.15722949574120565 0.54755348058944719 21 22 28 1.0546379577012259 28 2169 27 2446 21 2836 22 3035 26 2785 20 3144 23 2854 25 2509 24 2733 19 2076 18 1867 17 1898 16 1743
3113 -3.1130419360148434 0.38272276123041543 0.44380780197018027 49 35 24 1.0027048148670152 28 2146 27 2447
3114 -3.2860242903413037 1.2754781901187933 0.23701679601410161 73 104 169 0.93373229002769409 27 2452 21 2840 22 3042 26 2791 20 3150 23 2838 25 2493 19 2085
3115 -3.4356587241916619 1.3135156874268976 0.44520942528082819 73 104 169 1.2372549374726076 28 2178 27 2453 21 2841 22 3043 26 2792 20 3151 23 2839 25 2494
3116 -3.5271839544731285 1.4020800986194764 0.26524861679700223 26 30 29 0.95664017433776793 27 2454 21 2845 22 3045 26 2796 20 3169 23 2859 25 2513 19 2099
3117 -4.8117457891614359 1.8366395176870089 0.81807500626874152 17 18 24 0.65216648073703765 28 2198 27 2456 21 2843 22 3047 26 2794 20 3168 23 2841 25 2514 24 2736 19 2098
3118 -4.9965499688220216 2.4204376540704677 -0.027751515067388322 14 13 18 1.3617103636161818 28 2182 27 2458 21 2847 22 3050 26 2772 20 3158 23 2843 25 2497 24 2722 19 2089 18 1877 17 1888 16 1754 15 1510
3119 -3.1510945855948522 -0.32021178208306877 0.31839734566960309 30 39 38 1.0127868870294174 28 2168 27 2468 21 2869 22 3069 26 2823 20 3179
3120 -4.2270306330119229 -0.47655438484401974 1.1234877069362053 85 75 66 1.0990173141780619 28 2191 27 2469 21 2868 22 3068 26 2822 20 3180
3121 -4.8420948405528499 -0.4264754115922717 1.3118668033160334 17 12 18 1.4764659438950936 28 2189 27 2470 21 2853 22 3057 26 2806 20 3165 23 2851 25 2507
3122 -4.8233817341869507 -0.41773287856199193 1.2977785929264007 17 12 18 1.6562791738794727 28 2190 27 2471 20 3164 25 2508
3123 -5.0301979079115196 1.5762684349941289 0.89297036069889002 135 124 101 0.61956151389277458 28 2194 27 2475 21 2857 22 3061 26 2808 20 3167 23 2856 25 2511 24 2745 25 2523 19 2111
3124 -3.5568405975874544 3.6891660707910829 0.49218443685568725 168 163 159 0.24661619908554894 28 2201 27 2476 21 2862 22 3065 26 2815
3125 -3.529990310636355 3.6596427211988787 0.46065891146910559 168 163 159 0.50050077343831378 28 2200 27 2477 21 2861 22 3064 26 2814 20 3174 23 2861 25 2518 24 2739
3126 -4.658863148352661 0.20161500326978438 0.62612673912565675 70 36 39 0.64104854477072182 28 2207 27 2482 21 2871 26 2825 20 3181
3127 -4.2095996998561986 0.4191814208757571 0.71605501592586851 151 96 77 1.1928525984393457 28 2216 27 2485 22 3073 20 3182 23 2868 25 2521 19 2120
3128 -2.790803170164144 -0.80335572478807871 -0.39885296502304124 25 28 31 1.2799834690150509 27 2488 21 2881 22 3084 26 2835 20 3192
3129 -7.4407159916515315 0.85701682865250628 15.383474192820808 66 77 88 0.76204373631112088 28 269 29 237 27 291
3130 -5.4898166506626414 1.223036524159032 1.4682604637715835 37 44 62 0.89276502142434533 28 279 27 301 26 280 23 336 24 403
3131 -4.0207947129771942 3.7680611092488183 0.36062260133646734 105 96 90 0.60337540659264111 28 500 27 543 21 1576 22 1656 23 1396
3132 -3.5416603008124672 3.7045021656994539 0.77091647694298848 94 79 73 0.45615898847339925 28 507 27 553 21 930 23 823 25 688 24 967
3133 -3.9040161233665733 3.7560014015742547 0.12605184445724232 61 59 60 0.66511271498452018 28 987 27 563 26 1282 21 923 22 935 20 1829 23 1414 25 1272 24 919 19 1363 17 625 16 547 15 500
3134 -6.3227195022590816 -0.086588700500244892 0.90884477882201964 71 70 68 0.73952386885005961 28 120 27 845 22 255 20 358 23 1058 25 140 24 1192
3135 -7.4966570561494068 -1.0947751542828839 15.092736272275209 158 174 199 0.9236647066393292 28 215 29 705 27 910
3136 -4.8267418371376056 0.90214243803224914 1.525287054937569 31 22 16 0.88639066271895772 28 798 27 928 21 1320 22 1386 26 1570 20 2060 23 1678 25 1460 24 1751 19 1173
3137 -5.5639123354910982 1.9755808710421008 0.79120914832476519 94 78 57 0.58336488267964515 28 885 27 1027 21 1414 22 1485 26 1098 20 728 23 1235 25 1108 24 611 19 868 18 931 16 919 15 1009
3138 -5.1012166960833518 2.2616219053273658 0.045169652584641326 69 66 54 0.90431763609894877 28 406 27 1072 26 484 20 1680 23 618 25 533 19 423
3141 -3.6172908699163755 3.7332532523209321 0.73808655573429616 130 121 122 0.74654470329663558 28 961 27 1143 22 953 19 1034 25 664
3142 -3.6910159272887024 3.8637674785403919 0.3938429833070789 63 66 73 0.76275736283680862 28 993 27 1165 21 1606 22 1687 20 1850 23 1435 25 1293
3143 -3.5010151674033927 3.8607265160931989 0.58670917938787048 97 96 101 0.94507430113323077 28 997 27 1169 21 1622 22 1709 23 1455 24 1952
3144 -3.6371859033025506 3.9526330802658434 0.37373025388736869 41 42 47 0.70022601388390981 28 569 27 1189 22 1000 21 974 26 663 20 1135 23 861 25 1307 24 1007 17 720 16 635
3145 -5.1187873630064153 1.1281440450316773 1.3579029421537709 130 125 122 0.844807739948499 28 1196 27 1379 21 1329 20 1488 23 1688 25 1475 24 1757
3146 -4.9254841959099958 1.0869543821315746 1.3485193885877 46 46 36 0.91581095677296298 28 1197 27 1380 21 1330 22 1925 26 1575 20 2068 23 1690 25 1814 24 2059 19 1195
3147 -7.241149040242683 1.3078174559736968 15.210387683504717 214 205 209 0.75408440884995065 28 822 29 1074 27 1382
3148 -7.2162887483988127 1.3166511980403059 15.553189240171331 61 52 55 0.54280615987653869 28 1198 29 1076 27 1383
3149 -5.881180309758264 1.8378780262054004 0.81889981539487988 78 68 51 0.40682891908652086 28 867 27 1427 22 1961 25 1505
3150 -5.4510131699702038 1.6279739643596272 0.7025883263746534 98 32 32 0.5673927372786256 28 1227 27 1428 21 1833 22 1946 26 1604 23 1712 25 1825 19 1485 18 1381 16 1156
3151 -3.8419122242472361 3.6682155365566 0.31638520196687309 115 115 121 0.65227782734304829 28 1310 27 1537 21 1978 22 2104 20 2232 23 1418 26 589 25 1263 24 1920 19 1352 17 1047 16 1229 15 848
3154 -3.4899658174092347 4.083664368501557 0.74472320203534725 115 111 109 1.2097287999460444 28 1016 27 1575 22 1725 26 1774 23 1919 25 1666
3155 -3.4806979284965638 4.0777851561327205 0.73445419111571653 115 111 109 0.72974745472257607 28 1015 27 1576 22 1726 26 1775 23 1920
3156 -5.1206537347651482 -2.0891304722231965 -0.51971812361295289 134 116 92 1.2674567356747417 28 1653 27 1615 21 2047 22 2191 23 1947 25 1693 19 1387 18 1316 17 1354
3157 -5.070626886512013 -1.4404483568820465 0.63595887112008975 144 137 126 0.63130245885377068 28 1385 27 1642 22 2223 20 2332 23 1985 25 1723 24 2251 19 1406
3158 -5.1296692852302055 0.99077710448342382 1.339423454356939 127 116 107 0.88398296554890021 28 1191 27 1722 21 1800 22 2313 26 1568 20 2397 23 1675 25 1458 20 1479 24 2052 19 1456
3159 -4.4045683911839681 0.97632065070051632 1.1544879091497149 65 67 66 0.98521349075756937 28 1750 27 1723 21 2378 22 2564 26 1984 23 2068 25 1802
3160 -5.1208182003879159 1.1881027915646345 1.4350859228375286 48 36 40 0.80494849261320389 28 1516 27 1734 26 1989 20 2406 25 1812 19 1469
3161 -5.0730563071399137 1.1778624489265508 1.4598756002617863 52 40 38 0.87577526264178274 28 1756 27 1735 21 2154 22 2569 26 2269 25 2034 24 2305 19 1657
3162 -4.3847380922507648 1.326085796030736 1.063041564827421 52 48 44 1.2744242986955694 28 1529 27 1760 22 2339 26 1611 20 2083 23 2093 25 1828 24 2089 19 1674
3163 -5.7405377096998489 1.8306311129100976 0.79761042936720938 47 29 19 0.95223698096356424 28 1544 27 1774 21 1844 22 1456 26 1622 20 2090 23 1721 24 2085 19 1236 18 891 17 951
3164 -5.453056643933353 1.9767286290966695 0.68078221111363812 114 95 80 1.3426851335646535 28 1555 27 1790 22 1986 21 1415 26 1099 23 1770 25 1109 28 1260 24 1414 19 1505 18 1234 17 1461 15 1008
3165 -5.3241232339725419 2.2352937864084828 0.80175863255276114 128 112 97 0.50489587406163638 28 1268 27 1807 17 1275
3166 -5.1462141380958508 2.196021276566765 -0.012182698525950084 77 77 71 0.873923240556712 28 1569 27 1812 21 2225 22 2392 26 2054 20 2490 23 2158 24 2135 19 1520 18 1430 17 1468 15 1031
3167 -4.1380901725154837 3.6854574071833697 0.41057328799433152 140 129 124 0.93775416277044954 28 1303 27 1853 21 2260 26 2108 20 2542 23 2211 25 1913 24 2187 19 1576 17 1304 16 1222 18 1466 15 1052
3168 -4.009369793059868 3.6105859044531172 0.49086822434071964 168 160 163 0.75665652714398179 28 1596 27 1855 21 2257 22 2435 26 2110 20 2543 23 2213 25 1917 24 2190 19 1582 17 1494 16 1386 18 1580
3169 -3.8808706144042207 3.9516824116484437 0.41930676358021313 26 29 36 0.47450117605323078 28 1616 27 1879 20 2563
3170 -3.7448964373350027 3.8902456052343988 0.338356364653492 104 107 114 0.40082242688949132 28 1617 27 1881 21 2277 22 2452 26 2127 20 2564 23 2230 25 1937 24 2204 17 1506 16 1398
3171 -3.4876129660349573 3.9761961563110315 0.84143846230893671 116 111 115 0.36861662345460938 28 1325 27 1887 21 1997 22 2125 26 1329 20 2252 23 1911 25 1657
3172 -3.484585788397164 3.972702893808945 0.83739444907130034 116 111 115 0.3876683234269413 28 1326 27 1888 21 1998 22 2126 26 1328 20 2253 25 1658
3173 -3.6872999974795095 4.0304135110028971 0.41322076761555271 137 138 142 0.45952208171832615 28 1852 27 1896 21 2285 22 2460 26 2140 20 2574 23 2240 25 1950
3174 -2.2326478744222022 3.7043956333988262 1.2713382281295167 172 127 97 1.2376732339280645 28 1352 27 1907 26 2169
3175 -2.2326478744222022 3.7043956333988262 1.2713382281295167 172 127 97 1.2376732339280645 28 1353 27 1908 26 2170
3176 -5.3765685775541012 1.8076868805757484 0.70559702793395751 101 78 58 1.6503977914590671 28 1772 27 2030 22 2589 26 2018 20 2681 25 1506 21 1846 22 1962 24 1805 19 1680 18 1651 17 1590 16 1481
3177 -3.4772858676645377 4.0017646627236667 0.74294961428164785 22 20 30 0.50077861111477251 28 1854 27 2100 21 2491 26 2377 20 2788 23 2452
3178 -2.2126599586225777 3.6431624522516874 1.335375224093271 228 185 144 1.814577819878495 28 1844 27 2102 22 2809
3179 -6.1707805630499504 -0.1185258742393096 0.78112720438548522 29 25 21 0.69042723253954663 28 1896 27 2143 21 2524 22 2717 26 2437 20 2813 23 2491 25 2289 24 2515
3180 -6.5526015203050445 -0.072129272486952778 1.0069326969935506 147 141 129 0.91882389890326732 28 1894 27 2144 22 2715 26 2441 20 2625 23 2493 19 1777 18 1490 17 1536 16 1437
3181 -6.42601715315842 -0.058517230152720284 0.91632540146360153 147 141 129 0.77863856572009693 28 1895 27 2145 21 2343 22 2532 26 2442 20 2624 23 2492 25 2008 24 2268
3182 -4.3554445745667829 1.259127421276151 1.8495770477447899 33 18 10 1.0363850176259313 28 1924 27 2173 21 2391 22 2575 26 2471 20 2848 23 2643 25 2200 19 1803
3183 -4.0961620398874308 3.8008941669151786 0.37114134387910025 122 113 104 0.41797618111464563 28 1955 27 2210 21 2596 22 2783 26 2509 20 2900 23 2580 25 2256 24 2560 19 1858 17 1612 16 1505 15 1295
3184 -2.1851735949080142 3.6742898349206059 1.6031300712488803 228 185 159 1.6501923778399175 28 1833 27 2218 21 2619 26 2394
3185 -3.5699858082829965 3.9742630888040833 0.35317809847042286 52 52 54 0.58124320266335394 28 1969 27 2224 21 2688 23 2677 25 2347 24 2568
3186 -5.061428521575003 -1.6849251599453425 0.64341864979407359 69 62 52 1.2237326513784512 28 2097 27 2237 21 2695 22 2950 26 2695 20 3003 23 2743 25 2355 24 2624 19 1993
3187 -4.993911648985387 0.92678796805928587 1.3784431282804737 31 15 16 0.69715378213464663 28 2001 27 2260 21 2653 22 2850 26 2578 20 2948 23 2635 25 2312 24 2532 19 1947
3188 -5.9781416325858503 1.6448231758677541 0.92653146231166372 21 41 41 1.4824806649138731 28 1926 27 2270 20 2843 19 1659 18 1628 17 1568
3189 -4.0144823027266456 3.7469965395920353 0.39267210451312023 71 67 67 0.65716109095229469 28 2026 27 2291 21 2683 22 2784 27 2208 26 2511 20 2994 23 2673 25 2344 24 2561 19 1930 17 1709 16 1572 15 1367
3190 -3.7903775670608528 3.9956373747343492 0.33771001910906406 128 126 127 0.54207064923322135 28 2034 27 2295 21 2686 22 2882 23 2675 25 2346 24 2563
3191 -4.6051091907971502 0.925498347232796 1.3885575616795129 63 58 52 1.3982302687929571 28 2060 27 2320 21 2710 22 2913 29 1774 26 2648 20 3016 19 2010
3192 -6.0328011546352434 1.5006774528538251 0.95754391373040837 39 40 35 0.84099053187679529 28 2063 27 2325 21 2712 20 3019 19 1889 18 1709
3193 -6.0777393364222068 2.0843447831343633 0.76183592867492156 33 18 15 0.87343048319498573 28 2070 27 2337 21 2667 26 2598 20 2964 23 2650 19 1905 18 1776 17 1752 16 1621 15 1404
3194 -3.9612609044987659 3.6019319022185567 0.89595907643337891 39 28 19 1.030995324051736 28 2084 27 2352 21 2682 22 2879 26 2680 20 3100 23 2672 25 2397
3195 -4.3405102106493816 0.082097350428756002 1.5133793940381424 37 33 34 0.71578453525492358 28 2107 27 2375 21 2762 22 2959 26 2704 20 3064
3196 -3.9680105870629858 3.6277082149644291 0.42560140247309702 170 164 164 0.56265788069372169 28 2131 27 2399 21 2793 22 2989 26 2737 20 3101 23 2784 25 2439 24 2617 17 1869 16 1731
3197 -3.9420697820220978 3.774568372989048 0.30468465670420958 143 133 131 1.0769880264729168 28 2133 27 2401 21 2796 16 1700
3198 -3.8807385366552247 3.7272148604465722 0.25423206432058748 143 133 131 1.2130069655067404 28 2134 27 2402 21 2795 22 2992 26 2740 20 3103 23 2732 24 2618 19 2039 17 1820 16 1699
3199 -5.2249151868173476 1.0879432041508468 1.4601228818359393 121 117 108 0.65970822074261037 28 2147 27 2419 21 2811 22 3012 26 2758 20 3114 23 2800 25 2458 24 2682 19 2051
3200 -5.2097420919867075 2.3674847553933636 0.69307134001557424 22 21 26 1.2852883363526542 28 2181 27 2457 19 2088 17 1889
3201 -4.9384044995458014 0.77356539764070209 1.3741121773912388 56 46 37 0.80932637649964501 28 2193 27 2472 21 2856 22 3059 19 2095
3202 -5.602841710562334 0.94923426278254197 1.0907831537599886 44 37 27 1.4725256802320656 28 2224 27 2491 21 2883 26 2837 20 3193 23 2879 25 2531 24 2749 19 2121
3203 -5.6255814811523512 0.94749801251662413 1.1101491582545651 44 37 27 1.283640566993679 28 2223 27 2492 21 2884 22 3079 26 2838 20 3194 23 2880 25 2532 24 2750
3204 -4.3725840572814212 3.9908994846805306 0.28284834835472661 47 26 21 0.48175312774474655 28 2225 27 2494
3206 -4.3829279584143155 -1.6046368952425238 0.65285536101592434 27 24 21 0.31392902081600688 27 756 21 113 22 75
3207 -5.1416121046067911 -1.619946636596389 0.62128503870851182 96 84 70 1.3518823202744426 27 764 21 125 22 1811 23 984 25 835 24 120
3208 -4.1339366430866056 -1.3630326361731979 0.37176602302495054 95 89 78 1.5727239950523333 27 99 21 130 23 65 25 840 19 75
3209 -4.8028854801286611 -1.3892713284413174 0.57857555682952133 121 114 104 0.49411511822967763 27 111 21 148 22 99 20 191 25 76 24 137
3210 -4.4193314286955561 -1.3175467613660936 0.60173545034178699 197 188 180 0.46511762178354071 27 786 21 153 22 109 26 872 20 196 23 999 25 87 24 146 19 1117
3211 -3.7766837325422644 -1.2625422535925155 0.6790078283457599 114 112 91 0.52829166071172773 28 44 21 163 22 1218 26 873 27 125 20 1281 23 93
3212 -3.8716366765599775 -1.2689333067327786 0.81910019680007817 108 97 92 0.39268924617426809 27 147 21 164 22 162 26 875 20 1282 23 1019
3213 -5.0833727464351472 -1.4142315261669673 0.75146403965470099 86 82 71 0.60969891404563992 27 130 21 178 22 139 26 73 20 216 23 102 25 73 24 152
3214 -4.0663717965561847 -1.1364690698782818 0.430075294840504 108 104 87 0.50838161787235836 28 35 21 189 26 78 19 659 25 90 23 112
3215 -4.0569072591189599 -1.1077609736244238 0.43518474131208001 100 93 77 0.55979770842747534 28 49 21 190 22 153 20 228 23 115 25 91 19 91
3216 -4.2551909430228454 -1.080625660668421 0.52542465995709975 45 41 36 0.50553735646148423 27 810 21 208 22 1246 26 1489 20 251 25 1394 19 668
3217 -3.9832246425003848 -0.97711336746762079 0.52344784470541228 107 99 87 0.51236660146153878 27 159 21 215 26 98 20 260 25 113 19 677
3218 -4.9115812775972394 -0.81683551300712454 0.45606085534083052 151 136 120 0.17362221603926523 27 172 21 234 26 114
3219 -5.2074013377672239 -0.83905801214333142 0.63947589070575983 142 130 112 1.1928750864497466 27 177 21 241 26 909 25 124 24 189 19 130 23 146
3220 -4.7382118758262619 -0.28043555214496729 0.6228334124174022 15 4 0 0.79010791577146877 28 100 21 265 22 1271 26 134 20 1342 23 161 25 903 24 1177 19 698
3221 -4.8156568266471416 -0.25211964387965291 0.67656054103765917 43 19 3 1.3804744054130955 27 181 21 268 22 226 26 918 21 1231 23 166 25 130 25 904 20 334 24 210 24 1178 19 699
3222 -4.0088717124877151 -0.24736704072961441 0.95803180366453855 19 5 2 0.30106317294363005 29 651 21 291 26 149 25 915
3223 -4.7544262852057653 -0.087948118481143728 0.84065240747697079 81 46 11 0.65257303551460621 28 129 21 312 22 1299 26 943 20 1368 19 1137
3224 -4.7544262852057653 -0.087948118481143728 0.84065240747697079 81 46 11 0.65257303551460621 28 128 21 313 22 1298 26 942 20 1367 19 1138
3225 -4.7076244345854041 0.074352793363796327 0.63565689193769559 59 25 25 0.65366474655925366 28 150 21 330 23 1070 25 927 19 717
3227 -3.6883549714724944 0.25258903095748797 0.47461427554675978 31 33 29 1.3627459478394952 27 247 21 370 25 1433
3228 -4.7519251935111617 0.45370331307505529 0.43820726380287545 36 20 5 0.81071070809917833 28 227 21 390 20 459 24 307
3229 -4.6926403217065573 0.40026038784262791 0.48647812491443487 60 35 6 0.70568089017827751 28 210 21 392 22 327 20 432 23 1109 25 196 24 280 19 183
3230 -4.6204407302397836 0.34639103450020348 0.55608012599613477 127 67 62 0.81352146529882885 27 238 21 396 20 435 24 282 19 171 23 254
3231 -4.5714665238485814 0.34923018591256 0.58871170575952758 141 52 61 0.88036131445991472 27 239 21 400 20 438 23 255 24 284
3232 -4.8509539425812864 0.86887627514307475 1.5693641352517667 73 55 53 0.81659580930775921 27 273 21 452 23 316 25 225 19 771
3233 -6.249860688580875 1.4287168477630066 -0.17911185562402693 154 133 112 0.87191258112541581 27 1374 21 456 26 1013 18 803 16 218 14 583
3234 -5.4930210765872349 1.223952643705968 0.70007160845990357 174 130 96 0.70937362603052301 27 297 21 462 22 397 28 813 26 1016 23 333 25 233 19 218 18 256 16 241
3235 -5.1480438734586738 1.070521197477776 1.3634550189091077 141 134 123 0.61547015668285221 28 266 21 464 22 401 23 313
3236 -4.9585122873947274 1.0452436271614649 1.3381928937848926 91 87 78 0.80352221459501627 27 285 21 467 22 405 20 527 23 341 25 997 19 781
3237 -5.5425349267940867 1.4136367914406525 0.62475298932001644 113 65 62 0.48815794466292473 28 298 21 494 25 258
3238 -4.9858595260918905 1.1440817253848885 1.3597687725395375 45 40 36 0.86781673138322424 27 302 21 498 22 430 20 529 25 269 24 447 19 235
3240 -6.3758525631384924 1.6406215256029357 1.0003078398318093 86 63 6 0.898544624308378 28 309 21 519 23 357 25 283 17 306 15 252
3242 -4.9884998281865522 1.504851429527104 0.93655758835750835 106 89 62 0.52174746033284025 28 842 21 555 22 498 26 327 27 342 20 623 23 392 25 322 24 1330 19 820 18 356
3243 -4.6366070466674074 1.4800307285049676 0.93804223938227194 152 136 120 0.76292076874852943 27 365 21 561 22 502 20 1550 24 1336 19 841
3244 -4.5902042840383608 1.4492284503940382 0.93539082215889868 158 141 122 0.8378504364862549 27 975 21 564 22 506 26 1065 20 1549 25 333 24 1337 19 842
3245 -6.5870463954817575 2.0225967855728419 0.044975757753932324 105 98 90 0.98846301364473743 27 1001 21 580 26 348 23 412 25 1037 20 1534 19 808 15 970
3247 -6.6032657363231504 2.0706255679596834 -0.014429247048647427 26 19 9 1.1346597465701904 27 370 21 582 19 805 18 854 17 921 15 968
3248 -5.5800924760924966 1.7885919910402346 0.78201497330522263 107 73 52 0.60502942820653693 28 354 21 589 20 618 24 555 17 420
3249 -5.384526460754766 1.7892086132969349 0.88244823769382008 102 84 46 1.465130004746976 28 870 21 592 25 1085 18 895 17 1243
3250 -4.087845183754057 1.6436001912031211 0.59451988518850318 61 51 41 0.69274842892821586 27 418 21 632 22 625 26 1105 23 1275 25 1142 24 691 19 909
3252 -5.9408113248933034 2.1759400605099226 -0.47082870035976843 132 125 105 0.81989406018955047 27 425 21 653 20 762 22 608 25 406 24 600
3253 -3.9350593264055176 1.6373029701653288 0.65232779581702949 138 134 86 0.56663697907738331 28 372 21 669 22 1510 20 1622 19 912
3254 -3.1242400367575023 1.3894431031995 0.15880463291525562 64 45 41 0.62343308342404302 27 421 21 674 20 1627 25 478 19 928
3255 -5.690139984589039 2.2173795530738998 -0.6961883753236241 52 56 59 0.91487103563020633 27 440 21 694 22 1530 26 460 24 598 25 456 17 966
3256 -4.5673778662670292 1.9395827270454027 0.77497674176410702 149 75 48 0.48550908658886421 27 433 21 703 20 836 26 468
3257 -4.3171745231419205 1.9097465687686834 0.54857248751977239 113 92 73 0.78572168159388589 28 899 21 705 20 841 24 1468
3258 -4.7386757059435158 2.1746449704140929 0.64950879408988005 84 61 43 0.54185737261700639 28 1276 21 733 24 1870 18 1271 16 498 17 557
3259 -2.8110665192598843 1.5089131857793485 0.3388155824836 90 80 78 0.27183056129490762 27 437 21 742 20 885
3260 -2.8576010021837623 1.6827194625878399 0.43092556686982292 65 53 47 0.31314674448177648 27 455 28 404 21 771 22 737 20 942 23 1342
3261 -2.8805631056030094 1.9472839609383523 0.44999009786784405 122 103 89 0.5300446754088024 27 476 21 800 22 784 23 697
3262 -2.8679506823516885 1.939566619248362 0.42662503200426116 122 103 89 0.55339616308271911 27 477 21 801 22 785 20 971 23 696
3263 -2.6717728449606608 1.9858313543836692 0.38642244012480437 146 112 101 0.54872313358720126 28 425 21 814 22 799 23 710
3264 -3.9459604175504661 3.5647546119040876 0.59080874937086802 47 40 34 0.44636958570818708 27 502 21 863 22 858 26 561 23 749 25 625 19 999 16 539
3265 -3.8548261451275967 3.5322935876547898 0.6136518332833758 29 19 18 0.83162450982262714 27 1120 21 866 22 860 26 1260 20 2218 23 756 25 1253 24 1542 19 1346 17 1041 18 1295
3266 -3.7414264152817083 3.6532732242107313 0.728359755466367 95 90 92 0.35448110131832072 28 486 21 888 22 897 27 531 20 1056 23 778 25 651 24 939 19 1012
3268 -4.0703892854739117 3.8389907450851704 0.16826757464508962 104 86 85 0.44376150665756026 27 562 21 914 22 929 26 605 20 1063 23 780 25 1270 24 916 19 536 17 623 16 541 15 497
3269 -3.712731390359183 3.7285076508451933 0.31124093896023891 45 41 40 0.89190902094728242 28 521 21 929 22 949 20 1095
3270 -4.1757197952365548 4.1383775709665214 0.3049739127751897 78 59 53 1.4648399571529416 27 585 21 932 22 969
3271 -3.8134253676216465 3.8659293141425692 0.37368012040210341 65 64 69 0.53873266460453162 28 534 21 939 22 977 20 1094 24 959
3272 -3.7567089646376255 3.869407118776949 0.37334954400749831 17 18 22 0.71082814855810894 28 991 21 941 22 979 23 832 16 592
3273 -3.7679444743323596 3.8799387556344134 0.38249728155934443 17 18 22 0.73796780894785585 27 589 21 942 22 978 23 833 25 1284 28 992 24 1572 16 591
3274 -3.5046395829178429 3.7947632591051277 0.61974078386608478 28 23 20 0.40897936329553758 28 977 21 949 22 1689 27 1546 26 1301 20 2247 25 1296
3275 -3.7491571917636253 3.9405774487947891 0.39553792252887282 18 17 22 0.5038135605605033 28 567 21 966 20 1118 24 983
3276 -3.6818042357709131 3.8720226462830629 0.36808576509384644 20 19 25 0.72614245006644285 27 592 28 540 21 967 20 1119 25 701 17 688 16 617
3278 -3.423443639046313 4.0054714884212119 0.72864734146807908 42 39 50 0.7096601784878136 27 633 21 1000 22 1037 25 754 24 1065
3279 -3.436987779178216 4.0104363555950044 0.34570934905682826 187 181 186 0.68540009461054952 28 607 21 1021 22 1056 23 897 29 489
3280 -3.4279266938709578 3.9941480508561762 0.35209398626668575 42 37 44 0.48648086624918097 28 1039 21 1022 23 896 25 766
3281 -2.2124308253633918 3.6438990916942346 1.5926168207708962 252 212 189 1.5069261437779862 28 980 21 1039 22 1743 26 1377
3282 -3.3551197033971274 4.1336481068759987 0.70658365062016482 41 33 31 0.74997981539373437 28 1031 21 1053 23 907 25 1344
3283 -3.3562602911775525 4.232745728890233 0.78752832078398538 89 79 77 0.11878750738108172 29 491 21 1055 26 751
3284 -2.1969881990300726 3.6827120354150877 1.5356874872899235 98 53 20 1.2180243635481702 28 525 21 1062 22 1070 26 766
3285 -2.2240681415128787 3.7438422747789022 1.616338433965536 98 53 20 1.2607566425575134 27 645 28 526 21 1063
3287 -6.2643549903495268 -2.543270465503797 -0.8526121912806961 169 143 118 0.87144030429695329 27 17 21 1085 19 18 18 710 16 54
3289 -5.0981177883532514 -2.1097113347363865 -0.54962316150988344 36 18 4 0.81535481161265366 27 737 21 1113 22 1790 20 1915 23 1523 25 1360 24 1651 19 1087 18 720 17 80
3290 -6.6608599121633754 -2.4298302977250104 -0.45632617007538712 66 57 48 0.93291072940968944 27 60 21 1117 26 5 20 1216 23 957 25 810 19 631 17 134 16 121 16 716
3291 -4.0240356049731361 -1.4133524122433698 0.49143945292127533 70 65 59 0.57962662648721786 27 772 21 1151 22 1815 26 1465 23 979 19 646
3292 -4.1866621122144325 -1.6783164933528754 0.87546278694443991 81 73 63 0.85088593247094479 27 761 21 1152 26 857 23 980
3293 -3.8581670705605551 -1.5311289975122684 0.66101669494824877 16 39 26 0.93566887931024667 27 1271 28 621 21 1154 22 2213
3294 -4.698732358357514 -1.585332128374028 0.7034836616015695 106 99 92 1.2955439163077092 28 13 21 1156 22 1202 27 765 26 41 20 1261 25 837 19 1108
3295 -4.1915691351395079 -1.3211424642732896 0.48498244770090659 70 94 72 1.2705258461626925 27 784 21 1160 22 1213 26 50 25 858 23 83 19 652
3296 -4.0854342126749641 -1.3514972620395267 0.43732078583579892 87 98 81 0.56114827791992317 28 626 21 1162 25 842 19 648 27 100
3297 -3.9372978948190998 -1.4496198396897235 0.71078555112915753 15 24 7 1.1000514419511049 27 780 21 1166 26 861 22 1819 20 1258 23 1974
3298 -4.1735250543876203 -1.2711694014000281 0.44366041400148076 132 154 133 0.35579598067879353 27 785 21 1174 20 1278 25 859 23 84 19 653
3299 -3.8361794444411261 -1.180898416286462 0.43843290923799844 67 79 62 0.52417951659497797 27 121 21 1180 22 119
3300 -4.9031413685681242 -1.2596881033059224 0.47573095379901381 79 74 65 0.82557079193592042 28 647 21 1186 22 1222 26 1477 27 792 25 1391
3301 -4.7949682405912997 -1.2951698834910594 0.55705280243204192 169 162 152 0.46023389291025379 27 131 21 1190 22 140 26 881 20 1287 25 863 24 1145 19 656
3302 -4.9271925584794527 -1.285542294812593 0.60691444258636795 132 128 117 0.38594449366999967 27 133 21 1191 23 104 25 876 24 1143 19 665
3303 -4.8998719180929466 -1.2722380197872567 0.62781888717654311 165 161 150 0.54343746108161728 27 796 21 1192 22 1828 26 882 23 1582 25 877 24 1683 19 666
3304 -4.030717014698272 -1.0451120470316309 0.47131047522072672 145 146 132 1.202294929064698 27 812 21 1203 26 898 22 174 20 256 23 1584 25 1732 19 671
3305 -4.0380975182270946 -1.0454096594997582 0.47516096220155035 145 146 132 0.69291854578367829 27 811 21 1204 26 897 23 1585 25 1733 19 670
3306 -3.7821577225713567 -1.1067901199543067 0.73347807559101641 83 65 52 0.51560721775209295 27 1291 21 1207 22 1247 26 892 20 1299 23 1588
3308 -4.6073724621110363 -1.0190666080353259 0.56454708619875238 105 98 87 0.92920361417161879 28 668 21 1213 22 1250 26 1495 23 1025 25 883 19 1126
3309 -4.5767734437482162 -0.93108186589884656 0.56815459569470139 77 65 53 0.16164980492049896 27 817 21 1214 22 1256 20 1329
3310 -4.2239259316649944 -0.51850167848993622 1.4284128361382946 62 51 36 0.62315798191068084 28 698 21 1228 26 916 22 1847 23 1041 20 318
3311 -5.9879485321121368 -0.077553001825897194 0.69369926692158579 16 12 19 0.80587920882045572 28 119 21 1235 22 1296 25 908
3312 -4.6380528137305292 -0.013609493287975463 0.65270246188685332 79 13 0 0.9605071716201814 28 1136 21 1241 22 1300 27 198 26 941 20 364 20 1998 23 1614 25 1421 24 1194 19 1136
3313 -4.8429264184233052 -0.058631738669290487 0.89857051837651325 70 14 0 0.46311981484117853 28 716 21 1242 19 708
3314 -4.4484446717986552 0.031866025820320915 0.66792076444871262 116 66 59 0.57409524228546716 27 205 21 1243 22 1314 26 946 20 1388 25 920
3315 -3.8939290224024519 -0.18545066281820743 1.2258487050104179 50 47 1 0.65201887360130095 28 134 21 1253 22 265 20 1377 23 1065
3316 -4.5117976148420071 0.08200494853827188 0.67475880877859618 69 10 3 1.0900196023486486 27 868 21 1258 26 957 20 2016 23 1073 25 932 24 1204
3317 -4.5597336141024369 0.169987458423702 0.61798026591591215 150 150 138 0.86274931163908974 27 880 21 1261 22 1329 26 958 20 1402 23 1092 25 930 24 1217 19 723
3318 -4.0359905160344889 -0.028576894365062805 1.3117831062192999 37 31 31 1.2764082044815872 27 207 28 730 21 1265 22 1318 25 1425
3319 -3.8957120343127971 -0.027079946714129416 1.2395890439462904 120 121 112 0.44669943051173472 27 210 21 1266 22 1320 26 962 20 1395 23 1080
3321 -4.7779799307997175 0.21539492210880834 0.73530530462007959 79 14 18 0.13901607689413242 27 877 21 1278 25 1428 24 1214
3322 -4.6763693927367278 0.19339185661868652 0.7050726520107975 44 14 6 0.87643689748694309 28 740 21 1279 22 1328 26 970 20 1403 23 1090 25 954 24 1218
3323 -4.1984412539129057 0.27897021234840508 0.56784305235586241 157 114 94 0.78883964741634616 27 246 21 1280 22 1331 25 1430
3324 -4.7241467126263821 0.36314969235569322 0.45272270696013894 42 18 2 0.78625258869323777 27 894 21 1294 22 1354 26 985 20 430 28 206 23 1108 25 971 19 741 18 1121
3325 -3.6419074860991705 0.40492142494331135 0.9302663064888782 44 29 20 0.50467019648492228 27 265 21 1313 22 1905 20 1461
3326 -5.1163235081505478 0.85630653705322746 1.9823588504164407 33 26 20 0.80819602418983572 27 929 21 1321 20 1473 19 1174
3327 -4.7462813622797571 0.88829861896842099 1.8294021040776203 29 22 16 1.5124183338151376 27 1370 21 1322 22 1926 24 2302
3328 -5.529466193499526 1.2344501396492442 0.69144145552024305 137 93 63 0.65092022430478036 28 812 21 1325 22 1389 26 1015 20 520 23 1136 25 995 24 1264 19 777 18 813 17 276 16 239
3329 -5.5266609327835328 1.1712537115386104 0.72186424479929345 101 67 39 0.74347188185541246 27 1372 21 1326 26 1573 20 2065 25 1457 24 372 19 1455 17 1170 16 1290
3330 -5.0093386594194369 1.1379429923958642 1.4378915247730724 81 77 71 1.0126155436284927 27 945 21 1331 22 431 26 283 20 531 23 1141 25 270 24 1286 19 236
3331 -4.3727389857129602 1.1576436723424792 1.0164950286459933 71 62 60 0.617583721387157 27 319 28 834 21 1346 26 287 20 1517 23 1160 25 1030 19 260
3332 -6.0177196523324579 1.6217966633640293 0.33944047375591208 112 79 44 2.2252611119046604 27 1403 21 1349 18 818 16 1119 15 713 15 1119 26 1996
3333 -6.1602439686121393 1.6448318881450599 0.54479272529517098 62 35 14 1.1066732135077226 28 1213 21 1352 19 794 16 814 15 714
3334 -6.4459273364755614 1.6729177426122783 0.92511845954364746 80 51 7 0.64402067605449453 27 967 21 1354 22 1411 26 1040 20 1521 18 822 17 904 15 715
3335 -6.483286464409729 1.6785773095054877 0.94724643368977379 80 51 7 0.67854992626550759 27 968 21 1355 26 1039 20 1522 25 1481 23 2078 15 716
3336 -4.9396538235350409 1.3815067873670663 1.2620155553993586 112 100 88 0.96364711477517273 27 1746 28 844 21 1362 20 586 19 1215
3337 -4.2593278499693001 1.2538854173272194 1.2341217592013849 82 61 40 1.4262501758433652 27 961 21 1365 20 2084 23 403 25 1060 24 518
3338 -6.1057356491286408 1.7962543671712095 -0.27060519133805971 65 45 37 0.58392578856855581 27 982 21 1368 22 1421 26 1052 20 604
3339 -6.3232483501399068 1.8435381445721171 -0.15790413675480741 65 45 37 0.83987919540179323 27 983 21 1369 22 1420 26 1053 25 1018
3340 -5.8271846600914001 1.7237308524289656 0.85326975225498347 30 28 21 0.54458263868500123 27 988 21 1371 26 320 20 617
3341 -5.5937181631814381 1.6881070604827588 0.70948715392504846 118 83 77 0.6471430148777777 27 989 28 854 21 1372 22 493 26 1057 20 1542 23 387 25 1045 24 1781 19 817
3342 -4.356515916504045 1.4506165208638928 0.82620061275718015 26 13 3 0.74579106607522527 27 1432 21 1380 22 1966 26 1610 20 2094 20 2434 23 1209 25 1509 24 1373
3343 -4.4721222759555568 1.5927293254118791 1.2218805357757831 113 112 107 0.12732262573316486 27 996 21 1401 22 1461
3344 -4.0550870873351457 1.6406047038445619 0.72357512980306637 87 86 83 0.90699149044723582 27 1028 21 1423 22 2013 26 1107 20 1597 23 1276 25 1551 24 1449
3345 -4.1957780243308003 1.6782885759131057 0.88211658141964688 87 86 83 0.38820514767830683 28 887 21 1424 22 2014 27 1029 26 1108 20 1598
3346 -3.3443578025696636 1.3824397865897642 0.38773797577121877 100 99 98 0.61010020082788274 27 1018 21 1426 26 1109
3347 -6.0137671890638096 2.1758344999080159 -0.45608477590822177 22 16 1 0.52589272508637952 27 424 21 1430 22 606 26 1126 20 721 23 1259 25 405 24 599 19 335 18 402 15 361 14 333
3348 -3.885045962185786 1.5993007029233555 0.60976907304944683 10 5 1 0.72086775810810544 28 889 21 1440 23 1277 25 476
3349 -3.0895561077938218 1.5539209453053022 0.29797814280435642 112 62 58 0.39107504654687048 27 1047 21 1465 20 1688 23 1809 25 1576
3350 -5.207833101644094 2.2899769406163002 -0.18163109768614344 232 224 221 0.88830488679616104 27 1487 21 1473 22 1555 26 1188 20 1678 23 1309 25 1177 24 1461 19 422 18 978 16 483 15 440 14 403
3351 -4.7767692707280007 2.218185030550242 0.67016689024636611 142 121 102 0.78022949973541544 28 906 21 1475 20 875 23 1328 24 766 19 1314 18 1003 17 1013 16 499
3353 -2.9018984281689142 1.6177791736068148 0.32351175241750252 93 82 81 0.42664710762472186 27 446 21 1492 22 733 20 1717
3354 -2.8941968067479271 1.6586363157227484 0.31201007919901208 89 79 82 0.52282425812893529 27 1079 21 1494 26 506 25 1208
3355 -4.7498794155035702 2.41734595288034 0.053941246114671555 108 88 70 1.1956350980033237 27 1829 21 1506 22 1589 26 1215 20 2191 23 1829 25 1586 24 1893 17 1283
3356 -4.7336151308450907 2.4086516375010443 0.050967019061780645 108 88 70 0.65302575912346383 28 424 21 1507 22 1590 18 565 17 1284 16 505
3357 -3.044951585727389 1.7895173748214115 0.23520580371947844 161 111 97 0.66389880117151157 28 915 21 1512 22 1593 20 2194 23 1835 25 1897
3358 -3.1196036697006679 1.8454541982782562 0.32621428558138588 98 62 54 0.56492038627300756 28 412 21 1514 26 1219
3359 -3.1930685225954978 1.9297998468963282 0.29891654344696539 116 95 88 0.53516192891707259 28 919 21 1522 20 1731 23 1841 19 1552
3360 -4.73235708800404 3.2371473593911961 -0.90501902325881567 73 41 22 0.88363665212434306 27 1523 21 1543 22 1628 23 1362 20 1771 25 1235 19 975 18 1280 16 971 15 833 13 952
3361 -4.0015950553871571 3.5746964530124976 0.55050254644641261 125 117 120 0.64955190194540391 27 501 21 1550 22 853 26 1246 20 1791 23 1390 25 1245 24 880 19 988 17 1033 16 986 18 1037
3363 -4.0912391515506314 3.6290120776702017 0.32954980340114548 33 15 15 0.97510416607382666 28 942 21 1555 20 1018
3364 -3.9134959850590594 3.6491236830455365 0.39076684601649364 173 169 171 0.45298112311066874 28 945 21 1560 22 1648 26 588 20 1802 23 768 24 1546 16 985
3365 -3.8626632631688129 3.6226380856498088 0.41456792706283335 162 158 159 0.57857827742332568 27 523 21 1561 22 885 26 1268 20 1044 23 1399 25 1264 19 1353 16 554 16 994
3366 -3.8499558725276981 3.6013768789774399 0.45087035974952616 163 159 160 0.48350841670888428 27 522 21 1562 22 887 26 574 20 1806 23 1402 25 1265 24 1549 19 1354 17 1050 16 556
3367 -3.8952015118033843 3.5783446602930438 0.56705033346443101 31 27 26 0.84070630736736196 27 1530 21 1563 22 1637 26 1738 20 2217 23 1866 17 1038 29 396
3368 -3.9328688853543503 3.6459644839515879 0.33545906718709556 71 69 75 0.789631887500159 27 1131 28 955 21 1577 22 1647 20 2225 25 1262 19 1351 17 1307 16 982 15 1054
3370 -3.7152686845288967 3.6440791508900063 0.4097878339232095 32 33 38 0.66949057205746365 27 1538 21 1581 22 2106 20 2234 23 1887 24 1559 17 1063
3371 -3.6609998673814115 3.636723176698152 0.57676758320466115 49 44 47 0.83962189459752867 27 1135 21 1582 26 1271 20 1823 19 1022 17 1067
3373 -4.039528937816625 3.9829349943958006 0.26082178890839519 121 114 106 0.66258934415107418 28 988 21 1599 20 1832 22 972 23 1423 25 671 19 1028
3374 -3.7445999298805175 3.9023008519514564 0.39004053008881828 20 19 24 0.80939359056938565 27 1553 28 538 21 1605 23 835 24 981 17 1330 16 616
3375 -3.4908076528477139 3.8733056016309564 0.85675305800819124 94 74 73 0.61295110232436201 27 1158 21 1609 26 1302 20 1853 23 849 25 1298 24 1595
3376 -4.2146426822883294 4.1988907121222523 0.27313900776618838 85 67 65 0.96723711788112843 28 1005 21 1613 23 825 25 1280 27 1563
3377 -4.2393560919543978 4.2565356220243586 0.23963846192544344 85 67 63 0.97060187721701374 27 1564 21 1615 22 1694 28 581 26 1755 20 1840 23 1896 25 694 24 973
3378 -3.7397010448497938 3.9772020453751753 0.23305469061184711 44 41 44 0.77980892461670903 27 1186 28 1354 21 1618 22 1702 26 1315 20 1863 23 1447 25 1301 24 1585 17 1328 16 1023 15 873
3379 -3.7404161780067873 3.9795972653536436 0.23803448350515796 44 41 44 0.72156312812426404 28 1355 21 1619 22 1703 20 1864 15 874
3380 -3.7220960390433078 3.9314910275579713 0.39899377013090492 147 146 152 0.84771253466807972 28 1337 21 1621 22 1685 26 1316 20 1848 23 1436 25 1294 24 1573 17 1088 16 1027 29 1175
3381 -3.7281189225390166 4.0413996862485151 0.25195261996888535 107 101 101 1.9540967255644626 27 1580 21 1627 28 1027 20 2263 28 1024 23 1450 25 1302 24 1002 17 712 17 713 16 1039 16 1041
3382 -3.6725497601734105 4.0485508270862018 0.24687387516388656 153 143 152 0.64676863639606319 27 1198 21 1628 22 1024 26 1767 20 1873 23 1465 24 1601 17 716
3383 -3.6398035799964599 4.0047532990511048 0.29811066995571434 136 137 140 0.3062523607104834 27 1199 21 1629 22 1717 26 1344 23 1466 25 1306
3384 -3.4555759208734607 4.0485568685720752 0.83374327330596854 34 26 25 0.71679453126156289 27 1191 21 1631 26 1349 20 1880 23 885 25 755 24 1036
3385 -3.509557347342076 4.034989801394369 0.33487646006443661 35 30 34 0.58837092451096262 28 1036 21 1643 22 1053 26 703 23 1485 25 1322 24 1967
3386 -3.4030788818107025 4.0483270503449376 0.49935103007463721 70 60 65 0.51961277156722063 28 595 21 1645 23 1926 26 1784 25 1337
3387 -3.4869516542035539 4.1385514477778074 0.77399059706390405 128 125 119 0.51979100086789198 29 1182 21 1646 26 1346
3388 -3.3984004353129285 4.1345540408705688 0.75395158759575565 105 98 94 0.86778869851440488 27 1202 28 1030 21 1647 22 1737 26 1371 29 903 23 906 25 1343
3389 -3.4150103862668129 4.1041211408038647 0.48664674985091305 193 184 183 0.65380238798412293 28 1042 21 1658 22 1734 26 746 23 903 25 1338
3390 -2.4766134691398864 3.7594562842343766 1.3251446139733969 144 112 106 0.87032340769256311 27 642 21 1664 22 1740
3391 -6.2099423617065943 -2.4602570337168634 -0.99826679402791363 173 147 124 0.89383050627089633 27 692 21 1673 23 932 19 607 18 707 24 1076 17 67 14 494
3392 -6.2466290748874158 -2.4453327455413936 -1.0082864141209065 123 93 69 0.7644544478911498 27 689 21 1674 20 1894 23 1503 24 1629 19 1060 18 708 17 779 16 1053 15 884 14 495
3393 -6.2466290748874158 -2.4453327455413936 -1.0082864141209065 123 93 69 0.7644544478911498 27 688 21 1675 20 1895 23 1504 24 1630 19 1061 18 709 17 780 16 1054 15 885 14 496
3394 -6.0207420601048449 -2.4729839820680546 -0.52919731599480668 45 25 5 0.54357582892623679 27 1609 21 1685 22 1779 20 1910 25 1355 24 1645 19 1081 18 716 17 786 16 696 15 591
3395 -5.1793812527986596 -2.1908535048341036 -0.5938341068295111 58 50 33 0.69837416351986081 27 1241 21 1687 22 1139 20 1902 23 1520 24 1636 19 1064 18 64 17 787 16 676 15 883
3397 -4.3363403547936903 -1.7491760758363237 1.0618924865011159 18 24 17 0.99497566186302711 27 762 21 1713 26 858 22 1193 20 1254 23 981
3398 -4.7410565693577604 -1.2999220719376663 0.51120415185120893 112 105 95 0.60296694825933617 28 651 21 1722 22 1827 20 1968 25 1385 24 1679 19 1114
3399 -4.3830946924959688 -1.2646355568589076 0.55975813035807886 112 102 93 0.58908990097796965 27 1283 21 1725 26 1471 23 1575 25 1387 24 1680 19 1410
3400 -3.8224009571551454 -1.4054731425370068 0.99823948883821112 8 5 13 0.68990589622796106 27 790 21 1728 22 2229
3401 -4.9978886794805595 -1.3097005895052931 0.49335905885326459 146 137 128 0.3401311376368823 27 1282 21 1730 22 2231 20 2331 23 1988
3402 -4.3155207632195394 -1.2028777964070458 0.57134759331524254 117 110 104 0.40041465278307292 27 800 21 1733 26 1479 20 1295 23 1012 25 1388 19 658 28 33
3403 -3.9727592512955532 -1.1002120417752976 0.33936952505918494 116 113 96 0.13156396694229419 27 801 21 1734 26 1480
3404 -4.4030641170302722 -0.96735296702861584 0.55538875267121501 137 130 116 0.39143867033117574 27 1292 21 1740 22 1837 20 1975 23 1592 25 1744 24 2014
3406 -5.053854209237568 -0.24346782994304927 0.67357076733250087 109 89 76 1.0444440365421188 28 695 21 1749 20 1985 27 1955 23 2013 25 1748
3407 -6.493570085833194 -0.13568459471238831 0.94345506570255977 29 21 10 0.93983589878237583 28 1453 21 1751 22 1858 26 1512 23 1609 24 1706 25 1411 18 1334 17 1153 16 1090
3408 -4.6823726965598018 -0.075991222834104005 0.66615881112271791 121 77 0 0.69496549379563199 28 1135 21 1753 22 1861 26 1528 23 1612 25 1415 19 1134
3409 -4.630455350297586 -0.053112484081688428 0.8544195718579769 45 8 3 0.39643665188229521 27 849 21 1762 22 2269 26 1530 20 2000
3410 -4.6115011013662333 0.00061714511893236866 0.78485295919569553 66 14 0 1.1154147512531107 27 866 28 1146 21 1763 22 1862 26 1531 20 2014 23 1625 25 1763 24 1715 19 1434
3411 -4.9707583946872482 0.21102924492999608 0.599257632966256 144 122 114 1.2648059651268446 28 738 21 1767 22 1885 20 2369 23 1088
3412 -4.3530907827983158 0.046383033703093983 1.210146441438211 62 55 49 0.3283735369193454 27 1325 21 1770 22 1876
3413 -4.953463547066093 0.2444627523425047 0.47672292253077542 157 149 147 0.47966026727703259 27 874 21 1775 22 1326 20 1399
3414 -4.8774615734057907 0.41463600991209382 0.52804424221005697 116 88 41 0.87823095410808416 27 1343 21 1783 26 1557 20 2042 23 2039 25 1781 24 2038 19 1445 18 1344
3415 -4.7230850892921783 0.36403096631775406 0.51425896109588276 135 100 78 0.71602198818051166 27 1346 21 1784 22 1355 26 986 23 1644 25 1437 24 279 19 1161
3416 -4.6991881725793201 0.4225815880433863 0.54720778651806823 131 110 92 0.60865526787044077 27 901 28 1173 21 1787 22 1896 26 987 20 2043 23 1654 25 1438 19 751
3417 -4.6830435047455863 0.42427147676601207 0.53101573394803392 131 110 92 0.50325334306268066 28 1172 21 1788 22 1897 26 988 20 2044 23 1653 25 1439
3418 -6.6762318904082791 0.8927157683904241 -0.40494539782044059 187 180 170 0.69270492760553348 27 912 21 1794 22 1378 20 1459 17 205
3419 -6.9373060056736504 1.0171569701857825 -0.26255728815069351 145 135 123 0.86498079663640715 27 919 21 1795 22 1910 20 1466 24 1249 18 223 14 578 15 922
3420 -5.2308532840107178 1.0036641032049436 1.4360869758781294 127 119 108 0.57173943403366811 27 1721 21 1801 20 2398 19 1457
3421 -5.393855534867674 1.1807620251419781 1.3731092604116715 126 116 104 0.41836006773450779 27 943 28 1514 21 1807 22 1928 26 1017 20 2067 23 1685 25 1471 24 1265 19 778
3422 -5.4756002074722216 1.1884504368673143 1.4551691782658454 126 116 104 0.25998000507477648 27 944 28 1515 21 1808 22 1929 23 1686 25 1472
3423 -6.0992331332557486 1.5618430819357083 0.0045270614390767617 138 103 64 1.1609015562650156 27 1390 21 1810 22 1930 20 1501 23 1148 25 1005 24 1273 24 1760 18 810 17 889 15 212 14 831
3424 -6.0790847655166234 1.5603437326644756 -0.012243654429481969 138 103 64 1.0513287908737439 27 1389 21 1811 22 1931 25 1006 24 1761 18 811 14 832
3425 -5.3242852548443924 1.2095566255036789 1.4410764356398129 47 48 46 0.99453669543346135 27 1376 28 814 21 1817 23 1138 23 1687 26 1988 25 1473 24 1281
3426 -4.9567620402690542 1.2735386449380088 1.1754865529101417 44 36 43 0.87272660581623851 27 958 21 1818 22 1940 23 1699 20 1515 24 1767
3427 -5.9925840493227636 1.6474406007553271 0.47439599712448194 104 81 67 0.74164729823336761 27 1405 21 1822 22 1934 26 1590 23 1165 25 1478 24 1771 19 1200 18 1366 17 1399 16 1130 15 1131
3428 -5.962585118437052 1.6405798056420351 0.45724065035620803 104 81 67 0.80751770838731585 27 1406 21 1823 22 1933 26 1591 25 1479 19 1201 18 1367 15 1132
3429 -6.2778561200346576 1.6875093519532443 0.81863372472240903 103 81 62 1.264223912805656 27 1407 28 1214 21 1824 22 2328 26 1594 20 2417 25 1817 18 840 17 903 16 1131 15 947
3430 -4.1002326668530911 1.2571375327810117 1.0056958307867454 22 3 1 0.95385338097843331 27 1419 21 1826 22 1438 26 1051 20 2085 25 1059 24 1788 23 2096
3431 -6.4378673138803544 1.8786724029239512 0.31952260620572903 41 28 18 1.2275349464081964 27 1425 21 1828 22 1943 26 1599 23 1705 24 1770 18 838 17 922 16 1129
3432 -5.3803253025416762 1.6257395272219102 0.58716310187864562 106 46 45 0.83244730455813509 28 1228 21 1832 25 1043 23 1175 24 1782
3433 -5.4166570136701999 1.65302100494923 0.78005853202450381 92 36 3 0.51275029601476152 28 1230 21 1834 22 1431 26 1060 20 2091 27 990 23 1722 25 1490 24 1783 19 1211 18 1183 17 1220 17 1431 16 1322
3434 -6.0484422454058508 1.8961309015252361 0.036503366963650349 92 87 81 1.2338659145875024 27 1771 21 1843 26 2013 23 1195 25 302 17 1415 16 1318 14 1018
3435 -4.4780338001087427 1.4954665545611707 1.0198067311028582 150 148 129 0.69171306741531735 28 1539 21 1848 20 2435 19 1493
3437 -6.6853417437020415 2.2161178063118876 -0.038586629794702426 26 19 13 0.61227559668951581 27 1450 21 1859 22 1980 26 1634 20 1568 23 1743 25 1077 24 1363 19 1489 18 1178 17 1430 14 1016
3438 -6.1406177311868557 2.1610313906583221 -0.016378321097383935 31 20 16 0.84211527507126638 27 1471 21 1861 22 2006 26 1636 20 2124 23 1744 25 1526 24 1800 19 1254
3439 -6.1991602935038479 2.1862693379379938 0.019531569638407485 31 20 16 1.1017225166453419 27 1470 21 1862 22 2007 25 1527 18 887 15 368 14 343
3440 -6.6517524595349515 2.2223124392709637 0.5417649507064769 92 93 87 1.1369356191576836 21 1863 22 1479 26 388 21 1411 20 672 20 2445 23 483 25 359 19 1490 27 1451 17 1218 18 888
3441 -6.1104844927752842 2.1759470437217479 0.70536181744540472 49 44 41 0.77363093695385221 27 1455 21 1866 28 893 20 1587
3442 -5.4711408383056908 1.9763789445223006 0.98808809437818135 72 55 26 1.1582473486037121 27 1458 21 1867 26 1101 23 1771 25 1531 24 2114
3443 -4.7069216475645907 1.8517081912271249 0.81914249799173833 46 33 34 0.438930086316837 28 1255 21 1894 23 1772 18 1259
3444 -4.1472696266110542 1.7613148767089954 0.55482554815733076 88 88 78 0.81113330536285466 27 1475 21 1896 22 2012 26 1666 20 2152 23 2153 25 1876 24 2140
3446 -4.1167127228275504 1.9767376223972517 0.59910911882354967 126 102 86 0.9030512106328219 27 1482 21 1927 22 2051 20 2179 23 1819 25 1581 24 1889 19 1536
3447 -4.0933319929834662 1.9654970408302797 0.57014513083036766 126 102 86 0.77288398325375118 27 1483 21 1928 22 2052 20 2180 23 1820 25 1582 24 1888
3448 -2.9022632368443402 1.5390190577917189 0.40365856022484209 118 95 98 0.98926408935941657 28 388 21 1933 22 1569
3449 -4.6433141931928956 2.2049064010155535 -0.19142245012091219 8 4 1 0.72226193347343792 27 1496 21 1937 22 1576 26 1695 20 1706
3450 -4.7342747445422653 2.314723208476321 0.40732606042534925 35 23 27 0.65200154003146238 27 1818 21 1938 22 1578 20 1709 23 2174 25 1578 24 1885 19 1544 18 1446 16 1365 15 1041
3451 -4.7252531975457739 2.3200851372512288 0.66248970934607398 87 62 44 1.0556673707523117 28 1580 21 1940 24 2157 19 1546
3452 -3.1995055290939169 1.8061790730760596 0.24891763135331577 119 105 104 0.39532206829561489 27 1492 21 1949 23 1834 25 1588
3453 -3.0480887403411252 1.9280885940856725 0.28202689682324122 112 97 88 0.28035702592418715 27 1507 21 1954 23 1842
3454 -2.4146556394926679 3.493490845471849 1.6813022505884994 196 134 102 1.3297309490432141 27 1540 21 1986 22 2117 26 1763
3455 -3.8984653626755734 3.9654959591604078 0.18164559339098083 104 89 86 0.95111672375681111 27 1565 21 1987 28 1335 26 1756 23 1897 22 1678 25 1289 17 1072 15 861
3456 -3.8430181313963474 3.9412122460929022 0.18151859600017284 134 123 125 0.95580673344174272 27 1566 21 1988 22 1700 28 1007 26 1757 20 1844 23 1898 25 1634 24 1936
3458 -3.4714306507507993 3.9306343775445702 0.62485692433455464 28 24 31 0.54298334652755575 28 1343 21 1996 22 2123 20 2578 25 1654
3459 -3.7788803061322307 4.0905479238434124 0.3992562668457319 41 39 40 0.79518522041491468 27 1569 21 2003 28 1026 23 1452 24 2216
3460 -3.5771020593218834 3.9507038456803976 0.28801854788569131 34 36 38 1.574305882949655 28 1357 21 2005 23 2245 24 2403 28 1863
3461 -3.4953898779558767 4.0977811319368156 0.71518268118706751 35 27 25 0.54082435045271626 28 1344 21 2012 22 2143 23 1918 25 1667 24 1969
3463 -2.1938865276900148 3.6847661223149575 1.7374770867014953 253 212 179 1.5714376173072382 27 1560 28 983 21 2026 22 2156 26 1788
3464 -3.3482074539554008 4.1814676807958877 0.76014316188744202 140 131 129 0.49595296669187744 28 1043 21 2030 22 2152 26 1796 23 1940 25 1689
3465 -5.0243496911609782 -2.2119881189423745 -0.63493601462920657 128 111 90 0.31840982654247812 27 1603 21 2036 18 1309 17 1113
3466 -4.6379464651325817 -2.4988275727170222 0.17181298518381236 94 81 64 0.60578875707618451 28 1650 21 2040 20 2275
3467 -6.1401631689308855 -2.4647696637601895 -0.46444045907403358 92 73 56 0.94156983142390116 27 1240 21 2044 22 1146 20 2288 23 1529 20 1920 24 1647 19 1082
3468 -5.1833549852645389 -2.1183787090158606 -0.53914566961242705 49 37 23 0.49701255356314028 27 1614 21 2045 22 2188 20 2280 23 1945 25 1692 24 1976 19 1385 17 1353 16 1055
3469 -6.6781949964939988 -2.4486006473504305 -0.48111152626597486 161 154 138 0.43276058872621015 27 1616 21 2052 26 1856 20 2294 23 1949 24 1983 19 1391 17 1358 16 1263 15 1084
3470 -6.6676430294412823 -2.0418558378348113 -0.38668261317457003 116 98 74 1.9735731041227562 27 1627 21 2060 22 2508 23 2477 25 2156 24 1991 19 1611 17 1371 16 1080 15 1316
3471 -6.4357428156001744 -2.1169844978416323 -0.050996263521074635 46 30 14 1.3390293660386305 27 1629 21 2062 22 2206 26 1867 20 2304 23 971 25 1710 19 1100 17 1143 16 1081
3472 -3.940216413248959 -1.6504574149864744 0.76553177156729502 22 32 17 1.7709903736771739 27 1632 21 2068 22 2208 26 2214 20 2599 23 2284
3473 -4.5805724853764884 -1.5275039183332517 0.64656032410258635 207 200 192 0.49718721690248191 27 1638 21 2073 22 2217 20 2315 23 1972 25 1718 24 1998
3474 -4.6181270768896674 -1.4736885335334096 0.60513088958925221 103 94 83 0.64444190931815715 27 1273 21 2074 22 2517 26 1884 20 2314 23 1970 25 1381 24 2001 19 1401
3475 -4.2974524826789784 -1.2974202422363619 0.54826558296135619 69 80 64 0.34640526607597377 27 1277 21 2082 22 2225 26 1895 20 2325 23 2294 25 1988 19 1404
3476 -3.8788798901231778 -1.2715895101256531 0.7744140723856151 27 25 4 0.47246336243757692 27 1648 21 2085 22 2236 26 1900 20 2329 23 1983
3477 -3.9022641967965597 -1.1510780742730657 0.75830141462329537 44 21 7 0.58996138186348757 27 1290 21 2089 22 2239 26 1484 20 2338 23 1998
3478 -4.9354981524432215 -1.0868908862016673 0.52208523335267387 165 158 146 1.0491274052561097 28 1402 21 2094 22 2707 26 1907 20 2342 23 2299 25 2165 24 2010
3479 -3.7391831271520295 -0.4180842323956892 1.1236164187284012 90 80 77 0.95785058197993722 27 1304 21 2100 20 2355 23 2311
3480 -4.8708070140681556 -0.30415705130800075 0.61349926247656283 85 39 33 0.74550227695998184 28 1436 21 2103 26 1930 23 2010 25 1746 19 1426
3481 -6.9849840858368282 -0.088607822642369799 0.44136438188035526 169 161 140 1.2129151511998191 27 1954 21 2104 22 1851 26 1936 20 1996 20 2360 25 1409 18 1333 16 1274 15 142
3482 -4.2831044073164888 0.056160209706740731 0.57752147613213789 111 90 78 1.1321950410475499 27 1678 21 2108 22 2278 26 1950 20 2632 23 2322 25 2013 19 1631
3483 -4.2565380272845372 -0.08320193841796121 1.1170881164478639 48 41 35 0.88647501792708938 27 1318 28 1459 21 2110 22 1867 20 2362 25 1766
3484 -4.3664588949685541 0.17986773576303938 0.62551275065624845 34 12 7 0.66935237061770381 27 1324 28 1474 21 2116 22 2283 26 1957 20 2372 24 2275 25 2177
3485 -4.4873169911327864 0.189605536779267 0.82449875739642386 74 62 54 0.23610938413011398 27 1684 21 2122 22 2284
3486 -4.5621432402683064 0.41199707375455419 0.55043056155540138 126 85 68 0.68842997824894114 28 1493 21 2127 22 2289 26 1962 20 2384 23 2044 25 1782 24 2040 19 1446
3487 -4.504260761753538 0.43662356784129419 0.59800904919442766 134 100 80 0.79512553122393881 27 1705 28 1494 21 2129 22 2298 26 1965 20 2388 23 2338 25 2025 24 2288 19 1646
3488 -2.7658096555012466 0.36259283718093632 0.060123375397017946 60 40 29 0.43932943656662815 27 909 21 2135 22 2295 26 1967
3489 -4.6582304655581384 0.49040833962931024 0.60229556837222142 45 22 4 0.8049005818683107 27 1357 21 2136 20 2383 19 1449
3490 -5.0533613127486658 0.88924362108012323 1.5311548497322602 26 10 10 0.90701918046007601 28 1505 21 2147 22 1917 20 2399 23 2060
3491 -4.9716079116674692 1.2391422785131023 0.87216188045192844 50 55 87 1.2480380322955917 27 1732 21 2153 22 2318 26 1987 23 2082 25 1811
3492 -4.2903772615306419 1.1468117488877085 0.88715017199163737 74 64 63 0.62057473028657451 27 1748 21 2155 22 2321 26 1991 23 2085 24 2070 19 1661
3493 -6.1483028456312585 1.6131188872929376 -0.10615821953600055 93 56 27 0.791182924176424 27 1752 21 2158 22 2322 26 1993 20 2410 23 2072 25 1463 24 2061 19 1461 18 1354 17 1392 16 1115 15 1113 14 995
3494 -6.1247700823699516 1.6085147056128593 -0.12207912449785779 93 56 27 0.66978324160698433 27 1751 21 2159 22 2323 23 2073 25 1464 24 2062 19 1462 18 1355 16 1116
3495 -5.9961084494339678 1.6512770227648343 -0.032415914748386961 139 106 55 1.3691708729549934 27 1755 21 2161 22 1932 22 2325 23 1692 25 1815 24 2064 18 1360 17 1178 16 1117 16 1292 14 996
3496 -5.9919900822890595 1.5810589504706425 0.020645348423219578 149 118 88 0.78521957638687256 27 1754 21 2162 22 2326 26 1995 20 2411 23 2074 25 1804 24 2065 18 1359 15 938 14 997
3497 -4.3916427316695614 1.2849932573590166 1.1216043729471692 126 123 114 0.99007269879408344 28 1522 21 2165 22 2333 26 2002 20 2665 23 2094 25 1829 24 2090
3498 -4.0173064094132682 1.2984465810710097 0.88511802741156442 14 9 5 0.87350491640437633 27 1761 21 2169 22 1953 26 2009 20 2437 23 2116 25 1830 24 1789 19 1685
3499 -3.2292694273121585 1.1145848733657808 0.67713542394110626 59 82 112 0.75593609149408758 27 1422 21 2170 22 1956 20 2440
3500 -6.1861890541667277 2.0165077555015443 0.6477877749648927 40 33 29 1.3946293157790002 28 1779 21 2176 26 1621 25 1502 23 1199 19 1678 18 1522
3501 -6.2923611272227857 2.0595497157976368 0.80261553382990625 30 23 18 0.96017274393920382 28 1553 21 2177 26 2016 20 2447 23 1747 25 1503 16 1343 15 1163
3502 -5.4757647008838495 1.8512022388760232 0.72780982008798878 99 72 50 0.60262008525463651 28 1554 21 2178 24 2097 18 1395
3503 -3.1249256464757447 1.2178132771448347 0.27503530519757119 61 86 132 1.6998789926322833 27 1770 21 2183 22 1970 26 1629 23 1244 20 2108
3504 -6.2135929070874703 2.0956315875475515 0.73583297881264909 54 44 43 0.7061360908157791 27 1788 21 2191 22 2357 26 2032 20 2449 23 1748 25 1846 24 1802
3505 -4.1471351525220221 1.5792509791963136 0.46488857160499875 106 102 94 0.8265497201032902 27 1779 21 2195 26 2038 23 2141 25 1851 24 2119
3506 -4.6238888447907556 1.8309741626941816 0.76486049385152433 50 32 31 0.60545412596729098 28 1559 21 2206 22 2606 26 2051 20 2701 25 1868 24 2341 19 1523
3507 -2.8502472264761987 1.3357824912269674 0.32108338415121768 35 34 39 0.61714422952852754 27 1464 21 2209 23 2392
3508 -4.5437415892884756 1.9111315450410125 0.66958126317869004 112 64 42 0.52265599509884886 28 1566 21 2215 22 2383 20 2700 23 2151 19 1712 18 1560
3509 -2.9616962459576239 1.4432835390623682 0.20985255384275717 56 63 65 0.83696953983838673 28 1563 21 2220 20 2495 23 1810
3510 -5.4054051034976105 2.316685654495259 0.068466706980034639 31 27 24 0.64784930537213292 28 1578 21 2224 24 2136
3511 -2.8148121537483495 1.4780425653457918 0.29990379664400263 39 38 35 0.69837706842813962 27 1801 21 2229 26 2323 20 2716 23 2406
3512 -2.9103065033189917 1.5807444408590607 0.33859781544215728 72 69 68 0.47699571606157337 27 1810 21 2230 20 2509
3513 -4.7701019331913814 2.4169267915139785 -0.097873410022778939 40 26 21 0.8169815621736034 27 1826 21 2236 26 1706 23 2170 25 1894 24 2164 18 1443 17 1476
3514 -4.7141372642884489 2.3893403490131608 0.10525383419805863 114 77 51 0.89912857349774999 27 1505 21 2237 22 2405 26 2069 20 2192 22 2063 23 2172 24 1894 19 1543 18 1445 17 1477 15 1189
3516 -2.9929731384388374 1.8858226454315079 0.27995135452426984 66 56 56 0.78208258081626147 27 1830 21 2242 22 2415 26 2079 20 2740 23 2416 25 2101 19 1726
3517 -2.7634233265376094 1.9555317282354829 0.39245857711713239 93 59 47 0.80754753879429264 27 1837 21 2245 22 2639 26 2084 23 2423
3519 -3.860237125469447 3.6919026775501536 0.25310776551425768 164 159 152 0.30640289225398204 27 1863 21 2263 22 2439 20 2769 19 1745
3520 -3.9349525929162779 3.7895421970159253 0.11867280361667362 126 120 115 0.372049783252202 27 2085 21 2267 26 2118 20 2559 20 2772 23 2219 25 1923
3521 -2.5421139081819466 3.6354843851011172 2.5853531430314436 25 20 31 0.90734987136366563 27 2078 21 2270 22 2443
3522 -2.5503679319663402 3.783762558306667 2.659363735845349 39 30 48 1.3251444476321983 27 2206 21 2271 28 1952 22 2449 26 2134
3523 -4.248947501214432 4.1244917073775307 0.35617181243703006 35 16 11 0.73509849598648336 27 1875 21 2274 22 2661 26 2363 20 2237 23 2439 25 2123 24 2392
3524 -4.003372576480178 4.026664376004863 0.22900666923946433 143 129 123 1.5379094280534908 27 1877 21 2275 28 1334 22 2112 26 1292 20 2240 23 2445 25 1932 24 950 24 2395 17 1071 17 1619 15 853
3525 -3.8085213220545464 3.9213709326780122 0.30238605812685609 22 26 27 0.68689006194259716 27 1880 21 2276 23 1900 25 1638 24 1937 17 1505
3526 -3.791229838955728 4.0004512637285501 0.29189237018005759 128 129 130 0.30754658039579291 27 1892 21 2281 22 2458 26 2136 20 2571 23 2237 25 1938
3527 -3.7513965702586094 3.9613821467755725 0.37493906431151569 31 30 35 0.72537272521449025 27 1555 28 1629 21 2282 22 2119 26 1758 20 2249 24 1938 24 2205 17 1507 16 1403
3528 -3.7233371406804214 3.9806657123644604 0.40966874142629006 11 12 17 0.37917415780602109 27 1894 21 2283 26 2137 20 2573 23 2238 25 1940 24 2215
3529 -3.665440631324286 4.1104901177501674 0.28214133804855768 45 38 47 0.63897128345684351 28 1642 21 2296 22 2475 26 2147 23 2244 25 1953 24 2221
3530 -3.4791538652514862 4.0470958442997418 0.31733295412596885 179 173 175 0.54481338890509312 29 1403 21 2297 22 2476 26 2148 23 2257 25 1963
3531 -5.2821500990253494 -2.0596871405030193 -0.48864077966032227 89 66 50 1.4450589433918961 27 1618 21 2308 22 2693 23 2472 25 1697 24 1981 19 1605 17 1636 16 1261
3532 -6.1385137619432291 -2.0634989740686152 -0.081971252138656095 107 94 77 0.83492992956233747 27 1926 21 2313 22 2506 26 2207 20 2597 24 2243 18 1328
3533 -3.8354724916920686 -1.8680056088968096 0.84379496398290321 86 79 68 1.4969419816449092 27 1928 21 2316 26 2418
3534 -2.6011762777677676 -0.67209630276190535 0.49037138312178286 238 201 193 0.54820319889584579 28 1410 21 2331 22 2525
3536 -3.8905962389541293 -0.34866152199933859 1.2965589656074332 113 103 94 0.65408573654467339 27 1671 21 2340 22 2266 26 1934 20 2623 23 2313
3537 -4.1112052057062556 0.062551642534461521 0.46235550945116693 61 53 51 0.43096290025687461 27 1679 21 2344 22 2543 26 2239 23 2498 25 2170 24 2419
3538 -4.2704411126293742 -0.15312008490731427 1.1906997171019524 44 36 34 1.553511329420072 27 1963 21 2347 22 2537 23 2316 25 1767 20 2004 22 1308 21 1248 26 948
3539 -4.2134200157259158 0.10789507462099077 0.81582048103210014 63 52 50 0.86016218320356719 27 1686 28 1719 21 2352 23 2506 19 1635
3540 -4.1575607774530861 0.11122977627759008 0.74805741549912197 63 52 50 0.8876794370136345 27 1687 21 2353 22 2720 26 2446 20 2819 25 2175
3541 -4.3887539100567112 -0.0011441105531162761 1.3890303719673509 65 57 55 0.89824706430208379 28 1711 21 2355 22 2545
3542 -5.6926284465274994 0.38612947399668657 0.69476256469131503 8 7 14 0.68099699824877946 27 1980 21 2358 26 2453 20 2641 23 2508 25 2176 24 2422
3543 -5.0933701490864642 0.37774351109533255 0.48196046670803494 90 73 56 1.6045312417720683 27 1693 28 1906 21 2361 22 2729 20 2375 19 1443 17 1379
3544 -4.8265579328268959 0.33592106449515913 0.39900708100188254 145 80 64 0.49074313472062459 28 1726 21 2362 23 2334 25 2021 24 2282
3545 -3.9514087624985619 0.11278630345591209 1.2726040598437718 27 18 20 0.56521787579623084 27 1979 21 2366 22 2727 26 2257 20 2821 23 2511
3546 -6.8441950749016982 1.0543218660419482 0.61726870740901352 166 153 136 1.3010755334863133 27 1713 21 2373 24 2046
3547 -6.4837642948962779 1.3499627526426623 0.93730588771133994 114 100 87 0.84743777286603461 27 2167 21 2375 22 2740 20 2653 28 1752 23 2519 25 2187 24 2298 18 1614 17 1549 16 1453
3548 -6.4990426334560976 1.3516554684973716 0.95140207169705104 114 100 87 0.63407059841520752 27 2166 21 2376 22 2739 23 2520 25 2186 24 2299 19 1791 18 1615 17 1550 16 1452 15 1325
3549 -6.4259108766758049 1.4649836560403346 1.0640301465388171 100 92 82 0.93563529479472984 27 2005 28 1758 21 2380 22 2567 26 2268 20 2654 23 2348 25 2033 24 2300 19 1653
3550 -5.9394228117320447 1.5723549623249571 0.064770370118424875 133 93 53 0.71838009852170215 27 2015 21 2382 22 2571 26 2271 20 2661 23 2075 25 1805 19 1656 17 1554 14 1105
3551 -5.9449872323847135 1.5736501607000086 0.068061524425855627 133 93 53 0.65192719945616762 27 2014 21 2383 22 2570 26 2270 20 2660 23 2076 25 1806 19 1655 18 1505 17 1553 16 1455 15 1239 14 1104
3552 -5.0779494837694417 1.3929242281885714 0.89959165791368767 38 33 38 0.45202561652790524 28 1927 21 2386 26 2273 19 1798 18 1630
3553 -4.881598899784044 1.3223760025618525 0.99645101765480537 41 30 31 0.76758244403050457 28 1759 21 2388 22 2331 26 2274 20 2658 23 2350 24 2076 19 1476
3554 -6.55927032914372 1.9106338664826923 0.53461903900439789 40 29 22 0.64122553817086969 27 2021 21 2392 22 2576 26 2276 20 2668 23 2351 25 2037 24 2306 19 1664 18 1507
3555 -6.6482100205667267 1.9924535242780261 0.69408436981744515 81 74 66 0.72241413879741112 27 2022 21 2394 22 2585 26 2279 20 2670 23 2356 25 2039 24 2314 19 1666 18 1517 15 1255
3556 -2.7703930496628537 1.0151203372977697 0.22872662703360394 80 40 20 1.5583986041644038 29 1497 21 2397 22 2755 26 2286 20 2855
3557 -6.6673176923664474 2.0738786283952759 0.65668445277025711 50 47 42 0.5462980535226597 27 2025 21 2400 22 2345 26 2014 20 2678 23 2103 25 1835 24 2082 18 1519 19 1668
3558 -6.435158073304418 2.0080807257170492 0.67852732345567224 35 26 21 1.3963590926841101 27 1773 21 2401 22 2586 26 2290 20 2425 23 2536 25 2208 24 2446
3559 -6.3810537267066714 1.9919991092279914 0.64155790735947293 35 26 21 1.2547428136476582 27 1772 21 2402 22 2587 26 2289 20 2426 23 2537 25 2209
3560 -6.7883283074411729 2.2242655890272003 0.70289859613223948 81 78 73 0.79042420322673357 27 2183 21 2408 22 2356 26 2294 20 2679 23 2366 25 2048 24 2320 19 1811 18 1649 17 1575 16 1341 15 1267
3561 -5.972775262040213 2.1749588707635077 -0.0073276222071543629 22 22 22 0.77436269992612861 27 2044 21 2417 22 2605 26 2308 23 2140 19 1503 18 1532
3562 -5.972775262040213 2.1749588707635077 -0.0073276222071543629 22 22 22 0.77436269992612861 27 2043 21 2418 22 2604 26 2307 23 2139 19 1504 18 1533
3564 -5.0984606224383127 2.3316299744068956 0.025203873894226403 35 22 22 0.7793419173016698 27 2060 21 2435 22 2622 26 2325 25 2081 24 2148 15 1181
3565 -3.1087927462793878 1.8978472723753712 0.26742967959138697 72 53 59 1.0669362414506001 28 1585 21 2449 22 2634 26 2072 20 2522 23 2574 25 2100 19 1556
3566 -4.7864677649796947 2.7969213807212094 -1.0022858870400155 69 38 27 0.61367915319629984 27 2199 21 2466 22 2650 26 2349 20 2751 23 2422 25 1901 24 2375 19 1725 18 1572 17 1481 16 1371 15 1190 14 1147 13 1497
3567 -3.8072118043519994 3.6033544056976923 0.51886173703684524 45 41 42 0.70843082991243356 27 2084 21 2472 22 2655 20 2766 23 2434 25 2120 24 2387 19 1743 17 1613 16 1506
3568 -3.7606007486651851 3.6013735449107336 0.71759569490005159 110 109 107 0.80173128307421238 27 2082 21 2473 26 2357 20 2902 25 2257 24 2491 19 1859
3569 -4.1274458497781055 4.0376955547443094 0.16700566067197389 112 93 87 0.88121224805595377 28 1848 21 2478 22 2665 19 1751 16 1508 17 1502
3570 -4.0595254304674562 4.0360531698743909 0.24025169465514903 77 58 52 0.6090473242820319 28 1849 21 2479 22 2666 27 1876 26 2365 20 2775 23 2441 25 2129 24 2393 19 1752 16 1393 15 1301
3571 -3.9427022148512076 3.8714660567766046 0.21920349604585471 27 22 20 0.53015263494641118 27 1870 21 2480 22 2663 26 2366 20 2773 23 2442 25 2128 24 2492
3572 -3.8960702532419522 3.8220031716562621 0.16897297619323848 27 22 20 0.64163747575287533 27 1869 21 2481 22 2662 26 2367
3573 -2.4555056077413884 3.5296301723961419 1.9050970737840525 216 152 117 0.80748868013044206 27 1861 21 2484 22 2457
3574 -4.2712442141478721 4.298892199620215 0.2093165914123391 163 148 141 0.9257352360671538 27 2098 28 1967 21 2487 22 2790 26 2516 20 2906 23 2444 25 2131 24 2494 17 1618 16 1511 15 1298
3575 -3.5976141804218749 3.8311969619915152 0.34666609569654733 10 10 18 0.27577666839323878 27 2093 21 2488 22 2667 20 2781
3576 -3.7192516328068406 4.1212873820984441 0.35986135019330839 42 38 44 1.1720924364958507 28 1968 21 2489 22 2797 26 2519 23 2589 25 2266 24 2402 24 2567
3577 -3.593542440579979 4.0964047566191439 0.35364791984829813 48 43 44 0.54954945024931567 29 1548 21 2493 22 2677 28 1869 23 2453 25 2138 24 2407
3578 -2.2875967068956862 3.6518098254263509 1.5993354952414289 199 152 129 0.93691576989288283 27 2095 21 2494 26 2385
3579 -6.1724812320941638 -2.2283680433732167 -0.504822529788167 117 96 68 0.91551143794006706 27 2122 21 2505 22 2694 26 2412 20 2792 23 2471 25 2153 24 2239 19 1755 18 1485 17 1639 16 1265 15 1313
3580 -4.1015403152592915 -1.354533360052808 0.41418290092461874 91 101 86 0.87064104014784927 27 2128 21 2512 26 2425 20 2799 23 2478 25 2158 19 1870
3581 -3.398484807931792 -0.25586700771688908 0.65485644603645832 55 45 36 0.75635611000745051 27 1958 21 2522 22 2711 26 2435 20 2807 23 2488
3582 -4.0714799868510196 -0.15944728574744577 1.0775320151446679 55 45 41 0.99401087347878303 27 2149 21 2528 22 2718 26 2444 20 2816 23 2496 25 2171
3583 -5.9440011874454202 0.062295462723559202 0.68482082602452865 27 28 31 1.2340834520682367 28 1900 21 2531 22 2839 21 2642 26 2443 25 2293 18 1491 19 1432
3584 -4.2190747286390344 -0.052593082203432513 1.1757943449866972 66 58 56 0.57110558495689323 27 1970 21 2532 20 2940 23 2499 23 2625
3585 -2.9400773703949596 0.23384546939180439 0.17310536828811041 92 70 59 0.7033401602806747 27 1984 21 2539 26 2452 22 2728 20 2822
3586 -6.8194733808491899 0.62704539460730846 0.47186014164155077 165 156 141 2.2292262086431984 27 2255 21 2540 25 2306 19 1879 26 2705 18 1756 17 1786 15 1501
3587 -6.6226237376940755 1.3406507251366473 1.1718984282305078 98 86 70 0.60389050644669595 27 2265 28 1917 24 2534 18 1617
3588 -6.0214107625797633 1.5302378411752295 0.17892655601480512 192 153 93 0.66813466716334635 27 2266 21 2551 22 2746 26 2465 20 2839 23 2526 25 2188 24 2435 19 1793 18 1622 17 1667 16 1540 15 1327
3589 -6.2592073883619346 1.5560692467636124 0.98608848631739421 123 94 81 0.58604032409556661 27 2267 21 2552 28 2006 22 2747 26 2469 20 2840 23 2527 24 2537 19 1795 18 1708 17 1670
3590 -5.4406140649764696 1.3236651096049259 0.66946441105908827 170 136 96 0.7531156875448366 28 1519 21 2553 22 2568 25 2189 24 2436
3591 -6.5165703958213488 1.7065933376575433 -0.13234746082005164 135 104 81 0.89207187878290406 27 2013 21 2556 22 2745 20 2659 23 2525 25 2031 24 2434 19 1654 18 1504
3592 -6.3988572395555439 1.8498328081321698 0.59842532885188715 33 24 19 0.96056923256105908 27 2176 28 1928 21 2558 22 2751 26 2277 20 2671 23 2532 25 2196 24 2440 19 1665 18 1508 16 1460 15 1243
3593 -6.735030928294373 2.1746001117151463 0.80925782232721233 77 71 65 0.91099635224323583 27 2274 21 2562 22 2759 26 2474 20 2857 23 2545 25 2211 19 1812 18 1719 17 1682 16 1558 16 1620
3594 -5.8999886255587795 2.2560297176364212 -0.48566682553679247 6 13 17 0.59394797253054787 27 2189 21 2577 22 2769 26 2482 20 2869 23 2551 25 2223 24 2460 19 1826 18 1662 17 1588 16 1476 15 1277 14 1198
3595 -4.3094971215020497 1.9029589605885473 0.60216133927181026 40 40 32 0.86362533202072167 27 2188 28 1944 21 2579 22 2864 28 2018 26 2490 20 2969 23 2564 25 2239 24 2551 19 1966
3596 -4.2451399458063568 1.889326508552013 0.53223358251487529 40 40 32 1.3927048323364506 28 1945 21 2580 26 2491 23 2565 25 2240 20 2709 19 1714
3597 -4.8919750867806107 2.1911661611832032 0.66433038046008575 154 135 122 0.93205813481236022 28 2020 21 2583 22 2771 26 2495 20 2880 23 2561 24 2479 19 1917 18 1740 17 1759
3598 -3.883579812967906 1.9034673804573368 0.42762750571123981 119 97 82 1.266814214862394 27 2192 21 2586 22 2773 26 2497 20 2881 23 2569 25 2243 24 2483 24 2556
3599 -3.7905482828064065 3.925375899621542 0.21225542692884578 45 44 50 0.39873846624853326 27 2221 21 2601 22 2791 20 2904 23 2582 25 2259 24 2495
3600 -3.7834720739544023 3.9184861507008106 0.20573549067259156 45 44 50 0.45068020027683736 27 2220 21 2602 22 2792 26 2372 20 2905 23 2583 25 2260
3601 -3.4302157481229179 4.2874315548952566 0.95458936414295925 31 19 17 0.5894721029736627 28 1971 21 2613 26 2524 29 1704 23 2466
3602 -3.4771331939433456 4.0989788930372351 0.31741173396146638 39 31 44 0.39889250280609539 29 1631 21 2616 22 2800 26 2391 23 2595 25 2270
3603 -5.3174762805682745 -2.1369342990301021 -0.48734225521183661 140 113 84 1.500995173126062 27 2230 21 2622 22 2688 20 2914 23 2601 25 2274 24 2505 18 1076 17 1122 17 1633 16 1521
3604 -5.8390535312728504 -2.2394390083765154 -0.52782096303293802 123 98 78 1.2548634634369722 27 2229 21 2623 22 2692 23 2600 19 1604 18 1482 17 1635 16 1524 15 1216
3605 -4.7614507096638903 -1.3096258348909748 0.65705148669696789 166 159 149 1.6803779651792041 27 2130 21 2629 22 2700 20 2925 23 2608 23 2481 25 2281 19 1763
3606 -3.7782549434761377 -1.130920895518682 0.80083411866793563 24 14 8 1.396611646789204 27 2133 21 2631 22 2706 22 2823 26 2552 20 2802 20 2926 23 2484
3607 -2.5668916559007879 -0.41293853086728616 0.46791860149208669 245 244 223 1.0631292243944956 28 1883 21 2634 22 2824 26 2554
3608 -2.5668916559007879 -0.41293853086728616 0.46791860149208669 245 244 223 1.0631292243944956 28 1884 21 2635 22 2825 26 2555
3609 -2.4466864303331515 -0.31964853233590956 0.34355227252709164 226 187 176 1.2794185410333372 27 2242 28 1694 21 2636
3610 -4.6828299145569634 0.0120543150579706 0.75885484142108894 77 10 19 0.83253644440963714 27 2248 21 2644 22 2841 26 2564 23 2620 25 2359 19 1943
3611 -3.9520721768873179 0.014043482816042605 1.2940337872029726 33 31 26 0.5475991773327652 27 2152 21 2649 26 2571 20 2944 23 2631
3612 -4.560997615406345 0.22315936533893127 0.69628903294792888 46 19 16 0.86337096858643647 27 2252 21 2650 22 2843 26 2573 20 2943 23 2630 25 2303 24 2524
3613 -4.8229875295460616 1.0053257391718888 1.2593138026000039 129 122 112 0.90225152786509477 27 2262 21 2654 22 2851 26 2583 20 2949 23 2636 25 2313 24 2535 19 1887
3614 -5.3083949481445591 1.3487677543662278 0.84762608236908732 79 92 126 0.51332181308641522 27 2269 21 2659 22 2853 26 2587 20 2951 23 2640 25 2316 24 2538 17 1744
3615 -6.6425172885533659 1.9618116963924694 0.43939743159660732 50 46 41 0.88457600651214097 27 2330 21 2660 22 2856 26 2592 20 2954 23 2531 25 2195 24 2445
3617 -6.4935390967468463 2.228604562647301 -0.038113934630035658 102 93 88 1.1513142996089203 21 2666 22 2858 26 2597 20 2962 23 2647 25 2325 24 2542 19 1809 18 1646 18 1718 17 1681 16 1557 15 1348 14 1127
3618 -3.7471338949668556 1.9441232218702207 0.56191822550593273 127 106 85 0.67620982971288845 27 2285 21 2676 22 2870 20 2983 23 2671 25 2342 24 2557 19 1979
3619 -3.120995537270701 1.8479543553270477 0.26157964789166188 48 54 50 0.90549720821959712 27 2289 29 1612 21 2680 22 2877 20 2989 19 1927
3620 -6.7148056217603802 -2.3661162403809857 -0.46104695450460431 68 54 41 0.72744576807299621 27 2299 21 2692 22 2895 26 2632 20 2999 23 2685 25 2353 24 2507 19 1866 18 1691 17 1726 16 1593 15 1379
3621 -6.9824434830929691 -2.2489303816064155 -0.35669843631510756 108 90 69 0.71575796804755443 27 2362 21 2694 22 2897 26 2633 20 3001 23 2686 24 2579 19 1935 18 1750 17 1783 16 1597
3622 -7.1173949088215798 1.557564576058591 0.74083990857029602 119 99 86 0.98561139471202497 27 2322 21 2711 25 2367
3623 -6.3833692450930766 1.7613365344602463 -0.10199835998647992 154 115 76 0.82567605588354664 27 2326 21 2715 22 2855 26 2589 20 2952 23 2638 25 2321 24 2541 19 1893 18 1705 17 1742 16 1538 14 1232 16 1607
3624 -6.2683692361620151 1.7182332968474845 0.9870215229678394 129 102 57 0.8048892571487648 27 2327 28 2066 21 2716 22 2916 26 2652 20 3020 23 2706 25 2415 24 2637 19 1951 18 1768 17 1797 16 1678
3625 -6.4104146661513797 1.7412318463061645 1.0962612948985089 129 102 57 0.49066375896151526 27 2328 21 2717 22 2917 26 2653 20 3021 23 2705 25 2414 24 2636
3626 -3.7471636674518902 1.2399797579122149 0.63382921965342232 18 12 11 1.0327509568799496 27 2271 21 2718 22 2919 26 2657 20 3075 23 2766 25 2427 19 1903
3627 -3.7618029549771248 1.2428498380224757 0.65296958221489332 18 12 11 1.1550863602071348 27 2272 21 2719 22 2918 26 2656 20 3074 23 2765 25 2426
3628 -5.6475941341539526 1.9480067032317874 -0.28715695259675966 106 102 91 0.69704138569179419 27 2336 21 2723 22 2923
3629 -6.3519350309679421 2.103695895235508 0.28704215312979531 115 112 103 1.247437867217297 27 2388 21 2724 22 2922 26 2660 20 3023 23 2648 25 2207 24 2321 19 2020 18 1814 17 1885
3630 -5.8110626182619347 1.9589084366461824 0.72399055432414217 94 79 60 1.7155546874466221 27 2335 21 2725 20 2958 23 2649 24 2599 18 1773 16 1622 15 1402
3631 -5.9036209974558203 2.475413791871508 -0.38966677171860398 33 29 28 0.8499754533772701 27 2349 21 2737 22 2868 26 2606 19 1964 18 1730 17 1813 16 1627 14 1298
3632 -4.5812493567380077 2.3409649659121512 0.62572083437981874 66 37 23 1.2663975749350391 27 2396 21 2740 26 2732 20 3131 23 2782 25 2438 24 2612
3633 -4.1729934309832535 3.9088365004440044 0.35999239354456791 37 18 14 0.94300482792978124 27 2356 28 2029 21 2742 22 2881 26 2617 20 3048 23 2674 25 2343 24 2559 19 1982
3634 -4.3095832919442216 4.2241657541128577 0.21866117932251714 41 20 17 0.69423502250760105 21 2745 23 2734 16 1633
3635 -3.8279259114072044 3.8831198909997897 0.42063114936150098 9 9 13 0.76238919656430648 27 2358 28 2090 21 2746 22 2944 26 2682 20 3051 23 2735 25 2399 24 2619 17 1767 16 1701
3636 -3.3936383550871039 4.0455192257358821 0.38774110745911999 180 172 171 0.56368039823578842 28 2137 21 2748 23 2737 25 2403
3637 -4.020592682564228 -0.20881164559367882 0.93324844568669718 23 10 7 0.68574286057487388 27 2307 21 2757 22 2902 23 2748
3638 -7.3634344585328702 0.10103968239661629 0.65115217348000332 165 157 138 1.8433002436627535 27 2370 21 2758 22 3009 20 3060 23 2749 24 2677
3639 -4.9827253647263925 -0.0034551222046651994 0.77548737430596881 61 47 46 1.5493090037833239 27 2372 21 2759 22 2957 26 2701 20 3061 23 2796 26 2755 25 2452 24 2678
3640 -4.5756611526607873 0.27789920960709646 0.53730231734474332 91 20 24 1.2392620717368865 27 2376 21 2761 22 2958 26 2703 20 3065 23 2797 25 2454 24 2680 19 2048
3641 -5.1468849758813651 1.2047381074004608 0.56751203306425513 51 38 29 2.0871321633197288 27 2380 21 2765 26 2711 20 3113 27 2420 23 2799 19 2053 18 1801 19 2012 24 2681
3642 -6.6620181641077654 1.9468853771632129 1.1567821690250877 62 33 27 1.1999554885265622 27 2384 28 2120 21 2767 22 2915 26 2651 20 3073 23 2764 25 2418 24 2643 19 1953 18 1808 17 1853 16 1725 15 1483
3643 -7.2959545366569545 -2.0905565339551657 0.06383896517355081 149 140 125 1.6226013435698559 21 2802 22 3003 26 2749 20 3139 25 2446 19 2042 17 1877 16 1712
3644 -4.5659544715669567 -1.4070566209417672 0.64492378128255523 95 86 71 1.3685031396615686 27 2406 21 2804 20 3106 25 2447 19 2043
3645 -4.9897383839123144 -1.3076098982937405 0.4925807010469726 145 137 128 1.7800635285813182 28 2164 21 2805 20 3107 24 2711
3646 -7.1822922251267434 -0.21120249998455415 0.45292096303788865 169 160 145 1.5902036235858532 27 2413 21 2809 26 2754 20 3110 25 2451 24 2675 19 1996 17 1835
3647 -5.9212345115640233 1.4883949726214862 0.36725535178622803 94 64 46 0.96741233574800289 27 2449 21 2812 22 3014 26 2759 20 3115 23 2802 25 2459 24 2684 19 2081 18 1871 17 1901 16 1747 15 1505
3649 -4.0579863255739452 1.356285430274607 0.6720586156526287 150 148 136 1.61740394526939 21 2815 22 3041 26 2763 20 3120 23 2835 25 2489 24 2719 19 2057 28 2117
3650 -6.5607032140563071 1.9633402495103953 -0.04689075528140247 91 91 73 1.3559844531431358 27 2424 21 2816 22 3016 26 2762 20 3119 23 2806 25 2465 24 2685
3651 -3.0633169086703078 1.663506153714736 0.2879988142327603 172 99 92 0.60202372603139465 28 2155 21 2821 22 3022 26 2770 20 3130 23 2818
3652 -3.7912740978527566 3.6540289701276452 0.48045452924865384 40 42 47 0.44632191744925348 27 2432 21 2825 20 3132 23 2823 25 2476 24 2704
3653 -6.5494097767610233 -2.0024258669399226 -0.31873036288493067 71 40 25 0.82292370869307463 27 2438 21 2831 22 3054 26 2803 20 3162 23 2849 25 2506 24 2729 19 2093 18 1862 17 1895 16 1762 15 1515
3654 -3.5271839544731285 1.4020800986194764 0.26524861679700223 17 21 20 0.95664017433776793 27 2455 21 2844 22 3044 26 2795 20 3170 23 2858 25 2512 19 2100
3655 -3.4496246112184106 4.2496705237818801 0.99193448763385383 36 23 18 1.2722392175657065 28 2203 21 2851 22 3053 26 2800 23 2848 25 2504
3656 -6.3835663866426673 -2.4461746380309823 -0.51848887805769295 55 43 29 1.0079327453924649 27 2479 21 2863 20 3175 23 2862 24 2741
3657 -6.3905072216064811 -2.449370774520879 -0.51332972606806082 55 43 29 1.0744344977739699 27 2480 21 2864 22 3067 20 3176 23 2863 24 2740
3658 -3.6325938549283858 0.46018224800831731 0.64536450048931249 116 94 77 0.77554049044880302 28 2208 21 2873 22 3075 26 2827 20 3183
3659 -2.9580825515861857 1.705525734973341 0.2079200851345136 175 88 78 0.96417634018757747 27 2484 21 2874 22 3076
3660 -4.8841572792412027 2.1950746213749004 0.22026726023717152 20 19 14 1.3332108089645767 27 2486 21 2877 22 3081 26 2828 20 3190 23 2870 25 2527 24 2747 19 2116
3661 -4.8841572792412027 2.1950746213749004 0.22026726023717152 20 19 14 1.3332108089645767 27 2487 21 2878 22 3082 26 2829 20 3191 23 2871 25 2528 24 2748 19 2117
3662 -3.3800084219219375 3.972464240123577 0.81645145855495838 57 33 29 1.6086654951496826 28 2218 21 2879 22 3083 23 2878 25 2530
3663 -4.4594865063512019 -1.0890589024384418 0.23138446298257537 147 143 132 0.80518311465281689 27 2498 21 2890 22 3091 26 2845 20 3198
3664 -7.0160685834349694 -2.4565617298611273 -0.4419147982649122 156 147 132 0.72698201219219838 27 58 22 28 20 85 18 115 16 120
3665 -6.8403971621073536 -2.39090351560003 -0.48880273902913202 111 99 85 0.89635319503141264 27 59 22 29 24 70
3666 -5.6124356626119214 -1.9726107556634629 -0.62448784557980852 142 120 96 0.85491264312284243 27 744 22 32 20 94 21 63 23 31
3667 -4.4115192417821056 -1.5037581856411755 0.47733639420803819 174 165 156 1.6814103081162755 21 111 27 91 22 72 26 31 20 147 20 1249 28 625 23 53 23 54 22 73 24 112 19 73
3668 -4.8710551194024143 -1.4179688182043111 0.67121483376028768 168 161 151 0.48989870722744766 27 113 22 100 26 57 19 88
3669 -3.9690718259271511 -1.2625790780734687 0.40595183369353161 72 93 70 1.18523149387274 27 787 22 115 23 1000 26 866 22 95 25 63 20 179 19 1113
3671 -3.9728740671900371 -1.0778333954859671 0.4311253755275764 108 131 103 0.65696633666142346 27 802 22 154 26 80 20 230 28 664 23 119 19 1120
3672 -3.8972241544660791 -1.1522229035594302 0.70074166218009803 92 80 54 0.19806281864508801 27 144 22 159 26 84 20 1298
3673 -4.8033715055608095 -1.0506562886070752 0.58899017264728426 170 163 153 1.1526962914059393 27 161 22 190 23 135 25 882 19 116 19 117
3674 -4.8652620306044749 -0.29612253920748693 0.6283801467708775 79 33 14 0.89979660205142165 28 97 22 224 26 132 25 129 19 136
3675 -6.6825003952495203 -0.01188904534233998 0.26679416723909338 127 116 99 0.78265100743541915 27 184 22 234 26 138 25 136
3676 -4.831822330935422 -0.061976715062148746 0.64878858455044375 149 121 124 0.68088619800950045 28 124 22 256 20 359
3677 -4.6024818537427059 0.10305097164599795 0.69232275743525018 57 3 6 0.79188124418594796 27 201 22 279 23 203 25 167 19 719
3678 -4.3736035764438563 0.12274604519481604 0.61500748616177092 57 3 11 0.6336857077405933 28 155 22 284 20 1404 23 1095
3679 -4.4125202179390151 0.13250486916155957 0.64031241636109848 123 60 73 0.77122724499201778 28 157 22 285 23 230 25 940 24 1220 19 728
3680 -3.8239543462174725 -0.040144543326228639 1.1538791672870845 75 71 65 0.45235007855402354 27 208 22 291 26 179 23 1079
3681 -6.1148349891523024 0.35483998891996238 0.61898971329430719 26 17 4 0.5313126344653788 27 887 22 295 23 243
3682 -4.6901010102994789 0.27701495384605779 0.51950929918161748 86 18 17 0.86000384696844201 28 178 22 306 20 434 25 953 24 278 19 1159
3683 -4.6883112624589209 0.33333563812100991 0.53296214587733726 130 50 47 0.63489195809629995 28 211 22 326 19 170
3684 -6.2314921706860362 1.3941182297013233 -0.12133235946593868 149 136 112 0.50078577400061908 21 1324 27 293 22 395 20 515 19 216 18 246
3686 -5.4934262348279201 1.2840836153780573 0.53679120324094032 166 154 128 0.64792654564125807 21 491 28 275 22 417 26 274 20 518 25 253 19 775
3687 -5.979777695773322 1.5194410841325814 0.37434503299567851 72 38 17 0.79068251420415592 21 481 28 306 22 447 20 551 25 247 17 268 16 274
3689 -6.0929126255997303 1.7916211211604551 0.52037186651817535 81 70 64 0.25098177233924002 27 358 22 486 19 275
3690 -5.4561537347448024 1.5685499409647334 0.67344112744762974 96 22 12 0.65944749477398956 27 338 28 331 22 491 26 1055 20 580 25 1040 24 1308 19 816 16 306
3692 -4.6655112911529812 1.4359291040640056 0.91961537573466645 71 50 29 0.99490097776064346 27 344 22 501 25 1051 24 1334 19 823
3693 -4.8309434320743279 1.4501231896700488 1.1950525190477048 167 149 129 0.5056188720516952 27 345 22 503 26 333 23 397 25 332
3694 -4.0883901442000381 1.3109157456996556 0.9229767816591754 114 108 96 0.58182823516226279 27 350 22 513 23 453
3695 -6.3239504632100436 1.92395766539763 -0.1060378208232554 41 32 15 0.5930566800778182 27 372 22 518 23 415 25 299 20 606
3696 -6.2025314616464504 1.897117310026303 -0.16984337227422147 41 32 15 0.71081234875715638 27 373 22 519 20 607
3697 -5.5146592519666653 1.8013818094197707 0.72954750732861962 144 116 94 0.4917263129436471 28 357 22 541 25 365 24 556
3698 -5.5563077511743728 1.8177640735807612 0.76786175005901658 144 116 94 0.8225168024999272 28 356 22 542 25 366 23 1202 18 1212 19 1491 17 1433 16 1345
3699 -5.8565380666032016 2.0526959367429276 -0.20258714118369026 112 98 93 0.7520811125940603 27 1025 22 568 26 1091 23 475
3700 -2.8507239684743459 1.2935632884334736 0.29527229780567477 64 60 64 0.5541404010835258 27 406 22 589 26 409 20 791 23 589
3701 -2.872686791892975 1.3020196911373112 0.28487975733907067 93 94 98 0.65190383907999572 27 405 22 629 20 790 23 588
3702 -5.4559618806728807 2.1517087743309826 0.7025152926886592 44 29 13 0.65517292564148255 28 898 22 657 18 961
3703 -4.1867937342982273 1.8189709026539369 0.71844674878865367 67 60 54 0.8921299434663188 27 1044 22 664 26 1142 20 1660 19 1307
3704 -3.6817251467533847 1.7352279276497387 0.57533380943094381 35 34 13 0.18324829468437309 21 708 27 435 22 666
3707 -4.7264041737415292 2.3834000348086488 0.019318349558102174 29 23 14 0.64076758647301923 27 473 22 754 18 1007 17 571
3708 -3.1002280140972336 1.9189011553186452 0.29802221144177304 73 54 58 0.60344820096889684 28 422 22 775 23 1345 25 1222 19 964
3709 -3.9462892347166325 3.6392194128651734 0.37027690555905385 188 184 185 0.58033292437264894 27 520 22 878 26 587 23 766 25 624 24 891 19 997 17 605 16 532 18 1046
3710 -3.7638668377601672 3.5504513954319119 0.61510470543619644 72 67 73 0.58043926921762523 21 882 27 1125 22 890 24 907 17 1054
3711 -3.7694298417187952 3.5857545943618572 0.65508497420476386 117 112 118 0.53320451849628381 27 508 22 893 26 582 20 1052 23 776 25 646 24 908 19 1010 17 1055
3712 -3.7588175871894705 3.6148482088941756 0.57453550158655564 35 30 36 0.53553180473550277 27 528 22 894 26 1270 20 1810 23 1881 25 1268 24 1915 19 1357 17 654
3715 -3.7738392627359092 3.6984296966872861 0.077870031033252338 29 23 27 0.3971713680506439 27 567 22 939 26 611
3716 -3.8314974071038996 3.7090117327678351 0.19366943848660043 170 165 172 0.64633095741131052 28 975 22 942 23 788 26 614 24 925 19 1017 17 628 16 552 15 506
3717 -2.4752041721809821 3.5927727872343533 2.3745421267559648 31 25 15 1.0825742968831835 21 1591 27 1127 22 961 28 1298 26 624
3718 -3.6475185246874271 3.7844955638446613 0.4316311364395769 87 87 89 1.0060415492710286 27 572 22 981 26 646 20 1120 23 1429 25 684 24 1577 16 1016 29 443
3719 -3.5012020987240708 3.8246883290576315 0.60928258219585341 117 108 115 0.41655709774010674 28 546 22 985 20 1852 24 1591 23 842
3720 -3.4873850340535992 3.8086193983335139 0.78429579431188878 149 140 143 0.26217360365777681 29 428 22 987 26 650
3721 -3.7432010190280458 3.9684144171376574 0.30198962007274893 59 57 62 0.62000482642107824 21 963 28 1010 22 996 26 1314 27 1185 20 1862 23 1448 24 1589 17 1087 16 1024 15 877
3722 -3.6127107753363927 4.0336995078610975 0.40964564910807422 71 66 73 0.35109582306855702 27 658 22 1026 25 727
3723 -3.4429789686602157 4.0434392373798449 0.47655803827304571 78 73 79 0.80895336043034982 27 662 22 1057 26 707 28 1362 25 1335 24 1063
3724 -2.5315418611917071 3.7335877764998981 1.2236655913496863 103 45 21 0.79523915482003082 21 1028 29 438 22 1062 26 722
3725 -5.8028642245094204 -1.7340778423370822 -0.73503092522487568 128 103 83 0.51286723407708346 21 82 27 749 22 1174
3726 -6.9956140290247131 -2.1119996394269358 -0.078969368585306857 78 61 47 1.0130163942828165 27 1264 22 1178 25 1371 19 643 15 637 26 1455
3727 -4.0739529671503796 -1.5135285963513814 0.71675996423741895 65 72 60 0.45843657882901778 27 776 22 1194 26 1466 20 1957 25 1375
3728 -4.7116744257365655 -1.2547623588683028 0.52784900953740721 138 131 121 0.5196099669017592 27 797 22 1224 20 1290 23 1010 25 81 24 1147 19 667
3729 -3.8696525849289043 -1.1411231215577309 0.41993754764411717 46 67 46 0.33878446651501148 27 138 22 1230 23 1013
3731 -4.0370518138683629 -1.3296297026783443 0.95035795877754625 91 84 55 0.80604715156811124 27 148 22 1236 26 65 23 1018
3732 -4.0518734412779605 -0.94512912957590911 0.44422950695068469 124 115 103 0.52593709860742832 27 819 22 1252 26 899 20 1977 23 1594
3733 -4.7559757576148689 -0.27900122758305174 0.63754274213596174 28 12 0 0.61620192483715464 27 831 28 99 22 1270 20 1343
3734 -6.3479440236626061 -0.15081427707444556 0.84086235978294754 72 63 48 0.79220947853256529 27 844 22 1278 20 1361 23 176 24 222 19 705
3735 -4.1505392343782699 -0.066153171782747142 0.51046115202204012 65 56 54 0.80854184529603856 27 852 22 1302 26 147 23 1060 25 911 24 1711
3736 -3.913752287930194 -0.16112770856569375 1.2274857923741826 106 106 75 0.64548387007647989 21 1252 28 135 22 1309 26 950 20 1378 23 1066
3738 -4.7043997971337088 0.31366680458750484 0.43186931088974972 93 21 28 0.97995903842625798 21 362 27 1344 22 1327 20 1422 25 1426 24 1232 19 169
3739 -4.0859478132394846 0.21401260219465346 0.51558726386234255 89 67 60 0.6698373106945954 27 882 22 1332 20 1407 23 1098 25 185
3740 -2.8466750882984648 0.21839281447653741 0.083589188650545876 56 36 23 0.59079763707634292 21 381 27 228 22 1343
3741 -2.757004244815481 0.22184201383671481 0.017858915647392462 69 48 30 0.84850195320965338 21 382 27 885 22 1345 26 977 20 419
3742 -6.8509886008650085 0.70438546729656393 -0.36874729298907744 149 140 125 1.0868174203464742 27 1700 22 1347 26 1552 23 1639 25 964 19 732
3743 -4.7853758673163638 0.35566374885109087 0.44901603116874889 164 113 99 1.0173056195236665 21 359 28 756 22 1352 26 1543 20 1426 23 1107 25 950 24 1231 18 780
3744 -4.7649408930404817 0.41619751809553079 0.530005017286862 140 112 82 0.96202913678083968 21 1785 28 759 22 1356 20 1444 25 972 24 309 18 207
3746 -3.552221759272332 0.31618133100264706 0.54587879148236518 89 82 72 0.79110230964523376 27 250 28 213 22 1363 26 993 20 468 25 977 19 1170
3748 -5.8142474801274808 1.0835226490407404 0.79952993311014098 58 45 36 1.1371047885219072 27 932 22 1383 26 1008 20 1475 23 1127 25 1450 19 770 18 243
3749 -5.1132472336136923 1.225728860388682 1.2789852812140334 67 63 81 0.81292506545697973 28 815 22 1401 26 1031 20 2073 23 1159 25 1474 27 1377 24 2068 19 791
3750 -5.3275705126300616 1.4211700787182362 0.89252758273637478 73 57 58 0.62463209746986348 28 1216 22 1415 24 1310 20 1525 19 1203 17 1182 16 1133
3751 -6.6037284229873725 1.8389154834396717 -0.14474337213193991 108 93 75 1.1211950198102472 27 981 22 1419 24 1297 17 297 15 210
3752 -5.9118389170371746 1.6733035018341091 0.41923282910630139 53 37 21 1.1696209985484278 21 1353 27 966 22 1422 20 569 23 378 25 282 24 465 20 571
3753 -6.136635492770802 1.8998032868834716 0.81942812153928823 73 66 48 0.73308081911496092 28 865 22 1453 24 1326 19 276
3754 -4.1367035503070211 1.5324441610376416 0.76631062452132015 14 13 9 0.67865861052508392 28 1250 22 1488 23 1756 19 1518 26 2020
3756 -2.995783087272367 1.3957517297884949 0.25264397807100269 50 56 63 0.82294613993143584 28 890 22 1517 23 1304
3757 -2.9793985233504268 1.3338000148644495 0.27263836019860838 49 52 59 0.35692098230650587 27 403 22 1519 23 1795
3758 -3.6351711327084293 1.6362075927974284 0.46743636634082902 96 94 47 0.85922474020815032 27 1045 22 1541 25 1167 21 707
3759 -5.1429378650205955 2.2229696774165233 0.097580222562681729 104 101 94 0.8628832936412616 27 1488 28 905 22 1557 26 1190 23 1312 25 1558 19 1295 18 981
3760 -2.4708096235846293 1.7297978849356166 1.7726401183383911 255 236 221 0.65201586197879113 27 457 22 1598 26 1713
3761 -4.0581237885290422 3.6696660312422082 0.34991181805031024 39 32 30 0.31981778036947345 27 517 22 1641 26 1257 20 1020 24 1540
3762 -3.7489880628438383 3.5597810228875182 0.74331163693846014 34 24 32 0.48771831676785365 21 1567 27 1124 22 1651 26 1263 20 1795 23 1882 29 1145 25 1258 24 1916 19 1358
3763 -4.1267226135087496 3.9021978307577085 0.19453751405346337 31 19 18 1.7356239780008054 28 529 22 1663 23 1885
3764 -3.7777767874398669 3.6884365913219437 0.2521052492130616 130 134 133 0.7606290996240499 21 926 28 520 22 1667 20 1071 25 1625 19 1020 17 1061 16 1003 15 855
3766 -3.8258681837499977 3.8049015829921315 0.16852872429467008 10 11 14 1.0405474041601919 27 1162 22 1676 26 632 23 809 23 1425 22 943 25 676
3767 -3.8444932748609033 3.8540682450925363 0.21819228642650845 80 80 85 0.74960006486228203 27 1164 22 1679 20 1108 23 1426 24 957 19 1030 16 572 17 1060
3768 -3.5122878677752603 3.8034954171594317 0.63122419557634102 45 36 41 0.23752418785079554 28 978 22 1688 26 1300 20 2246 23 1440 25 1295
3769 -4.2458524553863075 4.3185063102772983 0.17467278760249655 142 124 120 1.1438895826304016 21 2000 27 655 22 1695 20 1856 25 697 16 580
3770 -3.7161427509887717 3.9807658106810822 0.29660510968736609 171 169 174 0.97942165129293501 28 1011 22 1706 27 1568 26 662 20 1865 23 854 25 720 24 1003 16 1026
3771 -3.4968921279383713 3.951304702644074 0.80411215297324123 31 29 31 0.95963491546831969 28 1324 22 1710 26 1327 23 1459 25 1656 20 2580
3772 -3.455196766484955 4.0451252328252858 0.86660965370990484 152 140 136 0.54306401861524445 21 1001 28 1327 22 1711 26 1347 20 1878 23 1475 25 1328 24 1037
3773 -3.4548275333840688 4.0433499118196616 0.86477206854438393 152 140 136 0.46987929554892738 28 1328 22 1712 26 1348 20 1879 23 1476 25 1329 24 1038
3775 -3.4216495973597469 4.1589189785601022 0.7499789675239894 52 42 43 0.52845630316579884 27 1203 22 1736 26 1370
3776 -2.4223996716445813 3.5793408062749554 0.99333465289251666 216 166 149 1.3916844584959076 21 1660 27 639 22 1739 26 723
3777 -2.1370782564379742 3.9421786515418402 1.9980249428147838 230 190 168 1.2821658100625013 27 650 22 1760 26 796
3778 -5.2384350433269766 -2.1275179481354698 -0.54236549220464636 133 111 88 0.9635807221380569 27 1249 22 1789 23 952 20 1204 21 1112 24 1648 18 717 17 800
3779 -4.7238981699063274 -1.6241844841865134 0.70379443158291743 157 149 138 0.80047848953054157 27 1272 22 1813 26 1463 20 1961 24 1996 19 1107
3780 -4.6905712512580298 -1.6050658856318183 0.67068855521132875 157 149 138 0.79523151661964608 21 2070 28 1064 22 1814 26 1878 20 1960 24 1997 19 1106 26 1462
3781 -4.0016437792814354 -0.96899646668469863 0.48521086998371499 148 140 131 0.58124077308686117 27 1286 22 1838 20 1310 21 214 26 95 23 140 25 886
3782 -3.9464283666201392 -0.93963605040515497 0.41792389528024576 148 140 131 0.5842505246408477 28 1086 22 1839 20 1311 20 2341 25 887
3783 -4.7238891623044363 -0.21881211539874262 0.66235933193307661 35 21 9 0.73244236940933571 28 1124 22 1852 26 1509 20 1986 23 1604 25 1405 24 1703 19 1427
3784 -4.1394238694257375 -0.08323376424734133 0.53651858722435164 91 74 72 0.96925418703445543 27 1309 22 1853 26 1517 23 1617 25 912
3785 -4.0755094872847355 -0.29278775534348794 1.1064522250778206 86 76 67 0.63386733050834054 27 1306 25 1750
3786 -4.7550613035464657 0.8736352130785664 1.1966856419206506 21 3 3 0.50092248496859815 29 1067 22 1916 20 2400 23 2059
3787 -4.9944489981199558 1.3422411338827687 0.91229528097753965 86 94 105 0.79865363010013612 28 1209 22 1939 26 1046 20 1514 21 1360 19 797 24 474 18 312
3788 -4.8843568266408157 1.4428621125747192 0.92232886795892532 151 127 96 0.92876943259800093 28 1218 22 1948 20 2081 23 1178 24 2088
3789 -4.8572387663498047 1.5125454266985077 0.89219696949321725 121 100 73 0.72002924004747471 27 1415 22 1949 26 1606 23 1723 25 1491 24 1785 19 1237
3790 -4.8572387663498047 1.5125454266985077 0.89219696949321725 121 100 73 0.72002924004747471 27 1414 22 1950 26 1605 23 1724 25 1492 24 1786 19 1238
3791 -4.745333600063125 1.5576983605959667 0.84193542520441911 118 92 66 0.88196624506603361 27 1429 22 1963 26 1623 23 2110 25 1508 24 2098
3792 -2.89040933934933 1.1709063296397439 0.26585657915695327 52 76 121 0.66645997238127297 27 1434 29 763 22 1971
3794 -3.0822581513832104 1.266974330306178 0.089214244379029292 66 98 181 0.81049783232795369 27 1442 22 1991 20 2136 25 1538 25 1853
3795 -5.8443992232995647 2.3367599830059946 -0.48537143804711802 8 8 19 0.99313231512254141 27 1486 22 2028 20 2164 23 1784 19 889 25 459 18 1419 17 1254 16 1180
3796 -4.4643978107602456 1.892835096662737 0.7260358271947972 37 30 24 0.56684665867496309 27 1043 22 2033 20 837
3797 -2.8750477274831301 1.6784593547654516 0.33755221293816146 151 130 119 0.34057338438710427 27 1494 22 2058 26 1702 20 2514
3798 -3.6356774463584696 4.0679333408441085 0.35291369906372233 162 156 153 0.48924779160639176 28 1636 22 2140 26 1769 21 2288 24 1957 21 2007
3799 -3.3459093255449073 4.2162673153333845 0.48181955388796699 75 64 62 0.26191884718082886 29 1211 22 2176 26 1819
3800 -3.3539581784918795 4.2267650343869496 0.44682778735357692 192 178 188 0.80326528283601706 29 1413 22 2178 26 1817
3801 -2.2404562966030799 3.6630251033965369 0.99584211882190465 211 162 132 1.8283363844835767 28 1034 22 2183 26 1826 29 453
3802 -5.2186484407682636 -2.0890928721247719 -0.47394808248503123 87 67 43 1.3369776727007134 27 1250 22 2197 23 1948 24 2237 19 1606 25 1365 18 1077 17 801 16 1057
3804 -6.89830427155814 -2.2990382831389158 -0.45787235970960816 106 91 78 0.85201989284378854 27 1258 22 2201 26 1858 20 1932 23 1954 25 1980 24 1986 18 1095
3805 -6.7763017363066078 -2.1666228791332149 -0.48086640087263927 104 85 68 0.46304932845925884 27 1262 22 2202 20 2300 23 1957 25 1706
3807 -6.5420069499878171 -2.1050449700127341 -0.052753286828841006 41 28 11 0.61875442361813404 27 1630 22 2205 26 1873 20 1939 23 1545 25 825 21 1138 24 93 19 1099 18 141 17 826 15 633
3808 -3.871846549759435 -1.3501669283098898 0.65188621279774761 95 95 63 0.65233039586743613 21 1719 28 1391 22 2221 26 1889 20 2319 23 1975
3809 -5.1312864201679753 -1.1036585009005835 0.68193012170963729 122 113 96 0.26187604386610597 27 1653 22 2243 23 2000 25 1743 24 2011
3810 -4.5449807562998465 -0.98317979694968571 0.36268676966751984 99 92 82 0.19660708640302585 28 1405 22 2248 20 2345
3811 -4.5449807562998465 -0.98317979694968571 0.36268676966751984 99 92 82 0.19660708640302585 28 1406 22 2249 20 2346
3812 -5.9362123899976336 -0.15331696676034251 0.63074918854606166 66 57 50 0.95140690570030395 28 1123 22 2262 26 1513 20 1984 25 1751 24 2017
3813 -4.2076008469750894 0.12794948540340351 0.99748962942625208 34 26 24 0.67386116376304761 27 1689 22 2286 20 2373 23 2328
3815 -6.7996040058157794 1.3822817646849985 0.66071482915371527 147 134 119 1.317166359326728 27 2002 22 2311 26 1982 23 2344 25 1797 19 1650 18 1499 17 1663 15 1108
3816 -6.7180568124215165 1.3869743378650079 0.68529396280239241 101 84 68 1.049830063220085 27 2003 28 1511 22 2312 26 2266 23 2053 24 1748 20 1483 19 1453 17 1388
3817 -4.8404690830648205 1.062972804880091 1.7274329712788379 20 13 11 1.1498829118028793 27 1737 22 2315 20 2837 19 1796
3818 -5.1316871403488147 1.2412006113288283 1.4765771277612412 62 42 47 0.80369517094069032 27 2006 28 1755 22 2319 20 2413 25 1813
3819 -6.2436325381890221 1.6028151099311927 0.82627209556136616 118 82 12 1.1443383543680741 27 1742 28 1526 22 2327 25 1021
3820 -5.463016424756221 1.4121292223414164 0.75323860856152103 90 32 21 0.57275270144411861 27 2012 22 2329 26 1998 20 2657 18 1625
3821 -5.9808348801224351 1.7194994915128829 0.18685861870767823 146 121 106 0.68411132050035084 27 1766 22 2336 20 2415 24 2307 17 1398 16 1305 15 1130 14 1005
3822 -4.7546625941598712 1.4415415756473327 1.0084107835886522 72 51 30 0.59111948817132898 27 1758 22 2337 26 2005 20 2430 23 2090 25 2045 19 1672
3823 -4.2957966539174954 1.3156449464449294 1.7827726270233539 57 70 93 1.3365883127538876 28 1533 22 2342 23 2359 21 2560 25 2046
3824 -6.0853645683022188 1.845108494015524 -0.030376944774492813 138 116 88 0.9242952216218937 27 2019 22 2343 26 2003 23 2087 25 1822 24 2312 19 1483 18 1365 17 1193 16 826 15 945 14 1004
3826 -6.20010735470313 2.0913845999680181 0.72458888915739506 47 39 37 0.6711500574671202 27 1789 22 2358 26 2033 20 2450 23 1749 25 1847 24 1803
3827 -4.8143801549913707 1.735545527758301 0.88473047718684084 21 17 12 0.84277020704182681 27 2034 22 2361 26 2036 20 2128 23 2369 25 1849 24 2115 19 1258
3828 -5.7996381510158086 2.2235382204087042 -0.67183031230300561 12 17 11 0.61374286627824237 27 1805 22 2379 26 2047 25 1859 24 1822 19 1511 15 992 14 906
3829 -5.7871858656834618 2.29850552267918 -0.57165920495837241 96 98 96 0.68310240771741038 27 2052 22 2381 26 2319 23 2149 25 1861 24 2123 18 1403 17 1457 15 1170
3830 -5.4677605603574229 2.4982149961777371 -0.15101129121132456 37 34 29 0.32004055170009899 27 2059 22 2397 20 2720
3831 -5.350520729053402 2.6506080687170317 0.096649035188952875 48 48 48 1.5586719394366872 27 1824 22 2403 20 2511 23 2169 25 1893 24 2163
3832 -4.8448357214752722 2.4057242396154992 -0.13008883186126544 37 41 45 0.99651313184912971 21 2443 22 2404 26 2068 24 2358 18 1569
3833 -4.8874132918186213 2.4858968252706957 -0.46927913079790728 54 57 63 1.1683732158934215 27 1834 22 2413 20 2518 14 1059
3834 -2.9025483516827171 1.8754867163006965 0.40003348481307743 73 74 78 0.35870117347535374 27 1832 22 2417 26 2081 20 2525
3835 -4.7365914537552749 3.2091983482763422 -0.92943162198600959 55 36 31 0.70224430853468955 27 2200 22 2428 26 2351 23 2428 25 2105 24 2380 19 1855
3836 -3.7945216268716617 3.5949835165267841 0.74071120190792861 120 115 121 0.54036845066592487 21 1975 28 1816 22 2437 20 2221 25 1619 24 2197
3837 -3.9907963686399368 3.9696450859421875 0.24507520151353454 116 103 102 0.3243898586824599 27 2092 22 2451 20 2776 25 1931
3839 -3.4789314846478181 4.0463349545132044 0.31758887815563563 158 149 150 0.51154062003596312 29 1404 22 2477 26 2149 23 2258 25 1964
3840 -3.4656312789546835 4.1470805173957972 0.36050949747474109 190 181 184 0.40069230941257911 21 2304 29 1554 22 2484 26 2156 23 2265 25 1969
3841 -3.437026027699678 4.239783179232135 0.30449122066719647 194 181 185 0.8651460460903706 29 1424 22 2494 26 1816 26 2163
3842 -6.1109966284484987 -2.075390561845484 -0.4321798572682013 131 109 88 1.330658915606562 27 1925 22 2504 26 2416 23 2279 24 2241 18 1324 17 1367
3843 -4.0215151210487114 -1.8987979973852411 1.1022663813624491 62 66 43 0.71788591348648634 27 1633 22 2512 26 2211
3844 -4.6492635420102673 -1.6443866021355849 0.65471532674369481 87 77 67 0.46946116370255703 27 1930 22 2515 26 2216 25 1984 19 1758
3845 -4.9595800100936795 -0.11760951401178839 0.6860534661050548 67 49 45 1.0902877332779277 28 1897 22 2531 26 1940 25 2005 24 2019
3846 -4.0757126697686088 -0.055371836323492518 1.3066993738438271 83 75 73 0.82134087692107394 21 2357 28 1712 22 2546 26 1952 25 2015
3847 -6.7859680537009694 0.57286419060907534 0.54091221011479451 122 109 92 1.2808578117364109 27 2157 22 2555 26 1960 21 2126 20 2382 19 1643 18 1343 15 1103
3848 -6.3428705929861033 1.4585650114179585 -0.08116821642603772 77 57 32 0.98054041354255284 27 1728 22 2566 26 1981 20 2652 23 2064 25 1796 24 2055 19 1454 18 1498 17 1387 16 1286 15 1110 14 1101
3849 -5.5604178386570924 1.8642394636802717 0.83081007550169728 112 84 68 1.1090360805341757 27 2031 22 2590 20 2680 23 2368 25 2050 16 1482
3851 -4.7328742885004571 2.3752383613401893 -0.61165217155813878 19 19 22 1.3745855167241925 22 2633 26 2067 25 1892 19 1716 21 2241
3852 -6.159419451751079 -2.1456852767319474 -0.46158185876884306 84 62 42 0.90009075246601788 27 1924 22 2695 26 2201 23 2277 25 2154 19 1608 16 1429
3853 -3.9183991328324859 -1.7114794143048386 0.92947831676166626 60 69 38 0.52693908655170707 27 1933 22 2697 26 2422 20 2922 26 2548
3854 -3.8192041324203414 -1.0605501955131544 0.6512515651093852 42 21 4 0.73604888473318242 21 2633 29 1566 22 2705 26 2553 20 2927 23 2612
3856 -4.9938757280315595 1.1739764372295722 1.1861655264929982 60 53 52 1.9832463741815012 27 2168 22 2743 20 2836 25 2319
3857 -5.1313225523800412 1.3295797925581816 0.85743782859972206 75 98 154 0.51861734560959938 28 1919 22 2748 26 2466 20 2841 24 2437 19 1797 18 1629
3858 -5.1314214346817391 1.8368132824898051 0.83478248909523933 150 139 117 1.6083854293656925 27 2032 22 2760 26 2296 23 2546 21 2193 25 2060 25 2218 20 2127 24 2461
3859 -2.4305043674210851 3.7146082584344549 1.2285902360873171 144 121 118 0.53489548880385052 27 2223 22 2801 26 2528
3860 -7.1191395798050312 -2.0115530880114543 0.17046812653681956 112 98 85 1.606230316227756 27 2235 22 2818 18 1751 16 1599
3861 -6.7767008875933028 -0.10709358369130262 0.27238445518302795 170 161 144 1.9222100502771202 27 2305 22 2829 26 2559 23 2614 21 2755 25 2288
3862 -6.5355905618298884 2.3387162030173094 0.015303636556382371 23 24 20 0.49577572834597311 27 2279 22 2860 26 2599 23 2654 24 2544 19 1818 18 1647 17 1589 16 1477 14 1128
3863 -5.2940678554182128 0.44753370219834798 0.84541356499019171 43 30 23 1.8412613331301855 27 2313 22 2909 20 3013 24 2630 25 2411
3864 -6.9187976989490574 1.426492988550377 0.9948013853172748 113 100 83 1.0877603360701098 27 2323 22 2912 26 2647 20 3017 24 2591
3865 -2.9542617071595449 1.7391722592287691 0.33937442870199386 65 69 71 1.3475377257030066 29 1746 22 2938 20 3045 23 2729
3867 -5.724012234621032 0.43316532039722833 0.64076698557522127 9 9 9 1.7295581598755283 27 2415 22 3010 23 2754 24 2627 24 2679 19 1999 19 2047 28 2108 18 1797 17 1840 16 1715
3870 -4.6513077087385275 -1.6006645228172989 0.49796460155402578 121 113 102 0.83284159105659727 28 8 26 28 25 31
3871 -4.5716013343647859 -1.5884984412537186 0.65743847983200288 101 94 86 0.62314217393274196 21 112 27 766 26 32 20 149 23 63 25 43 24 113
3872 -4.1579421103980758 -1.6054510609726484 0.86616295060772897 36 52 43 0.63616623110263915 27 102 26 39 23 59
3873 -4.5923420884183459 -1.5005946852590262 0.60868020240824494 218 210 203 1.0444965089427456 27 767 26 42 20 165 25 42 19 72
3874 -4.1920793116748385 -1.3246894523796777 0.45500311499904028 112 131 111 0.19905789538072019 27 116 26 47 23 81
3875 -3.9514974919710921 -1.3269082501353897 0.4944076570182393 74 92 77 1.0260737152555308 21 139 29 582 26 53 20 180 23 70 25 51
3876 -3.8330497251523163 -1.2582833806111844 0.80590058262195752 16 17 6 0.5107807930384658 27 149 26 68 20 207 23 123
3877 -5.0935210348668791 -1.3850870525437255 0.62195393278981936 103 95 84 0.5844645321649683 27 108 26 70 19 87
3878 -4.948465257808353 -1.3230705600140231 0.59204535940549374 100 94 82 0.60510571984662187 27 128 26 74 24 153 19 97
3879 -4.6753178402757944 -1.2628130361700893 0.49058099552065926 169 162 154 0.60878261567123115 27 134 26 75 24 158
3880 -4.892601896573602 -1.2943384673865563 0.61298838867890582 132 125 115 1.1554197348784012 21 1189 27 132 26 76 20 220 23 105 22 143 24 1146
3881 -3.9557927022541417 -1.183359785387095 0.77063352796716156 89 75 51 0.39163661147432521 27 145 26 85 20 1297 23 1017
3882 -5.0384850579691456 -1.103251619475236 0.59948750855468957 152 146 130 0.28027047977905467 27 152 26 101 25 105
3883 -4.7187543140824166 -0.047770184700797816 0.66600734424126229 165 112 48 0.33441429922225102 28 715 26 159 20 1364
3884 -3.8347526749217336 -0.18374097664441846 1.1904437895129951 69 66 25 0.71653033550826473 27 195 26 165 20 1379 23 190
3885 -4.6838419752067688 0.078429248774188831 0.69902874823655314 174 135 132 0.74273880816623361 27 200 26 170 23 201 19 149
3886 -4.6993317106908812 0.12849918851205799 0.73968704521307049 64 35 34 0.80088401656758812 27 217 26 173 19 722
3887 -4.6536785671841718 0.241413940823964 0.80994234310043822 40 6 6 0.56350388255856443 27 241 28 741 26 196 25 955 19 172
3888 -4.0743639624119989 0.16525028883217119 0.65491584312444406 128 97 88 1.0054626404852836 27 221 26 198 20 411 23 235 21 340 22 311 24 269
3889 -3.7753176545883473 0.075543655092572493 1.1208597316088689 123 123 113 0.96118090836938064 27 226 26 200 20 414
3890 -4.6813433914263891 0.42830217676352844 0.58424559490564199 78 51 28 0.81038575394139822 27 257 26 213 23 274 24 313
3891 -4.4776494707323575 0.45348126393632276 0.62217016467927821 68 26 17 0.86074589365250787 27 260 26 235 20 1448 23 278 25 211 24 323 19 753
3892 -5.0426571525594479 0.97101340516570944 1.3461492774229107 118 103 96 0.88383033280797296 28 265 26 250 20 509 23 312 24 375 19 215
3893 -5.5741441490244021 1.3705484697568888 0.63434418042903296 142 94 82 0.4997398306873046 28 825 26 276 23 332 25 256
3894 -5.5930977694949879 1.4222477801329583 0.66324444297670571 101 58 58 0.57788433283208496 21 493 28 297 26 277 23 361 25 257 24 1277
3895 -5.5578449380558066 1.4255410696093189 0.69765484092707086 73 26 10 1.277058625446452 28 826 26 296 17 307
3896 -5.5573798785990265 1.5254446473261456 0.71172028859919501 123 70 66 0.81556227136222126 27 335 28 314 26 297 23 1174 25 1025
3897 -5.4328928762100164 1.4210253995401954 0.6866502902059235 93 52 23 1.1186119490356132 28 839 26 298 19 255 17 309
3898 -5.9669921179941685 1.7804289891556724 -0.30872029415572311 124 108 89 0.89944665356604359 22 475 27 984 26 308 20 605 23 1163
3899 -5.9442972279747481 1.7030075150098543 -0.16172113084999587 149 110 68 0.53595848079848363 27 985 26 309 18 817
3900 -5.0954838307789911 1.5424169450124108 0.90232752831424656 162 147 127 0.60390664522631066 28 335 26 324 23 391 18 353
3901 -4.9862286311767106 1.5957937270573677 0.90130754345488118 169 153 128 0.65123705115799924 27 992 26 326 20 626 25 373
3902 -4.5074589183895633 1.3626173385492883 0.97660359612283076 102 91 60 0.85834416386381385 22 505 28 320 26 336 20 592 23 1183 25 1053 24 1339
3903 -6.1640666425489679 1.9825035931747201 -0.019633530370256599 60 59 48 0.78058570359773105 27 374 26 352 19 267
3904 -6.0978115180996939 1.9866304301513331 -0.031417821219395382 122 122 112 0.70550058819728734 27 1003 26 353 23 419 25 354 19 303
3905 -5.9195692141452678 2.0880541011988671 0.013490506853524828 117 117 115 1.0703629922990967 27 1026 26 387 23 480 25 414
3906 -5.8145613529345335 2.2477483860277165 0.77603493656881783 21 10 4 0.99924507340447333 27 1473 26 427 24 677 18 957
3907 -5.135773135077871 2.1781287248213688 0.73661091046060101 69 49 33 0.89871694622089482 27 442 26 465 20 832 25 501 24 730 18 544 16 490
3908 -4.7468544669035397 2.2706022334717817 0.61449750489252919 107 88 66 0.7155706395777538 21 756 28 410 26 502 20 905 23 656 25 551 24 787 18 569 16 511
3909 -3.902186247551616 3.507741329584543 0.61395175325998097 29 24 21 0.91185089405574649 27 1115 26 563 20 2214 23 1381 22 856 25 1246 29 385 19 991 20 1026 17 1040 18 1040
3910 -3.9780101603454634 3.6187682129990812 0.47790380487750139 91 83 81 1.0278716308177493 21 876 22 881 27 500 26 570 20 1021 19 520 17 604 16 531 18 641
3911 -3.8435065703884725 3.7437378858115418 0.14964786225298513 127 125 130 0.46016789950657927 27 565 26 610 23 786 20 1087 25 658 19 555
3912 -3.7958482963128062 3.6847545074086709 0.24023630121326114 92 90 94 0.56843775086040571 27 545 26 612 20 1070 23 791 24 927 19 557 15 508
3914 -4.0503746498339455 3.965089450956941 0.19694324562538021 110 97 88 0.78755242396318914 27 584 26 629 20 1085
3915 -3.8324595884536206 3.8062546628022909 0.17559532902696109 11 7 11 0.55243409540003741 27 1163 26 633 23 810 22 944
3916 -3.7979908169774674 3.8502800519911253 0.42259015720960175 67 68 70 0.8727055563765086 22 950 27 570 26 644 20 1096 23 817 24 960 19 577 16 589 17 664
3917 -3.6782342676967086 3.7787572082809744 0.403816817936901 127 122 126 1.0069106961815277 28 523 29 878 26 645 25 682 24 963 17 669
3919 -3.7800462744387047 3.9305176467490059 0.31858303305736002 42 41 49 1.0622727272897221 22 1683 28 566 26 661 20 2243 17 681 15 1071
3920 -3.3969701825431891 4.1504670136302888 0.79788138882558546 40 36 36 0.64000053795293066 21 1648 29 904 26 717
3921 -4.0562966650168253 -1.3994940157400306 0.44345578702508792 95 95 85 0.71270646094619627 27 771 26 854 20 1251 23 989
3922 -4.2095284971565619 -1.6417492815432249 0.97124102300944226 2 17 10 0.82568473903715445 27 779 26 859 20 1256 23 1555
3923 -4.4086401496988925 -1.3621991486566685 0.56946920985269489 88 78 68 0.39760237049518737 27 783 26 869 19 79
3924 -4.3972108288683369 -1.362979346343415 0.5909004518557055 114 115 101 1.6395675875557196 22 1211 27 115 26 871 23 1569 25 857
3925 -4.9222904205457407 -1.2473761256507419 0.58253292340375074 167 161 148 0.52164568569050573 27 795 26 879 20 1972 23 1022 21 1188 25 1392 24 1682
3926 -4.3441592672111291 -0.97351130980052891 0.54800240823398105 92 82 70 0.49453240017430256 27 163 26 904 19 120
3927 -4.8237626479378966 -0.73681479541443895 0.36567517404854516 144 134 110 1.2180783807326132 27 824 26 910 20 300 21 242 23 1034
3928 -4.1211301895109962 -0.64445213019270531 1.3638837074446015 24 23 18 1.4194040022742098 27 179 26 912 20 1336 23 1036 27 827
3929 -4.5562681082545575 -0.14212692722361236 0.55638767866780636 37 16 0 1.0347038972173341 27 837 26 923 20 1987 25 1414
3930 -4.8877291054335554 -0.075803212613326898 0.69962564475522537 123 100 103 0.71414370258103799 28 125 26 937 23 1610 25 1412 19 142
3931 -4.8042066859065855 -0.064468739304672729 0.66756293689822954 65 29 12 1.5815670975775464 27 847 26 938 24 1708 19 1133
3932 -4.1916552004336438 -0.085803656983252957 0.93621170447890589 43 36 30 0.54915424767972287 21 1245 27 854 26 947 23 1063
3933 -6.0731376822397785 0.38666115214127711 0.60608670425823907 74 68 55 0.69633996089163064 27 1335 26 964 23 244 24 273
3934 -4.8219299071255914 0.31612921252088044 0.3600624879919273 126 67 68 1.5479710894089471 27 232 26 968 20 428 23 1105 25 949 24 276 19 739 18 776
3935 -6.4264133227951019 1.5527630096569465 1.0082706626523867 106 92 69 0.62012412705618236 28 1203 26 1025 20 1508 23 1149 24 437
3936 -5.6015544005410991 1.3356191554219561 0.63451432147093145 91 54 41 1.2918107563100247 22 1399 27 1375 26 1026 25 254 24 399 19 1191
3937 -4.3285588688060503 1.0565342966043958 0.90375732885341686 76 72 69 0.80613423440432341 21 1344 22 435 28 816 26 1033 20 533 23 1142 25 1015 24 1287
3938 -5.4298107353601992 1.5232817708533632 0.65801907680083815 151 90 74 0.75812138209951574 27 970 26 1043 23 385 25 286 19 795
3940 -4.5821931768864932 1.4224634299973169 1.0529885560786787 78 62 34 0.71095808433623653 28 324 26 1064 20 1554 25 1496
3941 -6.592158991673422 2.0326608439185034 -0.0022677945953841518 38 31 23 1.2474583214334456 27 1000 26 1070 23 1191 25 297 20 608
3943 -6.5849423606096149 2.0798228346813366 0.66076194479565376 87 80 74 0.58900658391742777 27 1438 26 1077 25 1081
3944 -6.5606713938021599 2.1033227498443128 0.61144425374501632 53 48 42 0.80566289928311097 27 1436 26 1078 19 833
3945 -5.6697926477923453 2.1688693143237034 -0.64181769463001492 10 10 9 0.874243422315227 27 1052 26 1128 24 1405
3946 -5.9339242642646157 2.1736898753284581 0.030356223491301633 104 104 102 0.75506226479783545 27 1040 26 1132 19 863
3947 -5.9339242642646157 2.1736898753284581 0.030356223491301633 104 104 102 0.75506226479783545 27 1039 26 1133 19 862
3948 -3.9601572289893028 1.6549343579284406 0.65278979036123352 17 19 3 1.3000490428855791 28 371 26 1143 23 1791 25 1552 24 2127
3949 -3.8699884893484469 1.6651885521098733 0.65536701032680211 140 123 38 1.0102155592591811 27 1030 26 1145 25 1563 24 1856 20 781 19 925
3950 -3.8913037336380283 1.752606580157491 0.63873881239603514 116 110 33 0.53671196544094379 28 387 26 1173 25 1166 24 1470
3951 -5.2796669554691347 2.2743441330313638 0.26689763861486748 70 67 49 0.71252717314367842 27 1074 28 1274 26 1191 20 1681 23 1314 25 1158 24 728 19 1297 17 1007 16 943
3952 -3.5752486850766312 3.4285784739362923 0.61775151605450906 45 33 34 0.52269801529774518 21 885 22 1652 27 1126 26 1266
3954 -3.7579349122392922 3.9205060959153832 0.41434092010270002 15 16 21 1.0412843295649519 27 1554 28 539 29 1173 26 1298 17 1331
3955 -4.3062775676383005 4.277769042859906 0.27652819541667195 126 108 101 1.0159873015552021 28 1021 26 1309 23 1895 25 1279
3956 -3.4842149409438048 3.8221984998326262 0.58634611181778118 102 101 106 1.1802991838087862 21 1984 27 1168 26 1326 22 2455 26 2373 20 2783 25 1640
3957 -3.7181110579235739 4.0038304281350028 0.2870139629543414 33 32 30 0.93937104488560108 27 1188 26 1343 20 1866 23 1451 24 1590 17 1101
3958 -3.3872567463476098 4.0539570619319001 0.76192512511621857 78 76 85 0.26636436878164244 27 1192 26 1352 23 1477
3959 -3.4635887440369002 4.0679407337812581 0.34223386236132913 44 31 38 0.36442495796934171 29 1200 26 1367 23 1925 25 1333
3960 -3.3488656413797866 4.0326671074337179 0.43717538921058535 122 111 111 0.89918499516975237 28 1041 26 1368
3961 -4.6365609423824656 -0.95537679116975616 0.51865289494542721 142 136 122 0.44805166711965666 27 816 26 1494 24 1162 19 683
3962 -4.0849306144053887 -0.082572826687647177 0.53390532207025576 75 66 61 0.56345849069514176 21 1757 27 1673 26 1518 22 1284 20 2002 23 1619 24 1712
3963 -4.1544842537498372 -0.04554878046731288 0.55236955617441341 97 93 92 0.74102181011976143 27 1311 26 1532 25 1417
3964 -4.15249473987671 -0.044980189141550719 0.55035374288628858 97 93 92 0.71677844105212973 27 1310 26 1533 25 1755
3965 -4.9417642608403796 0.27194944116878411 0.40315952746045602 167 143 143 0.88596000447999634 28 1471 26 1541 20 2368 25 1775 18 1339 17 1376
3967 -4.6343854985082409 0.34079911742802693 0.53070803088878393 83 8 12 0.66297845069096417 27 1348 26 1559 19 743 21 1296
3968 -6.0696563504588372 1.4062966186445929 0.52608253667415417 57 40 21 0.91983886677234539 22 1927 27 1730 26 1578 21 1813 25 1467 19 1176 18 1142 15 932
3969 -5.9391306421858019 1.544591119472378 0.22240269276338875 108 72 39 0.58502313642591042 27 2010 26 1586 20 2070 23 1693 25 1465 18 1362 15 1116
3970 -6.3236222951853716 1.7197501870505867 0.788052275982425 51 38 19 0.93671451660207428 22 1423 28 1536 26 1592 21 518
3971 -4.9150563960251086 1.5932427345276285 1.0084898319708961 115 92 74 0.79339523262113454 27 1430 26 1624 23 2109
3972 -6.029396810352555 2.1144716889436408 0.038303326076148704 27 26 24 0.6314209450280559 27 1452 26 1639 23 1746 25 1528 24 1801
3973 -5.6411123994815098 1.9385790539393271 0.82938565291601396 122 106 82 0.48926428725291243 27 1439 26 1640 16 1169
3974 -3.0126022369992196 1.4172102799609139 0.20658763462983987 99 55 55 0.68300019430106118 21 1899 27 1462 26 1670 23 2154 21 2208 25 1878 19 1538 20 2169
3975 -3.9521086010247322 3.5428071873887053 0.61812284891379576 101 96 96 0.9473274345712146 27 1848 28 1300 26 1733 20 2537 23 1867 25 1912 17 1496 18 1467
3977 -3.7394756093236392 3.9987484857146307 0.37705527007964679 83 83 85 0.95368298019217967 27 1570 26 1759 20 2250 23 1908 25 1649 24 1947 17 1103 16 1238 21 968
3978 -3.6279844012696962 4.0585239405450979 0.3443550440442365 173 174 169 0.51589270384872288 22 2465 28 1635 26 1768 21 2287 25 1954 24 2222
3980 -2.1226621334729234 3.6184657630142465 1.6843538708396812 234 192 152 1.8799673542552977 28 968 29 856 26 1789
3981 -2.1051263623388379 3.6440723477005013 1.7123464960345027 199 160 121 1.7836300371143992 28 1318 26 1790 27 1562
3982 -2.128237810158272 3.8835050420598227 2.1447921993356061 171 149 128 1.8608881380216216 28 1319 26 1806 27 1179
3983 -3.3292290777887206 4.228723485743858 0.51777860193717695 182 167 167 0.39927086163217984 22 2180 29 1405 26 1821
3984 -3.323635895750646 4.2719691212314013 0.48535755047069717 118 107 110 0.52504671331059216 22 2181 29 1212 26 1824
3985 -4.3789441424789324 -1.61615536098097 0.65948976340182164 27 23 14 0.54017958506347519 27 1636 26 1880 20 2310 23 2289 25 1716 19 1614
3986 -4.0359833639200406 -1.2990854341275822 0.35338607669411931 81 105 79 0.43448397001537742 28 1383 26 1887 23 1973 25 1719
3987 -4.6479577796956759 -1.3119274352214108 0.5698807876486357 167 160 152 1.6945597767794043 27 1275 26 1893 20 2607 23 1991 25 1726 24 2005
3988 -3.9544480870900593 -1.2544691004181525 0.55160666587345009 58 70 50 0.59707923637093974 29 1435 26 1897 23 1981 25 1990
3989 -5.1623058096773669 -0.98817099977452028 0.69988529622975559 140 133 123 0.58519181778383023 27 1660 26 1921 25 1745 19 1622
3990 -6.2342674498513331 1.5826638334199838 -0.10225269477332202 133 100 64 0.82192275265191483 27 1738 26 1986 20 2069 23 2070 25 1462 19 1185 18 1139 17 1172 16 1111 14 829
3991 -4.5254703052203809 1.0778282741082825 1.2193447459084215 48 44 41 0.48705790177195307 21 2156 27 1381 26 1992 19 1471 28 820
3992 -6.1391388409817056 2.1896664926345584 -0.4652209425977416 63 57 49 0.89199485719318727 27 1793 26 2027 23 2120 25 1843 24 2092
3993 -6.0568804443371969 2.0982670710337663 -0.036202949906892726 119 119 112 0.7777408384201665 27 1785 26 2029 23 1745 19 1231 26 1637
3994 -4.7703743914087715 1.9750046790117988 0.62882672792307492 95 86 67 0.90760534289475836 28 1264 26 2050 25 1875 18 1433 17 1469
3996 -3.9204891701394895 3.6075922335210264 0.45166208464633356 131 123 122 0.78952011842709235 28 1305 26 2111 25 1918 17 1495
3997 -4.1858709120130602 3.8289553170758648 0.39967778567642459 26 11 6 0.80148928532569563 22 2100 27 2083 28 1605 26 2115 20 2551 23 1873 25 2119 19 996 16 1384 17 1492 15 493
3998 -3.8489109932296484 -1.438320982478311 0.99269415320303289 77 79 78 0.51775862431562458 27 1645 26 2221 20 2321 21 1721 23 2295
3999 -3.8863045196787409 -1.2562772066026138 0.646723438401961 45 37 24 0.31711940656579002 27 1938 28 1397 26 2223
4000 -4.2495144455635119 -0.57727618317169849 1.4032942196616167 85 78 62 1.4806998644003986 27 1951 26 2231 20 2929
4001 -5.7731721372287579 1.7269190893695274 0.78630187760987014 44 42 40 0.57388402727563537 28 1768 26 2280 20 2672 23 2357 25 2040 19 1669
4002 -5.3810349030232469 1.5912590088554694 0.78798015726388304 128 93 58 1.8401882290982887 26 2281 20 2429 25 1826 19 1670 18 1641 17 1676 27 2016
4003 -5.7324049844884772 2.0025694114733668 0.77725696425136326 103 87 71 0.79159453270488889 28 1781 26 2295 23 2367 24 2332 19 1694 18 1663 15 1279
4005 -5.8032676404594676 2.3042514367576792 -0.56305821586338523 87 86 92 0.62108833493635862 21 2426 22 2380 27 2051 26 2318 20 2489 23 2148 25 1860 24 2122 19 1701 18 1402 17 1456 16 1351 15 1169 14 1134
4006 -4.8509724865989616 2.1472524034878071 0.69173792091713215 71 49 32 1.4092513974127139 27 2190 28 1788 26 2320 24 2478 17 1473
4007 -5.6685540834511148 -2.1811654453729679 -0.036085857133779278 106 88 68 0.96968522554178127 27 2123 26 2415 18 1486 16 1430
4008 -4.9033945736754481 -1.9531902916613251 0.94606646796670957 52 45 39 0.79083143552914958 28 1874 26 2420 20 2795 25 2157
4009 -3.7609228602707896 -1.1169551459350173 0.66981819693885947 92 71 44 1.1606030591303635 21 2518 27 1942 26 2431 23 2609
4010 -3.3516252832922047 1.4738665962210971 0.29556791438974778 77 74 67 0.59186332456223445 28 1939 26 2483 23 2557
4011 -3.8052654138379962 1.8964363983484387 0.64501572725703915 5 8 3 0.68154249801019817 28 1949 26 2500 25 2341
4012 -4.8502670173258222 -0.15702126546930772 0.66512243212798616 176 146 46 0.89319415010494163 27 2244 26 2561 25 2357
4013 -4.3085595674182517 -0.14669761208393262 0.59898417558977368 46 32 17 0.88168996568188573 21 2700 22 2901 28 1988 26 2562 20 2934 19 1937
4014 -3.2647496204289985 1.8483833875349824 0.30885539099023829 105 85 76 1.4062306713573316 28 2022 26 2611 20 2988 23 2728 19 1924
4015 -2.2041487030107594 3.5146411805929354 1.6825163789730242 172 127 91 1.46108293114113 28 2025 26 2618 27 2292
4016 -3.4324515059693979 4.1028521528012956 0.44692908856195079 185 174 175 0.15853276502641331 22 2946 29 1791 26 2687
4017 -3.4050663222647417 4.198876970545375 0.38659032263308624 189 176 175 0.96693825313844251 22 2996 29 1824 26 2745
4018 -3.6508728813521181 3.6988172424919212 0.40857019688811957 174 170 167 0.82457169330164426 27 2434 26 2776 20 3133 23 2824 25 2477 24 2727
4019 -3.6508728813521181 3.6988172424919212 0.40857019688811957 174 170 167 0.82457169330164426 27 2435 26 2777 20 3134 23 2825 25 2478 24 2728
4020 -6.3908593352383276 1.5327649230595544 -0.00010727276752187619 125 100 64 0.96898466414771467 27 2448 26 2790 20 3149 23 2834 25 2488 24 2717 19 2080 17 1900 16 1766 15 1518
4021 -4.8751514208522391 0.84663229075117263 1.4532549592225592 8 3 3 1.6259541134200788 21 1803 27 1714 26 1978 29 1315 28 1506 22 2309 20 2057 23 2052 25 1795 19 1652
4022 -3.5124218237664389 3.8508992078032978 0.52886802940891908 38 38 41 0.28324527746157652 29 894 21 977 26 1323 28 998 27 1556
4024 -3.4351606193741588 4.050905197385716 0.78575948610302082 85 85 86 1.4984189621842321 21 997 27 634 22 1727 26 1350 29 1388 28 1346 25 756
4025 -4.9871691266199445 2.2739572938387931 0.63264807401776424 26 24 31 1.8608214745213731 28 2082 27 2347 21 2675 26 2670 27 2395 22 2980 20 3089 23 2723 23 2780 25 2336 19 1969 18 1787 17 1819 16 1697
4026 -3.5607661468004523 4.0368497059562003 0.36516086917708557 116 114 117 0.63665057197311092 28 1358 21 2017 26 1780 27 1583 22 2466 23 2247 25 1664 24 1958
4029 -7.0896647638825199 -2.5275489617647953 -1.1760403412301423 141 131 114 0.34042137668452493 21 22 22 2 20 55 23 14 24 42
4030 -6.8837416223954531 -2.36116210440554 -0.48725133289120709 92 81 63 0.79839019219797791 21 48 26 1447 27 1257 20 87 23 1535 25 813 24 72 19 633 18 116 16 131 14 87
4032 -3.9473906790870052 -1.1739707768301837 0.54460548332692904 70 83 73 1.307485650315898 29 24 20 232 25 95 19 661 28 39
4033 -3.9509067752858482 -1.1772924851386684 0.55406921123997521 70 83 73 0.53190441601406646 29 25 20 233 25 94 19 660
4034 -3.7083566558714907 -1.1398495948524934 0.66048629654229984 24 16 5 0.68862370433562126 22 164 27 151 20 240
4035 -5.1593935613212469 -0.71953272965433179 0.59206019053200476 90 78 62 0.52717254655994283 26 123 20 304 24 1172 19 694
4036 -4.8533951934528448 -0.32734256774876674 0.6239262657079494 42 22 17 0.80194189290094708 21 262 26 131 20 324 22 1269 23 1039 25 127 24 1176 19 134
4037 -4.8540694497751211 -0.26814980629247231 0.6244397258751001 201 158 107 0.59581352119629316 22 225 20 326 26 133 24 202 19 697
4038 -4.0469693950463439 -0.095641574485150843 0.45211394311518582 44 33 24 0.68524244993681194 22 1283 20 338 23 1051
4039 -4.2473271417098237 -0.097064267966982171 0.57977747315641737 82 73 69 0.43959652767932761 26 146 20 367 21 286 23 187
4041 -4.2204263862276754 0.098083186570843833 0.43972720631656631 55 10 0 0.63703704481464729 21 334 22 1315 26 175 20 389 25 934
4042 -4.3584675760259595 0.10121046309618732 0.58949953152103662 106 52 45 0.89281694809332923 21 337 22 283 26 176 20 391 23 206 25 936 24 1206
4043 -4.7588673048872137 0.25380812519799695 0.4887930566472779 77 17 22 0.8856086682498937 21 361 22 303 26 193 20 406 24 1213 19 158 18 187
4045 -5.422727569216951 0.31241814405247303 0.57913126614931176 145 144 138 0.44181207966550812 22 297 20 425 25 174 24 1226
4046 -4.7852920366896647 0.37820174971670678 0.52304249772831646 123 99 76 1.0227629576789157 26 208 20 431 23 249 28 209 25 195 24 1234 18 206 18 786
4047 -4.7264474071689122 0.39894112212439908 0.51518019801729464 63 23 2 0.61949229407626638 21 391 22 328 20 433 19 182
4048 -4.0479233305624955 0.27372237837902907 0.61540503259426671 119 76 60 0.50942771405522203 21 369 22 1360 20 444 23 1647
4050 -4.5065052099097596 0.46124863367029184 0.55865356336727823 58 20 1 0.8368776374855692 22 355 26 234 20 461 23 276 24 316 19 188
4051 -3.5342040055469583 0.31520008160471163 0.52380034398599973 74 69 63 0.33869170440606355 29 691 20 469 25 978
4052 -6.8239769966581285 0.98698335805776904 -0.75877759359171981 93 86 76 0.71525447503178718 21 1302 22 1376 20 474 26 995 23 286 25 980 24 330 19 757 18 209 17 863 15 163 14 570
4053 -6.8120380590410594 0.98623191124101506 -0.76372653075564345 93 86 76 0.71554912131357762 21 1301 22 1377 26 996 20 475 23 287 25 981 24 329 19 758 18 210 17 864 16 190 15 162 14 571
4054 -6.8061701336526008 0.88307305298272054 -0.75231993067290304 43 30 24 0.62308829206264116 21 413 22 345 20 477 24 297 17 200 16 188 15 155
4055 -6.120775214937189 1.3974478756001916 0.5205594996479227 91 72 51 0.98006052849296454 22 414 28 293 20 517 24 394 18 812 15 188
4056 -5.5321369856262974 1.1835741189756404 0.69211964190402386 165 128 102 0.9644447297134352 21 461 22 396 20 519 25 232 24 371 17 243 18 255
4057 -5.4721411811469283 1.2802845108049667 0.64276615807113924 151 105 72 0.82518011788066747 26 275 20 523 22 419 25 255 24 401 19 776
4058 -4.9397145924687615 1.1452849529323219 1.1851311490571865 58 50 46 0.78883553831418218 26 281 20 526 23 338 22 427 25 268 24 446
4059 -5.190707442463621 1.1517853070635604 1.5247152627139071 104 97 91 0.46551664998603909 22 429 28 281 20 528
4060 -4.5549207643834126 0.99045942371916451 1.0474145808596349 40 41 33 0.23805927440419153 21 1332 26 259 20 532 23 1139 25 999 24 1269
4061 -6.3379923144698695 1.5346504701292796 -0.11935860259377228 98 69 38 1.1648429311783663 22 1395 20 539 26 1021 25 240 24 1261 19 1175 27 1386 18 806 17 235 16 229 15 185 14 164
4062 -5.9829110599575426 1.5694320395780428 -0.035698748060169254 99 65 29 0.28044247101574221 21 509 26 291 20 541 14 182
4063 -5.9752726998482384 1.5040294849599412 0.39864641881068597 105 80 66 0.86651810730924195 21 482 22 448 28 838 20 552 23 355 26 268 25 1007 24 422 18 819 16 813
4064 -5.8615159406293058 1.4602579784166292 0.39199476909248232 83 67 58 0.27868428964972153 21 485 22 415 27 950 20 553
4065 -5.7416536642976457 1.413527978920931 0.7442825434587198 60 39 33 0.81795473718846323 22 421 20 555 23 360 25 1009 24 439
4066 -5.9998272695895114 1.6097120228413424 -0.0127375752586669 85 54 13 0.67356223318617703 21 511 22 443 20 567 26 1037 24 416 19 786 18 267 16 812 15 214 14 185
4067 -5.8598876975629874 1.6384772562232579 -0.007204309748049296 148 117 61 1.7845434684538339 26 293 20 568 25 278 17 302 27 331 14 607
4069 -5.4753762807867146 1.6116377521876948 0.71227189561364135 102 27 15 0.51119227585774207 28 332 20 582 18 348 17 364 16 344
4070 -5.1488452509735412 1.4419589234645775 0.98403312243664742 112 105 98 0.31026689527620538 21 525 22 461 26 299 20 584 19 256 18 311
4071 -4.532344352871907 1.3321380546286303 0.97549657790046684 119 108 89 0.70904132310298951 26 304 20 591 23 400 25 335
4072 -6.5067448314700025 1.9178304108291666 0.72723485706570101 44 37 29 0.68503838055971467 22 529 20 615 26 317 23 427
4073 -4.847563174121218 1.546113701109864 0.89556394071674594 111 86 63 0.51233745558585875 26 329 20 630 23 440
4074 -4.2597856711705182 1.3747318564349678 0.76514597291173803 77 70 17 0.35819037182145541 22 509 20 635 23 447 24 514
4076 -6.2398117964183637 2.0013602956004362 0.087394387950383554 57 54 45 0.58325689317845542 22 526 26 355 20 668 25 353
4077 -6.7284256219700405 2.1546616705428216 0.87609634648032531 31 24 14 0.6400350639389103 22 1480 26 1620 20 679 23 1231
4078 -5.5360647097795752 1.9085709072623949 0.72799823323046997 127 109 86 0.47757233032343094 21 624 22 581 20 686 19 348
4079 -4.9502762642503155 1.7505247219808535 0.80681975995373778 18 9 4 0.73360334406679506 26 398 27 393 20 690 24 618
4081 -4.1507946568715548 1.5362112896564741 0.8296637498984305 24 20 18 0.60934868337257375 27 399 20 695 19 893
4082 -6.4116477383028538 2.2246168698821323 -1.1819664018696265 127 121 116 0.56684818311467111 22 597 26 1085 20 701 23 1220 25 1064 24 533 18 326 17 326 16 328 14 245 14 647 13 837
4083 -6.6058039496705936 2.197979384963674 -0.93173685055346356 138 134 126 0.84754237408682487 21 1854 22 1468 20 703 22 1973 26 1630 23 1732 25 1066 18 1172 17 329 16 1127 14 211 13 1137
4084 -6.5631111374281561 2.1851195364893972 -0.94656067630326468 138 134 126 0.91466166602986299 22 1469 20 704 26 1631 23 1733 25 1067 19 1487 16 1128 13 1346
4085 -6.3737592573443287 2.1406194500704077 -0.93415640827688939 143 139 128 0.88180813838274597 22 1472 20 706 23 463 25 1499 23 1736
4086 -6.5030815716485675 2.1693298373926759 -0.88961430729155122 143 139 128 0.69118825693417507 26 377 20 707 23 462
4087 -6.4596165867177833 2.1725685506486827 -0.59386314544051366 70 69 65 0.14647014988586193 26 381 20 712 23 467 24 539
4088 -6.0914376555135927 2.1702128251610135 -0.69206094903877102 89 85 82 0.78743147562797466 22 603 20 716 19 332 18 883
4089 -6.6812155160498348 2.2298514493714245 -0.0016890503074055863 107 100 91 0.46669331828353239 22 1478 20 722 26 1635 23 1228 25 352
4090 -5.5242003722492559 2.039929836711988 0.82421894850440569 130 109 85 1.3981363316699424 22 619 20 733 18 519
4091 -5.3019475982885407 1.9404429439410489 0.9638504543944536 79 60 46 0.37272296579049913 26 396 20 734 23 1271
4092 -6.5193883554482053 2.3341264379790103 -1.6045257441044816 115 112 107 0.38988866813793521 22 594 20 751 13 365
4093 -6.450106623055361 2.3109482300299957 -1.0500756025992415 78 80 77 0.64984690645330001 22 599 20 753 25 391 26 1119 24 536 19 325
4095 -6.162725043455751 2.3673056818076681 -0.92546584624449568 21 22 14 0.66003405282754857 21 1453 22 647 20 813 26 452 23 518 25 448 24 596 19 366 18 473
4096 -4.7229359876544352 1.9940646841939071 0.60795998837222953 60 37 19 0.67277875063272863 26 466 20 833 18 1265
4097 -5.8346655031674119 2.3545325360597951 -1.4738551800362494 16 1 6 0.51683576942676746 22 678 20 862 21 716 26 478 25 440 23 554 18 467
4099 -5.746885894926554 2.3722104228661349 -0.837817718488995 56 60 63 0.85448313935187281 22 685 20 867 21 724 23 1294 25 496 24 669 18 952 15 786 14 711
4100 -5.6438648319840574 2.3344316628129698 -0.89218747738265325 56 60 63 0.66025699186548292 21 723 22 686 20 868 25 495 24 668 17 517
4101 -5.9874607499280517 2.478128701249092 -0.62995871759697997 2 6 5 1.538472413307393 22 687 20 869 23 611 24 725
4102 -4.8050997380375771 2.2500405498283795 0.54882326986060448 40 30 28 0.28833984596246814 28 408 20 874 16 953
4103 -4.1351110738831531 1.8996999927280114 0.46196931410981068 78 65 56 0.82941300661729267 26 471 20 876 23 627 24 1479
4105 -5.7008273376554373 2.5264500587405601 -1.3468156295759772 1 4 3 0.22605548701069841 22 747 20 895 18 529
4106 -5.2413957549274599 2.3925011174043092 -1.2534608660069451 47 51 50 1.5108064872898346 22 1588 20 897 25 526 19 923 21 1945 18 533 15 430 14 395 13 930
4107 -5.1678712006571166 2.4605030196598281 -1.1447999663161741 42 41 37 0.61387224215047509 22 753 20 928 24 783 23 673 25 545
4108 -3.3275691641081395 1.8241160755487418 0.33766868496105212 60 37 23 0.54256830222690922 21 766 22 730 20 935 25 1206
4110 -4.1868564031793776 3.7609579805118716 0.42592691210717504 34 15 9 0.45426734565564875 21 872 26 566 20 1019 23 1388 25 1614 24 877
4111 -3.9558770424265068 3.5745473773530456 0.60027712927716892 47 38 41 0.12481099106454224 21 864 26 562 20 1023 23 750
4112 -3.8168407437211056 3.5135417616294453 0.63478115102151034 93 91 92 0.38773445320374011 22 864 20 1029 25 630 17 620
4113 -3.8050893116478837 3.5366965070360723 0.63666600371205317 125 123 124 0.51765368490172037 22 866 20 1030 19 533
4115 -4.0750284545159188 3.7559882234678375 0.41059543599923365 15 9 6 0.35467094912135133 22 1642 28 498 20 1039
4116 -4.0390397640805222 3.7202570788134626 0.37218792346033625 15 9 6 0.13752713687254783 22 1643 20 1040 23 1875
4117 -3.8303293190437775 3.578302474352467 0.51411103887156151 178 174 171 0.88980956053159366 26 577 20 1045 22 888 23 1880 24 1550 19 1348 17 1051 16 996
4118 -3.713531613359411 3.5575323277712845 0.58903406517866741 67 66 71 0.58703492820045966 26 583 20 1053 25 648 23 777 19 548
4120 -4.0588551177153516 3.8277828684935526 0.15725454039054088 110 96 96 0.30615887772513856 21 915 22 930 20 1064 24 917 19 537 15 498
4121 -3.8723195118255038 3.7280559256359216 0.19081807129277234 161 153 150 0.30982683907176334 21 922 22 941 20 1066 23 787 24 921 19 554
4122 -3.8171347270174039 3.6753196811588906 0.29708406348328603 59 59 61 0.53828762900542804 22 907 20 1068 19 1019 17 631 15 849
4123 -3.7961143876227674 3.6727969475439548 0.30349108128897767 99 97 103 0.71929205017432662 27 546 20 1072 23 790 25 659 19 558 15 510
4124 -3.6353932207839166 3.6642942396363458 0.77665296801762773 73 69 73 0.45696274513563295 27 534 20 1078 23 801 19 571
4125 -3.9851854181862261 3.8322522991289674 0.12857721509741971 27 17 23 0.75123821691247539 21 919 26 606 20 1083 23 782 25 1274 24 918
4126 -3.7925946643705477 3.700300013848596 0.2275427578917204 141 142 143 0.30701178685544267 26 615 20 1090 23 792 25 660 19 559 17 646 16 573
4128 -4.2512723789961839 4.3243607718161252 0.14970199248300795 79 62 55 0.71708940432644575 22 1012 20 1129 25 696
4129 -3.7483571051457218 3.9838101812108402 0.18614607453519277 108 103 104 1.2652076937528953 28 583 20 1131 16 612 17 1082
4130 -3.6235585997762221 3.892213137640947 0.43106491673160785 122 121 126 0.51012817541868072 22 998 20 1136 24 1005
4131 -3.944429461601676 4.1671933388230711 0.032543298216804885 169 157 153 0.55538692458100414 21 1637 22 1018 20 1143 25 1300 24 1584 17 1327 15 1074
4132 -3.4675125502841926 3.9325154082637361 0.50105340144209309 146 139 147 0.2870656637400672 26 687 20 1154 25 747
4133 -3.6526494590637446 -1.3966751777204005 0.70009920669766679 78 78 80 0.38239223433819874 21 1720 28 633 20 1260
4134 -4.1681646938503922 -0.49888867935578912 1.4074604786742753 89 79 67 0.94944378743769897 28 699 20 1344 23 1602
4135 -3.5062359051377361 -0.15147200506337866 0.83620373977609319 86 78 70 0.67943816548499347 21 300 26 929 27 194 20 1358
4136 -6.9491766249303701 -0.013292754874304476 0.44878840272326881 171 160 142 0.81189316222986208 21 276 22 251 26 920 20 1360 23 174 25 138 27 843 19 704 17 175 16 753 15 651
4137 -4.6025685900919031 -0.11945899370840053 0.68926423419535188 109 87 50 0.76691062974045143 26 924 20 1365 24 1195
4138 -4.3739683588047846 -0.10173148740906425 0.7307277119490756 66 57 50 0.81459699271227781 28 133 20 1370 19 712 27 851
4139 -4.3401211126649377 0.1156265558170196 0.53459898247920101 64 6 4 0.50596420275573117 22 282 20 1389 25 938 24 1205
4140 -3.9035119724607203 0.23210232015401316 0.4523301983011167 161 106 93 0.54271124098915036 21 1283 22 1334 20 1408 23 1100 25 958
4141 -5.9447418002166765 0.37051144584096002 0.55391606888765244 21 12 5 0.75099621935797212 21 353 28 753 20 1417
4142 -5.9349611508804534 0.36993530176677802 0.54974036238983459 21 12 5 0.80083467300588951 21 354 27 1336 28 754 20 1418
4143 -4.8117312486184609 0.35438240639703583 0.58119897576401347 140 103 78 0.94547824358362342 28 758 20 1427 18 784
4144 -6.8315646063011641 0.65627903031632717 0.82544523886802101 79 67 45 0.88321088278259574 20 1441 24 1730 23 268 19 178 17 209 16 766 16 1284
4146 -3.9814833294532126 0.42093606939607997 0.66185007378729332 112 60 47 0.87972212721755538 21 1310 26 1001 20 1452 25 987 24 1251 19 1171
4147 -6.8101400784478852 0.96761443534621039 -0.68625934415632617 94 81 72 0.79259443604205093 21 416 22 367 20 1457 26 230 23 288 25 208 19 759 18 211 17 204 16 194 14 138
4150 -6.0522722307169339 1.3977297316346031 0.50882067278053167 48 31 10 0.89159018623661257 28 1202 20 1486 24 1263
4151 -4.2701563306094252 1.0439933319256789 0.89170862783532212 49 47 48 0.49451440537712782 22 1402 20 1492 23 1143
4152 -6.3236098221816484 1.5084094485215631 -0.10045788580797688 132 101 71 1.4540785158464002 22 1396 20 1493 21 1337 26 262 23 326 25 228 24 387 17 878 16 228 16 230 15 680
4153 -6.3430300227657055 1.6436306367372449 -0.14657998169643732 117 91 65 0.91668185468317953 26 1583 20 1495 17 888
4154 -6.4576006487575652 1.648760718086639 -0.010321990359781253 104 73 50 0.68948243382078211 22 1406 20 1496 25 1001 24 413
4156 -6.4452380708722075 1.5548861837765739 0.94653528751132587 111 93 39 0.47472959729911202 22 1936 28 295 20 1506 24 431 18 273
4157 -6.3962735601543477 1.5184682635847169 0.95045729140460522 67 54 33 0.54601715073714785 21 489 26 1024 27 1395 20 1507 23 1683 25 1008 24 433 18 823 16 815 15 940
4158 -5.2766815647082179 1.290062022586975 0.82689468984527659 25 45 69 0.27472884946140441 22 1400 26 1030 20 1513 24 1280
4161 -4.8429472155102165 1.5421572769328911 0.84895718059363123 159 139 112 0.70950170447509975 21 1376 22 1433 26 1062 20 1547 25 1507 24 1332 18 1215
4162 -4.7352685637170113 1.5413431365320254 0.99837127358552746 35 17 3 0.85938967399931909 21 1378 27 994 20 1551 22 1964 25 1089 24 1807 19 1241
4164 -6.511254086861852 2.149750254997755 -0.86832634526546881 27 19 8 0.55349285682196525 21 607 22 1471 26 1086 20 1565 23 1188 25 1068 24 1321 19 264 18 328 14 212 13 369
4165 -6.4624254437110018 2.1384468416535474 -0.66483382097618593 136 128 125 0.55081696618933162 21 1406 22 1473 26 1087 20 1567 23 1189 25 1069 24 492 19 827 18 851 17 918 16 849 15 289 14 650
4166 -6.7685074830796381 2.2244206330301486 0.80155335628111879 86 78 76 0.76336499861526008 21 616 22 1982 20 1571 25 360 24 1364 19 834 18 1209 15 770
4167 -5.480268298311934 1.7750315743548184 0.77268061593015946 149 117 94 0.45165460340668756 26 1080 20 1575 21 1845 23 1203 24 1368 17 1222 16 1167
4169 -6.5716203412987033 2.2282801254622302 0.96608218029625326 23 12 17 1.3740732722583864 21 1865 22 1983 20 1586 26 1093 23 1750 25 420 24 2095 25 1845 23 2122
4170 -5.3910083917527531 1.9488995706843812 0.82402514922324344 101 61 4 0.6912355990874125 22 583 20 1592 23 1267 25 1111 19 353 18 934
4171 -3.2303861826889304 1.3461845633671494 0.11522183610259062 56 52 42 1.062736049391287 21 639 20 1601 25 1554
4172 -6.4088839551736356 2.332696000406671 -1.6488498983007456 26 25 21 0.75124622565529564 22 2020 20 1603 24 1352 19 849
4173 -6.2699475795833779 2.375949393987367 -1.0348697732418228 15 16 10 0.75356500116242919 21 1452 22 1525 20 1607 24 590 18 881 16 391 15 760 14 687
4174 -6.1379891688389732 2.223717464971612 -0.59159541418883033 12 8 2 0.3396031100142255 22 1501 26 420 20 1609 25 402
4175 -5.1295184444344217 1.9884755304197583 0.69329142755359274 136 123 101 0.58405723902772633 21 665 22 2009 26 429 20 1619 25 471 16 934
4176 -5.8295991515283294 2.3246490261922323 -1.4563958983542822 142 47 57 0.6360860303727357 22 1547 20 1641 21 717 26 1154 23 1286 25 1130 24 648 19 882 18 466 16 384 14 317
4177 -5.8547300634451664 2.2934064024080669 -1.406695847960161 81 6 8 0.61309422530481994 22 1522 20 1642 21 1906 26 1153 23 1287 25 1129 24 1395 19 880 18 468 16 387 13 410
4178 -5.7587217368862706 2.2905677511604638 -1.4193102084202871 209 186 184 0.60108746704343918 22 1548 20 1644 21 1448 26 1675 23 1288 25 1131 24 652 19 881 18 916 17 457 16 388 15 343 14 318 13 881
4179 -6.1169995640139234 2.3502746490344997 -1.0495312293102683 64 63 58 0.44092188105859936 21 685 22 643 20 1645 24 593 18 472 14 321
4182 -5.6911092363561249 2.2400322590875148 -0.65568262307670178 6 7 9 1.4056883045554387 21 1457 26 1162 20 1651 23 1295 19 371 18 924 17 475 27 1053 16 912
4183 -5.0947500832729933 2.2026200184832709 0.66159203642864117 18 14 6 0.74298474403938042 21 1914 22 692 20 1655 23 620 19 1301 18 1263 16 946
4184 -4.5071170310046043 1.942195053852686 0.4615665122182312 60 37 17 0.66548064765016535 22 1536 26 467 20 1656 25 502
4185 -3.9394326625847729 1.7959338269124767 0.60964783956482871 39 36 37 1.374537548597025 26 1172 20 1661 21 1917 22 2035 23 1318 25 1571 24 1481 24 1871
4186 -3.5643017245660835 1.6320350008387636 0.48855564589912093 56 45 41 0.22741288027805537 26 1147 20 1662 23 1808
4187 -3.5058164553311353 1.5978671304399921 0.46666738430049287 36 25 21 0.32129435812875395 22 667 20 1663 26 434
4188 -5.8707813827451698 2.4611852884625094 -0.58579798595220289 33 37 36 0.69414352224048415 21 1471 26 1187 20 1675 23 613 25 1156 19 400 17 986 18 955 14 722
4189 -5.8602654616379315 2.4568398921733046 -0.59015684846340355 33 37 36 0.73589066527328151 21 1472 26 1186 20 1676 23 612 25 1155 22 2048 24 1459 19 401 17 987 14 723
4190 -5.317482404863294 2.3260218495946892 -0.10377531420912324 220 215 211 0.40771803613584728 21 1474 22 1556 20 1679 26 1189 23 1310 25 1178 24 1462
4191 -5.2904327364708843 2.2780437076849038 0.2737610791175209 63 62 58 0.71064384074437281 26 1192 27 1075 20 1682 28 1273 23 1313 25 1159 19 1298 17 1008 16 942
4192 -4.1721707878622336 1.9459834885682328 0.68185189756149456 109 101 90 0.71634132584035859 21 1476 22 1561 20 1685 23 1317 25 1569 19 939
4193 -3.4435147619079221 1.7288495299461673 0.4446374345787355 41 31 28 1.072248600558106 21 1480 22 2055 20 1687 23 2165 25 2245
4195 -4.7320527303431748 2.3257253597134233 0.59380201979443437 84 54 33 0.61020138752421038 28 911 20 1710 19 454
4196 -3.0974677086998232 1.8886998612029569 0.17718415906204929 108 88 81 1.9121729564197658 21 1523 20 1730 23 688
4197 -3.0605037016814887 1.9063491073687107 0.41318417985654116 174 80 93 1.1012611713032276 21 793 20 1736 26 517 25 1225
4198 -4.0022834254672288 3.5473166826559286 0.64308857961923704 38 21 12 0.47726688271666834 27 1112 20 1785 16 980
4199 -3.921985437161581 3.5682714449003168 0.58001955452688569 111 105 106 0.94440612217206221 21 865 22 859 26 575 20 1792 23 1391 25 1250 24 883 19 1000 18 1050
4200 -3.9053263568913605 3.6051261150566134 0.47894059771017183 151 141 143 0.49963712384071246 26 573 20 1793 23 752 25 627 24 1541 19 998 17 611 16 537
4202 -3.8485929199107716 3.5871875906530319 0.35924378743137386 83 74 77 0.28993384897420887 26 590 28 947 20 1803 23 1397 24 898
4203 -3.8960410365562153 3.6271574872183794 0.45825147857595555 40 28 30 0.48058116068542728 22 884 26 572 20 1805 23 769 25 641 24 1547 19 526 16 536
4204 -3.8766646186490754 3.5944934956329275 0.48181710046231035 82 72 71 0.61591674873406388 21 1558 22 883 26 1259 20 1807 23 1400 25 1251 24 1548 17 1036 16 987
4205 -4.0784382983094831 3.8751660802019421 0.38159955647565319 129 114 110 0.34826972612252355 21 1575 22 905 26 607 20 1816 23 784 25 1261 19 1005
4206 -3.7174676300697462 3.6388506808848398 0.36873566613014358 44 43 48 0.270809582185428 27 1539 20 1819 17 1318
4207 -3.7155370699569628 3.6655830878000915 0.40466117242064042 153 149 155 0.79831124649730978 29 427 20 1820 17 1064
4208 -3.7249399061009392 3.7005421177318905 0.76202206951192175 150 144 152 1.2184663165912206 22 911 20 1826 23 797
4209 -3.620626632133872 3.710958548735142 0.8194642357537899 73 62 63 0.37307210106651317 26 619 20 1827 24 965
4210 -4.0365598928684481 3.8662086141605658 0.13918899554377598 77 63 61 0.46948185034914008 27 1152 20 1828 23 1408
4211 -3.9301628904172508 3.7842227484813624 0.15399758277615819 34 23 36 0.31706711343775523 21 924 22 936 26 1283 20 1830 23 1413 25 1273 24 920
4212 -4.0405822667277169 3.9851729627840022 0.26299798890880643 126 108 103 0.70772406493110718 21 1598 22 971 26 1747 28 989 20 1831 23 1422 25 670 19 1027
4213 -3.8406861698717272 3.8189338247894269 0.22033107871301211 76 75 81 0.86821447283826214 26 635 28 990 20 1833 23 811 22 947 25 1281 24 956 16 1004 17 1059 15 854
4214 -3.7596338242335152 3.8087926097303848 0.34531818417556043 5 1 6 0.17190513980899935 22 1668 26 1293 20 1834 19 1031
4215 -3.5711617612896647 3.7835885889963596 0.86108045869921479 43 27 11 0.45233727758388492 22 1672 20 1837 24 1934
4216 -3.7703874716447543 3.9200423921917102 0.26787977931123347 104 102 107 0.44019167275308052 21 960 26 660 20 1845 23 831 25 1292 27 588 24 979 17 1085 16 1011 15 863
4217 -3.7208890724140797 3.8296915262139235 0.38731938146848505 23 22 27 0.62862678868018351 22 1680 20 1846 23 1892 24 1939 17 667 16 1014
4218 -3.723277793335781 3.8609150922502233 0.37863996553528012 82 81 86 0.26311864748031544 21 1604 22 1681 26 1297 20 1847 25 1631
4219 -3.4994742994795689 3.8954867160565283 0.83800152462027933 16 14 17 0.56719462087107286 21 1610 22 1690 20 1854 25 1297 24 1594
4220 -4.1886995790742292 4.2960704076421754 0.088976593540153956 85 68 61 0.44168335992491597 21 1625 22 1715 20 1857 26 679 23 1444 25 1288
4223 -3.5302840497830505 3.826815349122259 0.33286120665818475 108 107 112 0.54261579718154251 21 975 22 999 26 666 20 1867 23 862 25 1308 24 1006 17 723 16 636
4224 -3.7257104235078713 3.992060163190513 0.18530903694563708 99 93 95 0.77341168433788021 26 680 20 1872 24 1586 17 680 25 717
4225 -3.6407290818308322 3.963482997153783 0.2737914769867722 48 44 43 0.73212867820230176 22 1022 26 682 20 1874 17 714
4226 -3.5920773490416953 4.1622492201438659 0.86712744757896976 123 118 122 0.89797574425378002 22 1724 26 1345 20 1877
4227 -6.143803145793604 -2.4689250889123806 -0.85943108637376708 132 101 83 0.82557276372859401 21 1087 27 1229 20 1897 23 1511 19 1062 18 713 17 784 16 672 15 589 14 487
4228 -6.0709451140053119 -2.4441889404091626 -0.52615260493907057 47 33 22 0.95525471139372298 21 1696 22 1784 20 1911 23 1943 25 1356 24 1093 18 85 17 1120 16 697 15 592
4229 -5.8157723671682477 -2.0689211050165688 -0.46692740813431843 127 106 77 1.0431574051145187 22 1796 20 1929 26 1448 24 1663 19 1094 16 719 23 1537 24 1659 15 626
4233 -6.2909981839730325 -2.1109844499851058 -0.059240890496208121 54 43 25 0.60149290672898714 26 842 27 1263 20 1940 21 1133 25 1709 24 1671 17 156 16 730
4234 -3.9547502812323025 -1.2887168356478256 0.52928605658397898 26 44 25 0.35784530337319437 27 788 20 1965 25 1384
4236 -5.1132944386054877 -0.2643491990232304 1.380183550477436 40 26 18 0.54412018130514328 22 1282 27 848 20 1990
4238 -4.30662917294487 -0.095816412824512531 1.0598658061097599 37 30 24 0.63131706507138008 28 719 20 2005 19 1139
4240 -4.5117976148420045 0.082004948538272102 0.67475880877859373 69 10 5 1.0900196023486921 21 1259 27 867 20 2017 26 956 23 1072 25 931 24 1203
4241 -5.9653885988751112 0.40195128085210896 0.699367829848205 36 31 29 0.59701215422477971 22 1349 20 2026 21 1270 23 1104
4243 -6.7328928299093835 0.73574162392099307 -0.40587603722683158 177 168 153 0.71411083265909658 22 1366 26 980 20 2036
4244 -6.9597448990205484 0.81572509256518833 -0.3046205111722311 193 183 174 0.6455051161308053 21 1792 22 1901 26 1562 20 2037 25 1434 24 1728
4245 -5.256785884990153 0.484128127528486 0.28859177169708655 28 32 35 0.58165732421333172 22 2288 26 1555 20 2038
4246 -5.8709514895948676 0.45870639964910365 0.74983881882106462 28 32 35 1.2555807803234718 22 2287 20 2039 18 1117
4247 -5.3951844864536387 0.49428201929376603 0.63242627082901792 92 82 71 0.82836337319767206 21 1292 26 982 20 2041 23 1120 24 1733 19 749 16 201
4248 -4.606040870823124 0.49684382064698385 0.51391027907159847 34 16 5 0.39239758699334865 22 1902 20 2045 25 1447
4249 -6.8615041084635804 0.9782130030712517 -0.33447028038210486 173 163 151 0.7958835305729649 22 1909 26 1007 20 2054 23 1668 24 1740 17 866 15 664
4250 -4.983790479177217 1.24174404846224 1.1731965505824853 23 26 41 0.96448783358681767 21 1343 26 1032 27 1378 20 2074 23 1698 25 1476 19 1194
4252 -5.4982894157981397 1.6086459445971932 0.68495146285163422 147 75 72 0.62458431407709658 21 1831 22 1945 26 1602 20 2077 25 1041 23 389 24 1309 24 1774
4253 -6.6079254399783327 2.1881884069007529 -0.56058492627029699 13 5 5 0.73502195810839344 21 1855 22 1977 26 1633 20 2098 23 1225 25 1070 24 1797
4254 -4.6924630873348523 1.6863664800363083 0.80202739074378937 132 125 105 0.6025037506577019 21 1418 22 1487 26 1643 20 2101 23 1753 25 1533 24 1825
4255 -3.7317919575615548 1.3769093657819849 0.56910151100588824 78 70 52 0.45827592863686539 26 1627 20 2106 23 1757 25 1537
4257 -6.3915316254013019 2.1919854764939335 -1.1731940894691149 19 14 7 0.64376257599557174 21 1403 22 1467 26 2023 20 2111 26 1084 23 1219 25 1063 24 534 18 845 17 915 16 288 15 278 14 210 13 836
4258 -6.0848831760879305 2.1603565929410897 -1.1251145445050583 5 7 3 0.64707035446115391 21 1878 22 1997 20 2114 23 1737 25 1517 24 1794
4260 -6.400322877031015 2.2484805249973423 -0.22779757900789283 105 104 96 1.0195743866918854 22 607 20 2119 19 1501
4261 -6.0288268984140823 2.185566523579868 -0.071886260261727758 33 23 15 0.61535098789432874 26 1662 20 2125 25 1105 19 1255
4262 -5.4126001025159525 2.0255088203983695 0.81478137010420382 131 110 92 1.2055918788850852 21 1891 22 1508 26 1139 20 2126 23 1269 25 1138 24 1415 18 962
4263 -3.2731097214252278 1.3430946654354632 0.19420072448839851 98 101 87 0.61239362159578337 21 1425 20 2135 25 1120
4264 -5.9306961434231305 2.2505571625249181 -1.4112054824921183 117 113 107 0.47761354308297915 22 2376 20 2142 21 2210 26 2053 23 2131 25 1516
4265 -6.1673295029287365 2.3483184344596211 -1.1077134369214103 13 12 10 0.74545401172276926 22 2025 20 2143 24 1399 15 347 14 686
4266 -6.0413872758629106 2.1942351727449227 -1.1199058376974513 101 102 97 0.75824598113282993 21 1881 22 1998 20 2144 25 1102 23 1256
4267 -5.9329120718896826 2.1955562682301539 -0.66753365120156971 129 126 112 0.64829913905428627 22 2001 26 1656 20 2145 23 1766 19 1500 17 1215 16 1165 15 990 14 1033
4268 -5.9060642853127749 2.1876880422818576 -0.68025401203542446 129 126 112 0.58856927496876943 22 2002 26 1657 20 2146 23 1767 17 1216 16 1166 15 991
4269 -5.7264932747304611 2.2390314478306643 0.9473658943026303 52 32 17 1.0200234199083342 26 1137 20 2149 24 681
4270 -4.9361327638591259 1.9829468698755797 0.66275138073503803 108 92 72 0.78114770682700019 22 623 20 2151 25 1547 24 2124 25 1866 18 1258
4271 -6.1878396838372565 2.3975951851798611 -1.6322031412558893 8 7 12 0.47287327948744234 22 2041 20 2162 21 1445 24 584 16 373 15 753
4273 -3.8180084203964988 1.7935714949232997 0.62551887347938007 141 133 53 0.60381276415635587 22 2036 26 1175 20 2167 23 1805 25 1573 24 1483 19 1316
4274 -2.9988836121720075 1.4196098840312215 0.24658942253611191 87 97 103 0.84981696271526186 21 1900 20 2170 26 1671 23 1305 25 1879 27 1463 19 1539 29 1115
4275 -6.2052111718991414 2.4758274518662615 -1.5609354258936494 13 13 11 0.59228482035716146 22 2043 20 2173 21 2222 26 1687 23 1780 25 1541 18 1222 20 2497 17 1235 16 882 15 756 14 882
4276 -6.1760986471174162 2.4687632732958216 -1.5680685682777589 13 13 11 0.62347015754500856 22 2042 20 2174 26 1686 21 2223 23 1779 25 1540 24 1439
4277 -4.1358546785442805 1.9211581335042787 0.542667657779071 99 95 86 0.72217323066648387 22 1560 20 2178 21 734 23 1804 24 1480 19 442
4278 -3.0788637115370019 1.8547155976133802 0.25388950497239321 138 78 77 0.59886973798617427 21 1515 20 2199 22 1594 26 1710 23 1340 25 1211 19 1329
4279 -4.0604138100738982 3.623531826690404 0.51488042241194609 41 26 25 0.28573686009459059 26 1737 20 2216 22 854
4280 -4.115083712137233 3.744825391416708 0.37807311911754926 123 103 100 0.68969695995411606 21 1974 26 2116 20 2224 23 2217 25 1915 24 2195 19 995 17 1032 16 981 18 1291 15 842
4281 -3.8223864367234346 3.6481930603474493 0.33809643967551067 28 29 34 0.35896450845924827 22 2105 20 2233 23 1878 25 1620 24 1558 17 1311 16 1230
4282 -3.5649028902635154 3.8629677909907265 0.3379183890246848 26 25 30 0.67982508319521218 21 973 22 1707 26 1320 20 2251 23 1909 25 1650 24 1948 17 722
4283 -4.2828444419233378 4.434275095859193 0.15799070108436378 110 96 87 0.33885972594647507 21 1999 22 2129 26 1341 20 2256 23 1905 25 1643 24 1942
4284 -4.2808582559699264 4.4783332864958885 0.16207270794314677 108 94 85 0.52704598703227223 21 1635 26 1357 20 2257 23 1906 25 1645 24 1943
4285 -4.11639727225967 4.329604267818608 0.081253210099673803 97 82 77 0.63907084743580067 22 2132 20 2258 23 2242 26 2144 24 1944 25 1648 15 552 16 610
4286 -4.0460228764748107 4.2192119659915193 0.07144584094036055 116 101 98 0.52976011552550395 21 2002 22 2130 20 2259 24 1945 17 1081 15 544
4287 -3.6862734203150618 4.0131597715193585 0.27438942026106905 98 98 98 0.42136233088245872 21 2004 22 2136 26 1765 20 2264 23 858
4288 -3.4495491318974598 3.9019272809826946 0.53872951012892345 84 79 86 1.1858644996563881 26 1773 20 2269 24 1960
4289 -6.0491066822219075 -2.4776821155107736 -0.47789256055620183 99 80 65 1.4785461677689091 22 1785 20 2278 21 27 23 1519 25 1690 24 1646 19 624 25 6 18 1073 17 1121
4291 -4.0067306334373178 -0.96340743437952248 0.47700749173823959 124 126 108 0.56241387459855352 27 1287 28 1085 20 2340 25 1742
4292 -5.3225744465294422 -0.2202246147833255 0.40791804441719426 41 30 25 0.69468895315452439 22 2258 26 1928 20 2357 21 2102 23 2306 25 2000 24 2016
4293 -4.6589209401655918 -0.24022859076933806 0.62858958452320812 71 65 44 0.89868717937973808 26 1508 20 2358 23 1050 28 697
4294 -6.8011832906605747 0.84284833415006888 -0.74952801893816678 202 195 185 1.4665002666325659 22 2296 26 1968 20 2381 25 1778 24 2286 19 1164 18 777 17 198 19 174 16 1098
4295 -4.5408062261954321 0.43857936761096183 0.62852530959180497 131 88 67 0.37641170633294907 22 2299 26 1966 20 2387
4296 -3.9443189783243797 0.40781845982626652 0.61408659843454216 117 65 52 0.79736659935872412 22 2302 20 2391 23 2340
4297 -6.400552348377297 0.99309246427453735 -0.87141327815225877 194 185 170 0.59107841913997605 26 1974 20 2395 18 1126 16 1100 15 919
4298 -6.6971814973267287 1.3923670403877537 1.004720811880957 82 70 54 0.64098842179047533 22 1920 20 2403 23 2055 25 1455 24 1755
4299 -6.3706502709875137 1.4052840280529602 0.89830142442485184 80 70 61 0.85525744135074933 21 2148 22 2317 26 2267 20 2404 23 2065 25 1798
4301 -5.5146751553144 1.5118756905543036 0.81911199283583935 119 80 50 0.87106882593724266 22 2330 20 2419 17 1569
4302 -4.7421161156299245 1.4404558374252252 0.99323715587882333 75 50 31 0.52941258938241664 22 2338 20 2431 25 2044 19 1673
4304 -6.6443924804463341 2.1761940315864976 -0.88217689062052895 27 18 9 0.7542846273906102 21 2403 22 2352 26 2024 20 2441 23 2100 25 1831 24 2078 19 1478 18 1375 17 1407 15 1124 14 999 13 1333
4305 -6.536848407799388 2.108881811771202 -0.60045948897779655 17 10 3 0.55088571995044666 21 2173 22 2353 26 2011 20 2442 23 2101 25 1832 24 2079 19 1479 18 1376 17 1409 16 1301 15 1125 14 1000
4306 -6.530119834843588 2.1070630804710664 -0.60257346656128363 17 10 3 0.53116982388612743 21 2174 22 2354 20 2443 23 2102 25 1833 24 2080 19 1480 18 1377 17 1410 16 1302 15 1126 14 1001
4307 -6.5545370661951967 2.1325238136082287 -0.53878058347235114 147 140 132 0.75324469118930815 22 1975 26 2012 20 2444 21 1858 23 1719 25 1500 25 1834 24 1780 19 1481 17 1190 14 866
4308 -6.5246349285163614 2.1263444341528106 0.98441440466562946 32 22 16 1.6866546199679651 26 2017 27 2028 20 2448
4309 -4.5434137737417952 1.5416194401842431 0.69994653799138373 154 138 116 0.81104066157041232 21 2179 22 2347 26 2019 20 2451 23 2358 25 2052 24 2323
4310 -4.3842385307605527 1.5190417651910066 0.59538000077488762 44 35 29 0.67570087770352538 28 1537 20 2452 19 1695
4311 -6.3352760760944973 2.191371795999761 -0.54036443987754135 23 19 18 0.70857290873838541 21 2188 22 2367 20 2458 23 1740 25 1501
4312 -6.1522333729248064 2.1925232500542666 -0.11587401037246531 33 11 1 1.2677967621762471 21 2190 22 2370 26 2293 20 2461 23 2379 25 2058 24 2330 15 993 17 1238
4313 -4.2109538282299077 1.6422587667447104 0.60624253894255054 73 70 63 0.32297298314007694 22 2363 27 1460 20 2463 23 2142
4315 -6.1589598703287365 2.2448689510188489 -1.0187305850719606 4 5 1 0.25653361640058131 22 2365 20 2472 24 1818
4316 -5.9666611876774649 2.2351600369058557 -0.7750519288294957 4 4 2 0.83021448267741671 21 2200 22 2378 26 2045 20 2473 23 1765 25 1521 24 2110 19 1252 18 1207 18 1389 17 945 15 353 14 688
4317 -5.9247496276346876 2.2520970372569673 -0.72865493933525072 66 61 60 0.60931377895137462 21 2211 26 1655 20 2475 23 1768 25 1545 24 1820 19 1266 18 1228 17 963 16 885 15 764
4318 -5.8570736651777615 2.2494968911021345 -0.41568171002465926 101 64 40 0.52335483741568989 21 2428 22 2613 26 2048 20 2476 23 2136 25 1862 24 2111 19 1512
4319 -6.2769120064994208 2.375256051123527 -0.018826267350345195 26 8 11 1.590810088852374 22 2382 20 2479 23 2150 25 1864 24 1410 23 529 19 1515 18 1406 17 974
4320 -6.3129756697281421 2.3384101195224534 0.40914592180595905 36 37 32 1.4459099060868472 21 2204 22 2371 26 1663 20 2481 25 1546
4321 -5.8217683016273956 2.3164676015165822 -1.2924118347487155 68 60 56 0.59016831631161903 22 2045 20 2486 18 1224
4322 -5.6593667847023168 2.2841281412851506 -0.90217464709392092 23 23 22 0.6666458854575702 21 2212 26 1678 20 2487 23 1783 25 1544 19 1265 18 1227 16 910 15 785 14 710 13 1172
4323 -5.5857166986884055 2.2559231329745417 -0.89204483909055676 51 51 51 1.1206002679127942 21 2424 22 2047 26 1679 20 2488 23 2386 25 2072 19 1267
4324 -4.990345820805465 2.1751003329173857 0.66812078067762182 116 103 91 0.76516142690483269 22 1558 26 1681 20 2491 25 1568 24 1852 18 1264
4325 -6.2389353965699863 2.5309479274601689 -1.5703598173270552 57 59 58 0.5395497146769811 22 2389 20 2498 16 381
4326 -3.3403841146309174 1.6597156454511919 0.33558002302324347 97 90 83 1.1765766557475195 22 2054 20 2503 23 1825 25 1887
4327 -3.064979962856746 1.7335475759364642 0.2048458400647151 163 76 81 1.5234322473543334 27 1816 20 2513 25 2093
4328 -3.9287260753654119 3.967815455084287 0.37397286482531494 35 35 38 0.72501328136912657 22 2113 20 2562 23 2227 24 1929
4329 -3.7960896032150671 4.0087021695466571 0.30412685019278241 140 136 137 0.7538134664729379 28 1630 20 2572 25 1637 24 2213 17 1329 16 1402 15 1213
4331 -5.9080127065643726 -2.1476621011113521 -0.036600747402109647 108 94 81 1.3017146328109217 21 2311 27 1626 20 2595 24 1990 18 1326 16 1071 22 1799
4332 -4.8199954161339038 0.2292881028228605 0.54123526096023944 96 45 46 1.0317959488679613 28 1472 20 2636 23 2325 24 2274
4333 -4.3376961135926067 0.13847958716822295 0.63761063524651851 94 71 65 0.89846629836392589 21 2351 22 2542 26 2246 20 2637 19 1634
4334 -5.4833602700680979 0.33631582033375124 0.6041302243883433 145 141 132 0.44699362365019252 21 2360 22 2550 26 2252 20 2640 23 2332 25 2018 24 2420
4335 -6.1307703400916225 1.660632063545763 0.25667167727906703 178 146 63 0.58024448654070893 21 2384 22 2572 20 2662 23 2077 25 1816 24 2303 16 1118 15 939 14 998
4336 -6.3808302890067843 1.942412960177414 -0.096614517296102501 63 53 47 0.11244084955164389 21 2399 22 2583 20 2666
4337 -6.4309757940963888 1.9574376524847537 -0.071405851960938502 63 53 47 0.52531139202554344 21 2398 22 2582 26 2287 20 2667 23 2354 25 1821 19 1207
4338 -6.8579244571202196 2.0409657505171013 0.83719987161987885 84 75 70 0.44679615058122574 21 2393 26 2278 20 2669 23 2355 25 2038 24 2313
4339 -4.1606596747670297 1.356715062477718 0.99688090198326473 103 101 87 1.4607070946396052 22 2579 26 2285 27 1762 20 2676 19 1683
4340 -6.3091072239294919 2.0772404037597156 -1.7040534747758156 172 165 149 1.3287793006770117 22 2592 20 2677 21 2566 23 2535 20 2957 25 2194 24 2444 18 1364 17 1556 16 1454 16 1537 15 1332 14 1103 13 1330 13 1544
4342 -6.0933031277506329 2.1250105800077659 -0.72342806624208278 16 12 10 0.45584107878397317 21 2407 22 2603 26 2026 20 2684 23 2363
4343 -6.2161053346001944 2.2323575116371721 -0.52505571791324335 20 17 11 0.55243740158767207 21 2416 22 2368 26 2046 20 2686 24 2109 19 1692 18 1520 17 1574 16 1337 15 1266 14 1126
4344 -3.2757581338460011 1.2991378109298448 0.10381954348252198 91 87 98 0.55293275088929328 21 2181 20 2694 22 2600 26 2291 23 2373 25 2064
4345 -6.3251158980561311 2.3540852457893231 -1.1705144143562296 59 58 56 1.3998038371065968 22 2377 26 2044 20 2697 25 1842 19 1498 18 1202 14 1029 16 1473 13 1478
4346 -6.1320004669714825 2.3300500501825181 -1.0112930988484239 5 6 2 0.7379906342677155 21 2421 22 2612 26 2316 20 2698 23 2132 25 1858 24 2108 19 1690 18 1388 17 1448 16 1335 15 1159 14 1125 13 1479
4347 -3.4670383090643906 1.545854270906067 0.38427980946974555 33 22 18 0.22164112144739942 21 2420 22 2608 20 2703
4348 -5.6961028670617173 2.3094096106121622 -1.3968311818038968 26 31 32 0.51266929723561072 22 2770 20 2707 21 2582 25 2069 24 2338 18 1529 15 1263 14 1124
4349 -6.3456220174849696 2.5773749854906249 -1.5912763197194453 58 58 58 0.81096413694685909 22 2394 20 2713 23 2156 25 1872 19 1697
4350 -4.8881487641950443 2.2057935617488575 0.59410331282691387 39 32 27 1.1504847903036564 21 2434 22 2619 26 2061 20 2715 23 2396 25 2082 24 2355 19 1843 22 2772 18 1441 24 1869 16 1497
4351 -5.231229869591961 2.406680780228371 -1.1550290796523139 7 9 5 0.58400336628777083 22 2628 20 2719 21 2442 26 2328 23 2162 25 1885 24 2352 19 1715 18 1427 17 1467 16 1356 15 1178 14 1049 13 1492
4352 -3.4984657848097016 1.8556822932723276 0.48921690379312566 133 105 91 0.96490492497634539 21 2439 22 2400 20 2725 26 2064
4353 -3.0470148652745732 1.6717421468388016 0.37966615107364904 167 87 89 1.6547376756723562 21 2232 20 2726 25 2094
4354 -2.9362555732095346 1.8134632952626957 0.31169804611187468 64 63 71 0.6088867251825919 21 2451 20 2732 22 2408 26 2074 23 2417 25 2102
4355 -2.8572101108994947 1.9200594885587396 0.31702177104420659 77 48 35 0.20869863832132107 21 2458 20 2749 22 2424
4356 -3.7026060916264951 3.6508599119329297 0.77266905951819198 23 22 30 0.69327266812862398 22 2656 26 2512 20 2767 23 2436 25 2121 24 2390
4357 -3.8599534194003517 3.6899021642092387 0.25745780608758906 161 155 148 0.61761102236413834 28 1827 20 2770 19 1746 17 1499 16 1390 15 1297
4358 -3.6409793952616383 4.0169571172878271 0.26123920446424259 35 37 36 0.32682497899257862 27 2103 20 2784 16 1412
4359 -3.4731934513367673 3.9149349227261014 0.39449266676515254 47 41 43 0.49065833709297102 22 2467 20 2786 21 2289 23 2454 28 1865 25 2139 24 2404
4361 -3.4718270861383846 0.26783252221152448 0.70655468452051207 96 87 78 0.50951998515163166 21 2545 22 2731 26 2457 20 2828 23 2512
4362 -2.96439444655346 0.3052546952093288 0.1453258792857291 72 55 47 0.79782272097503504 21 2546 22 2732 20 2829 26 2458 23 2513
4363 -4.2910438455476898 1.35676488101629 0.91152851356760944 152 147 140 1.26894732949139 21 2396 26 2284 20 2853 23 2540 25 2199 24 2449 19 1902
4364 -6.9138693845783079 2.2132316257681972 0.93164154457548054 79 72 65 0.36667708057205667 21 2561 22 2758 20 2858 26 2475 23 2544 25 2210 24 2454
4365 -6.0452325664647963 1.9671698161622426 0.72668771497472895 70 57 47 0.98350450672800349 22 2588 20 2859 24 2455
4366 -3.7791639073334906 1.4877667442845564 0.54062855045803904 33 37 36 0.52881685187011096 21 2413 22 2597 26 2301 20 2865 23 2382 25 2227
4367 -6.4576712891583208 2.2933376577704978 -1.2399177499228242 54 50 47 0.83253583500782191 21 2570 22 2762 20 2868 26 2304 23 2361 24 2318 19 1806 18 1637 17 1563 16 1465 15 1253 14 1120 13 1552
4368 -6.2477476749910661 2.3845840634579041 -1.5821908531693232 64 65 61 0.98545431331076283 22 2767 20 2873 21 2573 26 2487 23 2549 25 2067 24 2327 17 1425 16 1464 14 1011 13 1559
4369 -6.1585823554609851 2.3561164940332651 -1.6110600065422109 64 65 61 0.55195955408783937 22 2768 20 2874 21 2574 26 2486 25 2068 24 2328 17 1426 14 1012
4370 -6.1358039774705713 2.3793653874991501 -1.0673553648269862 61 60 56 0.82531912366704618 22 2610 26 2315 20 2876 23 2385 25 2071 19 1700 18 1530 17 1447 14 1031 13 1371
4371 -4.7433315635570015 2.371255281451508 0.065621149788402722 22 24 14 0.45643455736010996 21 2444 26 2504 20 2886 23 2408 25 2247
4372 -3.8854244366809478 3.6512518234335678 0.37127189849351822 117 111 115 0.42183241004899824 21 2597 22 2785 26 2510 20 2901 24 2490 19 1931 17 1710
4373 -3.5496744086358953 3.7717125032829792 0.78697908378412407 143 136 128 0.41348192011924684 26 2514 20 2903 25 2258
4374 -3.5706556168715196 3.8930373680729131 0.34591378697244851 30 29 34 0.42443737235166562 21 2603 22 2793 20 2907 23 2585
4375 -5.9886031526060144 -2.074713212527306 -0.46249991391044781 129 107 82 0.94797202603163089 21 2625 22 2814 20 2917 23 2602 25 2155 20 2793 17 1640 15 1220
4376 -4.1493910105971388 -0.028025226162212737 0.70160430572708621 47 39 37 1.4254065042964847 21 2646 22 2834 26 2567 20 2938 23 2624 25 2294 19 1874
4377 -7.240750520603692 0.90878444050249174 -0.69099001276202066 195 188 178 1.8290274490442173 26 2576 20 2947 24 2527 19 1784 20 2831 18 1493 17 1544 16 1283 15 1102 15 1228 15 1321 14 1167 25 2308
4378 -6.2858784953831552 2.4801250489553746 -1.5807935747779067 18 16 20 0.73946803254261662 22 2867 20 2968 21 2673 25 2221 24 2467 19 1823 18 1660 17 1585 16 1472 15 1154 14 1193
4379 -5.394640613246624 2.4515948017707352 -1.2792979719276099 30 39 38 0.60819531950990757 22 2873 20 2981 21 2679 26 2608 23 2667 25 2235 24 2475 19 1915 25 2334 18 1671 17 1695 15 1356 14 1200 13 1574
4380 -5.394640613246624 2.4515948017707352 -1.2792979719276099 30 39 38 0.60819531950990757 22 2874 20 2982 21 2678 26 2607 23 2666 25 2335 24 2476 25 2236 19 1916 18 1672 17 1696 15 1355 14 1201 13 1575
4381 -5.3461267504496499 2.5039616221232146 -1.1191093852659537 152 148 136 1.1749704992593784 22 2875 20 2985 26 2613 23 2668 25 2338 24 2553 19 1919 18 1732 17 1697 16 1566 15 1358 14 1203 13 1577
4382 -5.3477758998899176 2.5039291754700566 -1.1186497341911548 152 148 136 1.194675416667667 22 2876 20 2986 26 2612 23 2669 25 2337 24 2552 19 1920 17 1698 16 1567 15 1359 14 1204 13 1578
4383 -5.1830960675855966 2.5116843572338183 -1.2286577533852376 4 1 4 0.92125885681964803 22 2940 26 2677 20 2987 23 2725 25 2388 24 2609 19 1973 17 1756 15 1409
4385 -4.1553374770051201 0.080987567459918947 0.62985267224039232 97 90 84 1.0320773023859027 21 2648 22 2842 26 2570 20 3008 23 2622 25 2299 24 2517
4387 -3.9174006311928196 0.2413649394193309 0.64929303899624868 36 24 31 0.77955582569644521 21 2706 22 2845 26 2643 20 3012 23 2695 25 2361
4388 -6.717258976618866 0.97458923451201573 -0.39795684495520756 169 160 145 1.0411956388115644 21 2709 22 2911 26 2646 20 3015 23 2698 25 2364 24 2589 18 1757 19 2005 17 1787 16 1663 15 1429 14 1272
4389 -6.5722415642410299 2.2317951698924032 -0.24884533870365935 137 129 115 0.88086519122239926 21 2722 26 2596 20 3026 19 2018 27 2387 18 1811 17 1851 16 1724 15 1485
4390 -5.7326768083395301 2.3261180198766329 -0.79751246178518187 57 57 57 0.71585650816173196 21 2736 22 2932 26 2667 20 3033 23 2659 24 2546 19 1963 18 1781 16 1625 15 1403 14 1291
4391 -3.5716750937088562 3.6619925012029184 0.78220461330288593 48 31 23 0.83161555270080079 21 2744 22 2943 26 2681 20 3050 25 2398 24 2666
4392 -6.2910075277286399 -2.0944676362631385 -0.41771435107756322 110 88 65 0.9435768544640778 22 2949 26 2694 27 2363 20 3054 23 2788 25 2404 25 2445 19 1992 18 1795 17 1834 16 1711 15 1425
4394 -4.1124983031268076 1.2824459065850613 0.8822725585966894 118 112 95 0.56862198776956252 21 2769 22 2966 26 2655 20 3072 23 2761 25 2420 24 2645
4395 -6.4597480814901811 2.1078257974794758 -0.80654047686290653 143 137 121 0.99462310000324128 21 2771 22 2969 26 2713 20 3076 23 2763 25 2424 24 2642 19 1952 18 1770 24 2596 17 1796 16 1677 15 1436 14 1281
4396 -6.2437132922664471 2.3316832405661181 -0.79746520428857592 45 44 39 0.77046922255026462 21 2776 22 2972 26 2717 20 3079 23 2770 24 2652
4397 -6.3044031988454039 2.3478761310478493 -0.76608965805272067 45 44 39 0.28183841408023041 22 2973 20 3080 23 2771 24 2651
4398 -6.1769716472716034 2.4279264048524434 -1.492926308045478 64 65 60 1.0778170928926873 22 2978 20 3082 21 2782 26 2722 23 2772 25 2428 24 2655 19 1959 18 1775 17 1749 16 1617 15 1396 14 1241 13 1618 18 1726
4399 -5.1831844575017039 2.2824379747676713 0.030408271322209086 167 158 153 0.50040483367602551 21 2784 26 2727 20 3087 23 2775 25 2434 24 2658
4400 -5.1831844575017039 2.2824379747676713 0.030408271322209086 167 158 153 0.50040483367602551 21 2783 26 2728 20 3088 23 2776 25 2435 24 2659
4401 -3.5411142945443244 1.7164052919752919 0.47082344207183013 37 27 25 0.51986656707093082 21 2786 22 2982 26 2725 20 3091 23 2817 25 2470
4402 -3.5411142945443213 1.7164052919752906 0.47082344207182586 37 27 25 0.51986656707092405 21 2787 22 2983 26 2726 20 3092 23 2816 25 2469
4403 -5.6111798406711966 2.4615308860415794 -1.087880580655709 0 3 2 0.8504330206063494 22 2984 20 3093 19 2026 18 1822 17 1804 16 1690 15 1448 14 1297
4404 -5.5610610287831399 2.4416756270387374 -1.1075850543541736 0 3 2 0.63431277892592319 22 2985 20 3094 19 2025 18 1823 17 1805 16 1691 15 1449
4405 -5.3902200312468862 2.705496747760411 -1.2222027590254469 44 44 44 0.97223920581988743 22 2988 20 3098 21 2792 26 2735 23 2783 25 2390 19 2032 18 1786 17 1757 16 1630 15 1410 14 1251 13 1686
4406 -3.5598493601030587 3.9306119544236915 0.83207161298100929 16 9 16 0.58956869792887912 21 2798 26 2742 20 3104 25 2441 24 2667
4408 -6.3497320481850172 2.1907111723538391 -0.61237111249552301 20 16 13 0.87284039475156194 21 2842 22 3046 26 2793 20 3152 23 2807 25 2492 24 2688 19 2083 18 1872 17 1884 16 1749 15 1522 14 1355
4409 -3.9622470238213605 1.5828835687696192 0.57828022284581715 16 12 11 0.5429464342399698 26 2767 20 3153 23 2810 25 2496
4410 -3.8015538275336183 3.8506055704266435 0.26205602702726311 31 32 36 0.85172161617105435 21 2849 22 3052 26 2799 20 3161 23 2847 25 2503 24 2726 17 1911 16 1774
4411 -6.3073895600147498 2.2446419013472121 -1.0441614134559394 10 12 7 0.81866231922748489 21 2859 22 3062 26 2810 20 3171 23 2837 25 2491 24 2718 19 2097 18 1873 17 1902 16 1768 15 1521 14 1354
4412 -4.8251051613283904 2.8848798706683132 -0.42115170355356413 135 83 59 2.5040061100317361 26 2846 20 3199 23 2884 25 2541 17 1941 19 2130 16 1796
4413 -3.9590867740260967 3.6367387883381195 0.30975997179828002 62 61 64 1.1522151938968539 27 1130 26 1267 20 1801 22 877 28 954 21 874 23 1395 25 621 25 1260 24 1545 19 516 18 637
4414 -4.6618671751835796 0.34814516169899623 0.55429278182954045 82 6 11 1.4618705939869887 21 1295 28 761 22 1357 20 2031 27 1347 26 1558 23 252 21 398 25 1440 19 742
4416 -4.524122038588029 -1.0467952017395905 0.66321743949795509 97 88 73 0.60078417685533192 21 226 22 193 26 105 20 277 23 137 25 106 24 173
4417 -3.9353411844885224 -0.22340689453040147 1.2994841404576409 116 117 44 0.30874310622632622 26 153 20 373 23 189
4419 -6.396232502597484 2.174975509528005 -1.0251251750851016 24 21 13 0.67239561524855707 21 606 20 705 26 376 23 461 25 340 24 535 15 282
4421 -3.7746492687907556 3.567219448272184 0.53139262880161142 111 111 109 0.44563045617031877 21 878 20 1048 22 889 26 579 23 771 25 642 19 539 17 634
4422 -4.0112128250973598 3.8256821880835905 0.18591471896135495 39 30 34 0.35841513251811091 21 916 20 1065 25 1271
4423 -3.8263203265943244 3.7877158288421708 0.14235552658673437 77 77 79 0.4373882046772668 21 934 20 1089 22 940 26 631 23 808 25 674
4424 -3.7594314217918816 3.6881083364226561 0.21504699930866231 35 34 39 0.55292277376926213 21 927 20 1091 19 560
4427 -4.9621818302632281 -1.2306290126756059 0.52109589710571269 124 116 103 0.74481231583315599 21 176 22 167 26 878 20 1303 23 127 25 875 24 1142 19 664
4428 -5.1533659195558634 -0.92831221678995213 0.6564455247016715 70 58 32 0.55506324001054896 21 233 22 1254 26 1499 20 1332 23 1598 27 1949 19 1425
4429 -4.6247116137805877 -0.12107760760619064 0.80507691192373432 22 10 0 0.81935333490362794 21 285 22 260 20 1366 26 143 23 184 24 230
4431 -4.2392673561890772 0.14588242324854395 1.4698336686800815 60 84 78 0.97187228166799711 22 1338 20 1431 23 1114
4433 -3.7974151383183026 3.9758334736532142 0.24691296771198171 60 63 62 0.17520239108848326 21 1617 20 1860 22 993 23 830 25 698
4434 -6.1552327247243799 -2.1255117910137096 -0.082091293818815955 45 27 15 0.53363222469307936 21 1707 22 2204 26 1868 20 1937 23 1542 25 1707 24 1988 19 1394 18 1098 16 1077 15 631
4435 -4.6168073429715113 -1.0573576537416003 0.53936135666049301 172 162 150 0.47757064563145568 26 1488 20 1974 23 1591 25 1396
4437 -4.1112503509304057 -0.082747398223503368 0.79531478080677998 72 65 59 1.1285030882926841 21 1764 22 1306 26 1534 20 2003 23 1061
4438 -4.1842711787901079 -0.078680338217876206 0.96750128652811151 78 71 65 0.98703621743489567 21 1247 22 1307 26 1536 20 2006 25 1424
4440 -3.8449509173998653 0.05221480105301976 1.2790339478586239 118 115 106 0.43051863679646685 22 1890 26 1548 20 2022 23 1634
4441 -3.8340877832694096 0.055056954005954402 1.2622861121697388 118 115 106 0.46287970244198051 21 1778 22 1889 26 1547 20 2023 23 1633
4442 -4.0301825325155081 1.6096348604941912 0.48912025226616773 154 146 138 0.39061628810009386 21 1420 20 2132 23 1274 25 473 24 690
4443 -3.3047898886219751 1.3451864275471532 0.13351713614051441 19 15 11 0.54530995021229089 21 2197 20 2133 26 2040 23 2144 25 2065
4444 -6.3027139541120363 2.2961027101011218 -1.3150901717487051 103 100 95 0.71764994331574417 21 1873 20 2141 22 2364 26 1653 23 1762 25 1514 25 1839 24 531 19 1249 17 940 15 734 14 645 13 835
4445 -3.8932330913166777 3.7389035553501544 0.15065856798156543 133 124 122 0.31319285610859166 21 1979 20 2231 26 1745 22 2107 23 1417 25 1623 24 1919
4449 -3.6819129711429173 -0.19358156160730794 1.1506965768341169 137 140 124 0.50554620716690868 21 1759 22 1869 26 1522 20 2364 23 1067
4452 -2.8609845245173009 1.2171163400624314 0.43911803708550323 25 40 73 0.39323846365764009 21 2198 20 2695 22 2601
4453 -5.2367850488252738 2.3327743987755363 -0.32223090254483533 44 44 34 0.64739294362315758 21 2432 20 2714 24 2477 19 1838 18 1677
4457 -6.1031459856638897 2.3676897315661485 -1.0783469973731699 61 60 56 0.60134236492260684 21 2422 20 2875 25 2070 24 2329 19 1699 18 1531
4458 -3.422504460593554 1.9036820315082308 0.40758826309540863 112 89 71 0.73289054541389387 21 2446 20 2887 26 2332
4461 -3.9632307120578512 -0.085394269587949753 1.052899645597331 27 15 15 0.61155227952708457 21 2647 22 2835 26 2568 20 2939 23 2626 25 2295
4463 -5.0676149267617134 1.7705107049224762 0.78917575483940638 143 131 112 2.0326231879617991 22 2761 27 2033 20 2862 27 2181 21 2663 26 2594 20 2960 23 2711 19 1820 18 1537
4466 -4.6430768814243661 3.728339188872543 0.39699954644531393 120 91 75 0.50235362040955145 21 1546 20 1001 26 1731 23 1376 25 612 24 1536 18 1030 17 1301 15 482
4472 -5.1049491759178762 -2.2113771068112107 -0.62533643207740197 56 43 29 0.4597097154824743 20 1899 21 1092 23 2 19 20 18 694 17 38
4473 -7.4354135076636743 -2.8352566031470108 -0.99281128235928073 222 212 190 1.5152256280944505 21 2 23 16 24 44 18 94 17 96
4474 -5.9838810058444167 -2.4076807155406796 -0.60361276300648559 82 66 48 1.3811443996525743 21 25 23 24 22 8 25 5 20 61 21 24
4475 -6.2587204255588524 -2.21000147636799 -0.51599398905293892 66 50 35 0.29157857583191532 21 55 23 28 22 1161 26 837 25 18 18 118 17 136
4477 -4.6791013074797183 -1.6816966821769626 0.5836878229456367 47 37 35 0.40130162543124459 20 1247 22 1188 23 50 19 1398
4478 -4.5764854721862518 -1.6017664120693285 0.49173358224443064 133 124 117 0.29065387117675545 22 68 26 29 23 51
4479 -4.4736425526022545 -1.6023413033331098 0.71172570793583501 104 100 89 0.56819669280822438 26 35 23 55 25 833
4480 -3.9661219393162148 -1.3582761289012357 0.38016130749961369 85 83 75 0.28313329897754663 20 1252 23 67 19 67
4481 -4.4230412140097597 -1.3353022634494458 0.5906611447314013 95 86 69 0.33970651583227762 26 58 23 80 25 59 19 80
4484 -5.0743362884818284 -1.3915843431190063 0.75463751732234818 168 162 146 1.0552896285822231 21 180 22 1223 23 103 25 74 22 136 24 154 19 99 20 219
4485 -4.1315984270579245 -1.1713834339697513 0.43883851744143376 140 138 126 0.31144899557773964 20 225 22 149 23 110 25 88
4486 -5.0992518675020406 -1.2660963600149258 0.6023200425947457 120 114 98 0.28128391962194704 20 1304 22 165 23 128 19 96
4487 -4.4252396996729813 -1.1655780404430705 0.60910336521959896 111 99 87 0.38918398775078356 20 249 21 186 22 1245 23 130 25 100
4488 -4.1508683457905029 -0.92025212019347924 0.48410317544501191 88 74 56 0.2843116591139892 22 197 23 139 25 108
4489 -4.0565083620528366 -1.0056031320339331 0.63449042609032258 56 35 14 1.4789878981611733 21 217 23 141 20 1325 25 114 19 112
4490 -4.9761115484777729 -0.35458234726915322 0.68606317552210017 100 75 61 1.0252441057978661 21 1226 22 223 23 158 24 1175 25 126
4491 -4.9073054735599273 -0.21605337698102023 0.64792486679682149 67 28 6 0.51289829187460578 21 267 22 238 23 165
4492 -6.9836959293960721 -0.08140131948134878 0.49826322475537033 114 106 85 0.43497394631726588 22 236 23 173 24 1190
4493 -4.6386842095221423 -0.14280176953737034 0.85130810454386396 162 148 139 0.7285667089982546 22 242 23 183 21 284 26 145 25 144
4494 -6.3068437531687191 -0.006975120506851994 0.97940504296890629 18 16 17 0.36980576380733649 21 307 26 158 23 194
4495 -4.5349349168132429 0.074039326449403711 0.44850194598090309 70 29 24 0.93308106775559596 20 384 26 160 23 199 25 918 24 242
4496 -4.4634152614238722 0.058244743743721787 0.68445847773842261 59 5 1 0.36358561231136211 21 335 23 205 20 390
4497 -4.9095402818921405 0.29166420666579312 0.33569942058965946 180 131 129 0.56127511241259243 26 190 23 219 25 177 19 153
4498 -3.8598729942911709 0.072874243601018546 1.1605169391377448 33 23 21 0.32956020621429299 21 344 23 236 26 973
4499 -4.6121526126293979 0.37611116452419741 0.50932871634160837 87 23 17 0.50874792540594915 20 436 23 253 21 397
4500 -4.4623151492353488 0.38136453019226318 0.47982840748452732 114 25 28 0.70472124888379462 22 332 23 256 21 401 25 200 24 315 19 186
4501 -6.7430387167713919 0.89514026050666595 -0.56315333710597482 174 168 154 0.45207083242481938 21 418 26 232 23 266 25 210
4502 -4.7486222835746537 0.43043128381372764 0.54762339967572715 57 26 5 0.67649475539909532 21 395 22 329 23 271 25 198 19 750
4503 -4.6628933127104712 0.43562548823180169 0.46593219571727401 57 26 5 0.70082816118953239 21 394 22 330 23 272 25 197 24 310
4504 -4.3621237820556997 0.49038615816129433 0.45253241456458182 58 32 13 0.70981614299023321 22 356 23 277 25 986 24 321
4505 -3.5922295785453868 0.33853953453556412 0.40003894883996577 105 96 87 0.45516339624523444 26 217 23 283 25 976
4506 -6.8133872695138198 0.96723453620622124 -0.68520317394679364 111 105 91 0.7778282739397423 21 415 23 289 20 1456 25 209 22 366 26 229 17 203 16 195 14 139
4507 -6.8601657698459135 0.96844233305106953 -0.63264026882255708 188 182 168 1.1114866922160491 20 1458 23 290 24 331 21 417 20 479 22 368 15 164 14 140
4508 -4.6522014455648319 0.86050342588428574 1.3906107670668593 40 25 24 0.73633785743849289 26 255 27 274 23 318 25 226
4509 -4.7269297550016409 0.84811280656667365 1.7898243195930501 61 50 44 0.81739114968704119 20 513 22 391 23 322 24 1752 27 276
4510 -6.3679620055830641 1.5135236182073695 0.99258856913057447 76 61 49 1.6006603530198509 26 272 27 953 23 329 21 490 25 248 24 434 24 436 25 251 18 824 17 273 15 222 18 275
4511 -6.6289615554314034 1.5489539641724064 1.182822650183819 76 61 49 0.31484584848244851 26 273 23 330 24 435
4512 -5.3385271266073175 1.1566717128830328 1.275728528929589 63 49 36 0.44612887214046371 21 463 22 398 26 258 23 335 19 222
4513 -4.9238778233082705 1.1584060821234392 1.1290502620950442 78 67 65 0.30208712183564368 21 497 23 339 25 267
4514 -4.9545659914131122 1.0434441288127871 1.3389861255936588 97 94 87 0.82239951072437845 27 286 23 340 25 998 19 782
4515 -4.8110171487894897 1.079192618859965 1.3064950747902579 28 20 14 0.77537384678933474 26 261 23 342 24 408 19 792
4516 -4.6980176116926042 1.1323326344714806 1.1840598560090838 80 64 65 0.67192447398241328 21 500 23 343 25 1013 26 286 24 450
4517 -4.1958327233263812 1.0173970987100136 0.76955588287206755 15 14 9 0.42996575266066639 21 1336 23 344 24 1288
4518 -6.5222806534196209 1.652466574014521 0.059631580653001191 140 108 70 0.56138968523935895 21 503 22 1405 23 347 24 414
4519 -6.5210746400449997 1.6807686812077389 0.067580025546328248 136 102 67 0.34400677069126534 22 440 23 349 21 505
4520 -5.5669168766703088 1.5566497543070852 -0.0020325265541296517 116 82 40 0.10782765835460953 27 964 23 354
4521 -6.3758474953076947 1.6381783739997071 0.9989854317204141 92 66 9 0.84800046964723974 21 520 23 358 25 284 17 305 15 253
4522 -5.5188028045817621 1.467288833626434 0.79135348693792618 112 72 36 0.92533079636219517 21 524 23 366 25 287 16 308
4523 -5.7351250103323004 1.6596943507886732 -0.18472182747603996 149 120 83 1.4005629459283366 20 566 23 375 16 269
4524 -6.2213762336795302 1.8017127935767059 0.57078729154097618 49 37 26 0.57972835680741175 22 484 23 379 19 274
4525 -6.4198693846616708 1.8056540044899092 1.0488048270754708 99 86 37 0.82178287073989387 21 545 23 383 18 307 25 313 24 1306
4526 -4.8495194493606277 1.4312039634644105 1.0700394396757362 88 67 44 0.48050922794597367 26 330 28 319 23 395 25 330
4527 -4.2326992487964361 1.2219808541111579 0.90552189688985962 22 19 11 0.32509385845042343 21 529 22 467 23 401
4528 -6.2969146048929776 2.0395354973244473 -2.0367643640506867 99 96 93 0.44007088631762875 20 647 23 406 25 291
4529 -6.7965771084524427 2.1441067131886071 -0.50463356815866556 154 148 132 1.1998423137759646 20 1566 23 409 24 1322
4530 -6.4534644147137632 2.0736347758378595 -0.68618401934989759 158 152 137 0.40798165119664365 26 347 23 410 18 291
4531 -6.0084212325090114 1.8577252174907324 -0.033085510498501454 50 41 30 0.574492602159826 21 584 26 314 23 416 25 301 18 299 17 342 14 261
4533 -6.1243732194647809 1.9908622690758906 -0.012733380262779396 127 126 121 0.42436670750095484 26 354 23 418 25 355 19 302
4534 -6.3584335957526541 2.0281123205192593 0.24943345297103767 75 68 58 0.28057722993638406 26 358 23 420 25 356
4535 -7.0226410219614648 2.0699253930622699 0.87276034502614497 40 37 32 0.24863333653153311 22 527 26 316 23 423 25 306
4536 -6.6657354730897334 2.0456677157904233 0.6504897520505708 35 32 25 0.47769069865204933 20 614 23 424 19 270
4537 -6.5924297607961755 2.0367932375586246 0.68399530310725276 48 41 33 0.68825019336923665 27 1006 28 1240 23 429
4538 -6.4393198032542944 1.9389695195012826 1.0424379362124099 33 27 9 0.42477839434156928 26 365 23 433 24 1324
4539 -6.4707285575700775 1.8889560049953849 1.1893427470223747 71 35 27 1.1170648390436191 21 548 26 319 23 434 22 1429 25 315 24 1328 18 860
4541 -6.3406825017751594 2.2662381104489748 -1.1471530691464324 48 53 49 1.0829989044239767 22 598 23 460 15 280
4542 -5.805892085871406 2.1154936633683903 -1.1919536153205743 9 9 4 0.47598587735176423 22 602 23 465 25 392 26 1120
4543 -6.2257984818462146 2.1904417125833091 -0.71052551921113072 42 38 37 0.57385606535230083 26 1089 23 470 25 393 24 541
4544 -5.4613349076268447 1.9110443091744276 0.81957140313760279 126 92 45 0.67296399391355077 21 628 23 494 25 1110 18 933 16 451
4545 -6.1775988374744069 2.334123529663116 -1.8716613815269143 0 17 52 0.45427244583942017 20 1637 23 506 25 387 24 1387 18 388 16 325 14 241
4546 -5.9452544330805521 2.2741367025175103 -1.722083865527819 4 3 1 0.26744029324649221 26 441 23 507
4547 -6.1579289409131297 2.3072733050091934 -1.6352110816365533 12 11 9 0.47879963263058523 22 636 23 508 24 583
4548 -5.9364939481894208 2.2896225426680537 -0.70165312772855737 6 5 7 0.34810443525187373 22 1527 23 523 18 920 17 471 16 397
4549 -6.0246788451521507 2.2043020066660346 -0.031356027565769738 110 110 107 0.32593448480024206 26 1129 23 532 19 341
4550 -6.6521081889834148 2.312892008965556 1.0738456161541179 58 47 46 0.42465282396882964 26 392 23 539 25 422
4552 -3.9647087165802026 1.5968840022359096 0.62518478108764897 10 9 4 0.67263416788443142 26 405 23 548 21 636 25 475 24 693
4553 -6.1418110051053567 2.4103338352023469 -1.677208179243654 10 9 7 0.94983631593759588 20 1639 22 676 26 440 23 552 24 1393
4554 -5.6470089555170189 2.3109089929335846 -0.89262846910445737 6 7 9 0.56216667469896342 21 722 22 684 26 459 23 569 25 493 24 666 18 512 15 393
4555 -5.6977943917043605 2.2392301610600325 -0.79942556424680733 44 45 47 0.65794440460342796 22 1529 23 570 18 477 16 398
4556 -5.9907790881253389 2.3773069972842222 -0.24664432401526137 49 47 43 0.21261285993631715 22 653 23 571 25 460 26 462
4557 -5.185798467232333 2.0489804096186468 0.85283711601113521 116 91 69 0.28901443571573354 22 621 23 581 25 472
4558 -4.7065441018736109 1.9212182591063456 0.40344843828626525 60 33 12 0.62656903899951244 28 1263 23 582
4559 -4.5048822285602448 1.8668672651884326 0.71743249920444974 23 1 0 0.60168396410999569 20 777 21 667 23 584
4560 -3.8110756913724315 1.6765472453487451 0.52054538455624988 119 112 41 0.56210232492147738 26 433 23 587 21 1441 25 1562 24 1469
4561 -6.544109814428678 2.717437955416043 -1.5279479123708051 47 47 47 0.59346967262886452 21 746 23 605 25 1153
4562 -5.7737726425454046 2.5983191581893679 -1.8876305953895436 55 59 58 0.60637776565186563 20 1720 22 743 23 639 26 1212 25 523
4563 -5.7018326105705839 2.524566683327814 -1.2737855699608436 37 45 42 0.70233320922765996 21 750 23 646 26 499 18 531
4564 -4.7771029785314729 2.252318084332936 0.59147954687347393 99 84 66 0.76551504701866391 26 486 23 651 24 1493 19 1315 17 1279 16 1202
4565 -4.6973219394028289 2.2761789371270424 0.60258316900003961 134 107 86 0.71548789259653622 21 757 23 657 24 790 18 570 17 572 16 512
4566 -4.079084178629734 1.9468344822305861 0.49836315320446067 131 109 96 0.24165916215478433 20 877 23 658 19 938
4567 -3.9254436163159858 1.9811481220357963 0.58925783758141015 125 100 77 0.24699703419219377 21 759 23 665 25 555
4568 -2.8630585355517146 1.5377007436014156 0.25632607268838775 119 93 99 0.84057103979367354 22 710 26 1195 23 668
4569 -4.8088183762702466 2.6394131536296972 -1.1719130264501691 155 123 110 0.59279562660939444 20 1748 21 808 23 685 22 791 26 1229 25 1216 24 1507 19 1324 17 570 16 503 13 1191
4570 -2.721670400307254 2.0212324807741675 0.48226083927613084 147 114 99 0.47085025218273219 22 798 23 709 21 815
4571 -4.9140201868661499 3.0064534514169581 -1.7929973610065728 237 225 211 0.33098874977031073 20 991 23 714 25 593
4572 -4.7606670186317066 3.2914128805046738 -1.0571741614859751 136 101 76 1.0338655706687863 20 1775 21 1544 23 718 26 2092 22 2430 25 1603 24 1908 19 1566 18 1454 17 1297 16 1376 14 1068 13 1395
4573 -3.9843325217873642 3.570762184804583 0.50188924441958871 73 67 69 1.1147457916827539 21 859 22 1636 23 747 25 623 19 987 18 1290
4574 -3.9639567827405622 3.5705964233906036 0.57108742469636919 115 111 112 0.60429597041793703 22 855 26 557 23 748 19 989 17 1034
4575 -3.8520388546207256 3.5294509016490681 0.60902223665266564 26 22 19 0.93053705643579721 21 867 22 861 26 1261 23 755 25 1254 24 1543 19 1347 18 1296
4576 -3.8625058257371876 3.5691325034837957 0.62381252368690709 95 91 88 0.41639128420070265 26 576 23 757 19 529
4577 -3.8015955578542613 3.5676943235603371 0.75140738125560425 63 65 63 0.50368460335496812 20 1034 23 760 25 635
4578 -3.7627163020246379 3.5421870277071767 0.80224088648977998 25 9 4 0.42886518395990425 28 461 23 761 19 1003
4579 -4.1512273007774771 3.7914521914878851 0.4067699775171621 128 111 99 0.12276862220931543 20 1037 23 762 24 889
4581 -4.7305210169580238 4.0894012857056659 -0.8769601355869876 119 77 56 1.1995225406431314 20 1081 23 779 25 638 24 888 19 1345 14 948 16 977 13 1409
4582 -4.0458262115626171 3.8640932023150709 0.33026684650409749 67 48 48 0.49681510634859344 22 1655 23 783 26 1281
4583 -3.8643502829972913 3.7420716800873053 0.14051720098033649 66 56 60 0.35151934068821572 20 1086 23 785 25 657 17 626
4584 -3.86951271225802 3.6781466721704308 0.28898353614800165 74 69 66 0.60107066726624092 21 896 23 789 24 923 20 1067 19 538 15 847
4585 -3.734248917101354 3.6713978552641664 0.61975787312980013 18 17 23 0.32361497371884934 20 1821 23 795 24 937
4586 -3.6477287849420903 3.7247915966450491 0.81245561783996945 56 54 55 1.3361573039637937 26 599 23 803 24 964 19 580
4587 -4.2095098747821629 4.1844041234631009 0.32329317983032108 90 74 67 0.88012939507627841 21 1597 23 804 24 1927 19 1368
4588 -3.8370509023409975 3.847501977470225 0.31284871184448237 18 17 22 0.41000210798769943 26 637 23 815 25 680
4589 -3.6903791776027854 3.7598615255427403 0.39539234763555831 188 184 187 0.51544556228944016 20 1097 21 1588 22 952 23 819
4590 -3.6026022030507887 3.7755583958974763 0.89488361215489676 54 33 27 1.0252454031889449 21 1590 23 824 25 689 24 968
4591 -3.9947849808026121 4.0186093344002627 0.25550069866843528 102 87 84 0.47221094109560163 20 1104 23 826 25 672 24 954
4592 -3.790333036689522 3.9421492829130012 0.16546745576812147 121 115 115 0.54996409042109351 21 958 23 829 25 1291 24 976
4593 -3.5378331338460605 3.7779994708812001 0.40643041129362778 108 104 105 0.47031165302628547 20 1124 23 838 16 623
4594 -3.5704242142869091 3.846597281838239 0.46250889092644126 74 72 75 0.42774163201484428 20 1868 28 544 23 839 25 704 24 1008
4595 -3.7719898958658353 3.9776773931563461 0.16875916220694545 118 112 112 0.69856110978597086 20 1130 26 1312 23 853 24 1000 16 1021 15 872
4596 -3.678143658340661 3.9799426280874388 0.42738686117637503 61 61 68 0.26157769460407199 26 664 23 859 25 723
4597 -3.5131113318416531 3.8318902798790182 0.33272209559892801 77 77 79 0.68482931241197065 26 667 23 864 25 728 24 1013 17 724 16 637
4598 -3.6268464113709249 4.0602866214287836 0.30916227403480684 41 37 38 0.23142612921822306 21 1640 23 875 24 1027
4599 -3.5415967112811089 3.975996450757493 0.32523421133683639 43 38 42 0.31576034938878456 21 991 23 877 25 743
4600 -3.5242425277969751 4.036670021219714 0.31483795154980765 103 98 99 0.62109207242465014 21 1016 22 1052 26 702 23 878 25 744 24 1610
4601 -3.4688398599361796 4.0086190791765199 0.47608363229019268 67 67 72 0.67744012280516919 22 1034 23 882 25 749 24 1057
4602 -3.4855408757733248 4.0661772556384435 0.65416887684896896 131 125 125 0.61725276312916288 21 996 26 688 23 883 25 753 24 1062
4603 -3.4242916871018028 4.009994020565034 0.68503049132088245 47 41 42 1.184359209612305 21 998 23 884 25 752 27 631
4604 -3.8717349014706923 4.2526669917845803 -0.091988500443790033 194 182 184 0.67949250467833366 21 1656 26 742 23 892
4605 -3.5551828176287104 4.0973325082333458 0.28289556251522008 111 102 101 0.66451978950821544 29 507 23 893 25 763
4606 -3.4570289194170356 4.1666310335053698 0.41384899414497062 132 117 122 0.58304398832414528 22 1083 23 917 25 781
4607 -7.3006985310731398 -2.7920748066709082 -1.0452956279899128 176 167 152 1.1429417744770647 23 928 17 93
4608 -6.2569221254021974 -2.4764539479076695 -0.95049950425973884 126 97 67 0.30357838049109043 20 1189 23 935 21 1077 24 1078 19 609
4609 -5.1118530083404981 -2.1984520928127607 -0.5945860243111758 57 43 32 0.39644321208738215 21 1100 23 942 16 680
4610 -5.155571014183999 -2.1823756931478653 -0.57598879618184362 96 87 69 0.80240014546412619 21 1102 23 950 24 27 18 67 22 1141 17 79
4611 -5.1407306883679107 -2.1329117324363613 -0.55826398634979923 120 111 94 0.69907226073462536 20 1914 21 1689 23 953 22 1148 25 1359 24 1649 19 1085 18 718 17 788 16 104
4612 -5.1249981681851855 -2.1206082677827411 -0.56463382170898246 120 111 94 0.19924814165144786 21 1690 23 954 16 103
4614 -6.7654985488174439 -2.2481176120476194 -0.47830672034864896 127 111 92 1.6932363211737915 20 1225 23 968 24 1110
4615 -5.97313612533857 -2.1211751897631883 -0.098614510796424679 47 28 11 0.58404904882974551 20 1230 23 970 21 75 22 43 26 16 24 1117 19 638 16 726
4616 -4.796148365984557 -1.8827549287949279 0.86199946485166556 52 44 33 0.8380657042184595 20 128 23 975 25 1373 24 1672
4617 -3.9681881691689451 -1.6454483690750683 0.83940895972030127 86 104 80 0.67908382429642711 20 134 22 1195 23 976 26 850
4619 -4.1604795072152188 -1.6473332437724455 0.95756024900212167 22 24 16 0.39300167463554303 20 156 21 118 22 82 26 40 23 982
4620 -4.0276286885833601 -1.5789010742870895 0.83246946166846159 94 112 96 0.22507960262712343 20 157 22 83 23 983
4621 -4.603970610804101 -1.6017221659879637 0.72510817272858408 194 186 179 0.33068939047794726 20 1262 21 1149 22 1203 26 852 23 986 24 1127
4622 -4.6031306814860065 -1.4640139853700345 0.66685073036624742 126 118 97 0.16365354224770209 20 1273 23 998 25 848
4623 -3.8994676334963185 -1.3714408497848567 0.86725780812656539 26 21 1 0.71450623031611726 21 1727 22 1217 26 1474 23 1001 20 204
4624 -5.1444066722951938 -1.4304757941705641 0.65355344615807986 146 137 121 0.47079936732536892 20 1284 21 1169 26 55 23 1004 24 133 19 655
4625 -5.0757619797596991 -1.3132499116297698 0.57487108246382057 83 74 59 0.46434128841334354 20 1286 22 129 26 877 23 1005 21 174 25 870 24 1140
4626 -5.0184828298775352 -1.285798298554883 0.52112791888413934 83 74 59 0.32640999836165918 21 173 28 646 23 1006 25 871 24 1141
4627 -4.9114421062874589 -1.3589873788409508 0.63352531779469368 101 96 77 0.51905061839143929 20 217 22 138 26 880 23 1008 21 179 25 862 24 1144
4628 -4.6380043817154002 -1.1847677129178475 0.44197677809080366 169 164 146 0.55769662878332893 22 1225 26 883 23 1009 25 878
4629 -3.9592942084760439 -1.2297870480401978 0.81335693248676433 119 102 67 0.36747562820264024 20 1969 22 1232 23 1015 26 1482
4630 -5.046883556358793 -1.2671607238197899 0.6407365541493959 158 152 136 0.63865070343038921 21 1187 23 1021 24 1153
4631 -3.9877268682869191 -1.0375772358125745 0.68442181274628533 49 44 27 0.55738900660056401 21 1205 23 1027 25 888 19 678
4632 -4.9693095978061077 -0.89932056714512454 0.47946444139076072 87 74 56 1.5720198285291038 21 232 22 204 26 1498 23 1030
4633 -5.2045409802815277 -0.36880311505690888 0.84292547125247452 107 78 67 0.78272681386011356 21 261 22 220 27 830 23 1038
4634 -4.7788947536033302 -0.27130368024671936 0.62611944269185205 161 134 41 0.89972715973035078 20 327 21 264 23 1040 25 131 24 203 19 137
4635 -4.286466335615482 -0.53996940298768481 1.5129903360861836 62 52 40 0.53273192855933138 20 319 21 1229 23 1042
4636 -4.4237385325945393 -0.62638665118407177 1.7544706293062124 53 43 33 0.73274779094863496 21 255 26 127 23 1043 20 317
4637 -4.9068756655492676 -0.24782901266890445 0.64326333428598215 65 14 4 0.75003063354239607 21 266 22 1268 23 1047
4638 -4.8399476462712254 -0.14346202951230247 0.58892520895285783 144 131 119 0.69286986416523166 20 333 23 1048 25 909 24 1702
4639 -3.4645685338518093 -0.20017666400705381 0.82353054036680795 71 62 55 0.40534103001263461 22 1287 23 1054 20 1359 21 1238
4641 -6.4249794301813319 -0.17603492494479211 0.94905782428194085 20 16 13 0.45128619754298782 21 280 22 1279 26 140 23 1057 24 1191
4642 -4.0314992508447469 -0.18934881715262347 1.3066870995836508 79 69 60 0.2763103026522537 20 1376 26 949 23 1064 25 923
4643 -3.9069569143831608 -0.040836267560895763 1.2048740912035549 42 34 31 0.4749471146519148 21 341 23 1078 25 943
4644 -3.7944373749048403 -0.058991982669063026 1.1765149725059874 80 77 68 0.80031337221675858 21 321 22 290 23 1081 20 396
4645 -5.1326652253461109 0.29715261556974198 0.43800547126658662 95 40 20 0.39059928870536664 22 298 26 189 23 1085 25 176
4646 -3.8898148232095537 0.032260444309767863 1.2614557152825043 30 27 19 0.35747220163831028 20 1409 22 1878 23 1101
4647 -4.1980961496592482 0.26709517853672043 0.52674704573893849 83 53 46 0.47831222212788066 21 367 23 1111 20 440 25 182 24 1236
4648 -4.3251510533423465 0.3194570845972437 0.61893816381432287 65 43 42 0.51729208879200239 26 216 23 1112 21 405
4649 -3.7520348364846692 0.3366973883450361 0.48510102304101083 41 27 16 0.50169916435903006 22 335 23 1122 25 1444
4651 -3.3331786690746159 0.67155293872959432 0.90681729755957974 17 13 10 0.49530374006291839 22 392 26 256 23 1132
4653 -4.5804093192396715 1.0327943967289541 1.0307809496700255 118 111 103 0.82794703239965695 20 1489 26 260 23 1140 24 407
4654 -5.3290709342850455 1.4181770940843941 0.89006081148562255 68 61 53 0.70337289168334638 22 1414 23 1156 24 1311 16 1134
4655 -6.4363012056853748 2.0265052394042113 -1.7456958345484914 115 107 97 0.38618041768690148 21 1387 23 1161 24 461 25 293 13 313
4657 -6.1937062835987708 1.7917668533888289 0.88905737533417273 48 47 34 0.60724708052559162 20 1541 26 1601 23 1171 24 1327
4658 -6.3389638850835315 1.7594865964535469 1.0517684935877574 111 80 26 0.48418084495245006 22 1427 23 1172 24 471 15 312
4659 -6.3264593805986156 1.8028992427680897 1.2085809084583696 55 68 51 0.33574167258742404 21 547 23 1173 26 318
4660 -4.4273490395672024 1.3477995341876925 0.97429079731966695 167 161 133 0.74534684653130423 21 1381 22 1436 23 1184 25 1056 19 824
4661 -3.8728440872685002 1.1857211830879917 0.62042369026172728 44 32 20 0.23605480255861325 26 306 23 1186 25 336
4662 -4.2783163676773359 1.289866371468251 1.4373217566914327 17 1 0 0.2865360098072734 20 1531 22 514 23 1187
4664 -6.592789092428097 2.1199183888174797 -0.053048613479424911 38 31 19 0.5655635681202501 27 997 23 1192 25 1075
4665 -6.683458467611513 2.1474362806928307 0.00079849321392688223 38 31 19 0.28302183861987834 21 1391 23 1193 22 1477 25 1076
4666 -6.7135972849793868 2.0472480807444944 0.58033453288075032 77 74 67 0.61522409109693899 20 1539 27 1005 23 1196
4667 -7.0586526715912052 2.0443375342749008 0.98482591332403102 87 80 72 0.18223372659146297 21 1370 22 1450 23 1197
4668 -4.354475704326755 1.3518285836885855 1.0263460731426146 165 160 153 0.39471853048562655 20 636 21 566 23 1210 25 1057
4669 -3.8966161485766158 1.3088958221063332 0.70538651082730786 103 99 90 0.31247059467437671 22 1439 26 1066 23 1211 21 570 25 1510 24 1381
4670 -3.9035267467097476 1.3099329827638202 0.71477729116367827 103 99 90 0.31042706753260108 21 569 22 1440 23 1212 25 1511 24 1380
4671 -6.1358276188960028 2.1965256245081468 -1.2000460661118 6 10 9 0.89931830324935325 26 1117 23 1221 24 1354
4672 -6.7580408406905876 2.2958840660381412 -0.84471115512250228 76 73 70 1.0173396606030045 22 1499 23 1222 24 1356 19 291
4674 -6.3863647910598225 2.1408190314798041 -0.66368769229166058 17 14 10 1.1865911438502306 21 1856 22 1976 26 1632 23 1224 25 1071 24 1798 16 850 18 1174 15 963 14 652
4675 -6.8334039078482336 2.2634211954628105 0.0012610335400588934 115 109 93 0.31420565222947761 21 613 26 383 23 1227 25 349 24 547
4676 -6.0282362279096455 2.1066824180543628 0.10652657213900131 21 18 11 1.3866007402129434 27 412 23 1229 25 412 24 551 17 478 16 412 14 346
4677 -5.6422252543559086 1.9584048759788963 0.7922735511673048 83 62 45 0.66907736299352494 21 623 22 580 23 1234 26 394 25 425 19 349 17 481
4678 -5.0411673698809949 1.7516218473438352 0.87879270316837355 140 131 120 1.0902578628628954 26 372 27 390 28 871 23 1237 22 584 19 354
4679 -3.962599305045265 1.4403318938682326 0.65290300361384146 33 32 27 0.65029358474533161 22 553 23 1241 24 1425 25 434
4681 -6.3563546152028154 2.3433901677054125 -2.1476279475527096 104 100 89 0.78267511176439597 20 2468 23 1246 25 1094 18 1170 17 914 16 287 14 206
4682 -6.343118660042081 2.3722918398537258 -1.7923048547084788 163 200 225 0.46747777421442172 26 1673 23 1249 25 1096 13 1134 19 1247
4683 -6.2847176958916338 2.3293273980592035 -1.7301237776592997 60 60 58 0.52049684045040745 21 1443 26 1116 23 1251 25 1097 24 1815
4684 -5.9632010296439795 2.2856479671900032 -1.4275197908219226 37 11 5 0.51766989559893661 21 1447 22 2024 26 1674 23 1252 25 1542 24 1817
4685 -6.1509684491045737 2.264158698439434 -1.1777784377149729 4 5 3 0.53708765542097481 21 1877 23 1254 24 1398
4686 -6.1509684491045737 2.264158698439434 -1.1777784377149729 4 5 3 0.53708765542097481 21 1876 23 1255 24 1397
4687 -6.3020295680013634 2.3542889864488061 -1.0503023230170574 51 51 49 0.83928987368576258 21 1451 22 1524 23 1258 26 417 25 1100 20 1606 19 853 17 406 15 345
4688 -5.7233149539489929 2.1956337673131672 -0.65864323355314358 5 6 2 1.5816570548444624 20 1610 21 1429 27 1050 23 1260 22 2027 24 1823 19 887 18 923 17 473 17 476 16 404 16 405 15 397 14 713
4689 -5.7227076529977969 2.1649162406073179 -0.50229737056065371 19 8 1 0.30283489185137724 20 1611 23 1261 25 1135 17 967
4690 -5.3945226073732959 1.9488360987562956 0.82585084236260109 99 69 0 0.41091999414359925 20 1591 23 1266 25 1112 24 613 18 935 17 992 16 1182
4691 -6.3257546820152877 2.445267080031198 -1.7224487322204154 93 92 87 0.73891417422409478 20 1638 26 1151 23 1281 25 1126 24 1388 19 876 18 874
4692 -5.817791393491798 2.3560100560081776 -1.5129516387632971 55 66 58 0.82102683051088654 21 1923 23 1284 22 2391 25 1128 24 647 19 1264 18 1223 17 456 16 1163 15 987 14 883 13 1170
4693 -5.8464870524044992 2.3142085175559739 -0.87844791443857373 48 49 51 1.3574655879174808 21 1454 23 1291 20 821 24 1441 17 469 16 909 14 375 13 452
4694 -5.6917240908061411 2.2551112012623102 -0.88464400908839702 44 45 47 0.67782123593543786 21 1455 22 1528 26 1677 23 1292 24 1442 25 454 18 475 16 396
4695 -5.4259480610661663 2.223223411588831 0.71684219026250307 13 4 1 0.19205535999101242 20 1652 23 1296 25 1161
4696 -6.1204202141681874 2.5179908813665892 -2.168956746063686 7 7 3 0.49698819726182519 20 1667 23 1307 19 873 18 913 17 452
4697 -3.2160412212154106 1.5722564556217242 0.40090024078289688 114 44 41 0.41908647965234114 26 1178 23 1320 21 1464 22 1543 25 1187
4698 -3.0985102588985121 1.808102017215514 0.26280626424485765 136 81 83 0.43003350130796525 28 914 23 1339 25 1592
4699 -3.0808779538505533 1.907522907292224 0.2666889350492182 68 46 54 0.24065062536387014 22 774 23 1344 25 1221
4700 -2.7969810603109999 1.8876282114229612 0.37317865650619336 57 52 40 1.5582221309235249 20 2207 22 2076 26 1716 23 1353
4701 -4.0254117178394431 3.5650534571604751 0.57767424350699048 36 20 14 1.2159863917852969 21 1549 23 1379 25 1244 19 507 17 1030 16 1224 18 1289
4703 -5.1082752187432359 3.8362363056831139 -1.967801970463037 122 87 61 0.98053892801845199 20 2227 23 1385 25 1612 24 1534
4704 -3.8806945212458013 3.5974103308750527 0.48462827994710522 85 82 78 0.6823707049409613 21 1559 22 882 23 1401 25 1252 17 1037 16 988
4705 -3.7443134867617016 3.5821457320514289 0.42943866315582718 60 64 69 0.46109008416546954 20 1809 23 1405 17 1053
4706 -3.7703499699709564 3.6044762255496123 0.45583386345512278 60 64 69 0.52156189206538084 26 1269 23 1406 19 1356 16 1231
4707 -4.0033211053027706 3.8393799507327873 0.17440574342242227 127 126 121 0.19018109429472299 26 1280 23 1410 24 1556
4708 -4.0033211053027706 3.8393799507327873 0.17440574342242227 127 126 121 0.19018109429472299 26 1279 23 1411 24 1555
4709 -4.0065429572286888 3.8221739865196138 0.21711668907979256 109 99 95 0.32297929443977008 22 934 23 1412 25 656
4710 -3.8726143839232163 3.7197949493407059 0.12956928920834146 160 148 150 0.28656962409112025 21 1980 22 2108 23 1416 25 1624
4711 -3.8824091357815127 3.9199480174394412 0.23719823736881987 23 21 20 0.46733166773909823 22 1677 26 1748 23 1424
4712 -3.8189656010821791 3.7913147523354711 0.23095678936871508 19 18 25 0.20045557828952187 22 945 26 634 23 1427
4713 -3.413293592147697 3.6396062026592388 0.5170655775593187 119 108 106 0.47980167929239709 26 649 23 1430 25 1287
4714 -3.8431706566276929 3.9201447107192418 0.25037357371722568 69 70 75 0.4557373516897803 20 1842 27 1551 23 1432 25 1282 24 977
4715 -3.5936774571298669 3.8241142717124434 0.35389862264289962 2 2 4 0.34235152158097254 26 1319 23 1439 17 1334 16 1239
4716 -4.1651846066329226 4.2516511653944473 0.16795760537358248 148 133 126 0.78112484463781173 22 1698 23 1445 24 1570
4717 -4.0758929729428282 4.3819846827874294 -0.051714808421358685 88 73 66 0.48566355269880751 22 1748 23 1463 25 737 24 2219
4718 -3.7264105051017502 4.058448266394338 0.10035997757845071 163 153 154 1.4137690865506622 22 2134 23 1464 26 1360 25 1662 26 1778 24 1600 24 1954 17 1338
4719 -3.6089751884014958 4.0688380454432789 0.31327452300917391 48 44 45 0.24984038288650032 21 1013 22 1719 26 1363 23 1467 25 1321 24 1604
4720 -3.538848309113757 4.0090549284563881 0.38494859582058527 21 16 21 0.53157936739542266 21 1630 22 1028 26 685 23 1469 25 745 24 1959
4721 -3.4522607304628217 3.9768428345618663 0.37870248394039835 86 81 87 1.3187678600609878 21 1020 23 1470 22 1032 25 1324 24 1612
4722 -3.4698848827891826 4.0077229316409531 0.44180024582632371 38 37 42 0.72397537122246836 22 1722 23 1473 25 1326 24 1613
4723 -3.9199301840992766 4.3415562020769718 -0.11163156726476062 127 116 111 0.80683845609102445 22 1749 23 1481 26 1386 25 1673 24 1964
4724 -3.6425764215335024 4.1190589586197 0.24842022167300706 48 42 44 0.24817093908574081 21 1641 22 1731 26 1361 23 1482 25 1320 24 1965
4725 -3.6397033756296611 4.1169480361133122 0.24545814961807924 48 42 44 0.14339846506422302 21 1642 22 1732 26 1362 23 1483
4726 -3.6579043522559775 4.1708255737715536 0.29418700882250581 148 142 144 0.48302733308884399 26 1364 23 1484 25 742
4727 -3.4946660706831554 4.0327226001033321 0.35517294989605486 164 160 157 0.43684842403962887 26 1365 23 1486 25 1323 24 1611 22 1054 21 1014
4728 -7.1465436165392067 -2.5798660809443241 -1.5204307259630272 91 84 76 0.59979587558584913 20 1174 23 1500 24 1621 19 1075 17 795 16 689 15 607 14 507
4729 -6.3057346982004159 -2.4433669166647087 -1.0743395254099959 115 91 60 0.40844079974641956 21 1671 23 1501 20 1892 24 1628 19 1078 18 703 17 776 16 692 15 581
4730 -6.3057346982004159 -2.4433669166647087 -1.0743395254099959 115 91 60 0.40844079974641956 20 1893 21 1672 23 1502 24 1627 19 1079 18 704 17 777 16 691 15 580
4731 -6.2197609429943244 -2.514300471263494 -0.82625370709716517 141 114 85 0.18122790997631397 20 1898 23 1512 24 1632 18 714
4732 -7.3275207187461486 -2.6547089645809119 -1.292229761454005 214 208 196 0.59168661244703569 21 1667 23 1515 24 1642 16 114
4734 -7.0854788895398642 -2.5946245744674727 -1.2108479793666991 221 208 191 0.61949279728019613 20 1907 21 1684 23 1518 25 1354 19 1077 18 93 17 797 15 68
4735 -5.1869768906805751 -2.1541712541003952 -0.56755146503678999 59 45 32 0.80542692813755357 20 1912 21 1688 23 1521 22 1781 25 1357 24 1975 19 625 18 1074 16 677 15 593
4736 -5.108983414747307 -2.1589519391489276 -0.56331564924549116 60 48 34 0.32773948735366265 20 1913 21 1692 23 1522 22 1780 19 1065
4737 -4.771003534223067 -1.9904135790123327 -0.63182869944648412 137 116 85 1.8629555770076291 21 1693 27 1611 23 1525 20 2283 19 1383 22 2189 17 1117 16 1049
4738 -6.8389118343787239 -2.229872818114615 -1.141096411525387 137 128 113 0.67774190442069326 21 1700 23 1533 22 2195 26 1444 25 1701 24 1657
4739 -6.7783693689847411 -2.2069973449938511 -1.1675095482127094 137 128 113 1.6723572186884283 21 1699 23 1534 22 2196 26 1443 25 1702 24 1656 18 1091 16 1069 17 1364 14 803
4740 -5.9025416375368298 -2.0368289283067913 -0.48576557893256195 135 114 85 1.1808718508221256 20 1223 23 1538 15 628 26 1860 21 2056 22 1798
4741 -6.355816431579421 -2.1061123182793886 -0.014880048652573748 106 94 74 0.61699913679806195 20 1941 23 1546 18 1102
4742 -4.6276274671626574 -1.6120217737220262 0.62995190248651112 78 69 57 0.22533388529133191 22 1189 23 1552 19 1105
4743 -4.6276274671626574 -1.6120217737220262 0.62995190248651112 78 69 57 0.22533388529133191 22 1190 23 1553 19 1104
4744 -4.0718434203174718 -1.5616099151866221 0.85597555423079408 111 121 112 0.33646093798982146 20 1959 21 1715 22 1818 26 1469 23 1557
4745 -4.2979688218588645 -1.5162479788650471 0.64546862654377057 98 96 89 1.084090714038513 20 1955 23 1562 26 1464 25 1378
4746 -3.8841201958259446 -1.495659414853141 1.0829206019656565 7 13 11 0.46145887001616337 20 1268 21 142 23 1565 22 1219
4747 -4.4760321680142194 -1.4172294573545117 0.67416411225746697 123 116 109 0.20936708422627692 22 1212 26 870 23 1568
4748 -4.6530364259940376 -1.3722846544260423 0.62858226792816174 98 91 72 0.75200756180401174 20 2324 21 1724 26 1892 23 1572 25 1725 24 2006 19 1408
4749 -4.2527168725719227 -1.2118692517076854 0.52488301540077387 129 125 117 0.72466029288269562 20 1296 26 887 23 1576 25 865 19 657
4750 -4.4109113227781078 -1.2317372899909615 0.57929916303959117 104 94 85 0.69888448636283695 26 885 27 799 23 1577 25 864 19 1118
4751 -4.2106507533051065 -1.0620744571295562 0.52032919763673291 166 168 155 0.34392749714507836 21 209 22 1832 23 1583
4752 -3.9326423368203964 -1.0405564095532223 0.67816662151281248 25 11 3 0.672951245263119 22 1835 23 1586 25 1399 19 1124
4753 -4.9028014439039467 -1.0215958544022687 0.42965141773451737 144 135 120 0.64682699121156206 22 187 23 1590 26 902
4754 -5.1899692013358045 -0.90361975997074384 0.61960019522783638 111 97 70 0.78660978770637935 20 2350 21 1743 23 1597 24 1691 19 1424
4755 -4.6037468237846975 -0.020529418135442637 0.572099811045641 150 100 41 1.0572208011679336 26 940 23 1613 22 257 25 1419 24 228
4756 -4.1809037870662724 -0.056170810339810397 0.57610089370534412 95 87 83 0.60913596891610511 22 1304 23 1618 25 1416 24 1713
4757 -3.5450587828850804 -0.17714181888320635 0.91085308516273034 98 86 86 0.30475993716024879 21 1758 26 928 23 1622
4758 -4.4967157598298906 0.019022755209006689 0.66122379024255096 68 10 0 0.88912060499107493 22 1863 23 1626 20 2015 25 1764 24 1716
4759 -3.7853412088360034 0.030989152834946351 1.1845928185270527 31 31 22 0.33562549462586699 21 1772 22 1879 23 1632 20 1411
4760 -6.6981431256108719 0.70617679962911994 -0.43860127434207113 158 149 132 0.68585130568744734 26 1551 23 1638 25 965
4761 -6.1275695258533158 0.45790735630198409 0.84342744581687257 36 38 31 0.42135873767204468 20 453 21 1291 26 1554 23 1640 25 1436 24 1720
4762 -6.4302624570428009 0.40542918202560518 1.1058965307422941 2 1 0 0.8013382145743293 21 1782 22 1350 26 981 23 1641 25 968 24 274
4763 -3.9314092751496226 0.25726621809775346 0.47611666923082463 124 68 53 0.93572005472961139 22 1888 23 1646 25 1432
4764 -6.7792014725952727 0.56655470894554949 0.79144076923840967 99 82 62 1.0282830677882906 22 1892 23 1651 25 967 18 1116 24 303
4765 -3.7463595333852373 0.36701454764484737 0.54679619506267274 42 29 19 0.82917023460819295 26 992 23 1659 22 1362
4766 -6.6082415297897326 0.98843953116834615 -0.90087162711384439 206 200 188 0.48081281382296021 26 1563 23 1663 25 979
4767 -6.7841240723476632 0.98820918416126813 -0.2520635523653979 152 142 130 1.3315806810939643 27 1711 23 1670 24 1742 15 666
4768 -6.9906303938756587 1.3335583202782688 1.6649111579312965 83 74 57 0.7014265396974414 22 1388 23 1672 25 1799
4769 -5.6861537570961529 1.2200320523413795 0.68695746930091339 49 34 19 0.9731881265493717 22 1922 26 1572 23 1674 19 1178 17 242 16 237
4770 -5.079653193024539 1.0347694542930623 1.3935728060318049 127 122 110 0.54246021443682557 28 1192 23 1677 25 1459 19 1181
4771 -3.7968931079762429 0.75164358269514042 1.6041501238113929 15 9 7 0.6558094374117579 21 1805 22 1919 23 1681 20 2064
4773 -5.1316486395953262 1.1412398577716019 1.472402510242419 104 102 90 0.71037182753298178 26 1574 23 1689 25 1012 19 1468
4774 -5.9588430505828409 1.5894064096467886 -0.055305968823266508 103 68 30 0.83366901785227576 22 2324 26 1994 23 1691 25 1803 24 2063 18 1358
4776 -2.8179719014303544 0.8496494270758469 0.28138203653373356 25 18 3 1.2193243702471119 22 1403 23 1702 21 1348 26 1582
4777 -6.8299834414005538 1.863655423157222 0.91078041755450401 130 110 93 0.37405119937946357 20 2416 23 1706 24 2071
4778 -6.4170393653415836 2.124613005799207 -2.1624015195959689 34 25 20 0.5024532988157232 20 2454 23 1715 25 1033 24 1319 19 800 18 834 17 289 16 265 15 201 14 605 13 786
4779 -6.4170393653415836 2.124613005799207 -2.1624015195959689 34 25 20 0.5024532988157232 20 2455 23 1716 25 1032 24 1318 19 801 18 835 17 288 16 264 15 202 14 604 13 787
4780 -6.3543448401516853 2.0349289961694179 -1.7452016643219765 31 27 18 0.72910642375480306 26 1616 23 1717 25 1486 18 1149 17 902 16 808 15 206 13 1105
4781 -6.3490095916050056 2.0339883575659572 -1.7467784782267286 31 27 18 0.76085956364247664 26 1617 23 1718 25 1487 18 1150 16 809 15 207 13 1106
4782 -4.6742219522069197 1.492773638450116 1.0704032547219882 27 7 0 0.62428550535999905 20 1552 27 1431 23 1725 20 2433 19 1240
4783 -6.251173721222111 2.1553892191708055 -2.0511220710644578 80 79 72 0.71652175113390859 20 2457 23 1731 24 1778 18 1158 16 823 19 1220 15 708 14 848 13 1118
4784 -6.2605782758651678 2.2404547952694185 -0.90435547530186899 22 21 17 0.81836756604095606 21 2199 22 2366 26 1654 23 1738 25 1518 24 1795 19 1499
4785 -6.1853105703476965 2.1038167669571468 -0.63357959778175987 62 58 55 0.58491559788511283 20 2118 23 1739 19 1227 18 1175 17 1191 16 1149 15 964
4786 -6.8399275709146021 2.3660040050923432 -0.0096632547945133124 117 115 104 0.57058342727140343 22 2004 26 1090 23 1742 25 1522
4787 -6.3367570066443752 2.3493280686186151 -1.6775379133032511 62 62 65 0.72631917021527737 20 2140 21 1904 22 2021 26 1652 23 1760 25 1513 24 1816 19 850 18 876 17 937 16 844 15 731 14 244 13 832
4789 -6.0562134123980114 2.277647241960183 -0.77454873032790439 47 46 44 0.5529321935075201 20 1608 21 1883 23 1764 24 1402 18 882 16 884 15 763 14 325
4790 -6.0251380423402114 2.3261102492895009 0.23066403446239575 6 7 2 0.71833143050450443 22 2030 23 1785 24 1834
4791 -5.0446615768425378 1.9969794596660984 0.62678603707093139 54 31 12 1.0325456108560853 20 1620 21 1893 23 1787 25 1140 24 1835 18 965 17 1270
4792 -4.3896893379343531 1.7993551715374312 0.57943744686261789 49 31 19 1.0886272793436322 22 624 26 1140 23 1790 25 1549 24 1836
4793 -3.6809287213084962 1.5764712345001395 0.46854068663559845 138 125 70 0.58110920439271729 21 1897 22 1511 26 1146 23 1793 25 1564 24 1857
4794 -5.8516949483941216 2.5653190932216012 -2.1483082607431156 1 3 2 0.68463772565195813 20 2188 23 1814 25 1566 19 1290 16 903 14 708 13 909 12 1152
4795 -3.7637166413548107 1.8116102712768869 0.50097827094154279 132 124 106 0.48184395029851268 26 1176 23 1822 25 1572 24 1874
4796 -4.7677713877032302 2.3701027110486712 0.16071289210964004 24 14 12 0.6353052641865109 26 1696 23 1828 18 1444
4797 -2.799092637252774 1.9109947924265749 0.35744543394147588 120 101 85 1.5096958101919418 20 1750 26 1719 23 1848 22 2425
4798 -3.9349564583798511 3.5694161158824462 0.70075832741264887 109 105 102 0.30884882510582512 21 1972 26 1735 23 1869 25 1616
4799 -3.6800016992646758 3.5778610208757313 0.76720835310586344 54 53 50 0.8054208410346837 21 1977 22 2101 23 1884 25 1922 24 1918 19 1361 19 1588
4800 -4.0396429491026096 3.8386940634665403 0.16726940645614777 34 26 23 0.71131462250843036 22 1664 27 1150 23 1886 26 1278 19 1362
4802 -3.5101579168095771 3.7451153142897566 0.49955546082393332 185 174 178 0.4174351646449927 20 2245 23 1903 17 1335
4803 -4.3721231120509252 4.5604531824774099 0.21070917509138221 43 19 9 0.6523322860108508 20 2255 21 1634 23 1904 25 1644 24 1583
4804 -3.518979426531708 3.8831746681500903 0.52385201494214362 117 115 120 1.1483666113627036 26 1321 23 1910 25 1651 27 1557
4805 -4.1899570117998612 4.4281347664686317 0.08670037156131831 76 62 59 0.85665759584613943 21 1636 22 1047 26 1358 23 1914 25 1646 24 1598
4806 -3.5527916136987248 4.092727198677057 0.80104299119546374 120 114 118 0.70370940036874741 26 2141 23 1917 25 1665
4807 -3.8821385968183475 4.2478260492549378 -0.11753541101462159 146 135 133 0.93041563962331608 22 2158 26 2153 23 1923 25 1952 24 1963 17 1517 16 627
4808 -3.5376362182861736 4.1103652692262305 0.30235115459550294 136 128 126 0.52678706883695359 21 2028 23 1924 26 1779 25 1675
4809 -3.2761954379282288 3.9451797252420597 0.64468581930785496 18 6 9 0.34515795622501599 22 1728 23 1928 21 1650
4810 -3.7257162823105481 4.2054937346922019 -0.2179650706530768 200 192 190 0.7455136206292714 22 2172 23 1933 26 1811
4811 -3.3858244716375885 4.1551602688897376 0.50297539773613542 75 59 59 0.30540932566291051 22 2161 26 1794 23 1938
4812 -3.3858244716375885 4.1551602688897376 0.50297539773613542 75 59 59 0.30540932566291051 22 2162 26 1795 23 1939
4813 -5.1812865533430728 -2.117262555436132 -0.54080594905772972 40 31 16 0.48242306370675292 20 2279 21 2046 23 1944 22 2187 25 1691 24 1977 19 1386 18 1313 17 1352 16 1056
4814 -6.2997745882067724 -2.266865118551157 0.11653211420512008 104 88 70 1.4054117619058644 20 2301 21 2064 23 1958 26 1862 18 1325 27 1624
4816 -6.9465207827047761 -2.1112032641525933 0.0046905595035449058 59 48 30 0.66781104809665015 20 1949 21 1708 23 1963 25 824 24 1122 19 1397 18 758 17 1147 16 1435 19 1756 15 638
4818 -4.4420453688403336 -1.6050414099645427 0.65729177429630647 158 156 141 0.45692665588661285 20 2311 21 2072 26 1879 23 1968 25 1715
4819 -4.5986297665824631 -1.4640635688289421 0.5906540504025859 102 94 79 0.35575532587050562 22 2518 26 1885 23 1971 25 1380 19 1402
4820 -4.6169107147466466 -1.4074124269758277 0.59387490219572059 97 92 73 0.21340073690654204 20 2323 21 1723 22 2224 23 1977 22 1822 25 1720 19 1403
4821 -4.0500903787844962 -1.2632994616351367 0.38285702362299145 76 102 75 0.46235870997160755 26 1888 28 1389 23 1978 25 1721
4822 -3.9287682075878716 -1.1987203039621084 0.5268525938784957 29 46 30 0.70806205735262295 20 2326 21 2083 22 2226 26 1899 23 1980 25 1728 19 1405
4823 -4.0745965586737078 -1.3581856956711533 0.86741355785334628 40 34 10 0.6479146814193778 20 2327 21 2084 23 1982
4824 -5.0266453822702983 -1.4218062321119156 0.59889878620117176 147 140 124 0.43535415652004034 20 2333 23 1986 24 2252
4825 -4.8096131652475336 -1.3841183932831291 0.66738922806545586 116 110 94 0.43275627240270059 21 2080 23 1990 24 2004
4828 -3.9685215930646254 -1.069402550561646 0.72155035717159799 26 11 5 0.93233077877782122 21 2093 26 1913 23 1996 22 2704 21 2521
4829 -5.0328741540940358 -0.7129402743233143 0.48697397683826915 119 103 84 0.41112069410805241 20 2352 21 2098 22 2253 23 2008
4830 -5.4089381791889322 -0.15991288213508154 0.50024602090025827 22 13 14 0.32023888349137747 26 1514 23 2012 25 1747
4831 -4.0518010077589084 -0.20858057912420219 0.68123972524064935 74 64 55 0.56778576008100312 22 1855 23 2015 20 1991 25 1408
4832 -4.3124714926654191 -0.25747635813051578 1.0598812906455533 25 15 5 0.40450584990169958 22 2265 23 2016 19 1428
4835 -5.7487892050226064 0.052455127045611845 0.77687307435321729 33 35 34 0.59808561061236187 21 2106 23 2026 22 1873
4836 -3.362945733062972 0.33909207009986236 0.58049568797312101 21 11 1 0.35320638006792665 21 2132 22 2304 23 2048
4837 -6.6598230870576876 1.0166676399184593 -0.78968376978008414 181 175 161 1.679561352250686 20 2394 21 2140 26 1973 23 2049 25 1786 24 2044 18 1125 26 1564 16 1099 15 918 14 576
4838 -5.8509480377325955 1.5513578441401337 0.84622161059563028 28 32 25 0.6743340875866638 20 2076 23 2080 25 1818
4839 -6.255131593632524 2.1326304589384972 -2.0114921427785943 51 49 50 0.63663813781144196 20 2456 23 2099 24 2311 23 2534 25 2201 19 1477
4840 -4.961988039665985 1.558955197251966 0.87347874911242918 173 157 124 0.65041843622234841 20 2675 23 2108 25 1827 24 2087 18 1524
4841 -6.6737588305150632 2.2492335947382349 0.73000756701206748 19 14 8 1.1533426608931643 20 2690 26 2031 27 1787 23 2121 24 2322 19 1234 20 1572 18 889 18 1650 17 975 15 1268
4842 -6.1639822953829384 2.3391492362944053 -0.99805495871441852 2 4 1 0.79205212104279188 26 2317 23 2133 19 1691
4843 -6.1862121224415594 2.2238815702542065 -0.29592885946631681 22 15 10 0.80064383195361599 26 1659 23 2134 25 1524 24 1407
4844 -5.8599328288768389 2.2503517591571223 -0.41394364333747086 115 69 43 0.57822976445755658 21 2429 22 2614 26 2049 23 2137 25 1863 24 2112 19 1513
4845 -6.4114373610469002 2.3749704999206274 0.0032485290299579719 113 69 42 2.3245405134270487 20 2477 21 2202 23 2138 18 1404 17 1450 16 1339
4846 -6.3588132090200391 2.5041459317566104 -1.6440588960991003 51 50 48 0.70968324421496398 20 2485 21 2431 23 2146 25 1857 24 2121 15 985 17 1210 14 880 13 876 16 374
4847 -6.3054090755913874 2.4848360085918606 -1.6606461074217798 51 50 48 0.44395852785233264 22 2388 26 2057 23 2147 25 1856 24 2120 19 1508 17 1211
4848 -4.6045919017380346 1.9276884996827057 0.82996971475564141 117 53 29 1.2382273927642429 20 778 23 2152 27 431
4849 -6.1328646414268766 2.5028667238576294 -1.6564756121231401 70 70 69 0.5528882100808834 22 2395 23 2157 25 1873
4850 -3.4274228307405195 1.7711097333075945 0.39623132390598481 100 80 71 0.3398592082468454 22 2393 23 2166 21 2228
4851 -4.7006473808740106 2.3413630653411484 0.34438413242902249 109 69 44 1.5409690020863238 28 1800 23 2173 25 1191 27 461 19 945 26 1209
4852 -4.7011543501561484 2.4270300100415878 0.74636569489514704 59 30 16 0.99809680704023018 26 2336 23 2176 25 1895
4853 -4.5360973201613959 2.3771289663997663 -1.3168004222964256 26 27 22 0.8906546040373714 21 2244 23 2178 25 2095
4854 -3.5114427513176301 1.9354900437106957 0.37993445364415357 86 54 32 0.83989252975561224 21 1947 26 1700 23 2180
4855 -2.8650744306143707 1.6816600607880283 0.50241894902236117 59 55 53 0.21554966624600722 22 2401 26 1703 23 2182
4856 -2.8898649454199781 1.9068304220746461 0.3630738366884344 124 110 107 0.68836022243012707 20 2205 23 2189 19 1559
4857 -4.8411342974201519 2.9157813142464453 -1.7471321529680408 85 54 37 0.77771233268870721 21 2468 23 2191 25 1903 24 2174 26 2350 19 1558 22 2427 18 1453 20 2754 17 1286 16 1203 15 1042 14 935
4858 -4.8011284009463484 3.2837445837976196 -1.0175405179959705 49 23 1 0.62100234036433333 20 2531 21 2469 23 2192 26 2091 25 1908 24 2179 19 1731 18 1575 15 1199 13 1499
4859 -4.7558462760188238 3.3441330684339166 -1.5389710855131131 143 98 72 1.0389851711039684 21 2253 23 2197 22 2431 26 2102 14 945 13 1203
4860 -3.9143602616308488 3.7445181433868462 0.31245311657199565 167 162 158 0.21932820263520808 22 2438 26 2119 23 2220 25 2124 24 2388
4861 -3.9812986428586901 4.2148145545503573 0.036704738368169107 100 85 80 0.28274963955196675 26 1777 23 2243 21 2291 22 2464 25 1949 24 2212 21 2015 22 2133 15 870
4862 -3.4698872849800653 4.1023180881424066 0.78738408405807048 50 43 50 0.89111259198516457 26 2142 29 1395 23 2249 25 1956
4863 -3.6957164670366236 4.1635585782478195 0.21978511473907442 114 103 107 0.44349380141357175 21 2294 22 2149 23 2253 24 2226
4864 -3.6957164670366236 4.1635585782478195 0.21978511473907442 114 103 107 0.44349380141357175 21 2295 22 2148 23 2254 24 2225
4865 -3.6443883843804068 4.2107793768431838 0.20977469160441314 140 129 133 0.32950978109287721 22 2483 26 2154 23 2256 21 2303 25 2144
4867 -6.6689644771327456 -2.2214345115756622 -1.2687984354475657 148 142 122 1.1008582941287151 20 2287 21 2043 23 2272 22 2497
4868 -5.7446398903357387 -2.2197820662222987 -0.52170278037552154 133 107 83 0.93722847047781532 27 1613 23 2273 16 711 19 628
4869 -6.5788978516331547 -2.0892785117997441 -0.12926390931089873 85 63 46 1.0728102463057803 20 2596 23 2281 21 2317 22 2509 26 2205 24 2242 18 1487 17 1532 15 1223
4870 -6.9640882433184386 -2.0652961801279863 -0.038606777468727205 131 120 102 0.77592831401874407 20 2600 23 2282 27 752 24 2245
4871 -4.8805385057605886 -1.8377190148522464 0.88573369946366176 137 130 119 1.3138365829102239 22 2211 26 2212 23 2285 25 1983 24 1993
4872 -3.9892276511298359 -1.6239190078783159 1.1421231918652885 64 66 64 0.57665679657023317 21 2077 22 2222 26 1890 23 2293
4873 -3.8312798590189177 -0.51286657414852743 1.2486958095198526 68 65 62 0.37881792031152778 20 2618 21 2334 22 2526 26 2232 23 2305
4874 -3.7259479887298346 -0.33742556690972847 1.0254992980378017 46 37 31 0.61595244927291537 22 2260 26 1933 23 2310
4875 -3.8071553298699419 -0.14990971269392439 1.1417415500564747 71 72 31 0.43032810851467423 21 2350 22 2540 23 2317
4876 -3.8897171135966868 -0.17303820839291534 1.2627733104682493 71 72 31 0.44538664272157452 21 2349 22 2539 26 2243 23 2318 20 2629
4877 -6.7394128037902536 -0.037678416018348454 1.0533853492441354 76 63 46 1.8917708509327782 22 2533 23 2319 19 1625 18 1489 17 1374
4878 -5.9291328532797252 0.53994397508123093 0.41892786651710001 84 69 50 0.35680719542636391 20 2644 23 2337
4879 -6.7248052738539785 1.0100574951573837 -0.68804983052065571 177 171 157 1.1038384358455915 21 2372 23 2341 25 1787 17 1381 16 1101 14 986
4880 -6.1897510067445412 2.3676790815226032 -2.009461982248105 62 125 204 0.66105830026723889 20 2705 23 2376 25 2066 24 2326 16 1462 15 1251 14 1115
4881 -6.2213062443912426 2.2729670266973909 -1.8274243837513411 19 16 24 0.74129181533154642 20 2696 23 2377 25 2055 19 1689 18 1514 17 1406 16 1314 15 1143 14 1010 13 1468
4882 -6.2068975329622518 2.362662865472362 -1.8988200671614086 56 117 184 0.35800012849851959 20 2706 23 2378 25 2056 24 2106 19 1495 18 1386 16 1146 13 1344
4884 -6.1450613953923305 2.3838400278538536 -1.0651564480992348 66 68 63 0.78420588280129178 21 2423 22 2611 26 2314 23 2384 17 1446 14 1032 13 1370
4885 -5.6913723162904954 2.2819655992530881 -0.83981871806664232 52 53 55 0.90216959633498428 21 2425 23 2387 17 1586 16 1350 15 1275 14 1133
4886 -3.6410638930979324 1.5992296294273518 0.5130069328231508 28 16 17 0.45858370683589522 22 2375 26 2310 23 2389 25 2076 24 2348
4887 -4.6630550600472702 2.1909009130113035 0.6538933093628404 77 48 30 0.74065321864391598 22 2620 26 2326 23 2401 18 1563 17 1474 16 1502
4888 -3.2264194553620062 1.7043293723777599 0.21765051339770647 100 92 84 0.56417896116694988 21 1931 22 2626 26 1690 23 2405 25 2089
4889 -5.1945116834268177 2.4838152434084901 -1.211948957535949 12 8 7 0.86583399508709158 20 2885 21 2441 23 2407 22 2630 26 2334 25 2085 24 2154 19 1842 18 1556 17 1470 15 1284 14 1140 13 1494
4890 -4.8015516047709514 2.5491897848776088 -1.2041993058392158 72 71 67 1.2020452260873138 20 2734 23 2414 25 2096 19 1846 26 2343 18 1565 16 1498 15 1289 14 1143
4892 -5.9512558971878304 3.190164440698779 -1.2423329909961403 58 67 62 1.1525132492255517 20 2743 23 2420 25 2099 24 2371
4893 -4.878699723337526 3.0025564372452389 -2.1747845657425775 84 55 41 0.66136991904742493 20 2895 23 2426 25 2252 24 2377 19 1728 17 1480 16 1369 15 1188 14 1061 12 1824
4894 -4.8812802992402409 3.0049691021201905 -2.1739049533996213 84 55 41 0.70410355224426668 20 2896 23 2427 25 2253 24 2378 19 1727 18 1574 17 1479 16 1368 15 1187 14 1060 13 1192 12 1825
4896 -4.1753171762638308 4.0512207962317666 0.27436542050165386 34 11 5 0.17541824491242522 22 2660 26 2364 23 2438 25 2122 24 2391
4897 -3.9715396931999822 3.904147629758532 0.25292344425764512 29 23 27 0.13052156322363687 20 2774 23 2443 25 2127 24 2493
4898 -4.7211623288052991 5.0812312969454156 0.17985763608356142 56 34 21 0.51025940618373422 26 2161 23 2459 24 2406
4899 -3.5886572233262299 4.1518274123711576 0.27858771190617804 82 72 73 0.21672181248626421 21 2498 22 2676 26 2390 23 2460 25 2146
4900 -3.7532750038039424 4.3179820176269068 0.1778992612121556 148 140 138 0.58657760350079313 26 2388 23 2464 25 2268
4901 -3.7532750038039424 4.3179820176269068 0.1778992612121556 148 140 138 0.58657760350079313 26 2389 23 2465 25 2269
4903 -4.9783611462953994 -1.3733078776579828 0.63399001279007206 121 115 99 0.45146084800408603 20 2801 21 2514 22 2699 26 2429 23 2480 24 2415 19 1762
4904 -4.2072611236629953 -0.13710495702821929 1.0342745071723436 95 84 82 0.76958383370967665 20 2814 21 2346 22 2536 26 2241 23 2494 25 2012
4905 -4.2334988649450782 -0.14696331510152344 1.0715119015697716 95 84 82 0.55257684761072312 20 2815 23 2495 27 2148
4906 -4.8302317652448084 0.27081748519104509 0.40671538938084961 152 151 141 0.75306346780048949 22 2725 26 2451 23 2504 24 2523
4907 -4.1161521295505432 0.13871662152003572 0.49209060281151629 56 46 44 0.76090155968780238 27 1975 23 2505 25 2174
4908 -3.8569007796066206 0.0042518266921098722 1.2690370771491084 37 37 27 0.60547938940340373 20 2818 26 2248 23 2507
4909 -6.9881661810890758 1.0382695074130426 -0.75745475274210494 197 191 179 0.95652484260453896 22 2735 26 2459 23 2518 25 2184 24 2430 19 1648 17 1546
4910 -6.2876020755064097 2.3310307447181744 -1.9363579060625642 55 43 40 0.67037773239137921 20 2867 23 2547 25 2214 24 2451 18 1513 17 1562 16 1461 15 1250 14 1117 13 1466
4911 -6.3060954920670351 2.3681195385577749 -1.1101800788558525 7 11 11 0.8177371971198264 21 2671 22 2863 26 2488 23 2550 25 2216 24 2459 19 1816 18 1644 17 1573 16 1474 15 1265 13 1561
4912 -6.1816388340486146 2.3982295881732032 -1.8367102496878971 13 7 11 0.60253989775631478 20 2967 23 2555 25 2220 24 2458 19 1822 18 1643 17 1572 16 1463 15 1252 14 1118 13 1467
4913 -6.2148132772931346 2.5616423706454503 -2.0812176430012941 0 6 6 0.65582649025660489 20 2971 23 2560 25 2230 24 2466 18 1656 15 1260
4914 -3.782014956060805 3.7564010558035159 0.38943615467383402 169 168 166 0.75209803933857444 20 2995 21 2599 23 2581 21 2685 16 1634
4915 -3.8559597087893933 4.2519126637606757 0.16503301285380267 57 49 47 0.15601575500338302 21 2610 22 2799 26 2523 23 2588
4916 -4.2380666734338375 4.6169089872116462 0.11258221972583166 66 56 46 1.2099384459836822 22 2679 23 2592 21 2302 25 2263
4917 -3.8640779837834534 4.2314852369626852 0.010368061295693018 151 141 142 0.48730201694427311 21 2615 22 2673 26 2382 23 2593 25 2264 24 2499 17 1718 16 1584
4918 -3.6321004226717264 4.1330617616034608 0.32267694533816021 185 179 179 0.57377616897209294 21 2611 22 2675 26 2383 23 2594 25 2267 24 2502 28 1973
4919 -7.0392533913957136 -2.5567705598343426 -1.1248608750688018 145 132 100 0.98769014024046875 20 2911 21 2621 23 2598 25 2272 24 2504 22 2811 19 1863 18 1591 17 1724 16 1522 15 1377 14 1159
4920 -4.5561753044332356 -1.1259912461590511 0.55648819571849972 118 109 92 0.7922420643178647 27 2240 23 2610 19 1767
4921 -4.0543461950881801 -1.128219486168712 0.82739475670767282 35 20 16 0.3497812441131472 21 2632 22 2822 23 2611
4922 -4.0291015718484156 -0.14877931667994998 0.57921459182380242 27 10 4 0.69644690428008504 21 2638 22 2831 23 2616 25 2291
4923 -3.9611894038759194 -0.085249180012093514 1.0511525276531724 18 11 5 0.51612766160327894 22 2836 26 2569 23 2627 25 2296
4924 -3.8651967252173045 0.082726791932376836 1.2899782109204625 106 102 101 0.41284724879125978 21 2651 23 2632 20 2945
4925 -4.0546721002619899 0.95373334103164942 0.62984286399325595 14 17 8 0.37076459521477545 21 2655 26 2584 23 2637 25 2315
4926 -4.7240443514472625 1.2819522277416509 0.97723470061042328 5 4 2 0.65867550866560232 22 2854 23 2641 24 2595
4927 -6.3988826651760276 2.0190124559861289 -2.1393717164050332 165 156 141 1.2090250819711037 20 2956 23 2642 25 2193 23 2530 19 1892 18 1621 17 1552 16 1536 15 1237 14 1171 13 1539
4928 -4.6818099001109283 1.8749038159739397 0.71567476353917869 1 2 3 0.56564856862971369 21 2670 22 2861 26 2601 23 2660 24 2606
4929 -5.7901620871345107 2.5291518402872457 -2.0625886959924782 42 46 45 0.81047503311250146 20 2980 23 2665 25 2234 24 2550 18 1669 17 1582 16 1562 15 1274 14 1132 13 1484
4930 -4.7611526066831544 2.2956238949326777 0.39879040467505489 20 20 20 0.75438960955716261 26 2610 23 2670 25 2339 24 2555 19 1974 18 1742 17 1764
4931 -3.6267234905835477 4.0024023395008177 0.13525160077119591 184 179 175 0.5404644812945939 21 2747 22 2884 26 2620 23 2676 25 2348 24 2566
4932 -6.9868162401356226 -2.3106036806377861 -1.1442652806181164 162 153 136 1.0499802147252018 21 2749 23 2683 22 2892 25 2351 24 2576 19 1934
4933 -5.7213184714074918 -2.1058034078150105 -0.47201918588484038 137 112 82 0.6323559190072412 21 2693 23 2684 26 2631 25 2352 17 1727
4934 -5.8025678102931293 1.2976278855433467 1.348161235720287 36 38 37 0.69968525029656825 21 2714 26 2649 23 2701 25 2318 24 2592
4935 -6.3838328956476822 1.5834294664793027 1.2389545502745285 21 36 33 0.97037400189971679 21 2713 26 2590 23 2702 25 2371
4936 -6.2498528085957945 2.184904317620469 -1.9077973244654813 228 222 210 0.61169609653574553 20 3025 23 2707 25 2374 24 2598 19 1954 18 1769 17 1740 16 1610 15 1388 14 1233 13 1659
4937 -6.4877868615105223 2.6301136967997478 -1.6578413838553858 7 6 11 0.9283812008744815 20 2973 23 2718 25 2382 24 2603 19 1908 18 1658 18 1723 17 1583 15 1262 14 1192 13 1558
4938 -5.795907159881212 2.3991290815595678 -1.0578572494372542 47 49 48 0.96178245224472414 21 2735 22 2931 23 2719 25 2383 18 1780
4939 -5.6711601446631201 2.4795388486284105 -1.9093353961852502 56 61 59 0.62815095465044524 20 3041 23 2722 25 2386 24 2608 19 1965 18 1729 17 1754 16 1624 15 1353 14 1196 14 1247 13 1623
4940 -2.8972626418153045 1.7065804627811434 0.24658956122242978 71 68 76 0.86636374181047471 20 3046 22 2939 23 2730
4941 -6.2255364054780937 3.2257537526757529 -1.6995762125464102 48 48 46 0.92748032661186264 20 3099 23 2731 25 2396 24 2614 19 1976 13 1684
4942 -3.9341252511313249 4.2125057603415907 -0.13078239050394949 189 181 178 0.30371087926642526 21 2691 22 2886 23 2736 26 2619 25 2400 24 2620
4943 -4.2875339542691018 -0.80161938255736465 1.5439153675565074 77 69 48 1.040958677113065 20 3005 21 2699 26 2637 23 2747 22 2953
4944 -3.6401263068897753 -0.043817601666308742 0.94477039455709177 107 105 93 0.53903774153203943 21 2701 22 2905 26 2639 23 2750
4945 -4.1863331535473174 0.25765788784567506 0.41433449018223001 42 26 27 0.57855991972419585 21 2705 22 2906 26 2642 23 2752 25 2408 24 2628
4946 -5.2879730425288196 0.39889672508117613 0.50705186661807644 103 95 81 0.93152268827428752 22 2960 26 2706 23 2755 25 2455
4947 -6.3663545716113035 2.1987238727035883 -1.6250016123982918 163 155 144 1.2355196274683462 20 3077 26 2715 23 2767 25 2422 24 2648 19 2016
4948 -6.3384694291535402 2.1941256692460063 -1.633511945953146 163 155 144 1.3913826036813075 20 3078 26 2716 23 2768 25 2423 24 2649 19 2017 18 1807 17 1795 16 1676 15 1389 14 1280 13 1721
4949 -5.4595104545767592 2.4788842736523389 -0.17598969264891082 42 40 26 0.84624560868776522 21 2790 22 2986 26 2730 23 2778 25 2432 24 2656
4950 -4.7940186521320438 2.2226410202639655 -0.64114769775161784 42 40 26 1.4381773150190362 27 2287 23 2779 25 2433 24 2657
4951 -5.0408488831790272 -1.0992364748904597 1.4169621965589871 39 28 22 0.70404662213613689 27 2410 23 2792 25 2450
4952 -6.3128888223455792 2.0758541604670695 -1.8062954609688024 82 78 76 0.53114755883190201 20 3121 23 2805 25 2464 24 2640 25 2416 19 2055 18 1804 17 1847 16 1674 15 1479 14 1321 13 1720
4953 -4.8406756116265139 2.9431286074264338 -1.0163060316980503 129 83 60 1.4756060530830573 20 3160 21 2848 23 2822 22 3051 26 2798 25 2501 24 2724 18 1880 16 1758 15 1529 14 1361
4954 -6.4891645143149841 -2.3884156351411341 -0.97178271727804566 102 86 60 1.3400134074030481 20 3135 21 2828 23 2826 22 2998 25 2444 24 2669 19 2070 18 1840 17 1872 16 1708 15 1491 14 1331
4955 -6.5171862284693471 -2.4030809339308523 -0.95973269528571936 102 86 60 1.3561807555346914 20 3136 21 2829 23 2827 22 2997 25 2443 19 2071 17 1873 16 1709
4956 -5.7393562339649042 -2.152364296390473 -0.48504842129939768 128 104 70 1.372772097551787 20 3137 27 2463 23 2828 25 2481 24 2708 19 2072 18 1861 17 1894 16 1735 15 1514
4957 -4.0288039222528571 0.29980484258891033 0.51042796326991291 153 102 89 0.65933790866963826 22 3037 26 2788 23 2832 25 2487
4958 -6.3365025373661963 2.3719062538054061 -1.6805018371896217 20 20 20 0.67209750542108482 20 3172 23 2840 25 2490 24 2720 19 2084 16 1748 15 1520 14 1345 13 1763
4959 -4.7562131915441723 -0.40730795042073925 1.2101693170282961 19 9 18 0.85475580156996744 21 2854 22 3058 26 2807 23 2852
4960 -5.078721772325709 2.6271216966135431 -1.1754301296554495 32 33 28 1.222479571169067 20 3173 21 2860 23 2860 22 3063 26 2812 25 2517 24 2738 19 2105 18 1889 17 1908 16 1772 15 1527 14 1359
4961 -6.5202575236994891 2.0107213906646284 -1.3786944283679432 186 180 164 0.90505982709061195 23 2876 18 1895 16 1786 15 1545 14 1375
4962 -4.3454081878397064 4.458526697416235 0.00061777896691680122 56 30 13 1.4943694867509196 22 3077 23 2877 26 2830 25 2529 24 2746
4963 -4.5967263797771585 4.2529451004565493 0.46399943445419206 47 23 13 1.1171182793916377 20 3195 21 2885 22 3088 26 2839 23 2882 25 2533 24 2751
4964 -3.5564317910683974 3.724818262619952 0.76204512925735401 68 61 58 0.64921345541577091 28 962 21 1589 20 1836 22 955 23 821 27 1145 26 622 25 1286 24 1567
4965 -3.7929053289296109 3.5334542149785237 0.62943254805982252 107 107 109 0.56950117438574788 29 1358 28 1599 20 2547 23 2215 27 1856 21 2262 22 2436 26 2113 20 2548 24 2194 19 1742 17 1615
4966 -6.326629735197014 1.4701439501452163 -0.041391008087770409 126 104 83 0.64019964770587023 21 1338 23 1134 26 1577 23 1682 22 1394 25 1453 24 389 19 773 18 1138 17 877 20 516 15 683 14 594
4967 -3.4226719744583489 3.8966301729028507 0.50906280540224158 88 84 91 1.8344340771874852 27 1190 26 1772 20 2268 23 1916 21 2011 20 2270 22 2142 24 2223
4968 -3.0841697707790172 1.2642749698879416 0.082222719961215371 61 95 175 1.1944371100743454 27 1784 20 2465 23 2127 27 1443 22 1990 25 1854 19 1707 26 2022
4969 -3.7436217267277145 3.9410913910014465 0.30444273683491918 171 167 168 1.1814489938044954 21 1620 22 1705 26 1318 20 1861 23 1434 28 1336 27 1893 26 1313 17 683 17 1086 16 1022 15 876
4970 -3.3081238777245163 1.2842420217626214 0.18158431734676134 48 76 130 1.6389110263204916 28 861 20 2107 23 1243 21 1851 22 1968 26 1083 26 2021 19 1281
4971 -3.861041942531743 -1.2148198910195931 0.65261665247776779 111 101 72 0.51985241954756822 29 975 20 2328 23 1578 21 160 27 807 22 1231 26 874
4972 -4.1824827207954725 -0.97286382367502777 0.52749229237759432 110 104 94 2.0148608261933298 27 818 21 1741 22 1251 23 2005 28 1407 27 1657 26 1912 19 674
4973 -6.5456847695847262 0.30695403429531842 0.94955347398898915 89 80 65 1.2430665159658663 21 351 27 1319 22 1322 20 423 23 215 26 186 20 422 25 172
4974 -3.6645657150758919 3.7809593992175614 0.37616879873712172 143 145 149 1.2447244105679798 21 944 22 980 20 1117 23 1428 29 1162 28 1322 27 1544 26 1299 25 683 24 1575 16 595
4975 -5.1607648388478857 1.0717635266347736 1.2348984993449112 75 72 65 1.8508748865750611 20 524 23 1130 27 284 22 400 26 1018 24 1266 19 223
4976 -4.6830051952682741 -1.3032528529693266 0.65572512315630427 105 100 81 2.4886390823569942 21 1731 23 1993 26 1478 20 1291 22 1226 21 1732 26 1901 23 1992 25 1386 24 1148 19 1409
4977 -6.3971141391351436 -2.1743770314849038 -0.58802404602209746 92 77 56 1.2099823796349611 21 50 27 69 25 16
4978 -6.1135101509046796 -2.1412089266160397 -0.43987441124616827 123 106 80 0.25672401082941565 20 93 25 20 17 138
4979 -5.8474963037053858 -2.098996066267611 -0.13565876643995387 42 27 4 0.12387886784652409 21 74 25 25 20 109
4980 -6.7997516176140262 -2.0802268692254837 -0.035376545425952026 58 38 21 0.44502098117031264 20 125 21 94 25 29 22 57 24 97
4981 -4.0990853856385154 -1.3745329982037779 0.48297203400109384 88 101 81 0.58064496746699612 21 136 26 48 25 49
4982 -3.998591494004589 -1.3744661374208327 0.62979332026460433 46 57 47 0.7171249125458804 20 1265 21 1165 25 52
4983 -4.480517501172848 -1.4586863282344196 0.67765531227674991 61 61 51 0.82479125006451293 21 134 25 58 22 89
4985 -5.0909672732304081 -1.3854239271142095 0.6262001134476628 92 80 66 0.48657661534666463 20 213 22 130 23 100 25 68 24 149
4986 -5.0740377972123669 -1.3545749969259449 0.654120112161232 91 81 69 0.20484170515774114 22 132 25 70 21 171
4987 -5.0740377972123634 -1.3545749969259435 0.65412011216122889 91 81 69 0.20484170515781527 21 172 22 133 25 71
4988 -4.7934859360720461 -1.2694208747652342 0.55684696935311995 128 122 108 0.20220104739968581 22 142 25 79 24 156
4989 -4.5578743127832109 -0.0076888891688339511 0.48961985658443086 121 65 22 0.35191163010085363 20 361 25 154 24 227
4990 -4.5827757985880986 0.061862442303632345 0.53652327011441503 192 146 150 0.62278608296257254 21 310 25 156 24 243
4991 -4.6311993278303731 0.015614720809844209 0.64798535474143237 123 51 52 0.965330770095566 20 1387 27 199 25 158 19 718
4992 -4.4933770059547067 0.14888464015779768 0.63251843315159728 184 154 150 0.55986945638167018 28 183 25 169 19 725 27 881
4993 -4.0501345505225661 0.27184503657724607 0.39108316650942482 84 55 43 0.96553957165866222 21 366 22 309 25 183
4994 -4.1729637201950736 0.23492736086660881 0.59495041195589071 136 92 86 0.78324604894149785 21 368 25 184 20 441 19 745
4995 -6.8364022295114966 0.88427324804234053 -0.74077012944352705 74 68 53 0.80986302583302405 22 346 26 228 25 190 19 175 17 199 15 156
4996 -6.8145667673818231 0.88615792813384076 -0.74729153124754855 74 68 53 0.69556084719582478 20 476 21 414 25 191 24 298 16 189
4997 -4.3315838972790894 0.38662111576292513 0.44933746814975739 79 27 28 0.51915789287112657 20 460 25 202 24 319
4998 -6.3036110728739123 1.5181266770571924 -0.08337105578576598 128 103 65 1.3774559529682635 26 263 25 229 18 249 20 1494 16 231 15 183 14 166
4999 -5.9795294118290796 1.5744224284467254 0.059228162737129685 107 67 35 0.59523176417398016 20 542 25 242 24 417 18 269 15 215 14 184
5000 -5.481911728139206 1.2842228862292395 0.68775296991900847 164 119 76 0.68731061915772029 22 420 25 259 24 402 19 220 16 240
5001 -6.2636453370789669 1.9614058021604355 -1.7529446684725114 127 120 105 1.5443540309439423 21 579 23 373 25 294 18 263 22 1445
5002 -7.0045472482765652 2.0010693075053898 0.92605692105200588 33 23 22 0.28485597944105212 21 539 25 309 24 463
5003 -6.8594207206573712 1.9702565787075128 0.82254613625187312 33 23 22 0.5649671492855588 21 540 22 480 25 310 24 464
5004 -5.6810210397237562 1.7304640936168114 0.82958889323383844 98 60 44 0.35187874668324587 21 550 22 494 25 316
5005 -5.4458812754047807 1.6832804172249172 0.77162181755344639 131 95 59 0.5029457496809977 20 619 21 1373 25 318 18 352 17 419 16 861
5006 -4.5752632379494784 1.4603657858261783 0.73829585922398611 159 134 103 0.51398198689150409 20 628 21 558 25 329
5007 -6.3736517215109201 2.1502441449397116 -0.58391825746368065 78 74 69 0.34544604292988862 22 1475 26 1088 25 344 24 1359 15 737
5008 -6.4927157983860946 2.0369831643501923 1.0351123997596985 67 55 42 0.99035681427989097 21 587 25 363 20 681 17 949
5009 -5.4083102218947676 1.8286701514217378 0.79555848936695983 149 106 50 0.52788123091418082 22 545 25 370 21 591 18 414 17 484 16 421
5010 -5.9552690529594834 2.1421849049285191 -1.5003558462259197 55 52 47 1.3600382837698335 20 1604 25 389 21 1428
5011 -5.8404226942605861 2.1829215339895778 -1.502906421325096 65 61 58 0.6218964010557877 23 509 26 415 25 390
5012 -6.0039427276731088 2.1292495294745319 -0.75918237607670314 6 6 4 0.5282304472034931 26 382 25 394 24 545
5013 -6.0449827420376643 2.136294847807755 0.067461817358072967 20 20 18 0.57347777509732156 20 724 25 413 19 342
5015 -6.1966068479442251 2.4458841035309269 -1.5476870589440554 67 67 59 0.91026240315662166 26 1152 25 438 16 376 24 644 15 755
5016 -5.7349494431138757 2.2330507252803575 -1.4388345376276146 158 67 71 0.31917782698360653 22 639 26 446 25 439
5017 -5.6893651728700956 2.2934224674674226 -1.4524859840114108 6 12 7 0.45588868264967675 26 451 25 441 24 654 17 458 14 319
5018 -6.0106346485618056 2.3922344274924576 -1.0907165204692582 2 2 4 1.1860812901127065 21 687 22 1552 25 446 16 394
5020 -5.7727647590941853 2.2588733397450937 -0.86934654180739235 2 2 2 0.61125402698343756 21 691 25 452 20 822 26 456
5021 -5.8011473020523168 2.2666093521349611 -0.85374699171004753 2 2 2 0.39195794540011569 20 823 26 457 25 453
5022 -5.814158520644539 2.2139599647195465 -0.73375311113373998 58 60 58 1.0095619392511828 22 650 26 423 25 455 24 1403 20 2147 19 886 18 921 17 472
5023 -5.9520789692286318 2.5252557455677893 -1.8147923915164856 42 46 47 0.3274063476207037 21 1484 23 606 25 488 24 715
5024 -5.6678148517867157 2.3676568960965687 -0.93355806256930385 30 32 31 1.050323530934963 21 721 25 490 24 1849 17 515 16 911
5025 -4.9443133782018034 2.0104520665478103 1.0755749716399283 16 6 3 0.29923923893640308 20 776 25 503 24 1447
5026 -6.3448065070602571 2.7899474986716837 -2.1063500498630812 4 6 5 1.9791380824547751 20 918 25 514 24 706 17 507 13 447
5027 -5.7445606373188038 2.5424538232547595 -1.9714232638780773 50 52 49 0.49852046621777074 20 923 25 519 24 711 23 635
5028 -5.3402057639027758 2.3568863938658691 -0.068016600819764836 46 41 35 0.087768440511978005 20 870 21 727 25 528
5030 -4.7414944275443016 2.2691969941658074 0.45406310780787656 46 36 36 0.53027267522216104 20 903 25 548 24 1490 19 1312 18 1269 17 1012
5031 -4.0026949091979152 1.9674600233737378 0.55909363490047537 134 108 91 1.2104904383009394 21 1477 22 1562 23 661 26 1193 25 553 24 1494 19 1319
5032 -4.8847662624261812 2.642770725515871 -1.0921190984746003 37 17 12 0.7027209570536207 20 967 25 571 19 955 26 1228 18 1013 17 569
5033 -4.803667399844036 2.9208052090295888 -1.7375033960488047 91 58 43 0.6446186586295487 20 984 21 1539 25 587 22 830 19 482 26 1239 14 415 13 501
5034 -4.9473705794097604 3.0090039889135398 -1.7051027660132632 245 222 215 0.64613520588468176 21 832 23 1358 25 594 22 1624 26 542 24 829
5035 -5.0641623609255451 3.5236393143612776 -1.5882409361770531 41 22 12 0.87499045347421356 21 1548 25 604 22 1634 26 1732 24 1532
5036 -3.9682408707313606 3.5465158699618788 0.65437856838120267 84 76 71 0.38480936320281778 20 1006 21 860 25 617 19 511
5037 -3.8570317549640833 3.4957528048402304 0.67117705911973746 91 82 84 0.90627406564656687 20 1008 21 868 25 619 22 863 24 886 19 993 17 616 18 1052
5038 -4.1984002857953611 3.9278873732876867 0.42667760267206095 34 13 8 0.54525652927477997 20 2229 21 1574 25 639 24 2196
5039 -3.9122353346188672 3.6527420284603718 0.34759381154651775 139 138 141 0.37313162973990971 20 1043 25 640 19 1007
5040 -3.8294900846684374 3.632857561095733 0.57956330716640436 27 28 27 0.47491999438134902 21 879 26 578 25 643 24 1551
5041 -3.5813520418126812 3.6607144333062198 0.75746798611897892 77 67 73 0.73123765695986764 22 915 25 666 19 581
5042 -3.6076712248420431 3.8544658839632775 0.78589472070842781 124 120 112 0.32814444293577782 26 648 25 685
5043 -3.5567021444815219 3.9002724211429687 0.58836650416498359 32 29 31 0.59058885097032887 21 978 22 1708 26 1322 25 705 24 1015
5044 -3.6538711567442563 4.0062977713587822 0.33556764407891837 16 16 16 0.91774080456124896 20 1147 22 1023 25 724
5045 -3.5977793224521366 4.030285566826544 0.7846331811240258 90 83 90 0.42344811967104373 23 868 26 668 25 730
5046 -3.383682165617341 4.2661215869270945 0.82661811830924503 95 88 82 0.59098376789220708 21 1054 25 793 26 750
5047 -7.09802942604533 -2.6029573979676197 -1.2412837138067521 154 147 126 0.27245101913851016 20 49 25 797 24 38 14 37
5048 -7.09802942604533 -2.6029573979676197 -1.2412837138067521 154 147 126 0.27245101913851016 20 48 25 798 24 39 14 36
5049 -5.9583590990347881 -2.349649664618481 -0.7190328281540922 94 78 60 0.60117786868976553 25 800 18 82
5050 -6.0164032557323734 -2.0628161914231664 -0.41681439454425406 88 70 48 0.25098472091776669 20 1936 25 820 24 1664
5052 -4.7262815529051307 -1.6042551252169193 0.51910313199750813 118 113 93 1.1907468339244984 26 25 27 88 25 829 19 69 20 141
5053 -4.4973449350725136 -1.6819702623262438 0.64172255909573805 128 123 112 0.1426696100496542 20 1242 22 74 25 832
5054 -4.6298064132838839 -1.4381112924416037 0.5961278358897274 101 92 77 0.4419104496501034 21 129 22 1209 25 846
5055 -4.5860711950848794 -1.3718430569751934 0.59604893910040102 120 111 96 0.272387803514546 22 1210 26 868 25 850 20 1276 19 651
5056 -4.99763587756141 -1.3634351533684974 0.48753863204762415 104 92 78 0.69047998903413843 23 97 26 867 25 860 24 131
5057 -4.4800572378026295 -1.1848127463072011 0.72882965802037381 80 71 64 0.76330651075963929 20 250 26 896 25 879 21 206 22 171
5058 -4.0099967852752503 -1.0222609094798119 0.46757255967778055 74 93 77 0.7116597592010363 20 258 26 93 27 158 25 880 21 213 19 106
5059 -5.1374751047549205 -1.0834311265091137 0.63983748222205195 147 138 121 0.72831262837316668 22 188 26 901 25 891 19 680
5060 -4.8220082024899185 -0.94216656993606007 0.58771595085416972 154 145 136 0.46848744916214197 21 1220 25 893 26 907
5061 -4.9042061526342575 -0.2260185363627315 0.53272086875678293 109 76 68 0.33951394191625078 26 917 25 901 24 1182
5062 -4.5817330315708586 0.04077343454986803 0.73595246225406752 130 75 46 0.87279167409815417 22 278 23 1071 26 960 25 919 24 1202 27 202
5063 -4.7160626833996231 0.21731638477968757 0.49765621187670317 76 33 31 0.78300789187483189 22 304 25 926 24 254
5064 -4.4444363209966946 0.15190959739346971 0.52171640354569215 186 155 153 0.722336827074194 21 1260 22 280 25 928
5065 -4.5526228646436691 0.16631771999269307 0.7002291701370037 41 20 15 0.52047126264759136 26 174 25 939 19 726
5066 -5.4098531617342038 0.35206278290302123 0.61429223970901747 89 93 78 1.5095058921719426 21 1271 22 1324 26 965 25 948 24 1722 22 1351
5067 -3.9972881095945851 0.28124560828933104 0.52077027896491612 164 118 105 1.327431382622408 21 1282 23 1113 25 959
5068 -4.5204962763451029 0.46091658674896041 0.53225374367743949 122 84 63 0.72953610498018728 22 1371 25 984 26 233
5069 -6.5741990359780331 1.6379280425429579 0.14973890964852801 133 97 50 0.75640532273641581 22 1407 23 351 25 1003 24 415
5070 -6.0084068372909103 1.7559814427459746 -0.088074232204449696 140 106 74 0.97194056920347727 20 611 21 535 26 311 25 1019 18 295
5071 -4.8044191853173484 1.3262921067793525 1.2014435065489635 72 66 62 0.60563980791054206 20 588 25 1029 24 478
5072 -6.3482254922450734 1.9052321175813309 -0.14751749556036306 61 54 46 0.49233707548650085 26 307 27 1423 25 1035
5073 -6.5678505325126189 2.1392726955960124 -0.93024180679792168 14 7 0 0.27586511340933295 20 1563 25 1065 18 836 15 239
5075 -6.8123366918100778 2.2478269278040548 0.03417501507107757 27 23 12 0.14896899009634895 21 1860 25 1078 24 1362
5076 -5.5485642587817772 1.7797027441967199 0.76874784352587855 109 76 56 0.59490025950967107 23 1201 26 1079 25 1083 16 892
5077 -6.356193599652384 2.2536570259726685 -1.1649093299146303 55 56 51 0.75396260314120367 21 1875 22 1996 25 1098 24 1353 18 847 17 327 15 279 26 416
5078 -6.1014364608065819 2.2897976094797876 -1.2514071024861959 62 63 58 0.30078286462233195 26 1118 25 1099 21 1449
5079 -6.1496013545924617 2.2255288388541103 -1.0778781127259003 91 92 87 0.80413290961950834 22 1999 23 1257 26 1122 25 1101 19 327 18 393
5080 -4.1589118333621986 1.6432289345365128 0.44996225647655219 86 84 72 1.0330772570390503 26 400 25 1141 24 686 20 737
5081 -5.8976843378155328 2.495665442898245 -1.7873409032569805 47 49 48 0.32423575368033775 22 1573 25 1152 26 1198
5082 -2.9736333665071726 1.3815314299559989 0.17349228498250704 99 90 99 0.65757680722083067 20 1630 26 435 25 1168
5083 -5.7660465811323656 2.5848791249112906 -1.9960090132456212 40 42 41 0.39206048960418349 20 2189 25 1172 24 1865 16 439
5084 -3.7894387963627616 1.7481491640632163 0.51476319766375356 127 120 44 0.61144368359248491 22 1540 25 1181 24 1482
5085 -3.1182273129675253 1.5171429836359738 0.16597062128962806 71 38 44 0.56963145621328171 21 1918 22 2385 25 1186
5086 -4.8936889034800259 2.8148619147040344 -0.94471370622011575 140 95 66 1.2772699598184276 21 1535 25 1227 26 1232 24 1510 19 963 22 811
5087 -3.7589704431009197 3.4490864997947202 0.58586659529990404 30 21 26 0.40713127898408175 22 2096 25 1256 26 1249
5088 -3.6593270235163695 3.5399134978657258 0.74606585182464402 61 47 53 0.31020754442609261 21 887 22 1653 25 1269
5091 -3.8772973619456237 4.2430924942774544 0.089922894265247036 161 151 150 0.69176264771266971 22 1730 26 1359 25 1315 24 1599 17 1098
5092 -3.6283489758153968 4.0760293720999741 0.2906575247762071 140 137 146 0.25684300768472301 21 1638 25 1318 24 1602
5093 -3.6283489758153968 4.0760293720999741 0.2906575247762071 140 137 146 0.25684300768472301 21 1639 25 1319 24 1603
5094 -3.4207913274218598 4.0418291079505604 0.35549580355707311 170 158 160 0.83483644464058437 21 2029 29 509 25 1334
5095 -5.0033024498936429 -2.0072985536946835 -0.29038915523627395 123 105 85 1.3319234503497916 21 45 23 960 25 1367 17 1132
5096 -4.6679703320882062 -1.6067858373829944 0.71565744218697425 76 69 65 0.76629501880953454 20 1962 21 1157 22 1201 28 1065 25 1377 24 1676 19 1109
5097 -6.7112230140661309 0.94506219833209171 -0.78314573419711364 180 174 158 0.85747557784381012 20 1454 21 1303 25 1446 19 755 18 790 17 861 16 764 15 659
5098 -6.1245775509960687 1.3466735738036881 -0.056032235977427097 153 135 117 1.6560238865724104 21 459 27 1729 25 1454 24 1258 19 213 17 238
5099 -6.1767631493610695 1.6770935778290101 -0.075827035190024358 133 95 50 1.4653999756001439 21 2160 26 1585 25 1477 24 1758 19 1187 21 1820 18 1357 16 810 22 1410 15 937 14 833
5100 -4.2363014753591299 1.18295499757089 1.110587214878122 14 8 0 0.54322953579859323 26 1596 25 1485 22 2334 21 2390 24 1316 23 402
5101 -6.1529138008372453 2.2722851247440774 -1.3188328058781313 61 62 54 0.70692950323287074 21 1874 22 2023 25 1515 24 1394 18 879
5102 -6.1249706846222267 2.2065141439988301 -0.33406172190888195 12 14 1 0.64506600166349815 22 2005 26 1658 25 1525 24 1406
5103 -6.7221230712455027 2.2522008477768889 0.79460704668883975 17 12 7 0.95512455227214588 21 1864 27 1454 25 1529 17 976 16 416
5104 -6.1470395012873054 2.3789062579024409 -1.004045016052473 2 4 0 1.2962227211776143 26 1157 25 1543 24 1400 20 811 19 1510 18 1225
5105 -4.9161882408772293 1.9771760395680344 0.64633850118114367 108 86 65 0.79595401583682501 20 2150 25 1548 18 1257 22 622 16 1190
5106 -5.4286041855479601 2.2150887256773153 0.77085176020432022 127 110 94 0.7765192607035718 21 1913 23 1297 25 1560 18 1255
5108 -2.8768164881027314 1.9226703641471263 0.3361169749683649 67 39 21 1.1740885368632421 20 2206 29 1128 25 1597 19 1336
5109 -5.1250342069291772 3.5821335083398886 -1.695281067347886 42 17 9 0.99941176972924972 21 1964 25 1606 24 1531 22 2091
5110 -4.8507460659327979 3.37188038836661 -1.5280847268828759 40 20 12 0.94248769428832013 21 1961 25 1607 18 1278 23 1367
5111 -4.07484909988644 3.5998383011380031 0.84639819258294247 43 22 7 0.68458698403141638 20 2538 21 1962 25 1613
5112 -4.2009823003544478 4.1306685125980689 0.19527831474508672 38 20 8 0.81249224119654762 21 1595 22 2109 25 1627 20 1103 24 1925 17 642 15 512 15 1204
5114 -4.174490151431911 4.073927826711464 0.18781799647867023 113 97 82 0.44564178696102014 21 1594 25 1629 24 1924 17 1314
5115 -4.174011758636027 4.0735898401381743 0.18734999151268963 113 97 82 0.36739649275327257 20 2236 21 1593 25 1630 24 1923 17 1313
5116 -4.1279810803439343 4.316455550918703 0.11126164018612722 139 121 116 1.004188055067214 21 2001 26 1764 25 1647 15 543
5117 -3.5191547171322362 3.9004424437269294 0.49954200927974912 43 38 44 0.59373107274920767 21 1992 22 2122 23 1454 25 1653 26 1324 24 1950
5118 -3.6170213808054208 4.1578485313427125 0.24693479650234598 193 184 185 0.49873124063495999 22 1733 26 1792 25 1674 21 1045
5119 -3.5452244403982967 4.0862234124590788 0.33277115583350736 27 18 19 0.44246798849117469 21 2018 22 2150 26 1782 25 1676 24 1968
5120 -4.2586722264127079 -1.310477267158898 0.58783722257887638 76 95 71 0.33854748354937181 21 2081 25 1722 26 1896
5121 -4.6111636396516333 -1.1262770476111423 0.58182298721620596 102 93 78 0.40552838556912157 21 1737 26 1487 25 1740
5122 -6.0725952954938469 0.29838063743898541 0.76280593630874649 39 35 30 0.79365920157550451 21 352 22 1323 25 1772 24 2029
5123 -6.025682329612188 0.41400364693208314 0.83018662279215227 1 7 6 0.25125904423536338 26 1961 25 1780 22 2556 24 2034
5124 -3.6516127932614739 0.46623187975592745 0.56924068477736989 108 94 73 0.89746385876438717 22 2303 25 1791 26 1972
5125 -6.5017783603472044 1.9891791692109577 -0.032448611328393225 51 44 36 1.0724607498367191 26 2288 25 1820 17 1413 16 1304 15 1128 18 1159 19 1206 14 1002
5126 -6.0997454531495707 2.1816778637977192 -1.1589175830772902 9 10 5 0.15394429159418599 22 2602 26 2305 25 1840
5127 -4.3210721895078095 1.6282709335714034 0.49333457370324729 126 118 102 1.1341919220769765 21 1868 22 1988 26 1644 25 1850 24 2116
5128 -3.4146212984180795 1.548384032099001 0.3448468736283814 24 15 8 0.53549565310254432 23 2390 28 376 25 1877
5129 -4.7130073377143402 2.2820976194357279 0.55066578507716035 143 119 99 0.56782985108325246 20 2507 25 1889 18 1448 17 1603 16 1367
5130 -4.7948685164369458 2.8010718657306009 -0.99937400923463737 64 28 7 0.6451541508714641 20 2752 25 1902 24 2376 18 1573 17 1482 16 1372 15 1191 14 1148 13 1498
5131 -4.1384875949063646 3.6827015013797002 0.41148039992579682 139 132 120 0.95906112078421279 28 1304 25 1914 24 2188 19 1577 17 1303 16 1221 18 1465 15 1051
5132 -3.6798707737334868 3.6050853938781735 0.36761445590201625 27 28 32 0.41571306078024106 22 2440 27 1864 25 1925
5134 -3.855090836420612 3.8941382253699182 0.20714686854814862 19 23 20 0.33793034819524803 26 2126 27 1878 25 1933 24 2203
5135 -3.7039993446383201 3.9545265959384142 0.38426186876445939 6 7 2 0.6112922261539302 22 2120 25 1941 24 2214 17 1332 16 1404
5136 -3.5136071016075063 4.1132495726886109 0.20538684824179071 185 176 177 0.52881814153286055 22 2159 26 2155 25 1962
5137 -5.0703137225546868 -2.0965088209254135 -0.52404313145518933 132 109 79 0.46335060355684066 20 2282 25 1972 18 1314
5139 -5.9663465214630778 -2.2362725620043085 -0.52952084551492962 112 90 70 1.642997473430954 20 2295 27 1923 25 1977 21 2307 26 2199 24 2236 19 1393 17 1529 15 1086
5140 -5.2823523415007774 -1.5522749368135063 0.76680015391733169 109 97 83 0.64042238700655896 20 2322 25 1992 22 1821
5142 -4.1406728922607883 -0.11783605750693983 0.94971935906647942 93 86 80 0.4749595260051277 21 2345 22 2535 26 2242 25 2011
5143 -6.3771539245960041 0.34265512585257984 0.87558000355544718 33 22 16 0.17534741480492486 26 2250 25 2016 24 2280
5145 -5.7911966019685819 2.5780460562033167 -1.2201923640426273 19 27 26 0.64251962427111853 20 2883 25 2079 18 1551
5147 -4.783245200287336 3.4036676969819015 -1.8246757154711739 132 95 64 1.0090468867287596 20 2757 23 2431 25 2109
5148 -4.8136738344533541 3.606096224735289 -1.6169008132333105 84 59 37 1.3922508353830121 21 2475 23 2206 25 2113 22 2657 26 2359 24 2384 20 2762 16 1218 17 1298 13 1206
5149 -4.0891006692265979 4.1550511868419271 0.14263601932614872 114 100 97 1.866532092761199 20 2780 25 2132 24 2202 27 1579 17 1504 16 1397 15 1211
5150 -4.5708525860410782 -1.2046105518114567 0.77678044073122299 105 93 77 1.37957427171239 21 2328 25 2162 26 1911
5151 -6.4034328984363746 2.2130234055527511 -1.1237273915375574 10 7 1 0.81537517934129744 21 2665 22 2859 23 2543 25 2203 26 2595 24 2453 19 1807 18 1636 17 1674 16 1466 14 1183 13 1553
5153 -6.3431421937472301 2.3175527873312043 -1.5853602044369393 25 22 17 0.94230556797503329 21 2668 22 2862 23 2548 25 2215 24 2452 19 1814 18 1635 17 1673 23 2653 14 1119 15 1144 13 1470 18 1374
5154 -6.1179487279979314 2.1337855878813254 -0.27429797857357152 100 98 83 0.64847074045667052 27 2186 25 2217
5155 -5.1896253530069991 2.4193771695584219 -1.2253137465821786 158 152 140 0.60285315877154766 21 2590 25 2241 22 2776 24 2354 18 1558 17 1466
5156 -5.2216269336629182 2.4316907162500265 -1.2106555252684965 158 152 140 0.60261536891064271 21 2589 25 2242 22 2775 24 2353 18 1557 17 1465 15 1177 14 1139 13 1491
5157 -3.7804752828515058 4.0969858998215187 0.076732906306147236 181 171 170 0.66162330064365882 26 2522 25 2265 16 1579 17 1719
5158 -5.8811616340145747 -2.1295018804222958 -0.33957695822532741 81 60 33 0.77416095738707658 20 2918 26 2544 23 2473 15 1314
5160 -6.509251123263077 1.3361798044265958 0.05754830639515645 157 144 128 1.0060445202752488 26 2710 25 2366 18 1850 17 1793 16 1669
5161 -6.6014853961296156 2.2323449878883577 -1.1797022214917796 151 145 131 0.8503592879051407 21 2721 26 2659 25 2377 19 1898
5162 -3.1505839598551248 1.4742321336711552 0.25711913542408749 150 62 58 0.53739896086303407 20 3035 25 2385 19 2031
5163 -6.9857402381849996 -1.935728215253788 0.1377789754031403 110 93 76 1.4378483577247805 21 2751 25 2405 24 2580
5164 -3.4367779079871981 4.0709095532288631 0.12576319551959966 177 166 170 0.66774829851978146 22 2995 23 2739 25 2442
5165 -6.4063460405108312 2.1353433782978324 -2.081869382969006 23 18 14 0.69688042163714403 20 3123 25 2462 24 2687 19 2054 18 1802 17 1845 16 1720 15 1477 14 1319 13 1718
5166 -5.1110427368053033 -1.350173593689872 0.54691795587275338 77 68 55 1.9468063657869259 21 1184 23 98 22 128 20 214 25 65 26 876 28 643 19 663
5167 -4.8798845731354499 1.4250549753667696 0.87356306403375317 113 93 72 1.022721279903777 28 316 22 497 25 319 27 339 21 552 24 476 19 819
5168 -5.4434790594989169 1.5653081890399752 0.69941833751045923 159 96 76 0.97166324522428682 22 492 20 581 23 386 25 1046 27 1411 26 1056 24 473 19 254 17 361 16 835
5169 -3.5067870386680502 3.7095672892114444 0.71273355599322041 163 154 155 0.56624383109281751 29 1151 28 963 21 1982 26 1288 27 1146 22 1671 25 1633 20 2560 23 1894 24 1940
5170 -6.1367687821961638 2.3417570878832694 -0.96245714752719258 64 64 59 0.82365780359321283 21 689 22 1526 20 1646 23 517 25 1132 26 1676 23 1763 24 595 19 885 18 1226 17 466 16 1164 15 761 14 885 13 1154
5171 -4.1148380864283016 1.5069054706154792 0.79147765211165033 106 102 98 1.5444954433418285 21 599 22 552 20 693 25 1119 21 1400 23 1242 22 1460 24 620 24 1831 19 1260
5172 -3.7769512600967605 3.6491346469203951 0.69794950218310869 85 86 87 0.9016928390108635 26 594 20 1055 25 649 28 483 27 1134 21 884 22 1650 23 1407 24 1552 19 1011
5173 -4.7571481860127971 0.35601138792149234 0.41135382028554002 157 116 102 1.766104502554199 28 757 21 360 22 1353 20 1425 23 1106 25 951 26 1542 20 2029 24 1230 24 1724 21 1276 20 1424 19 1158 18 781 18 1120
5174 -3.8672522090975332 1.5139365741713471 0.65730028900809745 34 38 37 0.55560335597465427 26 2302 23 2381 25 2226 28 1775 27 1781 19 1705
5175 -4.6743891917835487 -0.14700150025493869 0.709100118618195 126 98 43 0.83219404245625705 28 1125 27 1307 22 1281 21 281 26 1515 20 1988 25 1753 28 1445 23 2018 24 1704 19 1130
5176 -4.0711103921588805 3.6317776118312568 0.8592739718532485 75 65 61 1.6898507685570894 26 558 23 1380 21 862 25 1248 28 933 27 1114 26 1248 23 1382 24 876 19 1344
5177 -7.1238713249489107 -2.5702636025158863 -1.1691165438590434 188 179 151 0.24625322557596765 20 54 24 40 19 43 17 119
5178 -7.1218727620490405 -2.5704965920060086 -1.1654795342885129 188 179 151 0.40020194108839657 20 53 22 1132 24 41 21 1095 17 118
5179 -6.6014929125577284 -2.4038089062369825 -0.98596784162094209 101 85 60 0.98766698508122308 22 1145 24 50 17 124
5180 -5.7312154825487296 -2.2373192640334265 -0.54776344413550593 51 25 3 0.3247811750495031 20 72 21 1110 24 55 18 98 16 102
5181 -6.6535452153908929 -2.4518063239082171 -0.4727028537997166 173 164 147 0.3299612908776644 20 79 22 1152 24 61 18 107 17 127 16 709 15 90
5182 -5.9259316317779431 -2.1183030310838689 -0.4770006959759352 130 109 78 0.26595907706459709 21 59 24 67 22 33
5183 -7.007207843939141 -2.0743837822733258 -0.36568145128120755 158 147 127 0.88314433418366056 20 1238 24 96 16 1085 15 114
5184 -4.6598102795074885 -1.5063919848258251 0.60683155138413247 150 143 137 0.2644464658150345 20 163 21 128 24 122
5185 -4.5663116959151253 -1.4782595724298202 0.60865398943594262 95 86 80 1.1295820055518031 20 167 25 838 24 124
5186 -4.6632510940490022 -1.0922007668210287 0.5180797893470015 176 170 158 0.58636582103431789 21 203 24 165 22 169 19 109
5187 -4.5969542449810019 -0.99295262582493127 0.54717335505890741 98 93 74 0.53774254766576524 20 274 22 191 24 171
5188 -4.6680456664272407 -1.0263982048935858 0.64722215859335663 118 109 92 0.28080215506891393 20 275 24 172 19 118
5189 -5.2505471531751464 -0.83243183775830987 0.68677242679059425 65 48 28 0.39404864888767538 21 243 22 208 24 190
5190 -5.3126085199302224 -0.77688329402386536 0.77664238066533653 93 74 59 0.63512272511913503 20 306 24 197 19 132
5191 -4.5832199671283487 -0.097894740267873676 0.74006133292648602 121 93 82 0.55370196280308825 20 365 23 182 25 145 24 229
5193 -6.8857909173749912 0.87005678018055588 -0.96231681026057947 163 157 141 0.91489691148184116 22 343 24 295 18 190
5194 -6.8040906002430743 0.89928282744184884 -0.72298592012512319 193 187 176 0.48540218609576941 26 994 24 299 16 192
5195 -6.1996328512248766 0.53460969428485128 0.90584809002224431 69 55 26 0.83427833602613866 20 1443 21 387 24 305 17 867
5196 -2.5479066502058916 0.65147907690325801 -1.8608175421337902 138 125 105 2.2788503315206921 22 350 24 337
5197 -4.9256817125424082 1.1346458300642701 1.1251877867136399 56 51 46 1.0461409625692359 22 426 23 337 24 406
5198 -6.1204356805554081 1.5553105166831804 0.42430849043872348 81 43 8 0.65180825724224201 20 550 21 480 24 421
5199 -5.9285405118266787 1.5175807585962009 0.37188232899021118 96 73 49 0.89801280298865349 21 483 22 449 24 423 19 787
5200 -5.473311888877066 1.3410950092803571 0.64778615429688835 175 128 89 0.27280167426499796 21 492 24 440 18 278 17 278
5202 -4.1332433842340768 1.0348936030420837 0.64204516848055848 10 4 4 0.38064314415055939 22 434 24 453 21 501
5203 -6.3637824579842794 1.7241400540303689 0.99736175470071564 132 115 37 0.60850674245524383 26 294 24 469 21 521 17 926
5205 -6.5358496544431075 2.1420226850712045 -0.56201808124863639 149 141 128 0.5091491858040692 20 658 24 493 18 331
5207 -6.2021730127066474 2.0569659975836294 -0.51543148916557358 24 18 4 1.0649772506390731 21 1410 24 495 18 1177 16 853 17 1412 18 1380 15 966 14 656
5208 -6.5429436644193482 2.2141234981070061 -0.88842733964582155 6 1 0 0.69534175502841977 21 1404 22 1470 24 537 18 848 17 916 16 290 15 285 14 249 13 839
5209 -6.3596047133234546 2.1704130344717867 -0.61628111472578029 18 14 12 0.19863188891077432 21 610 24 542 20 713
5210 -6.2625123499692616 2.3447223910161581 -1.8128812054605574 187 205 227 0.3159255128916299 20 2160 24 579 18 1198 17 1209 16 843 15 730 14 642
5211 -5.9848682556647121 2.2166315297414121 -0.40125004461677255 79 83 75 0.47304610153534926 20 763 26 1660 24 601
5212 -6.1671326236550694 2.5811543097792797 -2.1144411310298827 5 4 4 0.54805308604910274 20 1692 24 641 19 900 18 458
5214 -6.1718853679839683 2.3502614441102305 1.0229237602902392 13 5 4 2.4655117309003853 20 769 24 674 17 537
5215 -5.6654045984871511 2.5368146256996278 -1.357209898683049 56 56 56 0.5413663952135398 22 749 23 645 24 756 25 1176 19 922 17 513 16 464 15 427 14 393
5216 -5.1324109713434929 2.3869590627197912 -1.3066390939135597 28 38 39 1.3802307218004017 22 750 25 543 24 759
5217 -5.2092828343049966 2.4135796222961727 -1.1364287518028313 13 7 2 0.60496193294477774 20 927 23 647 24 760 14 400
5218 -4.723663783840462 2.2478842045382481 0.50248087462354529 115 108 90 0.24785073255467266 27 450 24 784
5219 -4.7287483618167538 2.2425504006023917 0.59888938970449479 134 119 98 0.74063354757270894 21 732 28 409 24 785 19 439
5220 -4.7704888609617546 2.284432799204914 0.59482790138226416 138 117 98 0.7786998104263777 25 549 26 500 24 786 16 962
5221 -4.782290186483718 2.9188978722719572 -1.7687912294835073 250 233 226 0.73757605786128022 21 833 24 830 19 484 18 580 17 575
5222 -4.8339443151956454 3.2975774865024494 -1.0356015538729675 72 39 17 0.36542878408568397 20 998 24 843 17 581
5223 -4.8388048136640931 3.265772899885198 -0.99822095230810959 43 16 0 0.63581832876385891 21 1542 24 844 16 520
5224 -4.8388048136640931 3.265772899885198 -0.99822095230810959 43 16 0 0.63581832876385891 21 1541 24 845 16 521
5225 -4.8148339895939793 3.2582689926023862 -1.0344302249777666 136 102 75 0.90049424696193925 20 1770 21 1540 22 1626 24 846 19 1339 23 1854 18 587 16 519 15 474 13 514
5226 -3.9099851018471456 3.5168927448220666 0.61848373362188658 28 18 19 1.1857160059112666 20 1027 25 1247 24 882 19 990 17 1039 18 1039
5227 -3.8592930511202019 3.4992126856556287 0.67634910698768769 86 81 82 0.65139610993258723 22 862 24 887 19 994 17 617
5228 -3.9367466117439935 3.6760410775238741 0.31800675565748532 88 88 89 0.30028336057975641 21 895 24 894 26 586
5229 -3.9143094595301613 3.6232586335251615 0.42815686190153862 166 157 160 0.36788957525974891 20 1041 24 897 17 608 16 533
5230 -3.8717460716299206 3.8248706926914848 0.41949383329287776 159 158 160 0.27209083261689132 21 1587 22 948 24 928
5231 -3.5945951410312591 3.8757290588534801 0.49769451352181382 69 67 68 0.23555135060350454 21 976 22 983 24 1009
5232 -3.6515796753203857 3.9747467129850715 0.15315416466499515 159 158 154 0.62596258498627222 21 989 25 722 24 1023
5233 -7.1112317664049662 -2.6896379805701889 -1.1846194909747048 220 219 201 0.98732689201792856 20 1177 21 1073 24 1074 19 618 14 21
5234 -6.231693912534527 -2.4310625207203431 -0.97570230473037178 167 141 108 0.59251739192777875 20 1190 21 9 24 1079 18 80 16 97 14 499
5236 -4.6727093446447716 -1.1146009406869783 0.63287685572924757 104 96 81 0.66635020442677584 21 205 22 1244 26 895 24 1157
5237 -4.3663670217379309 -1.0463386194335162 0.63740032905239208 91 84 74 0.53562156994402821 21 211 22 195 24 1159 20 280 26 90
5238 -5.1085016224952406 -1.1149730528780557 0.57151533914678743 81 69 55 0.41712345694607178 22 186 23 1024 24 1160
5239 -6.2793920344806384 1.9943855166382263 -1.7110557614409505 126 120 104 0.64461415421727231 21 1842 22 1959 26 1614 24 1295 15 694
5240 -6.162238997753624 1.9685328612963149 -1.7437192476404046 126 120 104 0.59516291167372659 22 1960 26 1615 24 1296
5241 -6.5569308596702012 1.8997814882911428 -0.10613811304257698 109 99 88 0.81865378880060979 20 603 25 1488 27 353 24 1298
5242 -4.891349569990048 1.4036432584440333 0.83457522919794724 105 89 79 1.0500987093950453 26 1047 24 1313 18 1186
5243 -6.2723071736739868 1.9352321989545767 0.92086536255166107 76 63 47 1.0655415217922144 22 1454 26 366 24 1325 21 588 19 277 18 345 17 414
5244 -4.9090435738786056 1.4743179416982624 0.89393903569900413 143 121 98 0.97022271274697081 20 624 24 1331 18 355
5245 -4.3972562620436602 1.390508464730484 0.79580165507901213 138 117 97 0.35956370336028237 21 563 24 1340 22 507
5247 -6.1775913395813005 2.0777168811419022 0.86550956930666045 31 9 0 1.2518096963900862 26 1094 24 1365 19 836 20 1573 17 1241
5248 -5.6630191734865516 1.8542430347169341 0.80646324950486936 113 90 72 0.28531450900947353 20 684 22 540 24 1366
5249 -6.2340337477016199 2.3539271813403708 -1.6293872151715709 6 7 2 0.43766379876321154 21 1905 24 1390 18 878 17 938 15 732 14 644
5250 -5.7743972029836481 2.2805017510934324 -0.53984756418845803 100 100 103 0.56354031014925743 21 1459 22 1532 26 1163 24 1444 19 1270 17 970 16 444 15 787
5251 -5.7743972029836481 2.2805017510934324 -0.53984756418845803 100 100 103 0.56354031014925743 21 1458 22 1531 26 1164 24 1445 19 1269 17 969 16 445 15 788
5252 -4.6489185751995095 2.3009719448783112 0.42504153487505925 85 52 29 1.1178271398334423 25 552 28 918 24 1491 26 1697 19 453 16 510
5253 -4.72581284893998 2.3946070852915469 0.069594965232991468 37 23 4 0.7367097025310182 26 1216 28 921 24 1502 18 1008 16 960
5254 -6.4918166344783517 3.4682054231501254 -0.63549300564278466 27 7 1 1.8640381788469529 26 530 24 1509
5256 -4.904129364769668 4.5897996027234935 -1.7420999114502453 216 198 181 1.7627267680442615 25 1314 26 1414 24 1582
5257 -7.1901322239675647 -2.5765073671658931 -1.5834057199220715 110 101 91 0.73101207014636227 20 1887 24 1618 19 1073 18 726 17 792 15 890 14 786
5258 -7.1982886538720008 -2.5806010502349528 -1.581342671319248 110 101 91 0.79345769168965696 20 1888 24 1619 19 1074 18 727 17 793 16 89 14 787
5259 -5.1724765839176241 -2.153212864219511 -0.5409689775898836 128 118 109 0.69362647845432746 22 1149 25 1358 24 1650 19 1086 18 719
5260 -6.4511736486921363 -2.0801244158503254 -0.39143834752136225 133 107 80 0.80270578311185081 20 1934 21 1706 27 748 24 1668 22 1173 19 637 26 1865 18 1096 17 823 16 1269 23 2278 15 907
5261 -6.4559639913537765 -2.0850901266349471 -0.21492684037197005 55 29 8 0.95733429333502551 20 2302 24 1670 21 2312 22 2505 26 2204 19 1612 17 1142 16 1270 18 1329
5262 -7.0304519339362557 -2.033831804192177 -0.27369981610846611 148 135 119 1.2788028576542656 20 1946 27 2126 24 1673 19 1102 18 143 18 1330 17 158 16 143 16 1272
5263 -5.3847706198789176 0.49069831373536288 0.62586764168107423 96 91 77 0.6867314067939595 20 2040 26 983 27 1356 24 1734 19 748 18 793 16 200
5264 -5.3434868737046326 1.3694654497585772 0.8214063133375783 84 79 93 0.39314678184736507 28 1208 24 1765 16 1123
5266 -6.3449956599155239 2.280375010027448 -1.6782032695329285 140 131 122 0.87001667660861726 20 2139 24 1792 18 844 26 1650 14 643 13 833
5267 -6.2615212868255892 2.1356288303218474 -0.7897836128962914 29 26 17 0.92868656915302972 20 2115 21 1857 24 1796 18 1173 14 648 15 288 17 335
5269 -6.018561660119655 2.2402356235475547 -0.66817383346485304 33 30 24 1.0279086947782468 21 1884 24 1819 26 1125 19 856 17 470
5270 -5.4777288237328587 2.0085248632260675 0.67512290565725297 47 27 8 1.5966223759386742 21 1417 22 1507 24 1824 18 1233 17 1255 15 792
5271 -5.2112949056521636 2.4043926006857301 0.21393121513095228 56 46 34 1.7844101804591759 23 1818 26 1207 24 1867
5272 -5.133907308196461 2.4623594108181215 -1.2068757867911022 11 7 4 0.49674927225575694 20 2190 22 2070 24 1881 18 988 15 438 13 934
5274 -4.7640818904126663 3.2569243032212944 -1.121609029239409 51 23 8 0.56665828913844851 21 2252 22 2080 26 1730 24 1907 19 1564 20 2530
5275 -3.6218342827205419 4.0464526187751675 0.1737446376954023 194 189 186 0.34196414935799996 21 2293 22 2674 24 1955
5276 -7.081515665484261 -2.5214476724959107 -1.3216187464642275 209 200 185 0.55445591841898356 20 2277 24 1974 19 1388 17 1528 15 1083 14 969
5277 -4.9794052403340983 -2.0405026505957009 -0.53300176803182586 86 63 40 0.79563663894440273 22 2190 24 1978 17 1356 16 1253
5278 -6.8594406238206123 -2.2914922211901319 -1.130088832167172 183 172 152 1.3765559768754312 22 2500 23 2276 25 1700 26 1850 24 1982
5279 -5.9516883337451532 -2.1530303809385058 -0.33462364595783844 87 67 39 0.36559811373693324 20 2594 22 2501 24 1985
5280 -6.0509610409521839 -2.0717887263337365 -0.086396624745008033 103 88 69 1.3511228123383816 21 2063 23 1543 26 1870 24 1989 17 1369 16 1078
5281 -4.6301341313410322 -1.5552347291119597 0.69747352642600813 200 194 188 0.36605752220527377 20 2316 22 2218 24 1999
5282 -6.5182442146250699 0.27608791012006506 1.0508221461796283 112 105 89 0.48986822054595547 22 2282 26 2249 24 2027
5283 -4.5259943648187519 0.41238543100504532 0.517035025492948 139 93 75 0.79498706608506486 22 2290 26 1963 24 2041 19 1447
5284 -4.6828765498587606 1.5501366620567758 0.78684117012377586 104 84 49 0.22310479242238376 20 2093 21 1847 24 2099
5285 -5.456324877150621 2.6657207391641373 -0.96947915237898319 36 36 35 1.1454814851148059 21 2448 22 2631 26 2075 24 2155
5286 -3.5577916047188847 3.9201538494365638 0.89378287982328786 23 12 14 0.38700828805189008 21 1985 26 1752 24 2217
5287 -6.6170570249820777 -2.6435871174934475 -0.73503210074570291 167 142 108 2.3418166828120768 27 1916 24 2229 15 1078
5288 -4.8841792243551403 -2.0421335854097857 -0.53919929659042043 87 63 38 0.3754655075056344 21 2048 24 2231 17 1346
5290 -4.5018174037540053 -1.2641777646131234 0.57036253900752631 92 83 65 0.32739179223555054 21 2086 22 2233 24 2254
5291 -5.8518328104514357 2.0556173653298604 0.76627894896402704 45 22 8 0.21270653488487967 28 1780 24 2331 16 1489
5292 -5.7912383105851459 2.5293728768933148 -1.2942638912139957 0 5 3 0.4464816277925614 21 2588 24 2346 19 1837 17 1596 16 1492
5293 -4.6633437433921214 2.4667453500250489 -1.4570573717523734 31 32 28 0.55110719691151555 21 2455 23 2184 24 2363
5294 -5.3407780616683436 2.6721838512998994 -0.11449810571029434 54 51 63 1.2341716642798799 26 2335 24 2364
5295 -5.9223504970174776 3.1830199658280836 -1.3207099357619356 57 57 57 0.18657113945144341 21 2465 24 2369
5296 -4.729791811709954 3.2066475619516228 -0.93430072513641105 74 44 27 0.50241804289148073 22 2429 23 2429 25 2106 26 2352 24 2381 19 1856
5297 -3.7895569338219208 3.6885130036051303 0.35034923867447271 25 29 30 0.32304662682045587 20 2771 24 2389 19 1748
5298 -4.9640337051301886 -2.2889651138641756 -0.017029840298779825 112 96 74 1.043267611124717 22 2690 24 2410 21 2504
5299 -5.072612906724479 1.4651503261384891 0.95308309254541579 130 116 108 1.0088633303943186 20 2844 27 2174 24 2441 18 1642
5301 -5.7756731213785475 2.3476183928730721 -1.4513626151548502 34 32 37 0.87716280462655793 20 2974 26 2493 24 2468 21 2581 19 1824 18 1661 15 1345 14 1194 13 1568
5302 -5.1957463581056089 2.4972764870291191 -1.0870844568031457 18 19 14 1.0144975053020906 21 2591 22 2781 26 2503 24 2482 19 1534 20 2510 17 1600 16 1361 15 1285
5303 -5.143560868292977 2.6220941175818728 -1.2209839274498808 45 46 41 0.34663751852656755 22 2782 23 2573 26 2505 24 2486 19 1845 14 1141
5304 -4.9648019857654537 4.5948012658947883 -1.8172227509588947 74 38 36 1.5939620520634441 25 2135 26 2398 24 2497 23 2590
5305 -6.8411739329401922 -2.0924748376974609 -0.029684244929467134 55 43 26 0.5590359570333846 22 2817 24 2509 19 1867
5306 -4.7388139609448441 -0.14130902677724111 0.54120230242309253 180 147 67 0.74999116909360908 21 2526 24 2512 20 2810
5307 -6.6226237376940702 1.3406507251366466 1.1718984282305043 105 94 78 0.60389050644665054 27 2264 24 2533 28 1918 18 1616
5308 -5.0794005612048858 -2.1535985383357126 -0.48505245803900748 120 101 68 1.3413969319105978 22 2891 23 2682 24 2575 19 1933
5310 -6.6296445608019674 -2.3743098465223187 -0.60039721335608631 164 154 144 1.7405184302667072 22 2893 24 2578 19 1990 23 2741 18 1748 17 1779 17 1832 16 1591
5311 -7.6796883179943816 -2.4252959148833306 -0.18115665800723313 172 163 146 3.0420980824024726 26 2748 24 2671
5312 -4.7929772873309284 3.1941848461734215 -0.97197327205577555 121 73 46 1.3143543348754976 23 2846 25 2502 26 2813 24 2725 17 1910 16 1773 15 1530 14 1362
5313 -6.290450524414533 2.4247848909429224 -0.84320950007234985 53 53 50 1.648748115705825 21 1909 22 648 20 1648 23 1782 25 1133 24 661 25 450 18 918 17 467 16 883 15 348 14 886 13 911
5314 -3.9036380212487694 1.8355438787621809 0.63372603737141542 47 41 25 1.5030331816529223 27 1799 26 2055 20 2502 25 2083 24 1872 28 397 22 699 25 1182 19 941 27 1061
5315 -4.7013148998237373 -0.20664485274185329 0.5801633828327869 45 33 30 2.8398636984496646 27 2138 22 2710 26 2434 20 2933 23 2490 28 1987 25 2287 24 2514 20 2622 21 2339 22 2263 23 2312 25 2003 28 1444 24 2265 19 1623
5316 -5.010464993171194 -1.3460921187262291 0.55196271646066952 82 74 63 0.55870181084650983 28 28 22 131 20 212 25 69 24 150 26 69 23 99
5317 -3.6598609272906373 3.7020802598682909 0.68439859730814545 35 33 29 0.64702733265471646 29 1364 28 1606 27 1865 21 2264 22 2441 20 2555 23 2222 24 1931 26 1285 25 1277
5318 -6.9271376249181484 -2.0285263756582919 0.013441005925742456 54 46 36 1.1413321890878223 22 59 27 84 20 138 25 828 24 1125 18 145
5319 -6.7424560016234745 -2.3273739215557407 -1.040497329339372 160 150 135 1.5221549265708985 20 2791 23 2469 24 2234 21 2306 25 1976 22 2691 19 1754 18 1592 17 1638 16 1525 14 1162
5320 -3.8547000553071626 3.9793534842541938 0.17917600149611168 97 88 89 1.2628319313415577 22 1699 20 1858 23 1433 24 1935 27 1567 21 1990 26 1311 23 1899 16 1008
5321 -4.8939792959311603 1.364116695205017 0.91528429096533115 146 128 110 0.98497445657101734 28 1762 27 1745 21 2387 26 2000 20 2421 23 2352 25 1819 24 2075 28 841 22 462 20 1527 19 1475 18 1165
5322 -6.8340949709770511 -2.1496609834932761 0.022518538626837739 28 17 7 0.6146549844489243 22 2510 23 1962 25 1982 27 1265 21 1709 22 1804 26 1872 20 1240 24 2246 19 1103 18 1101 17 831 16 1271 15 910
5323 -3.6598609272906373 3.7020802598682909 0.68439859730814545 35 33 29 0.64702733265471646 29 1363 28 1607 27 1866 21 2265 22 2442 20 2556 23 2223 24 1932 26 1286 25 1276
5324 -6.320776613903611 -2.2082265732064705 -0.51284473854773427 109 94 78 0.74054865597611896 20 1222 23 962 24 1662 27 1620 22 2200 26 1859 25 1704 19 1093 17 1134
5331 -6.5886111138192973 2.906193634680621 -1.6762960512460605 10 14 13 2.1855705133296097 23 2889 25 2543 24 2758 19 2133 17 1940 16 1799 15 1559 14 1386
5332 -6.2517767912932038 -2.5415219286241868 -0.85385228606085173 153 126 99 0.25297268544564827 21 1086 19 19 18 711
5334 -6.2848064317836627 -2.3621775623881605 -1.0969363704858817 140 121 90 0.72024243048073378 23 20 19 39 17 103 15 75
5335 -7.1675616874705321 -2.5640842374268287 -1.2474230160698037 162 153 136 0.51452990994808456 22 1131 25 799 19 42
5336 -3.9504463847908204 -1.4061937304290104 0.41225602545229745 66 58 55 0.20221970612658571 21 116 19 68 26 36
5337 -4.1201795718054175 -1.1175407605453669 0.56519835466088786 80 78 65 0.98135706464510708 26 81 19 103 22 173
5338 -4.0035906564942936 -0.96117363239868681 0.34609566842874279 63 74 60 0.11353787130701408 20 253 19 110 21 210
5339 -4.8923214835581126 -0.079019061742222271 0.70534080732523108 89 66 67 0.52432863591532797 23 1611 19 143 25 1413
5340 -4.783996077969463 0.059422406941049298 0.8831243828878792 107 46 54 0.8071158221010255 21 333 19 150 20 388
5341 -4.9355954837371856 0.34710437300781649 0.48913235377086617 72 29 6 0.81953201874341497 20 429 19 166 18 202
5342 -3.7078129713210419 0.35171569275364345 0.58420603258396153 115 106 99 0.53532615758945989 21 407 19 191 20 465
5343 -7.1255829052226467 1.8909089215786279 -3.134881112068014 175 161 133 0.63715044842616431 24 364 19 209 18 236
5344 -5.483767293906376 1.2271484664845991 0.72695429490088126 79 38 9 0.55226650038907099 27 298 19 219 17 892 16 800
5345 -6.1486037523456201 1.7407935695979277 0.53036743162206212 39 33 19 0.27471055659453597 27 334 19 249 18 306
5346 -6.057312723781572 1.883025558463554 0.054164164437783192 82 79 74 0.68097454563240722 20 613 19 268 15 295 16 827
5347 -5.3583576792938805 1.5508438856863975 0.68522817263064906 102 46 31 0.74520930437654642 22 495 28 333 19 282 26 323
5348 -4.355881507044721 1.3211073971443974 0.93719056604231799 32 23 13 0.62693122470378204 21 528 26 305 19 286
5349 -6.5080424221740243 2.1630691506143394 -0.36036399068539621 138 131 124 0.91116883076023825 27 408 19 299 14 256
5350 -6.0695189778530425 2.029369715596733 0.09881515583922991 124 119 114 0.57393299139805865 25 357 19 306 23 476
5351 -6.485228543535138 2.0930603903885063 0.8889637957558636 24 16 5 1.3530759697503154 20 680 19 310 15 771
5352 -5.3876613489675265 1.7808884514416847 0.79022692311282283 118 84 2 0.49420513787115422 26 370 19 311 18 893
5353 -6.3833810021763249 2.4104614480385909 -1.9639659448465181 116 151 196 0.5258217741923813 23 502 24 578 25 385 19 323
5354 -6.223513021088543 2.3781736869998449 -1.6327047283403704 50 47 45 0.41871251346669247 22 634 19 324 18 389
5355 -6.3347908242185618 2.2806211605707536 -1.016068409298132 77 78 73 0.16576999058148337 21 1880 26 1121 19 326
5356 -6.1295644233478752 2.2022641948366952 -0.65710255558175734 9 10 4 0.72184088598644358 20 719 21 650 19 333
5357 -6.6135729908757321 2.7454661760982866 -2.4438819399075169 30 27 15 0.79656498698466438 25 484 19 384 23 594
5358 -6.6587000857240906 2.8198068632287088 -2.4111088274938419 68 72 39 0.25758144736939509 23 597 25 485 19 389
5359 -6.6659411148567713 2.8681296783636028 -2.3974430488211209 65 68 41 0.86783724888023195 25 512 19 391 18 453 17 448 15 386
5360 -5.7735451678930634 2.3113005011262246 0.18756125515683378 29 29 27 1.896080002369527 22 654 24 671 19 402
5361 -5.9698503899259237 2.6072042489578764 -2.1735838077635332 5 8 4 1.1227667306518496 23 634 25 515 19 417 13 443
5362 -4.7243389384951042 2.4059896327609311 -0.12130342192666745 32 17 2 0.5882097580558423 20 929 19 451 15 457
5363 -4.6836243439787308 3.181485361764405 -0.93059057114037225 90 72 58 0.26475731447950762 21 841 19 491 18 589
5364 -3.984680921669888 3.6266311411470613 0.45860237182132141 102 92 91 0.51962843472736819 22 879 19 518 16 983
5365 -3.9187527673313083 3.5996603144709027 0.38555503110256856 175 165 163 1.1653892224368552 24 896 19 519 18 1047
5366 -3.9665281694944308 3.6065878564742886 0.46864239765310084 81 78 75 1.1584010378818621 20 1022 21 875 19 521 16 530 18 642
5367 -3.9576915492869125 3.5954693116528653 0.4922474662650399 57 55 54 1.2847666325216587 23 751 19 522 16 534 18 644
5368 -3.8158527647544926 3.5459256280748672 0.5910121318694439 58 58 56 0.7438036998352916 25 632 19 530 17 635
5369 -3.8012445726037667 3.5423806719504878 0.54526227872282063 101 97 96 0.795782962556007 25 631 19 531 24 904
5370 -3.8722489099380257 3.5339523721848374 0.68909724458522204 43 33 31 0.88353661644456549 20 1028 19 532 17 618
5371 -6.1209854933718315 -2.5541550343621506 -0.89752742329573254 108 81 49 0.74017180649638004 20 1163 19 593 18 58 17 747 27 1220 16 58 15 574 14 483
5372 -6.2278430412626449 -2.5047770615398197 -0.98297919767812858 103 77 50 0.57369478680186192 20 1181 19 605 17 61 16 666 15 585 14 479
5373 -6.2392774824501434 -2.4686752731042843 -0.95658894936753724 110 89 58 0.16983162172330177 23 936 19 610 17 69
5374 -5.0229481117510382 -2.1142153508086015 -0.5666018410592506 109 94 75 0.29545407848481708 23 1524 19 615 17 789 18 696
5375 -7.113815764840254 -2.61321885387449 -1.2956440197917698 210 203 188 0.70639060649664653 23 927 24 1089 19 619
5376 -5.6964411668548243 -2.2184493220798158 -0.56286327167676709 68 48 23 0.47053450359131244 22 1787 25 808 19 627 23 26 26 1441 17 110
5378 -4.091308336701891 -0.92627175836215248 0.47697382306274355 82 67 53 0.09991728886613134 20 1976 26 905 19 675
5379 -5.1122498387313726 -1.037897529344924 0.6269114887790963 136 126 116 0.75111732372573481 21 1210 26 1493 19 681
5380 -5.1664161979009791 -0.72393071047539181 0.59974540570860535 87 68 53 0.22115024485100029 24 1171 26 122 19 695
5381 -5.2192301380123256 0.35384367539914813 0.5141281648786683 138 118 99 1.3790108666112226 20 2027 19 737 27 1692 18 1118 27 1341 17 854
5383 -4.9877196145552096 0.96785657247850843 1.3406222461643198 29 14 2 0.30235257675031912 24 377 25 238 19 780
5384 -6.1665068768530782 1.5437071526032375 -0.043825753960274473 94 61 16 0.49764119465290979 24 390 27 1387 19 785 16 233
5385 -5.4535680832589675 1.3441747573268981 0.76860273061842066 59 21 5 0.88581008281675078 27 956 19 789 20 556 17 1181 16 1121
5386 -6.4833391362098656 2.0488506806093816 -0.1197252481315607 101 91 82 0.22564873832821175 23 413 19 804 18 1179
5387 -6.5350691692083407 2.0018609080299474 0.61176787923956133 70 63 57 0.2020502182727735 21 1393 19 812 18 1182
5388 -4.9332046818906221 1.4117350217740858 0.99246439336477343 112 88 64 0.23250936615972606 22 463 26 1048 19 821
5389 -6.0461345028604478 2.0935385921585654 -0.71622187375912805 9 11 6 0.94201419608271963 21 1408 19 828 18 853 16 334 17 410
5390 -6.5027720460785856 2.1490916838623257 -0.49258460878441562 25 20 17 0.19709761007166068 20 2099 19 829 14 654
5391 -4.9441112422950377 1.570275627268116 0.98816202396799535 116 94 71 0.48525833085809023 20 629 19 839 18 418
5392 -6.3276333212689551 2.3990312291903026 -2.1591594848446771 45 41 38 0.50564511723533301 20 1635 19 848 18 384 15 272
5393 -6.4476367763518549 2.412037343549954 -1.6713519153080247 6 6 8 0.58140684678450461 20 2161 19 851 18 875 17 398 15 274 13 364
5394 -6.2810344890069594 2.1864311725378229 -0.076094435587423986 99 88 77 0.91674814923937264 20 2121 19 858 18 406
5396 -6.3991841103588207 2.5555247636498359 -1.6011693273902698 7 8 4 0.57216580152532615 20 1670 26 1180 19 878 14 312
5397 -5.9088203980339991 2.3271399499688599 -1.4711952294022286 109 26 30 0.65147913851984884 20 1640 19 879 17 942 16 383 26 444 14 684 15 757 13 879
5398 -6.6996592031765321 2.8167361484191602 -2.4629182631775421 75 77 56 0.6537791768140675 23 1797 24 1845 19 896 18 909 25 1146 17 446 14 308
5399 -5.3962922194477061 2.259903254473651 0.017926799667040784 47 48 43 0.44023529720532339 23 614 19 904 16 471
5400 -5.1304500963967472 2.1683335374358679 0.034120531403587798 9 5 2 0.73477945404292266 26 463 19 906 22 688 18 980
5401 -6.1662630307611677 2.8255473911644429 -2.7102896928335052 85 83 79 0.47244186905984914 25 1190 19 919 23 672 24 749 13 442
5403 -4.7300564214519554 3.2019606643412288 -0.93452185766823326 59 33 21 0.77351982094583149 21 1960 19 974 18 1021 15 475 14 741 13 951
5404 -4.8983821587880483 3.4793241353813511 -2.0941973779489169 37 22 4 0.995555165591686 23 1371 19 979 17 1024
5405 -4.3610120607022402 -2.1326781135791837 -0.31686982247314327 73 55 41 0.62211074639249753 20 1884 21 1681 19 1046
5406 -6.0342205689327049 -2.600512611013662 -0.70956358237224837 133 103 75 0.6267355086579941 20 1167 19 1049 17 1111 16 1045 15 881
5407 -5.2000163684737721 -2.1321260049073767 -0.58017093467343495 112 89 72 0.77828632784448915 22 1788 23 951 19 1084 15 595
5408 -5.6875345894483358 -2.2636225886854855 -0.53471778485482047 117 95 71 0.58740394309190069 20 2289 19 1089 18 1084 21 1697
5409 -6.2790770486800112 -2.0787031475858204 -0.40146188250464854 112 95 69 1.5228118330270213 23 1541 25 1369 19 1096 18 1097
5410 -4.6110188492179027 0.40024462323532162 0.53523471697872615 106 59 49 0.52328002577303601 22 1358 23 1655 19 1166
5411 -6.2554832362464214 1.6925994321510962 -0.044083730325149881 128 93 48 0.91569565281862031 21 1821 19 1186 18 1356 16 811 14 834
5412 -6.1131893924361682 1.5267147733729529 0.51927212831578773 51 31 12 0.47510276630289117 27 952 19 1189 18 1153 17 1393 15 1117
5413 -6.134493654340937 1.6835939932403563 -0.033694614398522088 122 86 54 0.63729100066232292 24 1759 19 1199 15 695
5414 -5.5586114607248538 1.6195516327007742 0.71874391039788421 148 70 71 0.66293615789603699 20 2078 19 1209 17 1198
5415 -6.2838999844463688 2.223684233980316 -2.0322164995622281 67 61 65 0.70994500982377584 23 2119 19 1222 18 1171 17 1188 16 824 13 1119
5417 -6.5658394497774744 2.1205231755861451 -0.063456200693140258 35 26 19 0.14215599783900795 26 1619 19 1230 18 1181
5418 -6.2365607708701294 2.1302139889620095 0.18507178277687916 116 111 105 0.98688493257090126 27 1786 19 1232 18 1390
5419 -6.4808603966690503 2.4318149400622078 -2.2434635821567195 8 4 0 0.78268329661440561 23 1245 24 2105 25 1092 19 1245 24 573 18 321 16 321 16 1143 15 269 14 845 13 829 12 1491
5420 -5.7792271120448282 2.0164984274634348 0.7089873880097598 41 23 13 1.1005261512259708 22 1984 19 1256 26 1096 21 1413 17 1242 20 1589 15 404 18 929
5421 -6.4823953565177561 2.5384594308127459 -2.1851357278058923 41 42 37 0.79931007777200069 24 1814 19 1263 14 640 13 830 15 271 17 395 18 383 12 1514
5423 -5.856026572820646 2.2241971493689858 0.79615405405532624 83 72 58 0.84935678718818619 20 1614 26 1135 19 1275 17 990 21 660 16 932 28 1259 15 806
5424 -4.5036249378968165 1.9961705954852138 0.5991746312118047 58 36 17 0.93480001289119341 21 1462 22 662 19 1304 20 835 18 550
5426 -5.0171367558786324 -2.2096248118946034 -0.6390175312473213 112 101 81 0.3318456706419306 20 2586 19 1378 17 1112 18 1310 16 653
5427 -6.3197535360618939 -2.3365989234130446 -1.1144215324235327 62 45 26 0.7174425091137635 20 1909 21 2042 19 1384 18 95 17 1351 23 2467 15 76 14 791
5428 -5.2383364712196503 1.2829472685767027 0.81834274691093079 24 35 63 1.0761316744228737 23 1684 25 1810 19 1467 24 2067 18 1363 17 1402 21 1816
5429 -6.6914596283436767 2.3136333695718418 0.025328264770116377 91 83 78 0.30567887337878263 21 2189 19 1502 20 2120
5430 -6.0239366539293657 2.4208838527639145 -1.4608457419711531 57 58 58 1.0292755562724742 20 2500 26 2324 19 1509
5432 -3.4320027366277817 1.3285494769524469 0.43003522750057993 0 0 0 0.69670761654617386 22 2349 25 1852
5433 -5.2219171919337439 2.0779941677735367 0.79810012643456474 51 30 13 1.1657785745759988 27 1798 19 1522 18 1432 17 1272
5434 -6.246031055971212 2.892076148666868 -2.7034902225406805 16 12 9 0.64644546562687655 23 2168 24 2145 25 1888 19 1533 18 1253 17 1251 16 1176 15 1001 14 705 13 1169
5435 -4.9309183913687358 2.9487409345450559 -2.782431442415239 123 92 63 1.1659197989629879 23 2425 25 1906 19 1557 24 2173 16 958 15 822
5436 -4.7874104279110226 3.30847393620498 -1.383159181298427 48 26 12 0.78852621492287833 22 2432 19 1561 13 1204
5437 -4.8335147204359696 3.3491761994741629 -1.0893883589114841 130 86 69 0.57422395884813782 24 2178 19 1565 23 1855
5438 -4.9846452231755389 3.5912816608190226 -2.6727119267162607 118 88 63 1.0903969200641304 25 606 19 1570 18 1024 16 517 14 938 13 509 12 1186
5439 -4.23687142414086 -2.0734214809654938 -0.42268175335821195 23 13 2 1.1641902024679389 21 2503 19 1598 20 2790
5440 -4.7375609731732311 -1.0646577489491906 0.4572974309915952 154 148 135 1.503300306300335 26 1908 28 1671 19 1619
5442 -6.2399161013121773 2.3256181671749405 -1.868443719900954 34 40 51 0.44941942991662781 23 2129 25 1838 19 1688 18 1373 14 1009 13 1343
5443 -3.0297824916350122 1.7485773936729925 0.3593498011408684 158 82 83 1.5949740265612222 26 1701 28 1575 19 1723 22 2065
5446 -6.8042328216682453 0.96884810298311952 -0.51983067026039853 186 179 169 0.52665482635811145 20 2832 19 1786 15 1231 24 2292
5447 -6.3089144871634684 2.1591759367173493 -2.1951558994938001 123 116 98 0.95030631163047785 20 2961 23 2533 19 1801 18 1626 15 1238 17 1396 14 994 13 1543 23 2645
5448 -6.247465385243002 2.2018929798426754 -1.9948795507756554 59 56 51 0.51172293523520618 23 2542 24 2450 25 2202 19 1805
5449 -6.3731214577386188 2.3908366875013369 -1.0907226655409235 9 10 5 0.36350079861269841 26 2489 19 1817 18 1645
5450 -6.3358435687294374 2.5754414097558342 -2.1941429648007116 12 12 12 0.53898722159993628 23 2662 24 2465 25 2331 19 1821 18 1653 17 1680 16 1470 15 1258 14 1123 13 1475 12 2103
5451 -5.8739707938707548 2.5642555776138125 -2.2305397404067224 7 9 6 0.61126398392185 23 2567 19 1835 24 2474 25 2233 18 1667 17 1580 16 1486 15 1273 14 1131 13 1483 12 2109
5452 -5.9068286841030995 2.8843293119659656 -2.8390645964289143 48 47 43 0.97087834481145308 24 2356 19 1844 16 1354 14 1137 13 1380 12 1808 14 917 15 797
5453 -6.3721182186407521 2.3148898047031028 -2.184115685326836 118 112 100 0.63649458650320223 23 2713 24 2597 25 2379 19 1897 17 1745 16 1542 16 1609 15 1331 14 1177 13 1547 13 1611
5454 -6.7545219480715408 2.8089572614474374 -2.2986433160078943 23 25 17 0.57059533801178042 25 2229 19 1909 23 2559 24 2464 18 1652 17 1684 16 1469 15 1257 14 1122 13 1474 12 1984
5455 -4.6707362924442375 2.3635163906212182 0.23374679284933417 98 64 36 0.37418401730013406 24 2365 19 1921
5456 -7.0230687021491747 2.8457388743936232 -2.5148782107080252 153 148 137 1.380636837727915 24 2602 19 1958 25 2330 16 1616 14 1236 12 2102 16 1551
5457 -6.4291719467879282 2.7332744912400124 -2.565441787413163 47 46 37 0.68560580936765703 23 2661 19 1962 24 2549 13 1617
5459 -7.0255127244053304 1.7610097567945207 -3.0602525434442494 130 95 66 0.85483740792000296 24 2631 19 2008 18 1761 17 1790 16 1667 15 1432 14 1275 13 1652 12 2260
5461 -6.6905899103268522 2.5308052806784076 -1.1203522319460701 97 82 68 1.1730129676392063 20 3083 21 2774 14 1244
5462 -6.4774123659267211 2.5773718936240435 -2.3333421509792562 129 123 109 0.8709243726562681 24 2654 19 2023 18 1810 17 1850
5463 -3.1694900452015533 1.7146406880844411 0.25028416957051841 64 53 57 0.75415966077845209 20 3042 26 2672 19 2035
5464 -4.8761851858244674 2.7690910149866323 -1.2314710883454774 141 100 72 1.2029151768705675 23 2845 24 2703 19 2066 18 1879 15 1511 26 2797 14 1360
5465 -5.787826253498376 -2.1722294825676958 -0.4644556836927225 118 97 68 0.9824029482031289 23 2829 24 2709 25 2482 19 2073 16 1736
5466 -11.306956573313283 0.54361025894002646 0.65153797531314028 192 185 175 1.3609616849139619 20 3188 19 2110 18 1891 17 1919 16 1781 15 1538 14 1373
5467 -4.8891932978795785 3.5386746155993127 -1.9950698363034971 119 76 44 1.2605917076942144 25 2525 19 2113 18 1893 15 1540
5468 -4.9279147694182912 -2.1348795146369799 0.7605960251166819 45 39 25 1.6891693286036358 23 2883 25 2534 19 2123
5469 -5.0826450843089548 3.0719889096991393 -1.3922525282274114 138 97 69 1.9049645787707721 24 2754 25 2537 19 2126 17 1933 16 1791 15 1549 14 1380
5470 -4.8671574592867168 3.1160745674876646 -2.3910477923327109 130 89 61 1.3006828747684174 23 2885 25 2536 24 2753 17 1932 16 1790 15 1548 14 1379 13 1790
5471 -5.1337730069745611 -1.401343587531751 0.850968117457511 146 139 130 0.27750766327123283 23 2886 25 2539 19 2128
5473 -5.6748977264110323 2.5404566641091466 -1.3556274439206504 30 32 32 0.52093263303858806 22 748 20 1702 21 1503 19 921 23 644 25 1175 26 1202 24 757 18 530 17 512 16 465 15 426 14 394
5474 -5.1136754036413841 0.95440137221930899 1.3575068482317585 25 13 3 1.3015477204616555 22 387 26 249 20 1478 23 310 25 222 19 214 28 803 27 1367 21 1799 22 1914 26 1569 20 2058 23 2058 25 1451 24 2053
5475 -4.9889836878091032 -0.97863582907440461 0.56578348978700721 120 113 102 0.73342110533618621 28 1090 20 1980 19 1125 27 815 21 1211 22 1841 23 1596 25 1400 24 1690
5476 -3.7677691349579705 1.8458576862889746 0.62182524540083406 111 113 108 0.6949944183867921 22 703 20 882 23 667 24 1495 19 950 28 903 27 1063
5477 -3.9601110543714242 -1.3239611825527691 0.43337817715111576 56 70 59 1.3933639376787907 20 2923 25 2278 19 1871 28 1664 27 1935 21 2324 26 2428 23 2291 22 2220
5479 -4.6355796248363657 3.7200823464986281 0.38948873890134822 118 88 70 0.85858087329753752 27 1111 20 1000 19 985 22 1632 28 934 24 1535 18 1031 17 1302
5480 -6.8922416949701244 -0.028468248609336458 0.45162549492410026 111 103 82 0.80216358225173878 21 277 22 252 23 1055 25 137 24 221 19 1132 26 1938 23 2017 18 162 15 145
5481 -5.7011263996229875 2.3283630787152441 -1.4037606267233484 3 4 6 1.9611103954480971 21 719 24 656 19 365 26 481 20 863 13 450 16 389
5482 -3.7699494365959372 3.5247248181640081 0.7403431483745051 103 95 97 0.49386226872232131 28 936 21 1553 23 759 25 1257 19 1002 22 869 20 1033
5483 -5.0467579000952192 0.30091835923254762 0.474554625182106 121 59 56 1.619407620314681 27 891 21 1274 26 967 20 1419 23 1086 19 738 28 735 27 872 21 358 24 250 18 775 17 849
5484 -6.3938141773256012 -2.0984627972100842 -0.37500910296425993 125 102 81 0.50377465445094094 22 1801 20 1935 23 969 19 1097 27 1623 22 2203 17 821 16 723
5485 -5.5239172462638413 1.9093321638438219 0.80676771245951162 129 110 96 0.75045644880909534 22 1484 20 1576 19 867 28 367 25 426 18 932 17 977
5486 -4.9381343077463535 3.5855945315900501 -2.6772449659168922 51 31 15 1.3842521652429975 23 2208 25 2114 19 1734 14 937 13 1196
5487 -4.8907717455633231 3.6029128737304372 -2.6659040846371891 112 79 51 1.6500737430002852 24 2184 25 2116 19 1738 18 1455 16 1374 15 1194 14 1062 13 1197 11 2250
5488 -6.9402905266939987 2.3979181968524048 -2.7489761923422238 177 168 153 0.24900877670033006 24 2756 19 2129
5489 -4.5624134527463864 -3.1365410741982998 8.8325590504259619 233 218 208 0.93082208777515885 34 156 41 649 39 895 35 149 40 688 42 444 51 1283 49 1010 52 809 53 845 54 1081 48 288 43 631
5490 -6.2121953495816218 -2.4953411950403765 -1.0441996528734041 150 122 98 1.2192169295775255 27 687 18 54 17 57
5491 -6.3108494520201672 -2.6270994717753862 -0.83072442311281458 151 124 95 0.93449801968774071 20 1185 18 61 27 16 17 70
5492 -5.0455842165207931 -2.1902864438480001 -0.62672443476455475 98 91 72 0.16475682470496697 20 40 18 65 17 41
5493 -5.8814192314173779 -2.430838982025016 -0.54656078579157208 87 66 45 0.286512088897109 20 64 18 84 16 62
5494 -7.0960086455956723 -2.6445212144629142 -1.2373924752795404 202 197 188 0.42360448878512247 21 1074 18 90 20 1176 15 64
5496 -6.7719482691437136 -2.0994228201119238 -0.33788713865603309 108 89 72 0.67255530831948251 20 1233 18 134 17 824 15 117
5497 -6.9209199861923176 -0.11724771053143553 0.45195786856186426 106 93 76 1.0694584045217217 20 357 21 1234 18 163 17 176 16 156 15 135
5498 -6.8539847902267557 -0.071679442780267152 0.4535302549254247 127 114 97 0.47800980249420544 21 278 22 237 18 164
5499 -7.053992458007615 0.88659707304682123 -3.4996480698362498 122 81 22 0.50532393837575262 24 239 18 172 17 180 13 728 11 2023
5500 -4.7854124980739536 0.29207351522870673 0.42525145367808392 93 41 47 0.63675004240547717 23 223 24 1228 18 186
5501 -6.793891665052481 0.55838588503422737 0.87965647640170608 69 57 35 0.54780506229837111 23 269 18 194 25 192
5502 -6.9967348074259981 1.8262620841056245 -3.4119118428190829 102 61 13 0.45417355057996323 24 357 18 229 17 217 16 207 12 299
5503 -6.9799600711515097 1.8591719388793186 -3.4107120651047755 63 28 0 0.64588874737942048 24 1256 18 230 17 218 16 211 11 533
5504 -6.2289936225534381 1.5374659846562504 -0.10205785302775217 88 60 20 1.1411955467621417 20 1498 18 251 17 264 14 595 26 264
5505 -6.2289936225534381 1.5374659846562504 -0.10205785302775217 88 60 20 1.1411955467621417 20 1497 18 252 17 265 14 596 26 265
5506 -6.9758555289018505 2.3989083145101495 -3.2650309647457196 171 119 8 0.54208334199046704 24 482 18 259 17 257 16 255 13 288 12 364 11 588
5507 -6.6057010718642397 2.154547336587882 -2.1960591543453321 114 108 92 0.78244239642993574 20 1558 18 261 13 310
5508 -5.9729026747492062 1.564537852711094 -0.0065726593668601983 149 121 91 0.89683931171092479 21 510 18 265 27 328 15 213
5509 -5.8490206372197289 1.5824482058982177 -0.095836349874781346 79 48 16 0.15717884171189156 21 512 22 442 18 268
5510 -6.9227275099147665 2.413249020989312 -3.2188386847871784 72 57 37 0.36980178097755112 24 1317 18 285 16 261 15 200 12 365 11 608
5511 -6.8086120594981479 2.6686331621796384 -3.2360491476464537 141 136 123 0.85283477203673885 24 1383 18 320 16 821 14 203 13 809
5512 -6.4072243845255876 2.2828721083234491 -1.6962844098953087 24 19 15 0.82093975191781576 22 593 26 1115 18 325 17 321 16 825
5514 -6.4916052516211229 1.9848489919711039 0.78702553479585102 36 29 19 0.88805062350497432 28 350 18 344 17 948 16 343
5515 -6.720893374074759 2.7292811769097098 -3.4635579953399711 65 49 36 0.46019495184465409 24 624 18 369 14 201 12 425 11 637
5516 -6.7429705303133982 2.7416825602155681 -3.4362321691464 131 122 111 0.32481974000407082 24 1429 18 370 11 638
5518 -5.988721465365697 2.1709305025883259 -0.46871909326110955 21 10 4 0.54053475423746133 21 1431 26 1127 18 403 17 413 16 402 15 360 14 334
5519 -6.8066277567540556 2.7997728964920432 -2.3410627900875136 30 31 17 0.58303379036149827 23 595 24 632 18 452
5520 -5.8249302702557664 2.3329829291516946 -1.3803123538695283 18 4 9 0.66898523353990003 20 807 26 450 18 469
5521 -6.1045006592539144 2.3481343005316186 -1.0571236902351548 56 57 49 0.69371788163914438 21 686 22 644 18 471 17 461 16 393 14 322
5522 -5.7495835429173798 2.162188375146223 -0.57332213073958438 81 74 62 0.63686369777308605 20 760 18 478 27 441 16 406
5523 -6.0371217008755682 2.2105589551405544 -0.18811551368041696 27 8 0 0.85846918484338597 19 339 25 409 18 483
5524 -5.8803273990625415 2.1952366682881226 0.73988244406664772 71 60 55 0.6341598337364891 21 1436 26 425 18 515
5525 -6.4859284624311835 2.3951159104045181 1.2437427678429995 35 18 8 1.9038065572283083 20 768 28 894 18 517
5526 -4.9202207297244875 2.1418883458265205 0.70486475197531617 56 33 17 0.819532823148029 21 702 18 546 16 949
5527 -4.6134452962032162 2.3359480264994605 0.062583451886825459 91 62 52 0.91409496308560367 25 1203 18 566 24 2165
5529 -4.6413346629603947 -2.0746603624512332 -0.58511360495239184 129 111 87 0.66611427112338362 21 1678 18 674 17 756 16 655
5530 -6.2230205662724494 -2.5042281834222124 -1.1150044166217103 113 90 61 0.86909566747491085 19 1058 20 1161 18 684 17 773 16 1047 15 578 14 779
5532 -6.2086149461572928 -2.4871244883487753 -0.87647003796048317 112 86 52 0.39257640126911808 20 1192 21 1088 18 712 16 669
5533 -6.5478196863236908 -2.4060022977921696 -1.3060990354417072 133 125 107 2.395655783776744 15 65 18 728 24 45 14 38
5534 -7.0804639791593207 -2.6407108912256931 -1.1591670426206213 197 189 168 0.43504763289638132 23 947 18 729 17 94 19 33 16 690 15 608 14 45
5535 -6.7897154525282852 -2.2461765321143687 -1.1568670924178979 163 155 136 1.2442071782659059 21 1116 18 748 16 715 14 85
5537 -6.6280755279171828 -2.078995045892686 -0.37703940806849717 107 88 71 0.51583572115540399 21 1705 22 1800 24 89 18 755 20 1938 16 728 15 116
5539 -5.1454286409148988 0.58306368388968566 0.66264135972195104 130 119 101 1.487624199444521 26 999 18 799 17 216
5540 -6.5519025541911526 2.0808050062256811 -1.9864212353399167 221 214 208 0.4184963660041971 25 1034 18 815 17 887 16 806 15 691 14 179
5541 -5.9534174722315294 1.5471247414361888 0.37161325176119298 50 22 2 0.65235711269836372 22 451 18 820 15 219
5542 -6.5918103623697206 2.145453800698454 -0.92306797352817049 22 16 3 0.29844032425406197 20 1564 18 837 15 240
5543 -6.3442198653655995 2.1230852680337171 -0.76355515730432821 112 108 96 0.47110323836098145 21 1405 18 850 17 917 15 736
5544 -6.497063687338458 2.1514719484268494 -0.53738777589231534 33 28 22 0.73855226585029832 23 468 25 342 18 852 17 337 16 851
5545 -6.1159939147553573 2.3181624781594667 -1.3143189721547865 58 54 39 0.72735573722883429 21 680 18 880 16 386 19 852 14 320 13 880
5546 -6.757670708018563 2.8177812733805667 -2.352079383824444 72 78 59 0.76820384780578554 23 1306 24 1454 25 1148 18 910 15 337 14 310 19 897 12 1132
5547 -6.1267133944924534 2.5497645142338938 -2.1506999426832247 46 46 44 0.71014044556000433 23 1308 25 1150 18 914 24 639 13 398
5548 -5.6743598025887856 2.1973289301145673 -0.75047140041376448 6 6 7 0.44464397828095903 23 524 18 922 17 965 16 399
5549 -5.898028404645963 2.3101754299504016 -0.45493048813078024 2 5 3 0.68480092376634349 27 1054 18 925 16 913 15 789 14 907
5550 -5.8270333761051836 2.2839309677364303 -0.48939633033269914 2 5 3 0.22950482884771528 27 1055 18 926 16 914
5552 -5.3688137101111275 1.918475167997741 0.87935787521497111 90 66 32 0.52357829549184109 24 614 26 1100 18 936 17 993 16 920
5553 -6.6036678237816329 2.8624008096679034 -2.3614409199548394 8 9 3 0.84123270706322661 23 1813 24 1847 18 949 25 1565 17 960 19 1526 16 902 15 783 14 676 13 907 12 1553
5554 -5.8899169976329384 2.5492446929175743 -2.1106935209804987 37 37 37 0.74369836039943249 20 1694 18 950 16 905 15 389 13 444
5555 -5.6588935347607148 2.3735971861050897 -0.987210859230502 36 36 36 0.64284628744281569 20 1674 22 683 18 951
5556 -5.6888524548772343 2.358221209610138 -0.80466650086335723 63 63 63 0.56111373248361374 21 1470 18 953 16 443 15 396 14 721
5557 -5.8336316142912334 2.2489504555377366 0.84680915725623107 90 74 64 0.80823668389964531 23 574 18 958 16 933
5558 -5.1217988417306799 2.347368665052342 -0.47747453544271817 49 46 39 0.74427888201538828 20 901 18 989 21 1488 17 544
5559 -5.1897161847397335 2.3037275658550871 0.059857870738219736 140 133 125 0.6958131156936701 23 617 18 992 24 763 25 530 15 443
5560 -5.1897161847397335 2.3037275658550871 0.059857870738219736 140 133 125 0.6958131156936701 23 616 24 764 18 993 25 529 15 442
5561 -5.124295916271473 2.19707888045345 0.71578413392498674 112 98 89 0.55710008137401235 22 1534 18 997 17 1009 16 947
5562 -4.8089821931588359 2.6339761868746661 -1.1227283937304833 134 89 71 0.58499940476661616 21 1957 22 2077 18 1014 17 568 16 504 15 823 14 933
5563 -6.1015833867596081 -2.5789494505182202 -0.81294657034172191 114 90 66 1.0778980682942563 20 1165 27 1595 18 1068
5564 -6.8242071996321076 -2.3096604343796474 -1.1781457810289802 170 161 144 0.76315204531532821 21 1695 18 1086 22 1783
5566 -4.8452560023341569 0.28612783622012233 0.44564672553572154 176 143 145 0.99367706300576142 22 302 27 1321 18 1114
5567 -6.1313276036550457 0.63908422219550864 0.54658156468857888 55 42 26 1.2333772930819957 21 1308 18 1129 17 210
5568 -7.0099903053602164 1.9070445667400799 -3.4841092536060718 67 47 6 0.69812494849866025 24 2295 18 1133 17 1164 15 927 14 822 13 1087 12 1735 11 2490
5569 -6.998961758757142 1.9068889363876416 -3.3697184244178997 169 126 24 0.51655790395916035 24 2049 18 1134 17 1165 14 823 18 1350 13 1090 11 2491
5570 -6.9795582930892275 1.9675309376000458 -3.3420396747864163 182 131 9 0.68016208844383985 24 1753 18 1137 17 873 16 785 14 148 15 167 12 1020
5571 -6.270267853672788 1.5880966046606113 -0.084680670248956758 123 93 60 0.99499128052327424 23 2071 18 1140 14 830
5572 -5.9974290967091344 1.5334973092222364 0.087449319753282601 136 107 36 1.0599107765509679 21 1812 18 1152 16 797 15 697 15 698 14 606
5573 -6.8958369990013857 2.6869073550882212 -3.2017835695025707 7 3 1 0.5115190863906105 24 2104 18 1169 17 1187 16 1125 15 707 14 619 13 810 12 1488 11 2141
5574 -6.7765465796197635 2.7154482323963998 -3.3692119226993897 224 222 217 0.48527132942703682 24 2102 18 1192 17 1186 15 955 14 843 12 1486 13 1116 11 2139
5575 -6.7900192352512452 2.7200264597685573 -3.3685871613548466 224 222 217 0.44171914398233753 24 2103 18 1193 17 1185 16 1139 15 954 14 844 12 1485 11 2140
5576 -6.1447870647661871 2.2242776831040527 -0.34598076139306388 28 25 16 1.3332358036956014 20 1584 27 1468 18 1208 21 652 17 971 15 362 14 335
5577 -4.9359458237129692 1.5778115061209983 0.89146136018456013 129 110 94 0.76665565291405413 20 1546 21 1375 18 1214
5578 -6.7148808898222958 2.8153609254566452 -2.3175512468324997 3 9 0 0.5335454371583136 23 1798 18 1220 17 449 16 879 15 750 14 677 13 870 19 898
5579 -6.1252100014757405 2.4790488865195819 -1.8321628134797285 4 5 13 0.44951270994082448 20 2172 18 1221 15 986 14 879
5580 -5.7924749645329294 2.2084425789013582 -0.784551970279174 52 54 52 0.30506649929985169 20 2474 18 1229 17 964
5581 -5.7769382916351102 2.6783612930660921 -3.0685687751563391 143 139 136 0.77891774358752208 24 2144 18 1244 11 1626
5582 -6.6427638029970266 2.8913010595395305 -2.4392680241596993 12 13 8 0.89299503318701146 24 1846 18 1245 17 959 16 901 15 782 13 906
5583 -5.9382585431199137 2.8806795902443465 -2.8490502817653089 52 49 40 0.45001481098514279 24 1489 18 1252 25 1200 17 981 15 798 14 916
5584 -4.9182842242627745 3.5748387498619474 -2.6854667375281123 42 19 0 1.9117843701345272 23 2207 24 1910 25 2115 18 1281 16 1206 17 1289 15 832
5585 -5.0703137225546842 -2.0965088209254126 -0.52404313145519088 118 97 80 0.46335060355678631 20 2281 25 1973 18 1315
5586 -7.03291818919873 0.83224884411776101 -3.440899534964172 182 169 150 1.8751280968911974 24 2266 18 1335 17 1534 16 1092 14 983 13 1300
5587 -7.0784032881341359 1.024397828437037 -3.4775153181249543 139 99 49 0.82058992859603153 24 2025 18 1336 16 1093 15 915 13 1070 12 1723
5588 -7.0570470149997222 1.7148343906771062 -3.3904623035080617 191 138 4 0.48367438758841946 24 2294 18 1346 16 1285 15 924
5589 -7.0300267499147173 1.7363038193270979 -3.340519798772057 139 92 36 0.56354645962937622 24 2047 18 1348 17 869 11 2478
5590 -6.9694501452219502 1.815429757881085 -3.3705994097488503 174 129 0 0.58312883477756383 24 2296 18 1349 17 1382 15 925 14 820 13 1312 15 1106 12 1730
5591 -6.3195809192428625 1.4585021951220265 0.91612409591310162 87 78 63 0.82993494412626212 20 2405 27 1739 18 1353
5592 -6.9534347726476353 2.6666885032435808 -3.2096844438568377 11 7 0 0.52217937118368807 24 2325 18 1371 17 1404 16 1298 15 943
5593 -5.939759430695621 2.6439246146246655 -3.4485401864898342 121 103 87 0.72309414115081039 24 2342 18 1398 17 1202 16 1161 15 981 14 1008
5594 -7.0498221041038143 2.9005904145958925 -2.6117309075267694 151 143 141 0.57479938044038426 25 1871 18 1400 16 1326 13 868 12 1798
5595 -5.8493490980970471 2.5962274628968305 -2.1758234322811312 124 124 123 0.52102364221314412 19 1527 25 1882 18 1415 23 2398 24 2132 17 1252 16 1177 15 1002 14 904 13 1367 12 1809
5597 -5.1796756697529691 2.2553845673057404 0.042281679328109403 25 21 14 0.47515204525628063 21 1925 18 1431 17 1265 16 1194 15 1033
5598 -6.404290680528745 3.2077732444419818 -0.17300788404107456 20 20 20 1.7276804362399096 20 2516 22 2422 18 1442
5599 -4.909383192991128 2.9355116119615401 -2.8481092708702511 123 83 59 0.8225562167737609 25 1905 18 1452 24 1904 17 1281 16 1200 15 1039 14 930 13 1389 12 1999 11 2585
5600 -4.9022320890239541 3.558624136628866 -2.6147979697383374 42 25 16 0.8284899254578425 24 2181 25 2110 18 1456
5601 -4.8450317970239203 3.5086763293328489 -2.2629084508373363 114 76 50 1.2801194012985189 25 2111 18 1458 23 2432 14 1064
5602 -4.8206770378885739 3.4712253069761703 -2.0848875492291326 110 76 52 1.572907966031718 24 2383 25 2108 18 1459 17 1485 12 1587
5603 -5.9498751049064857 2.2007092113828119 -0.47524101547445097 78 69 56 0.96340896991224412 27 2041 18 1521 16 1338 15 1160 14 1034
5605 -5.7133017882329948 2.379560927303936 -0.9654762957979115 36 36 36 1.1390047564248338 25 2074 18 1546 17 1597 15 1005
5606 -5.6876473127064759 2.8704887057327753 -3.0376063101705761 70 51 36 1.1101487845444606 24 2362 18 1554 17 1464 16 1353 15 1173 14 1043 13 1379
5608 -4.822003728009328 2.5555121839743649 -1.1468263874901317 47 48 43 0.13778418589778571 20 2737 21 2456 18 1568
5609 -4.8001831729975768 4.4208785929854537 -1.4361094671876409 66 44 27 1.1742171670432686 24 2394 18 1583 25 2130 16 1380 15 1201
5610 -7.0480809295511211 0.9173735047491679 -3.4642930649428676 130 95 63 0.66253879945262917 24 2516 18 1601 17 1646 16 1529 15 1320 14 1166 13 1532 12 2057
5611 -6.9662575945912746 1.7778499839487647 -3.2445763513486314 144 113 71 1.263885472452859 24 2432 18 1611 17 1548 15 1232 14 1099 13 1313 12 2070
5612 -6.7685154127728246 1.735101416306996 0.9179624027325205 49 30 15 0.32388816614308252 19 1794 28 1760 18 1624
5613 -6.4299924407141678 2.4331295875732191 -2.2193662372114527 8 8 3 0.8610551168092726 23 2652 24 2543 25 2324 18 1633 17 1671 16 1312 15 1248 14 1113 13 1550
5614 -6.4763526106012614 1.9122693594553242 0.83940847319221401 62 56 42 0.54132324537888254 28 1935 18 1639 17 1746 15 1392
5615 -6.1407237967044397 2.5305437993970674 -2.0912297613101143 8 8 6 0.42332481687128576 20 2972 18 1657 17 1685 16 1471 15 1259 14 1190
5616 -5.1986303297382239 2.4478200221102879 -1.1686507018020924 113 108 102 0.50750329646429482 22 2777 26 2501 18 1674
5617 -7.188518688685483 -2.172698289248324 -0.35784041186496923 149 140 123 0.54040565490508363 20 3000 18 1693 17 1729 15 1381
5618 -6.9631131414680274 1.8826935711627033 -3.4464832630946147 138 117 60 0.69499271684450814 24 2633 18 1703 17 1733 16 1602 15 1383 14 1227 13 1604 12 2180 11 3071
5619 -7.1660640847754902 1.8939865127128672 -3.2470609888502224 114 89 26 0.75356099762697981 24 2590 18 1704 17 1734 16 1603 15 1384 13 1605 12 2262
5620 -6.6515355833229641 2.7305879794417511 -3.2545172476792712 27 24 17 0.88891801057238973 24 2463 18 1716 17 1679 16 1547 15 1245 14 1111 13 1464 12 2091 11 2959
5621 -6.0060464920865728 2.6818618723650305 -3.3363601038722432 34 34 26 0.57006170227858644 24 2607 18 1720 15 1343 14 1189 13 1549 12 2095 11 2969
5622 -5.9432569474806751 2.3282848925143544 -1.0554731337495258 22 23 18 0.35996956559847876 23 2657 18 1727 17 1688 16 1555 15 1346
5623 -4.8668791784535594 2.1841960452497489 0.64859837732946579 122 105 88 0.37674127257239554 26 2496 18 1741 17 1760
5624 -7.0356129571801462 1.1215189945265818 -3.1535342894743943 146 110 75 1.2460224453211204 19 1944 24 2586 18 1755 17 1731 16 1661 13 1600 12 2252
5625 -7.1425962756666879 1.9381117290843026 -3.1034032219132883 179 167 154 1.1821619160526713 19 1948 24 2634 18 1760 17 1735 14 1228 12 2263
5626 -6.4113890213151192 1.9507035669522574 -1.824527687652217 168 163 143 0.71434024644417837 23 2704 24 2594 25 2370 18 1766 17 1739 16 1604 15 1387 14 1230 13 1655
5627 -6.9072703420709711 2.4869325471866595 -3.2552438620050639 75 62 36 0.4795659323115154 24 2647 18 1767 17 1794 16 1673 15 1435 14 1278 13 1656 12 2267 11 3159
5628 -6.3133571690039796 2.0726193392297039 -1.8050285846421403 71 67 56 0.53819114743416663 24 2641 25 2417 18 1805
5629 -6.4557487276152417 2.6379274968895139 -3.1051843162739785 150 144 128 0.74635667989100662 24 2691 18 1809 17 1799 16 1681 15 1440 14 1285 13 1665 12 2271
5630 -5.6886295687473591 3.115560514316885 -3.0104648863121715 60 59 54 1.0525067428997383 24 2661 18 1830 17 1817 16 1694 15 1453 14 1300 13 1679 12 2284 11 3175
5631 -5.6464168174239138 3.096342954618561 -3.0120596765292444 60 59 54 1.0271839484305132 24 2662 18 1831 17 1818 16 1693 15 1454 14 1301 13 1680
5632 -5.1456359295071907 2.8277727600351641 -2.8647835588847359 18 18 16 1.1584886558198755 18 1832 16 1695 17 1815 15 1455 14 1302 13 1682
5633 -6.4229218057868973 2.4782110999171443 -2.1538298642275455 8 11 4 0.72730195218774341 25 2495 18 1854 14 1344
5634 -5.7105387720336553 2.7216346949080945 -3.1031735845914925 132 124 117 1.0754068905279541 24 2698 18 1855 17 1857 16 1728 15 1443 14 1323 13 1722 12 2339 11 3244
5635 -5.8212926792118864 2.9733883345875785 -2.9351519415445968 7 8 3 1.2303299696119958 24 2723 18 1856 17 1887 16 1753 14 1347 13 1744 12 2389
5636 -7.1638820539713066 2.0625491637563327 -3.1365198872309001 179 170 155 1.2781840950619696 24 2716 18 1870 17 1883 16 1746 15 1504 14 1343 13 1739 12 2379
5637 -5.6207672980887207 1.9848244314939711 0.90937624372033177 127 114 75 1.4781238478970045 28 2180 18 1874 17 1903 16 1769
5638 -5.883612287109111 2.6609471276896466 -2.9620525327383445 6 7 2 0.56765701266480195 24 2737 18 1875 17 1886 16 1750 15 1506 14 1346 13 1740 12 2388
5640 -6.4230863853056945 2.0112994616682691 -0.094801292955777827 34 28 19 1.4515815466604518 21 581 19 806 18 855 26 1071 27 999 23 1190 25 296 17 920 15 969
5641 -6.5459057515523371 -2.3319819609987769 -0.63749533523661939 157 147 137 1.3154029122104454 23 2742 19 1991 18 1749 22 2894 24 2577 17 1780 17 1833 16 1650
5642 -6.5430932007572729 2.1138482819195641 -0.070490657069167711 35 27 18 1.2378231050745103 26 1618 19 1229 18 1180 27 998 26 1073 17 1192 16 1316 15 1146 14 1017
5643 -5.4419329217104089 1.3426544123120296 0.67713418826514249 172 134 93 0.53318693171492304 21 1341 24 441 18 826 28 1204 23 1697 25 260 17 280 16 278
5644 -5.1818417716183118 0.52104397240285272 0.58606040178189012 85 65 48 1.3161951593576777 21 1309 22 352 20 456 26 998 25 982 24 306 18 1131 27 1701 19 1644 17 1161
5645 -6.1151631074535766 1.6039669768941063 0.23724455828439497 158 121 71 0.96755783871435308 20 3068 19 2011 18 1800 27 2423 21 2813 22 3013 26 2760 20 3118 23 2801 25 2460 24 2683 19 2052 17 1843 15 1480
5646 -6.2085359614615241 2.1814010846403709 -0.46136620760761476 42 39 36 1.5745294406816255 20 720 18 401 21 612 27 1465 22 1500 25 403 23 473 24 546 15 765 18 400 14 691 16 855 15 766
5647 -4.4274723406557488 1.9170971210518919 0.59797196325389301 90 42 14 1.2150816153530013 27 1042 19 1305 18 1439 21 1461 22 2031 26 1170 20 2166 23 1789 24 1855 19 1306 17 1276
5648 -4.8491241441566055 2.6314297922276477 -1.1434579573414252 29 11 12 0.62210038228252151 21 1956 24 1899 18 1449 20 2748 23 2415 25 2098 21 2463 22 2647 26 2506 24 2373 23 1839 19 1849 17 1016 16 959 14 1145 13 943
5649 -4.9151030952860113 3.5789157962867231 -2.7199984080158379 120 81 51 0.5081449606316969 18 590 15 468 13 1193 12 586 11 865
5652 -6.0902488355600415 -2.4970808327195524 -0.89022849685375727 116 87 55 0.18775550137815145 18 691 17 71 15 33
5653 -6.1137285029173922 -2.500414345396397 -0.89070256414073756 116 87 55 0.91198134096998018 20 1194 17 72 14 486
5654 -5.9324325124497861 -2.4611767375898927 -0.55471703038310127 139 114 87 0.56090598355974952 21 26 17 78 16 673 15 886
5656 -6.3181148986120403 -2.4409004251205086 -1.0341640353089534 140 114 87 0.41919326565443765 24 13 17 104 16 93
5658 -7.0039391742372841 -2.4883821161417314 -1.1989909232975897 130 114 98 0.52475850749327091 19 44 17 120 14 43
5660 -6.8524640375230135 -2.4597683557711587 -0.48062221720497655 143 129 118 1.1498260387557442 20 1215 27 1254 17 133 15 89
5662 -5.9981712905210003 0.48181396509662461 0.76946944692683594 28 20 11 0.66960754310635928 18 198 17 201 16 196 19 179
5663 -7.3442741958161619 1.8596969649164974 -2.9735498029986429 181 166 147 0.19391922630355465 24 367 25 219 17 224
5664 -5.9686183884794524 1.5687605466136614 0.05935121275975052 84 52 19 1.0770397246095105 20 543 24 418 17 267 21 513
5665 -6.3528524839801293 1.539297185144251 1.0176091885800298 95 77 59 0.94288865940656152 23 359 17 274 16 816 15 224 22 1412
5666 -6.3061718141329131 2.1651827734469902 -2.0433856940046766 81 80 75 0.63738412194330207 25 1498 17 293 23 1730
5667 -6.2475021142570188 2.2409461547759131 -1.5854392662031989 129 123 109 0.12421945565040841 22 595 17 324 16 327
5669 -6.0791777534511624 1.9628753758915072 0.026826234660773739 57 50 40 0.59207732838732374 26 357 17 346 23 417 14 263
5671 -5.5354493669155813 1.6208858616048551 0.72072096135267794 148 71 63 0.18877168588108886 23 388 25 1042 17 363
5672 -6.2768600881982755 2.8373782985101181 -4.4424123668663045 135 126 110 1.7680037758421157 18 898 17 371 16 313 15 256 15 257 14 628 12 420 10 1689
5673 -6.1302373046931162 2.452682463437224 -2.2597837608847295 45 45 36 0.43299903692506503 18 382 19 1262 17 396 16 324 14 238
5675 -5.8998142290465703 2.6777439780829404 -3.4390218191060868 8 9 6 0.49606897890051349 24 1859 17 435 16 871
5676 -6.2113525490400923 3.1116734628973006 -3.9057666337804933 131 130 122 0.54971319436403143 18 968 17 494 16 458 15 382 14 362 13 434 12 489 11 744
5677 -6.1063635141889536 2.9688282737258289 -3.7618744097213188 96 92 83 0.38166613631989299 18 969 17 495 16 432 12 1130
5678 -5.7924285625110716 2.7312958249115664 -3.0851648282238417 133 123 114 0.83008887606298654 18 504 17 500 15 385 14 366 12 496 24 1863 11 1627
5679 -5.7562001099751674 2.8238820168314551 -3.0388040543283741 136 133 128 0.82220928405424931 18 1251 24 1879 17 502 15 796 14 367 13 903 12 539
5680 -5.7504297740258989 2.7983062021976672 -3.0181522197831998 29 24 24 0.84563556590581113 24 1880 17 503 25 1197 13 902 11 761
5681 -5.6504179913860302 2.5129079603968925 -1.9451573705894967 6 8 7 0.52343507792795285 18 508 23 1325 17 509 13 448
5682 -5.2763503274979024 2.0786487429534 0.54600010635012131 38 22 6 0.33765144261987579 20 771 17 538
5683 -4.8130301725068172 2.2490259669412578 0.67173380399382643 100 82 62 0.55801229636264427 23 655 25 550 17 560
5684 -4.1860413047659222 3.8736633520856638 0.39725298472844023 32 12 5 0.34812369912030666 21 1573 17 600 20 1800
5685 -3.8506135737907674 3.7007048700915854 0.16816374493034156 147 139 137 0.23598634632298299 19 553 17 627 15 845
5686 -3.6674243858151017 3.5970340850147307 0.41964054415399299 25 31 28 0.38259016464446721 19 1021 20 1075 17 652
5687 -3.7591800357467693 3.8713843829122863 0.34881932587941678 33 29 28 0.16423703696566405 20 1115 17 666 16 590
5688 -3.7243532503743526 3.9824035004063378 0.21159771219057885 117 110 110 0.90722986782893877 20 1133 17 685 16 613 15 555
5689 -3.584854331764503 3.8042911857951038 0.37016830847564458 100 96 97 0.54234621235791913 24 987 25 703 17 692
5690 -3.8060964975055054 4.2052848127644333 0.068144238731867937 75 64 62 0.21885812457799061 21 1657 17 710 16 629
5691 -3.5512007511732269 3.8031604847200708 0.45640346327039627 48 44 42 0.54105911282509211 24 990 17 727 16 1033
5692 -3.5187379063734094 3.779098151341739 0.54171908661619828 155 147 144 0.70782372830912743 21 947 17 731 26 647
5694 -6.1444968080222431 -2.5698951050006782 -0.89022434971708697 101 72 40 0.23647929441196242 18 59 17 748 15 575 16 57
5695 -6.1670957604560446 -2.6008645777437809 -0.8461924484126051 114 85 53 0.27366914418498567 20 0 17 749 16 59
5698 -6.2639322011281804 -2.5455238114448862 -1.0546138568097561 98 72 47 0.63361017529867369 18 686 19 1059 17 774 16 45 15 570 14 478
5699 -6.2580926066411262 -2.4561935760904512 -1.0761165827407748 153 127 102 0.29588392879867403 20 1891 17 778 16 92
5700 -7.2216571129786846 -2.5563626652316374 -1.583022244778759 203 194 177 0.39931252589675698 24 1620 17 794 15 891
5701 -7.1367499368603156 -2.5624943284673698 -1.283553418031482 185 177 158 0.39004601798898769 25 0 17 809 16 115 14 508
5702 -7.1086526658955762 -2.5578413873816426 -1.1176020072168376 123 108 90 0.55404614979418998 19 45 17 810 18 105 15 620
5703 -6.1196676923400082 -2.111617139048636 -0.46954857185405569 68 48 23 0.48991042254882122 21 1122 17 819 22 1797 15 905
5704 -6.5123405749853447 -2.1149371562332546 -0.43124211712804283 107 85 64 1.4101092715670855 20 1933 25 816 17 822
5705 -6.5384401240722463 -1.9958379086080138 -0.39365839337845315 64 42 21 0.83648206834942351 18 135 23 1544 17 825
5706 -6.943384929369766 -2.0683104964670043 -0.19052672510373461 71 56 35 0.6087143295184263 23 973 25 1370 26 1454 17 830
5707 -6.0754075351795818 0.36230457179308984 0.65205667259117006 29 21 8 0.29021015177400866 18 176 17 846 16 174
5709 -7.146955224551248 1.6897567718971258 -3.2174795293040108 138 106 65 0.54557411954700763 24 1746 17 870 15 667 16 779
5710 -6.3441473072591936 1.4384562274314863 -0.043791311901023831 59 38 18 0.74275854292760957 18 804 22 1393 17 876 15 672
5711 -6.9503771846043199 2.6024687966068827 -3.1925530127220338 161 153 138 0.70869468219121012 24 525 17 900 14 618 16 1126 18 1168 18 1370 13 1104 12 1471 11 1545
5712 -5.3493863111677191 1.3338644384558067 0.66721875562145128 86 58 30 0.57387465206150579 27 310 17 905 16 818
5713 -5.7207081454759665 1.409997673105551 0.99463775016119116 87 43 39 0.36814371964723075 28 830 17 908 16 819
5714 -6.3022147318770996 2.3583403442108017 -1.566836469908587 60 57 50 0.71228566497811552 18 1201 19 1248 17 939 16 846
5715 -5.7425844315972965 2.1702032339807125 -0.49176773140841279 27 18 11 0.39809759229029212 18 481 17 968 16 888
5716 -6.4163937435770553 3.2645201563532464 -4.1805432208229769 82 83 68 1.2298406062642482 18 1250 17 978 16 456 13 900 12 487 11 1620 10 1749
5717 -6.0894575230497656 2.8765855979694095 -2.756158309338721 58 55 48 0.99179937210140956 25 1891 17 982 24 2153 16 1355 14 902 14 1039 13 905 24 1488
5718 -5.592893044841948 2.9336114061424472 -3.7026105751474696 42 37 34 0.26999425144953904 18 1262 17 998 12 535 14 389
5719 -5.4486080949577991 2.1854756557631148 0.63856207104854379 17 11 7 0.91033993542491309 26 1165 17 1003 16 1188
5720 -4.0710312726732338 3.62890923560325 0.42651439145755349 32 17 8 0.56188142362863547 26 1258 17 1029 15 491
5721 -3.8554707444295326 3.7721434237336782 0.14929377576570263 18 10 8 0.58604253454955679 19 1364 17 1058 16 1000 15 502
5722 -3.9996110662184399 4.0989082392877165 0.11533527549840575 145 130 125 0.11872405397136132 20 2248 17 1070 15 1070
5723 -3.7117335714868411 3.8478880439395375 0.36472402808571885 74 73 76 0.37179444047973742 21 1603 22 1682 26 1296 17 1077
5724 -3.8301322158584741 3.9766162221720518 0.28861197808731881 24 25 27 0.21289341388117636 20 2241 17 1083 16 1010
5725 -3.6084478390004735 3.7750575580737511 0.3616685861930018 8 2 6 0.2642617849365172 21 945 17 1090 16 620
5726 -6.0141168005308758 -2.5909524943215905 -0.71513060022503727 124 95 63 0.5655123554882544 20 1166 17 1110 16 1044 15 880
5728 -5.8907898239382446 -2.0973698441922894 -0.082231781483747532 100 85 66 0.29340958621177055 19 1395 17 1140 27 1625
5729 -5.24017341777627 0.49238667523826313 0.56314065542026581 127 110 94 1.103542902036091 18 1130 28 1492 17 1160
5730 -6.1337551407503188 2.2058033342550396 -0.95331704713663024 23 20 15 0.12829766748012483 25 1519 17 1214 16 1148 15 962
5731 -6.9395257183078431 2.220868958739973 1.0066125544075331 23 16 8 0.73107476745477773 18 1211 19 1235 17 1219 16 890
5732 -5.4747543695903937 1.6705639355986717 0.8212654296468096 71 26 1 0.55382934112556004 18 1184 19 1212 17 1221
5733 -5.9960280197176248 2.7027762117336263 -2.8848719779373457 51 53 39 0.60399527304221945 24 1864 17 1234 12 1797
5734 -5.0928602608379796 1.7882728188183519 0.81525008849900404 119 108 92 0.59392195314804108 18 1536 17 1244 19 1819
5735 -5.8535203221794312 2.9927334995909476 -3.828824308498358 15 11 4 0.50855868494625944 18 1436 17 1248 16 1183 15 1012 14 897 13 1165 12 1129 11 1623
5736 -5.9529763402793172 2.9533070867614364 -3.6841366472281036 35 28 21 0.50704674560255669 18 1421 17 1249 16 1173 15 997 14 898 13 1166 12 1528 11 2191
5737 -5.6580979211637965 2.6677921075669038 -3.1733889538943774 139 130 120 0.62794057056543784 18 1243 17 1250 16 1348 13 1357
5738 -5.8591023890044607 2.5993492422367397 -2.1751121809267766 130 130 130 0.50193099514778772 23 2399 17 1253 25 1883 16 1178 15 1003 14 905 13 1368 12 1810
5739 -5.8197754994714703 3.1803290850530055 -4.10301193067773 107 100 90 0.94230913823229823 18 1440 17 1257 16 1192 12 1550 11 2190 13 1181
5740 -6.2824281493829908 3.1740127411566994 -3.6093173875580717 51 48 41 0.59206006525475474 18 1437 17 1259 16 1185 15 794 14 899 13 1363 12 1807 11 2820
5742 -4.9747448388339706 3.0687465205015392 -3.437742409640633 114 76 52 0.84021419924892304 18 1451 17 1280 16 957 14 737 13 1187 12 561 11 2580
5743 -3.6657552186223534 3.7603963606231021 0.41834223086525535 161 156 153 0.23681764300151939 24 1930 17 1321 16 1236
5744 -3.7395619506578899 4.1091404534718734 0.10264982931005741 160 146 145 0.63203904628331742 23 1915 17 1339 25 1316 16 1036
5745 -6.6307813480206486 -2.4278444768349843 -0.49582173986382211 139 126 109 0.21180680356384407 19 1392 17 1359 16 1264 15 1085
5746 -5.6518567394543764 -2.0572230070959279 -0.4430315387344374 74 54 21 0.60348973324673016 21 2057 17 1365 20 2296 15 1087
5747 -6.9302667213065998 0.81584706265044749 -0.5218584421149145 198 189 174 0.73849944477896867 19 1642 17 1378 16 1444 15 1229 14 984
5748 -5.9505723831890132 1.7260710495903218 0.02552031256977564 122 99 69 0.43387485330532538 19 1472 17 1397 15 1129
5749 -5.4942845727159417 1.350281461852449 0.88094561206441668 46 6 0 0.8238806231361665 18 1506 19 1466 17 1401 16 1122
5750 -6.2548046032285329 2.3240939387078425 -2.1112778055265213 29 28 17 0.65098998206881531 24 2316 17 1405 14 847
5752 -6.0940135858235385 2.5629722398186359 -2.175611572043342 51 49 50 0.67594885537534777 19 1829 17 1441 18 1655 16 1330 15 1153 14 1026 13 1476 12 1986
5753 -6.094013585823526 2.562972239818631 -2.1756115720433433 51 49 50 0.6759488553753642 18 1654 19 1828 17 1442 16 1329 15 1152 14 1025 13 1477 12 1985
5754 -6.2448581681318922 2.305250913963079 0.86794299715137457 8 5 0 1.4184096571024685 21 1888 17 1460 16 1352 27 1794
5755 -5.4873258480797622 2.056549276976817 0.79220753863882842 44 21 6 0.9534328437332652 21 2205 22 2372 17 1462
5756 -7.7662442778366794 -2.1739713166982719 -5.5477755561789586 145 119 96 0.61505384924764528 18 1477 17 1521 16 1421 15 1079 14 1087
5757 -7.6450162280438949 -2.1337215683952486 -5.5067871006863909 145 119 96 0.71805619650993879 18 1476 17 1522 16 1422 15 1080 14 1086 12 1888 11 2667
5758 -7.6575746816375521 -2.1798702535680117 -5.4385564766425984 229 226 224 0.69674382240805266 18 1587 17 1523 16 1423 15 1215 14 1082 13 1262 12 1889 11 2666
5761 -6.5753419777804556 -2.0901648950486247 -0.12849630524819894 67 51 38 1.0782763378409073 21 2318 26 2206 17 1533
5762 -6.4460939346961785 1.5565127343479428 0.76486379672701654 79 67 51 1.7055834609972471 18 1502 19 1464 17 1555 19 1463 16 1541 28 1757 15 1328
5763 -6.7668511602598569 2.7324883183608568 -3.1802414848528566 145 137 126 0.46558774843488049 24 2545 17 1561 15 1247 12 1964
5764 -6.5725682151791132 1.970895958266643 0.65160272810303466 64 57 48 0.66676701959421147 18 1516 19 1667 17 1566 16 1467 15 1254
5765 -6.1178865834227016 2.9038092666551609 -3.558201362624466 57 51 37 0.82611268341936717 18 1543 17 1578 12 1793
5766 -5.7410589786594475 2.5122012466039827 -2.2430735452285115 5 7 4 0.27221236972805851 18 1668 19 1836 17 1581 16 1487
5767 -6.469931052488989 3.4991876758082627 -4.1993998609035685 58 53 47 1.4325351751480111 18 1562 17 1599 15 1283 14 1136 13 1377 10 2976
5768 -5.6825873800484441 2.5739282223171305 -0.41552962543745053 36 36 31 0.71826203569323666 18 1675 17 1601 16 1495 15 1286 14 1050
5771 -5.9316575563833389 1.8053110739895664 -0.034454463060661085 30 19 16 0.62403505138118109 18 1627 17 1675 19 1802 16 1543 15 1335 14 1180
5772 -5.6567107244907744 2.310433240305954 -0.67856263726770172 4 4 2 0.59819175487408593 18 1670 19 1830 17 1693
5774 -5.8467918319634791 2.6907319294281047 -0.40211993347180325 11 12 7 0.52064470265863105 18 1676 17 1701 16 1568 15 1362 14 1253
5775 -4.9215947455697222 2.2655642468091082 -0.18189057218330273 0 0 0 1.9989385172529057 18 1734 24 2554 17 1703 23 2568
5776 -5.0969372330523033 -2.3128676328091458 -0.65715846628481667 82 71 62 0.32063346295493506 18 1685 17 1722 16 1587
5777 -6.8748243399287343 1.2186752979059912 0.64231716345537315 135 123 106 0.27477164981400937 27 2261 17 1736
5778 -6.5118496162373871 1.7923681066485895 -0.048032783910746141 137 102 64 0.55315073908662671 18 1706 19 1894 17 1741 16 1539 16 1606 14 1231
5779 -6.289308381942682 2.2902659399223739 -1.4157182501935177 57 54 50 0.70538388721720346 19 1955 17 1748 16 1612 14 1237 13 1666
5780 -6.2046233367714922 2.4409308248640693 -1.4863903795803612 63 65 56 1.1034187044013719 18 1725 22 2979 26 2723 17 1750 15 1397 14 1242 13 1619
5781 -6.3057956028795061 2.2845206238130329 -0.16963642402742776 17 17 15 1.1566972490421572 18 1772 19 1956 20 3028 17 1751 16 1618 14 1246 15 1401 16 1556
5782 -5.0428602280874877 2.5240611443770846 -1.0796005469443837 42 41 38 0.70864859385447387 18 1739 17 1758 16 1569 15 1411 14 1206 13 1630
5783 -4.985946921207038 3.0736954302311461 -3.334846511531349 122 74 41 1.0127456222828253 18 1790 17 1763 16 1631 15 1414 14 1255 13 1579 16 1570
5785 -6.2881764845773827 3.0065635782255975 -3.7078568858466627 97 91 79 0.46521573039824993 18 1818 17 1802 16 1683 15 1442 14 1289 13 1670 12 2277 11 3166
5786 -6.0058488746147702 3.1861736102367857 -4.1175247573275433 94 90 78 0.80994594706093315 18 1824 17 1808 16 1687 15 1445 14 1293 13 1673 12 2202 11 3168 10 3397
5787 -5.977160244384037 3.1708218157273262 -4.1093602384977137 94 90 78 0.70558944495553833 18 1825 17 1809 16 1688 15 1446 14 1294 13 1674 12 2203
5788 -5.8732482436340803 3.1137587390943917 -3.9325640334048746 4 5 2 1.3534573638499845 18 1783 17 1810 16 1689 15 1447 14 1295 13 1677 12 2108 12 2280 11 3170
5789 -5.4152444902613901 2.8332325849983122 -3.0716844207275891 10 10 5 0.86712207682523312 18 1826 17 1812 15 1452 14 1296 11 3247
5790 -5.0436992490979655 2.7784185295862938 -2.8603377361425268 23 19 16 1.0327776932635919 18 1833 17 1816 15 1456 14 1303 13 1681
5791 -6.1331867303540895 -2.6534330895459628 -1.1892492933327772 122 91 63 0.91033162284175284 18 1791 17 1825 16 1644 15 1462 14 1263
5792 -6.1025791825717564 -2.6359678488457168 -1.1945385952804386 122 91 63 1.1778373047432733 18 1838 17 1826 16 1645 18 1792 14 1264
5793 -6.1342528664835383 -2.4649727488419102 -1.1575912557813639 126 100 75 0.80102434887852569 18 1746 17 1828 16 1647 15 1463 14 1308
5794 -7.2495199003583419 0.91251720334138064 -3.2590319511278856 139 104 64 0.58851060764480856 24 2713 17 1837 15 1469 14 1313
5796 -6.4472566556867168 2.199967265313481 -0.30005170756713295 130 120 111 0.35157572004671694 18 1812 19 2019 17 1852
5797 -5.5901750819702594 3.1734760088334135 -4.2088432937991254 113 108 89 0.83952304920785303 18 1829 17 1860 14 1299 13 1675 12 2278 11 3172
5798 -5.0647495120328552 3.0473195962855653 -3.4355854380097561 9 20 12 0.59455714455971354 18 1834 17 1867 13 1683 12 2286 11 3174
5800 -5.6547044944035498 2.9714621213205548 -3.2191942786680832 9 8 1 0.76914180086644524 18 1887 17 1904 16 1770 15 1524 14 1358 13 1766 12 2415 11 3321
5801 -5.7164128301318486 3.1192917488081009 -3.4727486412790642 51 48 41 0.77476631005727481 18 1876 17 1905 15 1507 14 1348 13 1746 12 2414 11 3320
5802 -6.387689447809306 3.1512397979545272 -2.3056068751050831 55 52 45 0.97097986129570224 25 2524 17 1906 16 1771 15 1526 13 1767 12 2431
5803 -5.0537048894108478 2.9047492019798158 -2.795217035685166 29 30 25 0.46568121059070089 18 1878 17 1907 16 1755 15 1509 14 1349 13 1747
5804 -5.3112635254201512 2.6137627224288869 -0.28786940724728677 23 24 19 1.6522319193662094 18 1888 19 2104 17 1909 15 1528
5805 -7.6842285206092145 -2.4722040199466688 -3.9773441464317489 219 209 196 1.0038558839453002 18 1881 17 1913 16 1775 15 1533 14 1363
5806 -6.3729582886339813 -2.4527441747465391 -0.53020746907475214 47 38 21 0.15160950874833357 18 1883 17 1915 16 1777 15 1534
5807 -6.0383900249763443 2.3884931916737742 0.021481170970725501 8 9 4 0.51996161734499347 18 1892 19 2112 17 1918 16 1779 15 1537
5808 -7.5809509344490955 1.1066664452290123 0.74276727270052445 145 132 115 0.54203284916388572 18 1897 19 2119 17 1930 16 1788
5809 -5.659998009118052 2.9397159120179572 -3.3912945649195079 49 42 36 1.0626691932424548 18 1904 17 1939 16 1798 15 1558 14 1385 13 1797
5810 -5.930897832803363 -2.1502401711577761 -0.48075140445396286 81 61 38 1.3657665689462763 21 58 22 1164 18 110 17 139 26 1446 19 632 15 623 25 1368
5811 -3.7782897619475637 3.6231499132472349 0.3778124359987608 76 78 86 1.0314744345472409 28 503 21 1578 25 1267 17 1049 27 524 22 906 24 903 19 1008 23 1403 16 557
5812 -6.4872865467442562 2.1192703281909409 -0.67366019854268877 39 31 21 1.4339891188633485 20 657 18 330 17 334 26 1068 20 656 19 265 22 562 24 491 16 291 14 621
5813 -6.7826072360495635 0.95047076577089273 -0.75352427157931445 181 174 164 1.2915152154286498 24 1739 25 1445 19 756 23 1664 17 1159 20 1455 21 1304 18 791 17 862 16 763 25 207 15 658 14 816
5814 -5.0690715752245445 -2.1778285877568351 -0.61200874427879093 60 49 33 0.62514426605774032 21 1101 18 695 17 753 20 41 19 21 16 679
5815 -5.8835073951862125 2.2831805780717827 -0.31395574194337084 31 17 4 1.0176821022242368 20 2478 19 1514 18 1405 17 1237 20 1612 19 1272 21 696 14 715
5816 -4.6443578788232625 2.2297554138861453 0.66264229581087708 81 51 36 0.73607669483342042 28 912 21 1489 26 489 19 440 17 1285 28 1581 25 1580 16 963
5817 -6.2606810728106872 2.2566526605463397 -1.7032743675389188 138 129 120 0.85356204567932481 20 2138 26 1651 24 1791 18 843 17 322 21 641 24 1350
5818 -6.2861704266341558 2.1381409424132247 -1.8554992154269649 50 43 35 0.7000290113852069 19 262 17 295 15 709
5827 -6.5370781424623221 3.1444900481265097 -4.184903306567298 72 69 64 0.77125905671413497 18 942 17 1226 16 1171 18 1411 12 1506 11 2164
5829 -6.5090920719590253 3.1450665322436318 -4.0129244458198032 100 95 90 0.39449631348556569 18 1541 17 1593 16 1346 15 1272 12 1983 11 2814
5831 -6.314980726122382 2.8727339961977885 -3.6269349870690744 29 28 14 0.5496474205561267 18 1779 17 1801 16 1615 15 1395 14 1240 13 1616 12 2195 11 3093
5832 -5.9553758258369776 1.8464999983672616 -0.057758679097171903 38 30 22 0.56752563271178258 18 300 17 343 14 262 26 315
5833 -6.5277746106812087 1.9325754017813896 0.57813507107123441 66 61 52 0.51844110369778251 18 303 17 349 16 299 15 302
5834 -6.4980554561977302 1.9521985703324118 0.69746622736466135 30 23 15 0.90215807134919823 18 859 17 354 15 309
5835 -6.4526588960095346 0.42347825518081711 0.99643503536890243 5 1 0 0.69337979894366786 18 779 17 853 16 1095
5836 -6.787081488542694 -2.5921698862004132 -1.0707591465930311 195 187 174 1.0861263951977684 18 1747 17 1778 16 1648 15 1376 14 1219
5837 -6.2768617085044127 -2.758584353902239 -1.02838333458503 145 120 90 0.18722490098720981 18 42 19 586 16 18
5838 -7.4506503613268453 -2.3223056071142647 -4.2550663162559266 127 98 52 0.36503360348506259 17 745 18 680 16 43
5839 -7.3277876884429407 -2.2506548386745626 -4.1169791302006153 143 122 24 0.86715590287344835 17 53 18 683 16 44 15 56 14 504 13 626 12 826
5840 -6.277531915831843 -2.496482985852817 -0.97033233571935995 154 128 103 0.94809519580084745 20 26 16 51 27 691
5841 -7.199762950819359 -2.1692584903787124 -4.0949672883596104 217 171 51 0.7817489834024588 17 54 18 51 16 84 14 66 13 33 12 29
5842 -7.3735705127369044 -2.2025074308488288 -4.0960262324759649 179 138 66 0.70204736544607604 17 56 18 702 16 85 15 58 14 520 13 628
5844 -7.0859034800836946 -2.6187974287561846 -1.1882920444485057 197 186 166 0.54255223734849889 19 621 16 91 15 69
5845 -6.1833713779389434 -2.079401857790744 -0.46072223028290649 83 63 38 0.53260639230499118 23 34 16 133 15 108
5846 -7.3933090283948131 -1.6449816174106111 -3.9353747420250698 145 127 85 0.50529149866638368 17 145 18 751 16 138
5847 -6.8395130952510916 -2.135414976744928 -0.024613405182306345 46 29 11 0.62777336931413796 22 47 26 18 16 144
5848 -7.0239473897193241 0.73291996868613962 -3.552794036687517 174 135 33 0.82114294949924016 24 1180 16 159 15 137 14 563 18 1109 13 709
5850 -6.3088553509025633 1.4542198483488464 -0.040273438533904922 112 91 69 1.0598534297969529 18 247 19 217 16 219
5851 -6.9505950442515818 2.1031938852081016 -1.8172865288339934 159 150 135 0.67644485560248768 20 2424 25 275 16 226 15 693 13 293
5852 -6.1826648127502217 1.9357676083035156 -1.7272359119733056 171 163 144 0.70789142136977246 17 261 24 1294 16 267
5853 -5.45617152098656 1.430149570998706 0.67446601641455806 142 98 75 0.53173110022120851 18 281 24 444 16 279 25 1026
5854 -6.6099258327066508 2.610332115095177 -3.9493845524923845 112 104 85 0.49597205788965659 17 895 18 842 16 283 14 598 13 306 12 385 11 1516
5855 -6.6302520604324888 2.6899454185230152 -3.7768281413612095 124 117 98 0.39225673271334099 17 315 18 1167 16 285 13 806 11 1541
5856 -6.8804145551672438 2.533141405231464 -3.2022479810647524 57 50 19 0.57643402934140564 18 288 24 524 16 286 15 238 13 309 12 390 11 1523
5857 -6.5480185431603033 2.0930860227478236 -0.58461312876334715 11 4 1 0.23509308408074547 21 1389 16 292 15 711
5858 -6.5480185431603033 2.0930860227478236 -0.58461312876334715 11 4 1 0.23509308408074547 21 1388 16 293 15 712
5859 -6.695349843820491 2.9227765288454921 -4.5239130899445126 34 24 12 0.53296672613369778 17 313 18 864 16 311 15 259 14 195 13 328 12 383 11 634 10 1690
5860 -7.1567977880722342 3.0220802889763605 -4.5870504406597368 162 154 142 0.64938169969655191 17 910 18 1188 16 314 12 384 10 1667
5861 -6.7846583070150661 2.6932008516143586 -3.2901335887034904 55 47 35 0.36858246412367918 17 317 24 1382 16 317 15 266 14 202 12 427 18 318 11 641
5862 -6.529207194540712 2.3506788618292567 -1.0103971015636719 7 8 0 0.47494902909411413 18 391 16 329 15 281 14 246
5863 -6.0287902292460345 2.5943935548414534 -3.0783241687743441 43 35 24 0.68482124943876854 19 1282 16 361 14 639 15 983 17 1205 13 1131 12 1511 11 1601 11 2553
5864 -6.0904637177978955 2.5917803089825084 -2.994324436615198 132 124 112 0.71088988392126784 17 388 18 906 19 1283 24 1451 16 363 14 234 13 356 12 465 11 1602
5865 -6.1356113255500544 2.4647034154383429 -1.6115261549555417 7 6 2 0.46908002568302493 24 643 16 377 14 315 13 407
5866 -6.7250724561670907 2.1954895830423093 0.73529160482971534 42 39 30 1.0308105419226783 22 573 23 484 16 414
5867 -5.3670545719738616 1.8091788753347355 0.80318308456962373 124 83 30 0.56935850931188792 24 559 16 426 25 371
5868 -5.7445171380502273 2.4728644048545334 -1.9999239732129943 31 36 32 0.23010808481381154 23 604 16 438 24 710
5869 -5.5253661089195889 2.283809769077076 0.095817095703712496 12 12 4 0.63074762123537464 18 979 19 905 16 473 15 803
5870 -4.9484428205237849 2.9704159067002847 -2.8113962065137597 56 10 0 0.72596561468579968 24 1516 25 1229 16 502
5872 -4.7395852604294966 3.5941379287455124 -1.6456506004507456 247 233 216 1.2129076904110359 22 904 23 739 25 611 16 523 13 521
5873 -3.9513807980807951 3.7547349781732491 0.11593728447563911 21 10 8 1.0165431047642077 17 624 28 970 16 542
5874 -3.8212582325442774 3.6623148875854206 0.27275261802103562 61 60 57 0.2507692739912511 17 630 19 556 16 553
5875 -3.6727774555893271 3.9547164724937134 0.29292478612201495 29 31 26 0.30986377251866787 23 855 25 721 16 618
5876 -7.5135372014678472 -3.0294640376192361 -3.6385186945808092 194 188 172 0.42515198794756887 18 1297 16 644 14 775
5877 -6.1913181939323794 -2.4798471876400852 -0.88522220081183201 101 75 52 0.18721749189839818 20 1191 16 670 15 31 17 75
5878 -5.1177393094986678 -2.1220546026317693 -0.59959126021317533 58 47 29 0.56649973089354189 18 1075 16 678 15 594
5879 -6.2173197616033464 -2.4505129579894924 -0.96998228913939644 94 70 42 0.65931150935734928 24 1077 16 694 14 497
5880 -7.3462465713051968 -1.9295688127268154 -4.2881256380948036 87 74 64 0.61113701654094665 17 802 18 722 16 700 15 96 14 533 13 649 12 844
5881 -7.3443971441235965 -2.0047143255578992 -4.0393490462826254 109 91 44 0.62972083967948145 17 115 18 1080 16 703 15 616 14 535 12 1311
5882 -7.2857459524914479 -1.9815596673323344 -4.0286812109951118 109 91 44 0.65920714854676132 18 1081 16 704 12 1312
5883 -7.6225984422683757 -2.0088006050361309 -4.2354872681372511 183 171 153 1.3224053902719508 18 1321 16 713 14 797 15 899 13 1025 12 58 11 1873
5884 -5.8158656915734595 -2.0417158442477965 -0.48927484486500372 110 90 65 0.31328178793812023 23 1536 16 718 15 627
5885 -6.7251345150444992 0.9732578393460638 -0.4131929029206311 159 150 135 1.2848639743834696 24 1741 16 774 23 1669 14 818
5886 -6.3836481356136998 1.725591399755962 0.94671197469917101 106 79 37 0.77908416899989819 17 304 23 1168 26 1041 16 833
5887 -6.4865563259425265 2.718890922103208 -4.0951013438292403 109 101 88 0.61651798412843739 17 911 18 1189 16 838 15 705 14 198 13 802 12 1071 11 1539
5888 -6.262887748730888 2.2769137877942747 -1.5875023342107237 10 6 0 0.50828952849787323 17 325 24 1793 16 845 15 960 13 1135
5889 -6.3186306380600836 2.3286099732401842 -1.1395883302789587 57 54 47 1.1110311460902222 23 1253 16 847 13 882
5890 -5.7050238526717179 2.6053132400684902 -3.4121879668304906 12 19 14 0.50941288775495763 18 1399 16 870 15 747 14 878 13 1146 12 1112 11 1597
5891 -5.9490209615176939 2.5826388483913787 -3.2726069324905551 239 235 226 0.49219193693573399 17 1203 18 1218 16 872 15 723 14 637 13 1129 12 1779
5892 -5.8146289406578786 2.53305191442294 -3.2623236422383468 239 235 226 0.35153328539441264 17 1204 18 1219 16 873 14 638 13 1130
5893 -5.9798011269497611 2.5975990706735312 -2.9272166997972016 23 14 3 0.91638981502856109 24 2131 16 877 15 334 14 306
5894 -6.8655020908800291 2.4007420677628311 -0.01316673509142781 95 91 80 0.35367271963838753 18 885 19 857 16 886
5895 -6.0363284066977316 2.0461391217823679 0.86284489338494386 77 61 48 1.3949960448228911 21 621 16 891 20 1574 15 405
5896 -6.2045984376799996 2.9914145084286945 -3.6108495573314205 82 78 66 0.65598053742289852 17 496 18 971 16 897 14 702 11 1624
5897 -5.861163186820896 2.5399866389856043 -2.1173616155967991 37 39 38 0.65972138757107857 20 1693 16 904 13 445
5898 -4.7099064325052975 3.2448341832935554 -0.92043457565502773 114 76 56 2.0226782228620785 21 842 22 1627 16 972
5899 -4.3672543345469954 4.3583137440662529 0.23185715685530381 37 18 11 0.8486618963355449 20 2238 22 2670 16 998
5900 -3.6697276914023407 3.8136271627188765 0.38167276537274597 17 13 12 0.53185802564931628 23 1902 24 1576 25 1632 16 1015
5901 -7.5739278812940629 -2.0397531498978103 -4.0873267849305206 227 195 143 0.46554780625610093 17 803 18 1082 16 1068 14 800
5902 -7.1575824683717322 -1.6626904633811881 -4.0868649942565147 188 173 143 0.65326841033595817 17 131 18 1088 16 1072 14 809 13 659 12 1666
5903 -7.3966943091676374 -1.7960434213093293 -4.0903870852072393 185 134 13 0.5143726517569408 18 1090 16 1074 17 1362 14 540
5904 -7.2284300935979591 -1.5685446302344586 -4.0720243368102711 125 111 73 0.795476545271665 17 1138 18 1093 16 1079 14 542 15 113 13 664 12 871 11 124
5907 -6.4393274692004123 2.7452262219280703 -4.0677600284151074 241 234 226 0.50259275502060952 17 1184 18 1383 16 1135 15 720 14 614 13 1114 12 1470 11 2138
5909 -6.7606840308524374 2.7649719275630784 -3.2000191537790941 136 130 117 0.86024158658602623 24 2337 16 1142 14 861
5911 -5.8130185631583444 2.6608012266812815 -3.0379582931104059 24 23 19 0.82564959789593595 17 1233 24 1862 16 1174 15 984 14 673
5912 -5.9577881385480556 2.7779310949042815 -2.784736072381536 35 30 24 1.0680232733027106 17 1454 18 1425 19 1531 16 1175 14 1038 13 1168
5913 -4.9680968674391996 2.027226777799509 0.20941704024940061 0 0 0 1.1051512643630128 23 1786 27 1796
5915 -5.0003633277589801 3.6359898343721109 -2.6873610658937532 41 17 0 1.021709169250165 18 1282 19 1735 16 1207 15 831 14 936 13 1195 12 1193 11 2249
5916 -7.242075421541422 -1.9964451465705919 -4.0669978074774535 226 191 156 0.82775118661223768 17 1350 18 1319 16 1259 13 1263 14 799 16 702 12 1653
5917 -7.2177400871170212 -1.9890340592307152 -4.063420584299517 226 191 156 0.98185122943051106 17 1349 18 1320 16 1260 12 1654
5918 -6.7901659189513399 2.0664329977224623 0.088629999772488602 44 39 26 0.33214006755618042 17 1414 18 1160 16 1303 15 1127
5919 -6.2700350415930997 2.7069881352338614 -3.5768683673843653 122 38 36 0.40480148822922901 17 1419 18 1397 16 1311 15 1142 13 1123
5920 -6.8547536678580734 2.881632703596368 -2.5013113959687381 24 27 10 0.34432781752444569 17 1579 23 2558 24 2471 16 1328
5922 -6.6298596594073125 -1.9392050860709271 -0.42466917690833977 78 63 44 0.66526394950181589 18 1598 16 1434 17 1643 15 1224 17 1644
5923 -5.3187737342177206 0.25773020015960635 0.50738584401519149 23 17 7 1.133507057988129 17 1541 19 1438 16 1442
5924 -6.3713942225045992 2.1509117893425866 0.81383944262937602 26 23 15 0.72724097411404076 19 1679 16 1479 15 1350
5925 -6.8391137530078057 3.2871456654595548 -4.5881868007857287 79 76 67 0.3095020514578174 18 1665 16 1483 12 1972 11 2804 10 2965
5926 -6.2111142698705955 2.3269437964976651 0.33624598915816428 38 35 30 0.42925126648288625 18 1534 16 1488 15 1278
5927 -7.2772750371948174 -1.6417582742760493 -4.0961713764782788 114 95 48 0.51168996203315198 17 1641 18 1594 16 1527 15 1315 14 1163 13 1519 12 2040
5928 -7.4556820861468118 -1.7210951396822136 -3.9817045597130751 141 111 48 0.64999396315584457 17 1531 18 1596 16 1528 15 1222 14 1090 13 1437 13 1520
5929 -6.2493381747788872 2.7268543025645275 -4.1014725456971339 52 45 39 0.89648716244743665 18 1714 16 1544 15 1337 12 2089 11 2947
5930 -6.2493381747788872 2.7268543025645275 -4.1014725456971339 52 45 39 0.89648716244743665 18 1715 16 1545 15 1338 12 2090 11 2946
5931 -6.577111985358373 2.9030943251685182 -3.7666706506785741 112 106 89 0.94988416192309233 17 1571 18 1525 16 1550 15 980 14 1007 13 1548 12 1973 11 2957
5932 -6.0069166221021666 2.3483686533130874 -1.0369985954420275 32 33 28 0.4028732713760822 17 1687 18 1728 16 1554 15 1347
5933 -4.9949249051059672 2.9347679708295233 -2.79990876543236 24 21 14 0.63325972048295476 18 1744 16 1571 19 1928 15 1365 24 2615 14 1208 12 2208
5934 -5.2168072085719119 -2.220437661050759 -0.68905936079107366 84 69 48 1.8954556136102247 18 1686 20 2910 16 1589 21 2620 15 1311
5935 -7.4890795584625671 -1.564038836784126 -3.969222809618937 194 187 161 1.3337011047768359 17 1782 18 1692 16 1596 15 1317 14 1164 13 1594 14 1224
5936 -7.284831732902413 -1.2048222539887377 -3.9651877073811694 158 117 29 0.50445631680812697 18 1694 16 1598 15 1382 13 1525 12 2157
5937 -6.6492251704121319 0.83638158415501929 -0.99437328144512704 166 157 142 0.7954315185642522 17 1652 18 1699 19 1783 16 1600
5938 -7.4061652262580422 -1.4903124410645341 -4.1767956454951545 203 190 171 1.1758561377392793 17 1781 18 1796 16 1651 15 1426 14 1268 13 1643 12 2322
5939 -6.5482337836896223 3.0372050690966885 -3.9225261055198377 41 32 25 0.60008250225828275 17 1855 18 1817 16 1682 15 1441 14 1288 13 1669 12 2274 11 3165
5940 -7.3784462772635271 -2.2404447474817011 -4.2100776285275066 171 108 11 0.54725839014251043 17 1827 18 1793 16 1705 15 1464 14 1309 13 1701 12 2312
5941 -7.5432584765810402 -2.1196283821335151 -4.3380217054741488 200 189 168 0.51108440427529001 17 1830 18 1794 16 1707 15 1465 14 1311 12 2315
5942 -7.6258266190821962 -1.8710491810830781 -4.2966320843403594 201 194 175 0.66463216949776605 17 1831 18 1841 16 1710 15 1467 14 1312 13 1705 12 2318
5943 -6.905121959927726 3.1975571626796557 -4.3930445583249735 139 134 128 0.44696449392860005 17 1854 18 1815 16 1726 15 1484 14 1322 13 1664 12 2273 11 3241
5944 -5.400350116700376 2.2028658398694017 0.10445906093599042 13 13 5 0.27204079861261732 20 3085 21 2778 16 1729
5945 -7.1394398215966621 -1.7966410441596674 -3.8928765942659247 207 198 176 1.1430236408913419 17 1874 18 1842 16 1737 15 1494 14 1333 13 1734 12 2357
5946 -7.4680614534342613 -1.685002774600965 -4.0824580138664883 159 105 7 0.40766242728288116 17 1875 18 1843 16 1738 15 1495 14 1334 13 1735 12 2358
5947 -7.5538426349178351 -1.7104766597531846 -4.0973841966665292 159 105 7 0.2823258037776018 17 1876 18 1844 16 1739 15 1496 14 1335
5948 -4.7104611448805374 2.4748858942524765 -0.075116715833922085 113 72 44 0.83112694059861725 18 1859 24 2701 16 1757 15 1512
5949 -6.1570410865744529 2.1268365850586135 -0.92853948383160934 32 28 20 1.9002762604226948 22 1974 26 379 23 1223 24 1357 19 1226 18 849 17 1189 16 331 16 1147 20 2863 23 2362 25 2204 21 2567 18 1515 21 2406 26 2025 20 2683 15 286 14 250 13 844 13 1347
5950 -6.4014095685481376 -1.9645838030291343 -0.1288777490194486 54 47 35 1.3218441965417418 16 1086 20 2598 22 2511 24 2247 15 911
5951 -5.1716444522814466 -2.2174085989032095 -0.62269790229967281 115 98 78 0.84721064012793457 18 1479 17 1524 16 1249 20 2276 23 2269 27 1917 19 1382
5952 -4.8308833946874667 3.6786907674666742 -2.0589891508409095 53 32 21 1.1290525295464411 23 2433 24 2385 25 2117 16 1377 17 1488 18 1578 19 1739 15 1047 14 1067 13 1394 12 1838
5953 -3.8378482232460631 3.6339505903759557 0.41047247493609773 27 26 34 0.95603331386508383 27 1536 26 1741 23 1879 24 1914 19 1585 17 1310 16 1228 28 502 21 897 20 1047
5954 -5.6676363134729426 1.8470955582275024 0.83921120504201019 118 85 67 0.52935773215168413 19 1492 17 1432 16 1344 27 2029 25 2049
5955 -5.8774353410461764 2.9321804371514451 -2.1675237134116561 13 14 8 1.0819094344839753 20 2990 18 1555 16 1494 17 1700 15 1176 14 1048 12 1818
5956 -6.434180561028553 -2.0787004233473718 -0.027922523518840142 74 65 54 0.72000629895172186 25 1372 26 1874 20 2305 23 1961 18 1103 16 1082 15 1096
5957 -6.1659660863347128 2.4364081384291305 -1.9286746842282401 46 46 44 1.4392707897079522 20 1668 17 397 16 368 24 1386 25 1124 19 874 18 871 15 339 14 240 13 873
5958 -6.1248655059104724 2.9209704764403228 -2.8074415812004072 6 5 0 0.91623037740252855 18 974 17 504 16 930 24 2152 25 1890 18 1423 15 1015 13 904 12 1151
5959 -6.6918251273255454 2.6718797272525268 -3.8007589888595317 165 158 139 0.44636803918489965 17 1403 18 1369 16 1124 15 1123 14 841 13 1115 12 1758 11 2523
5960 -6.5689460369209236 2.7165394637903106 -3.5894366741715649 157 126 106 0.73509615750926394 17 912 18 1191 16 1137 14 616 13 807 12 424
5961 -6.1001926360124568 2.5941422925997122 -3.2827091968437498 70 67 58 0.19127326005922818 17 935 18 1385 16 1141 18 1194 15 725 14 636
5962 -6.6074450007364733 2.5692843254786601 -3.7402416653582002 107 96 78 0.65957627332927637 17 1668 18 1712 16 1457 15 1330 14 1175 13 1542 12 2085 11 2943
5963 -6.474618839988616 2.6919725158853964 -3.38519857320173 47 36 32 0.43032656732267033 17 1747 18 1771 16 1611 15 1391 14 1235 13 1613 12 2190 11 3087
5964 -4.7227505132257361 3.5828986093187396 -1.6479671690626425 247 233 216 1.6996381624607559 21 1572 22 903 16 522 15 477 14 424 13 520
5965 -7.4889679515102667 -2.3100651712088354 -4.2552289314679053 200 144 29 0.55681041953872645 17 51 18 681 15 52 14 31
5966 -7.1862744260097537 -2.1511469611334308 -4.1808551568943466 135 97 28 0.9296111899937769 18 682 15 54 17 771 11 1147
5968 -7.7080712153774495 -1.9931502097112301 -5.4600228133245672 187 180 152 0.69114984714237993 17 45 18 700 15 81 14 78 12 71
5969 -6.7966406624845721 -2.4067576870663716 -0.90399916811310654 159 152 136 1.2159268016903451 21 36 22 19 15 88 14 971
5970 -7.1207418718226778 -1.6644639353422161 -4.0354784056547386 158 106 12 0.85191000425805319 17 812 18 746 15 104 14 90 12 1333 11 1878
5971 -7.4753424085850009 -1.6493691282659637 -4.1830289210444862 150 139 111 0.51035434713212402 18 125 15 112 12 101
5972 -6.9254947688000437 -2.098953261480708 -0.25712393837555558 49 30 13 0.61502223654760257 20 1239 21 1136 15 118
5973 -6.6941256527777462 1.5590156749308961 0.0010240382908272474 101 75 50 0.35740542770789624 17 234 18 245 15 180
5974 -6.0523485905087586 1.4941441160361553 0.26869819956648955 98 66 25 1.3357781559549318 20 546 25 243 15 216
5975 -5.8499290528017394 1.5400542182000621 0.2321555099038094 71 38 0 0.62688550611391014 17 890 18 270 15 217
5976 -6.5503000293442524 2.1318282196052629 -0.86682595423839215 141 132 117 0.53229401397430209 22 561 15 242 26 346 13 333
5977 -5.95706701700417 2.5869837601456176 -3.3252005327870457 142 133 123 0.53980047956042521 18 903 15 265 14 231 13 826 12 462 11 1573
5978 -6.6876353421864128 2.2534413244899665 -0.91077957804963272 12 8 1 0.25660079369093747 17 331 18 327 15 283 14 247 13 368
5979 -6.2659847457510347 1.9227195374655863 0.20882163874310364 70 65 59 0.19285481853520051 16 828 18 336 15 296 14 658
5980 -6.5966923784262965 2.9597399750238145 -3.7370102576672193 34 32 24 0.8349885301307165 16 356 18 436 15 324 12 459 11 1571
5981 -6.0308569585924756 2.156309353202476 -0.72161050960052542 76 72 72 1.0318324561025318 17 408 18 884 15 351 19 331 14 327
5982 -5.9413882254559853 3.1027816701235267 -3.9957946624202321 12 5 0 0.62262785458662828 18 987 15 410 14 701 13 433 11 1622
5983 -6.141364447151175 -2.448213393555422 -0.96964953468176029 137 112 82 0.83140311405657263 16 668 21 1081 15 586 20 29 14 480
5984 -6.1786587922333513 -2.4698946101513441 -0.95550180157567211 137 112 82 0.51701286833209181 16 667 21 1080 15 587 20 30 17 781
5985 -7.4569556861162596 -2.0800607427457645 -4.1483732891671234 165 141 105 0.27302637413125952 17 1118 18 723 15 615
5986 -7.360795175670904 -1.6953944950541802 -4.0268163480101542 204 172 49 0.65450827054460936 18 113 15 630 13 663 16 1076 12 1334
5987 -6.8824603894415102 0.93301955680433957 -0.683056215340901 178 168 156 0.63908794457456874 26 1560 15 660 14 817
5988 -6.91499344139313 0.99588385352719333 -0.42590960081304036 162 154 135 0.78343732002197219 18 1127 26 1006 15 663
5989 -6.3266379252442384 1.5647881570541311 -0.12591013723316277 122 98 74 0.93122672935560336 16 794 23 327 25 241 15 681 14 165
5990 -6.5831123650498906 2.4287263544602204 -3.3083324749911074 76 48 20 0.49968975186077519 16 803 17 897 18 832 15 688 14 599 13 782 12 1073 11 1520 11 2120
5991 -6.5831123650498906 2.4287263544602204 -3.3083324749911074 76 48 20 0.49968975186077519 16 804 17 898 18 833 15 689 14 600 13 783 12 1074 11 1521 11 2121
5992 -6.135869090210643 2.0854675551903568 -1.1568350374873178 141 134 114 0.72444874631732581 17 328 20 702 15 710
5993 -6.5737832226591575 2.651917749152553 -3.3908037963251356 56 42 30 0.55331724633360513 16 840 17 913 18 869 15 722 14 617 13 808 12 1091 11 1542
5994 -6.5421507343756167 2.5548264207078799 -2.2273529639971015 52 53 39 1.0641480900160787 18 379 19 1261 15 727 14 237 12 1513
5995 -6.5938144517349668 3.0578105917518847 -3.9123984011325201 60 56 47 0.5946348181158122 18 1238 15 746 17 431 14 296 13 860 11 714
5996 -6.3745883160168475 2.5619182655333126 -2.1231009026791621 40 41 36 0.63760362731276654 19 1507 15 751 14 678 13 1150
5997 -5.8852280708243843 2.3221195937056427 -1.4764946329489124 102 27 28 0.66524462888654923 17 941 22 1546 15 758 14 683 13 878
5998 -6.2988818693094215 2.3580452299967054 -1.3109459527887102 122 98 98 0.45955833926564738 17 943 18 1387 15 759 14 864 13 1151
5999 -6.2864295490198208 2.2738904271018656 0.83588414541494771 20 13 3 0.28554939151742265 19 865 28 1258 15 790
6000 -5.6274151373701873 2.4940652290307708 -1.189077509672396 0 2 1 1.3139917433095578 20 1703 21 1936 15 799 13 925
6001 -6.4003402282764688 2.3266783378771949 1.122498198534142 36 20 7 2.1997041693775032 22 1506 15 805 21 657
6002 -7.6297086337719211 -1.746534296270668 -3.9501622624635537 214 200 161 0.3469618870860301 17 1139 18 1094 15 909 14 810 13 1039
6003 -6.5902102650296657 2.136069627039836 -0.099765529052159602 100 92 79 0.74960478409407028 19 1228 26 1074 15 967
6004 -6.873649949155797 3.1889897804237259 -3.9044590502460199 34 30 21 0.8473323271133133 17 1228 18 1413 15 979 14 876 11 2165
6005 -5.7098674031289853 2.6154722066989429 -3.4567615436840331 148 111 96 0.53768094052334381 17 1230 18 1526 15 982 14 877 13 1355 12 1778 11 2552
6006 -5.2510648957688408 2.6029027272975505 -3.1264685222720314 92 82 70 0.3810381863545178 18 1422 15 999 14 901
6007 -5.8981055359488952 2.7531146222349521 -2.8323357725928457 46 43 38 0.56287956365721603 18 1414 15 1000 12 1552
6008 -5.9896518112495816 2.4346015484698142 -0.40919036383312291 38 39 32 0.51132667112861807 18 954 15 1018 14 724
6009 -4.7645916208325723 2.4008109305763048 0.011059757063656485 32 23 15 0.16418869493660296 16 1201 25 1202 15 1040
6010 -3.832081225052451 3.6838688415837302 0.10584083718895186 122 118 111 0.33801137879501647 16 993 17 1045 15 1059
6013 -7.6165697400546888 -2.0152791501251155 -5.4806411065562033 120 95 34 0.77885764435247029 17 1525 18 1478 15 1081 14 1088 13 1268 12 1316 12 1658 11 2352
6014 -6.4501037238963503 2.4959574073097461 -1.0573659803738094 55 56 50 0.8324683868999001 21 2575 26 2313 15 1155
6015 -6.4501037238963441 2.4959574073097439 -1.0573659803738107 55 56 50 0.83246838689992497 21 2576 15 1156 26 2312
6017 -3.8872178789513985 3.7494047965868575 0.083496743326837639 105 98 91 0.5799508191054521 16 1387 17 1498 15 1202
6018 -7.2259061398091431 -1.7357276593750934 -3.9771804611457067 210 185 145 0.56607581898298986 17 1637 18 1595 15 1221 13 1518 12 2039
6019 -6.3358411730775384 2.3981490330453354 -2.2270623438258532 8 9 5 0.62265546476376366 16 1313 17 1672 18 1634 15 1249 14 1114 13 1551
6020 -5.4862514455220932 2.3492310970094001 0.037520528179312646 16 9 0 0.73446009242886401 19 1529 15 1287 18 1428
6023 -5.4336907667034486 2.8188949118795699 -3.6892476730184169 55 56 51 0.41590969147831425 18 1731 15 1354 13 1565
6024 -5.8393191332010375 2.3846049428754323 -0.52238352052273973 5 6 1 1.288367766079453 27 2194 15 1357 21 2427 14 1202
6025 -5.5869248176371222 2.9160968673312997 -1.8083822468486574 42 43 38 0.83684489685671937 16 1496 17 1602 18 1785 15 1360 14 1205
6026 -3.8703412040254954 3.8077570241473833 0.21127804012632273 5 5 5 0.41884447935002883 16 1573 17 1711 15 1368
6027 -5.1495825698288478 3.2131886890094217 -3.53551880590173 118 69 40 1.1814742237705294 17 1866 18 1835 15 1458 13 1685
6028 -6.2490113557072595 2.9424686909290725 -2.2707651741453523 50 47 40 0.66139405875218793 23 2821 15 1487
6029 -6.7141903584849292 2.5578754744848897 -3.5175098805558274 165 153 131 0.65314679793590402 16 1767 17 1917 18 1884 15 1519 14 1353 13 1762 12 2428 11 3330
6030 -8.3738502016936813 -1.8481677257938789 -4.8970301801343723 204 196 177 0.61809230999565057 18 1896 15 1542 14 1372 13 1782
6031 -4.1780079298003372 4.1038988202758624 0.16517182342895642 38 19 8 0.55901058095519252 22 2110 25 1628 24 1926 15 1203 26 2125 25 1928 19 1593
6032 -5.1731351337100993 2.2655697300281639 0.15323550027080404 5 2 0 0.9033139549718201 28 1282 16 1195 15 813 27 1073 22 690 26 1688 20 871 23 619 25 534 24 1463 19 1299 18 994 17 548
6033 -6.2858011885901037 -2.2234777339046903 -0.50454092081527291 60 47 28 0.48681435994760652 21 54 22 1162 20 89 25 17 16 122 26 836 15 98 27 61 23 29 17 135
6034 -6.2872017795829711 2.0892101379177452 -0.49420835957502401 24 20 13 1.6854576154855885 21 2568 27 2038 22 2593 26 2479 20 2856 23 2364 25 2205 19 1808 18 1379 18 1638 17 1411 17 1564 15 965 15 1341 21 1409 24 494 18 1176 17 338 16 852 15 291 14 655 14 1184
6035 -5.3694991498013307 2.2601277434883449 0.04643787040469579 59 57 55 2.0394165199194045 23 1803 24 1851 19 1285 15 810 28 1272 21 1911
6036 -6.2159663371971501 2.1241680976659465 -0.4832929015138856 139 140 131 1.0848777903099978 21 611 25 1072 24 1360 22 1979 17 946 15 738 27 2039 22 2355 26 2292 20 2459 23 2365 25 2206 24 2319 19 1488 17 1429 16 1315 14 657 14 1015
6038 -7.4905741254922518 -2.2504063982086171 -4.4920774610689289 185 137 17 1.4061869320901714 15 601 18 49 14 29
6039 -7.1497035911456353 -2.5851508020799439 -1.6061525364067231 210 202 181 0.35346086025245055 15 62 18 89 14 33
6040 -6.9689253408853844 -2.4493549429815991 -1.199409620700097 164 152 128 0.48555863209779027 17 121 18 104 14 69
6041 -6.9245800084387428 0.88858031249227076 -0.74152989206220032 169 161 142 0.39666434160997205 22 344 26 227 14 135
6042 -6.3015562468983379 2.3605644668295884 -2.1716342845473573 20 14 6 0.33366708946676188 23 1248 24 1385 25 1093 14 207
6043 -6.0540745161808598 2.2058113884425579 -1.9817139152406122 116 105 96 0.83981992561640462 18 324 19 289 14 208
6045 -6.546006616008393 3.0004460800558577 -4.1866673469760949 97 92 72 0.556073853814118 17 429 18 430 14 227 13 347 12 455
6046 -5.7679686304139786 2.5025434131593691 -3.1134733923600733 57 49 38 0.81348584241780342 17 936 18 442 14 233 16 360 13 355
6047 -5.9548385500347587 2.3526451048134436 -1.9232457536198149 45 43 35 0.77883688998951861 18 872 19 875 14 242
6048 -6.1193688174954994 2.150767897182805 -0.45772747708027384 121 113 98 0.58834074020264038 21 614 14 331 22 605
6049 -5.9734640132119825 2.1077596443529121 0.039239661649401798 14 9 0 1.440555252351519 15 768 22 571 14 345
6050 -7.9247253751036482 -2.1270654705232279 -5.6657312462416192 144 107 14 1.4936668779558036 15 48 18 675 14 517 17 763 15 599 11 1172
6052 -6.8207188840710042 2.0619999371979296 0.59711037834772418 29 22 12 0.44874732733586858 15 300 16 1151 17 350 18 339 14 660 19 810
6053 -5.8659845356847828 2.7337824515013542 -3.0385352983121514 28 24 19 0.65841644711516534 18 946 14 703 13 866 12 1131 11 2565 12 1796
6055 -6.593960760105797 2.463991211926182 -2.2352845537919075 11 4 0 0.51110223365517637 16 1144 18 322 14 846 15 270 16 322 12 1492
6056 -6.1270488259657183 1.8650702168049624 0.1107659920395857 33 27 15 0.35289739462339514 15 973 18 1161 14 867
6057 -7.3918812679291639 1.0184762094166879 -0.33839490133759265 175 167 148 0.74823818645439866 17 1547 18 1496 14 1096
6058 -4.7348566424794196 4.0387004999223377 -0.86578221293150004 55 25 5 1.4228689553552547 16 1379 21 2273 14 1149 26 2123 13 1502
6059 -6.1373108879093232 2.5405491132254201 -1.8342344771838048 19 24 27 0.80253818042778469 15 1344 17 1686 18 1722 14 1191 13 1567
6060 -6.6905899103268425 2.530805280678404 -1.1203522319460733 86 46 38 1.1730129676392453 20 3084 21 2775 14 1243
6061 -6.3415121155616454 2.1188573664801869 -2.088470329912135 58 51 45 0.49340130813088107 15 1478 16 1721 17 1846 18 1803 14 1320 13 1719
6062 -6.8644530743931185 2.1383225843616822 -1.3194880388363863 0 0 0 0.6997046015415902 17 1920 20 3189
6063 -5.85380553762357 2.9956144430341181 -3.3999251625676083 50 43 37 0.88776777355178593 24 2485 17 1260 16 1186 15 1013 14 915 18 1553 15 1171 13 477
6064 -6.9851437965579564 -2.5420466323657784 -1.241395385481689 213 201 184 1.2955231857425173 20 1908 21 1683 23 1517 25 1353 19 1076 18 92 17 796 16 708 15 67 14 40 17 117 14 509
6065 -6.2072886371022529 2.2102705434493752 -0.76061212091068131 9 6 4 0.73548177330614151 21 1882 26 1124 20 2116 25 1520 24 1799 14 649 17 944 18 1206
6066 -5.2286140667404881 2.4601719129116599 -0.36957137029620507 1 1 0 1.6292665305861269 16 495 25 546 14 735 27 1504 19 436
6067 -6.9026690842637013 -2.5513478185690883 -1.2111069756045565 195 185 167 1.8795952364726514 19 34 17 95 14 44 19 622 24 43 15 70
6068 -6.7289845210382433 1.3429388302785727 -3.7663746665550315 145 135 107 0.73805287272906706 16 183 18 189 13 184 15 154 12 274 11 1449
6069 -6.6416270160708581 1.4936600540895812 -3.752872202162937 183 174 157 0.17798068827651095 17 859 18 797 13 189
6070 -6.6416270160708581 1.4936600540895812 -3.752872202162937 183 174 157 0.17798068827651095 17 858 18 796 13 190
6072 -6.8725657192037737 1.8614635644972013 -3.213677678069661 99 74 12 0.69103128129995728 16 213 19 772 13 225 12 313
6073 -6.9671325545891731 1.9994272387545606 -3.3086478064154661 154 118 29 1.0968981358334762 18 802 24 385 13 226 11 1475
6075 -6.2279569686670655 2.1800042338225785 -3.1606885705184844 173 149 106 0.59727150206347235 16 260 17 259 18 260 13 289
6076 -6.5187213044021739 2.3677117638071277 -3.2774513461957668 140 115 85 0.40914336014987446 15 690 16 259 18 830 13 307 17 1176
6077 -6.72847002660553 2.4247014197622638 -3.2038579967827858 62 47 10 0.79200361022224186 16 262 13 308 12 389 11 1522
6078 -7.5424079134586099 3.2762733450686996 -4.8347501162790723 146 135 117 1.6389496068026388 16 310 18 360 13 327 11 632 17 369 10 691
6079 -6.8378838905844699 3.1290285656792296 -4.3701728706340273 103 97 81 0.65683922816898155 17 374 18 424 13 344
6080 -6.9554526430477592 3.114163600876843 -4.0079030139158789 101 89 77 0.57701682038202917 14 634 17 956 18 1217 13 350 11 1570
6081 -6.9984894423786823 3.1210770637876695 -3.8666824287880925 42 39 22 0.51867943691120233 16 868 17 432 13 351
6082 -5.6716789723366929 2.4482232427761743 -2.9281233453580051 124 116 97 0.92765388622815093 14 235 15 332 17 389 13 357
6083 -6.3475002296265073 2.4558882033558609 -2.1931851571908081 3 5 1 0.47626100108200564 15 729 18 381 13 358
6084 -6.3459592298254934 2.922778312484188 -3.7311469758807001 74 73 53 0.10877562629873398 15 325 18 943 13 389
6085 -6.338613028450796 2.3411333249545452 -1.0598004180140248 6 7 2 0.43305131073401787 21 646 13 416 22 641
6086 -5.8811878061605745 2.9951715539497865 -3.9266684227599407 84 77 69 0.52944640288168077 17 493 13 432 12 1128
6087 -5.7032347506394387 2.831183433680347 -3.1441538967541369 92 78 68 0.48919370903934373 15 418 17 498 13 439 12 1150
6088 -6.0143888063336783 2.7595780079071268 -2.0739852327575292 18 18 18 0.41287847695354163 16 462 13 479 15 424
6089 -5.1242861071747488 3.1301033690355697 -3.4071059233921539 103 66 44 0.75361316319436922 17 567 18 1276 13 490 12 1563
6090 -4.9452551756130481 5.544707530075784 -2.3538991290301174 144 116 95 0.85397998980658363 15 539 17 706 13 588
6091 -6.621012289873291 0.87273068864338077 -3.5428128355848232 122 81 27 0.55543346668250415 14 127 15 914 16 1091 18 1111 13 727 11 2022
6092 -6.6205893957502546 2.3613922078734295 -3.2517715058009826 59 38 12 1.447581090316608 14 602 16 805 17 899 13 784 18 1157 14 601 15 687 17 1171
6093 -6.2331016217905129 2.1611901304494783 -1.9677963205397739 125 118 103 1.4732447683630649 25 1061 13 811 23 458
6094 -6.5327185672098693 2.9111759127661614 -3.8276005608445014 92 87 68 0.75535924524130915 16 867 13 823 14 859 12 1507 11 2151
6095 -5.9364688159389383 2.5835708113019162 -3.1912172931869391 83 77 60 0.66267983504262884 17 386 18 904 13 827 15 331 12 1113
6096 -6.5531327769859926 2.4871389704032603 -2.2541417858606838 116 107 97 0.80411585883336056 14 236 16 320 17 318 13 828 12 1512
6097 -6.0872892985219424 2.540805158110039 -1.9762066497957671 31 34 43 0.59096582235971007 14 679 16 881 13 872 15 340
6098 -6.4434770486532305 2.6261521402052219 -1.7279454969508645 31 33 43 0.55338105477633182 16 372 18 462 13 875
6099 -6.6849302047570811 2.5513181149947535 -1.0119533600611736 64 57 56 0.26852635101869987 15 346 17 460 13 883
6100 -5.7544142688240862 2.4681365629083785 -1.9156334285255616 39 40 35 0.54119226196537407 16 906 17 454 13 910
6101 -5.8020996988207489 3.1335503924065344 -4.0232923070619089 56 50 38 1.1918215780371733 16 936 13 922 14 388 17 530
6102 -7.4214920751554434 -1.9259770523173125 -4.2642294077791636 196 183 164 0.3392427287423338 14 976 17 1127 13 1023
6105 -6.2897037209177631 2.2147089825641291 -2.0725972949607847 38 36 23 0.5151649394690232 17 901 23 2118 24 1790 13 1117
6106 -6.5756431741297261 2.8080211913724695 -3.511487771082201 140 33 26 0.85157157316443266 16 1138 17 1420 13 1124 12 1482
6107 -6.5048644339537924 2.7484688685652103 -3.4238210663374762 64 7 0 0.31249429641619547 14 860 15 956 16 1140 17 1421 13 1125 12 1484
6108 -5.5452002643841656 2.4482510335453664 -3.3215827300775236 139 104 89 0.89269717956393768 17 932 13 1126 14 230
6109 -6.3002382982634044 2.7325101137418266 -3.4192780073001501 139 104 89 0.42002981295378161 15 957 16 1325 13 1127 17 1422
6110 -6.0109356387490811 2.6361700279473204 -3.3168069546391368 52 43 37 0.59603457846174801 18 440 24 2130 13 1128 12 463 11 2152
6111 -6.7427188845090322 3.2824364551841501 -4.3154260956670614 40 35 24 0.84923101423579717 15 996 16 1170 13 1145
6113 -6.1270202858879017 2.9833071812972216 -3.2206059555768833 43 33 31 1.0597855301903079 14 900 15 1014 16 929 13 1167 12 1149
6114 -4.6759340255592194 5.3034564680517322 -2.4083941359158234 83 62 44 1.3765531165913356 14 962 15 1069 17 1337 13 1247 12 1293
6117 -5.9156161493963504 2.5710539451607457 -2.9449032998574367 33 26 12 0.7179406812371556 17 1440 18 1527 13 1358 12 1781
6118 -6.7454772858732159 1.570284707402863 -3.7206077369123634 167 159 137 0.48529568067416562 14 1097 15 1230 16 1532 17 1656 18 1610 13 1452 12 2065 11 2922
6119 -6.6029747846690547 2.7084595023824241 -3.2487991716534719 33 30 12 0.36277540354449067 14 1112 15 1246 16 1548 17 1678 13 1465 12 2092 11 2960
6120 -6.6978059400952361 3.1646618404301394 -3.9696727431246757 13 4 1 0.39653930198960563 14 1187 16 1561 17 1683 13 1473
6121 -5.1921173266880079 2.6295848535317545 -3.4683102683819151 7 2 0 1.1102368826175946 14 1130 17 1692 13 1482 16 1485
6122 -5.702174920450684 3.1154574294854895 -3.7831544271264934 66 65 53 0.81283070839926108 18 1735 13 1488 12 1815 11 2827
6123 -5.702174920450684 3.1154574294854895 -3.7831544271264934 66 65 53 0.81283070839926108 18 1736 13 1489 12 1814 11 2826
6124 -6.1634591755277839 2.8153141662802832 -2.2101460825527401 40 37 32 1.3395224607764449 15 1166 17 1595 13 1490 14 903
6126 -5.0539118860505674 4.6833867156065168 -1.8401365223855455 72 33 9 0.80983100308113021 16 1504 13 1505 15 1292 14 1150
6127 -6.7439658012273114 1.8269109849749492 -3.5668036279984707 111 89 59 0.48380070134371028 14 1098 15 1323 16 1533 17 1659 18 1613 13 1533 12 2074 11 2932 11 3070
6131 -6.7336602702875323 1.6544045234919167 -3.6050497613965624 114 79 46 0.559599603931203 14 1226 15 1431 16 1666 17 1789 18 1759 13 1603 12 2256 11 3151
6132 -6.8414937655094201 1.9790501366464641 -3.501433029430884 173 160 136 0.61475384197944138 14 1276 15 1433 16 1668 17 1792 18 1762 13 1606 12 2261 11 3154
6133 -5.1912426659381099 3.1459388500905381 -3.6760147884310883 6 8 7 0.62475356166360951 15 1457 17 1762 13 1629
6134 -5.656497472841874 3.2090062527491972 -4.237589276710259 112 104 87 1.3440555263626208 17 1861 13 1676 12 2279 11 3173 10 3313
6135 -6.9622170054447103 0.75500536451299349 -3.762149262396568 191 179 153 1.102073030890057 14 1336 15 1468 16 1713 17 1878 18 1845 13 1707 15 1497 12 2365 11 3268
6136 -6.8413575548490391 1.2142890800892776 -3.8641966705151982 176 169 141 1.3987443403945139 14 1315 15 1471 16 1714 17 1880 18 1848 13 1708 16 1745
6138 -6.8055678638302215 2.3577622009206576 -3.4191375555290988 169 160 137 1.7375910528157277 14 1317 16 1672 17 1842 18 1851 13 1715 15 1434 12 2334 11 3234
6139 -6.0371073162072113 3.1993515113615452 -3.7512403115434032 5 1 6 0.76472255635923903 14 1327 16 1730 17 1858 13 1724 12 2340 11 3245
6140 -5.6387948314971634 2.8327755704298521 -2.767263404093816 53 49 38 1.0831983265150615 18 1857 13 1725 19 2062 12 2343
6141 -6.7524057430153341 0.62712230017846815 -3.3667153439752688 188 181 153 0.6098012212885876 14 1337 15 1516 16 1764 17 1896 18 1863 13 1755 12 2404
6143 -6.9837641865944464 0.9120445740176466 -3.2632843379246719 136 101 59 0.75523651612397613 14 1340 15 1500 16 1742 18 1865 13 1759 12 2406
6144 -6.5550178177677143 2.947081795759928 -4.9204452610420439 154 142 116 0.89562282857254327 14 1367 15 1539 16 1782 13 1775 12 2445 11 3341 10 3568
6145 -6.9175949204853726 1.2056667127179517 -2.7990621586708149 184 172 150 0.99839292122781698 14 1374 15 1544 16 1785 17 1926 18 1894 13 1783
6146 -7.2011204944793699 1.338006693177731 -3.4770527104571727 177 129 5 0.95367117545422442 15 1552 16 1794 17 1936 18 1899 13 1791 12 2465
6147 -6.8242010902017576 1.293059877598278 -3.4409937383378857 177 129 5 0.66730712626279343 15 1551 16 1793 17 1935 18 1898 13 1792
6148 -7.4915616582810349 2.5137030991073734 -4.3154271112970672 172 164 141 0.94338419540775631 14 1383 15 1557 16 1797 13 1795 17 1938 12 2473
6149 -7.0059707219526617 1.7905355661605771 -3.7756449233499607 173 166 140 1.4355760535878375 16 1665 18 1758 13 1602 14 1342 15 1472 17 1841 13 1711 14 1274 15 1502 12 2259 11 3230
6151 -4.8122439662267009 2.5533922668433067 -1.194150476848028 39 42 41 1.5635721551729478 25 2097 26 2344 16 1499 13 1495 14 1144 15 1290 18 1566
6152 -7.256478435911796 -1.9676176833045556 -5.4358986814060701 135 105 42 1.076597856170846 17 743 12 50 10 34
6153 -7.2659536088020156 -1.9120043442635846 -5.5001282684523467 145 118 32 0.45421471567280758 15 598 16 75 12 70
6154 -7.6876180488898154 -1.06343161305016 -6.353705143285671 123 115 92 0.60516943681830915 14 97 16 142 12 151
6155 -7.6876180488898154 -1.06343161305016 -6.353705143285671 123 115 92 0.60516943681830915 14 98 16 141 12 152
6156 -7.518745817482821 -0.53324453944610295 -6.1470077678259178 133 124 110 0.43661986124993468 14 545 15 124 16 148 12 185 13 682 11 271 10 261
6157 -7.518745817482821 -0.53324453944610295 -6.1470077678259178 133 124 110 0.43661986124993468 14 546 15 125 16 149 12 186 13 683 11 272 10 262
6158 -7.4166471205269193 -0.52574812089397405 -5.5679799589085697 165 155 142 0.46875758620826985 13 141 16 743 17 835 12 187 11 274 10 1341
6159 -7.6882681144811729 -0.44010845079489869 -6.2108221096917839 154 144 135 0.48143378269039072 13 689 16 738 12 196 14 549 11 294 10 1357
6160 -6.7102009807350251 1.340489543623278 -3.7626861209849101 145 134 109 0.7016373536345093 14 132 15 153 16 182 12 275 18 188 13 183 11 1448
6161 -7.152348310167076 2.629626358089304 -5.2532048882478843 92 78 57 0.78205841686586963 14 582 16 225 12 331 13 1095 15 675 10 1618
6162 -7.0003856769234192 2.653837923386114 -5.3727483417637032 43 31 15 0.69072429767038235 13 262 15 673 16 788 17 880 12 340 10 589
6163 -6.7054911528339769 2.6357413405208261 -5.1510999730863665 73 62 41 0.96785791049512671 13 282 16 248 17 882 12 341 11 563 10 594
6164 -6.7882818344305678 2.6990361446066631 -5.2049250562859255 154 143 120 0.56211528803528477 14 161 15 197 16 249 17 883 12 342 10 593
6165 -6.7336842948835409 2.6490294969782098 -4.9899644622339494 138 130 111 1.1347817472707897 14 162 17 255 12 343 13 285 16 251 15 936 11 566 10 596
6166 -6.6625256107262603 2.3714656795712141 -3.2193224489254786 127 103 89 0.4254428614319074 14 178 16 257 17 287 18 286 12 366 11 1519
6167 -6.5485985012103667 2.528618428821372 -3.6930390552268517 112 101 79 0.17581515020545063 15 706 12 387 16 284 17 286
6168 -6.8255005048483577 2.5373348177421087 -3.2397897613406448 51 33 22 0.16954185144455378 15 235 12 388 11 607
6169 -6.8153826666384401 2.5721267774741587 -3.2402467966139623 134 119 114 0.2541454280159165 15 236 18 316 12 391 11 1543
6170 -6.8153826666384401 2.5721267774741587 -3.2402467966139623 134 119 114 0.2541454280159165 15 237 18 317 12 392 11 1544
6171 -7.0041162292609576 3.2510146809234839 -4.6759084613587607 125 113 97 0.6511797311263503 13 343 15 320 16 865 17 425 12 418 11 665 10 726
6172 -6.3330002252342439 2.8205099878933413 -4.4656107565711132 14 3 1 1.1355372974304712 14 194 15 255 12 419 11 633
6173 -6.4415077327563397 3.1006451070003851 -4.024424827946075 100 93 85 0.57488573299095702 14 297 16 430 12 456 11 711
6174 -5.8730584757957942 3.0757487813786857 -4.0191167647011889 106 96 81 0.83894476693771314 14 361 15 409 12 488 10 776
6175 -5.7623265407619924 2.7420464787470182 -3.4075613107274036 48 44 34 0.65457805539662428 13 864 14 305 15 780 12 495 17 438
6176 -7.6271621333827593 -2.0900609376402661 -5.477417192057545 172 135 13 0.56015886427144745 17 744 12 838 15 47 16 76
6177 -7.7200296315137944 -2.0895813019169367 -5.4591655126542262 143 109 18 0.95777195239842761 13 52 18 1065 12 840 14 518 11 1176
6178 -7.5504114819093076 -0.55934303331043922 -5.545248717268918 154 145 130 0.42215619408963001 13 686 16 745 17 836 12 905 14 110 15 645 10 231
6179 -6.8801677693107663 1.6782007379334773 -3.8983740393375643 155 147 124 0.97054408399940195 16 767 12 1003 13 195
6180 -6.6828398954551318 1.8831772351433782 -3.3611252763375945 113 81 30 0.41267561259654278 16 784 12 1019 11 2087 17 1385
6181 -6.6477834487362095 1.8544368350307407 -3.2799734716325926 131 90 18 0.91727289766998099 13 761 16 214 12 1022
6182 -6.7282075595114721 2.4667002156753273 -5.1931175325413372 75 66 55 0.8154304073358174 13 763 15 930 12 1028 10 1617 14 153 17 875 16 224
6183 -6.7873958419243854 2.5534004465641704 -5.1593168765408661 146 134 122 0.61611500736912905 13 766 14 160 15 674 16 789 12 1038 17 229 11 561 10 1632
6184 -6.7843656621918687 2.5911111005282002 -5.0991178637752208 136 127 96 0.45812127762456645 14 591 15 676 16 790 17 885 12 1039 11 1484
6185 -7.28771075388625 2.7252676568282141 -5.0078330589240467 166 151 128 1.0854153899596819 13 287 14 593 15 679 16 792 12 1040 17 256
6186 -5.9274062912774417 2.5596809468221267 -2.8513961662444469 143 132 114 0.63980134176260561 14 674 15 335 12 1114
6187 -6.7681726155802586 3.891125283646284 -5.6213625923169044 63 60 53 0.3156869307791566 16 1191 12 1123 15 1023
6188 -5.9392307771479906 2.5477528097205857 -2.1415421672899164 0 4 0 0.52544980375254802 18 459 19 1284 12 1153
6189 -7.193994901775099 -1.9802412810044143 -3.9080649481100682 117 98 84 0.71414558820626883 13 642 14 534 15 617 16 1063 12 1303
6190 -7.2327030440439382 -2.0056610750987067 -5.4140266735952487 202 187 163 0.61662500283739463 13 638 14 516 15 888 16 656 17 1344 12 1309 11 1870
6191 -7.2843515241303134 -1.9466571697130917 -4.1564191486408824 83 69 51 0.5281797689092036 13 1024 14 798 15 893 16 1061 12 1310
6192 -7.313068976439471 -1.688541009316072 -5.4247126254337292 149 138 118 0.64864650883694241 16 1257 12 1327 11 1894 10 2014
6193 -7.313068976439471 -1.688541009316072 -5.4247126254337292 149 138 118 0.64864650883694241 16 1256 12 1328 11 1893 10 2015
6194 -6.7581399378806291 2.6871197624306475 -3.1987401566471494 139 127 111 0.60529760883085415 15 268 12 1489 13 331 14 204 11 1575
6195 -5.8345306247626443 2.560784009536154 -2.2800755924547929 42 35 29 0.75488297620759726 14 707 18 1246 12 1555 16 436
6196 -6.7642504893255468 2.6741410013637013 -5.1099776772674588 145 132 106 1.0091627710748896 13 1323 16 1291 17 1389 12 1749 14 827 11 1486 10 2940
6197 -6.3715001320999916 2.8996742866537879 -4.3886239028831868 102 96 77 1.7095839702950941 13 1340 14 1006 16 1468 17 1570 18 1396 12 1764 11 2522
6198 -5.7077320296462766 2.6714600265155592 -3.2278303818223169 23 18 12 0.4836151702487595 14 1023 15 998 17 1439 12 1794 16 1347 11 2821
6199 -5.0333512961203093 5.7328507930860795 -3.1663703228157356 62 44 20 0.50084578765349086 14 1075 15 1208 17 1511 12 1875 13 1422
6200 -7.5324307541313154 -1.8169848730229767 -5.4736731381612165 192 181 158 0.43922514487725245 13 1436 16 1427 17 1632 12 1892
6201 -6.7208420601596703 2.5169742364246126 -5.2746568920103565 32 26 14 0.59357824052814601 13 1317 14 1100 15 1235 16 1450 17 1661 12 1947 11 2776 10 2936
6202 -6.6484692069316855 2.7167945283153236 -5.2506820560560623 122 110 89 0.93693193119899365 13 1459 15 1326 12 1952 11 2786 10 2939
6203 -6.8393164239098558 3.4005585650687467 -4.7563391550579492 44 40 31 0.81028595632575895 14 1121 15 1271 17 1690 12 1971 11 2813 10 3157
6204 -5.8226823706337987 2.6212478635809133 -2.2244717825648301 2 3 0 0.23310578924055059 13 1366 15 1167 12 1990
6205 -5.0929185521769513 5.7716811856912926 -2.9655855743724309 63 42 15 0.95503284632957075 15 1304 12 2029 14 1153 16 1513
6206 -6.8629445575614909 1.4284905144147002 -3.7627981393788192 171 165 144 0.51975924738412826 13 1451 14 1095 15 1227 18 1609 12 2062 11 2918
6207 -6.9549744327982213 2.5001609289022708 -5.1801886884845025 163 148 124 0.72070803306079956 13 1538 14 1168 15 1324 16 1534 12 2076 17 1662 11 2935 10 3125
6208 -5.4800925297435956 6.2170072402362013 -3.5001921220255805 77 54 30 0.72763650913368816 13 1586 15 1418 12 2144 17 1771
6209 -5.1802708357352358 5.8803804558635049 -3.2954145763536151 73 49 23 0.72330023023703827 13 1587 15 1369 12 2145 16 1574 17 1772
6210 -6.619864255515437 0.88858247840418692 -3.5713246093850546 117 82 46 0.51491287130381747 15 1319 12 2169 11 3054
6211 -6.8821410746135534 2.4737664639440635 -5.1521397439108041 166 151 126 0.70515128556611861 14 1229 17 1737 12 2184 10 3286
6212 -7.7549826117257128 -1.9120228436852094 -5.6573295984528666 187 177 150 1.0396979148171384 13 1641 14 1310 15 1424 16 1706 12 2238 11 3128
6213 -7.7819250534296263 -0.6039633033307471 -5.6503017276059078 161 152 137 0.66573702784653355 13 1597 14 1270 16 1655 17 1784 12 2242 10 3366
6214 -7.6690330004423064 -0.49562215180814456 -6.2087216568784251 162 151 145 0.50029314083299148 13 1645 15 1427 16 1652 12 2243 14 1269 11 3140
6215 -6.1137909654566469 3.2192563815675723 -3.9743898658499237 8 8 4 0.7099125382915461 13 1678 17 1811 12 2281 11 3169
6216 -7.053702820614232 2.6207761040924615 -5.0548293882375388 74 65 48 0.65270791540319806 13 1713 14 1316 15 1475 16 1719 12 2331 11 3231 10 3459
6217 -6.2614011141326156 2.5636002586890108 -3.0679732701576015 147 135 121 0.77380061115887833 15 1482 16 1723 12 2335
6218 -5.4117960808107277 3.0721387660641128 -3.7630134101290116 54 52 40 0.34815805000601602 13 1726 14 1328 12 2342 15 1488
6219 -7.5205628260643955 -2.0236284947795671 -5.4493325493854741 161 120 2 0.47203971996280009 13 1733 14 1332 15 1490 16 1734 17 1870 12 2356 11 3253
6220 -6.4319115317261657 3.2512575507697399 -4.5272999085029255 40 37 30 0.7835095764531772 14 1364 16 1783 17 1922 12 2429 11 3331
6221 -6.24279763994116 2.977655376953241 -3.4597254099617119 26 19 11 1.0298365913472995 13 1771 14 1365 15 1536 12 2430
6222 -5.8627291078971107 2.7939201712265032 -3.4566774570713896 8 8 0 1.3868004955479873 15 779 16 899 13 1147 14 304 12 1529 18 1544 17 1594 15 1164 13 1356 11 2564
6223 -7.034387212257565 0.90941153980634337 -3.2612180893687763 137 102 61 1.2808081429304896 14 1339 15 1499 16 1741 18 1864 13 1758 12 2405 24 2712 17 1838 15 1470 14 1314
6224 -6.0832415195060889 3.3625347311065537 -4.3039683461479052 76 71 51 0.97110384449830767 13 476 14 716 12 532 15 809 16 935 17 1005 11 1637 10 1761 10 1762
6225 -6.9761632894269718 4.1216095209077306 -5.6156509808728678 58 55 43 0.4871363049227857 15 1024 12 1148
6226 -6.4460914453204916 2.835024577913555 -3.9372768420515749 125 116 99 0.94006941291941981 14 632 12 1481 16 839
6227 -5.2724686828028151 4.1879953820577125 -4.9216921417976449 73 42 22 0.63793443529351379 14 738 12 1565 10 1815
6228 -6.4829603978286068 0.68498089065793899 -3.4380375129610852 177 163 144 1.154946338857431 14 1093 12 1711 13 1531 15 1225 18 1695
6229 -4.9474882714892372 5.8012340531838831 -3.6839718794858696 125 114 94 1.3566754977425806 13 1694 14 1257 12 2236 10 3426
6230 -6.878478817176827 3.7917511666550454 -5.6979096098115498 90 87 80 0.93567887307864972 13 1672 14 1290 15 1444 12 2276 16 1686 11 3164 10 3396
6231 -6.9995412225475366 0.8201333441900619 -3.625706751196724 153 149 125 0.9509141994410818 13 160 14 122 12 233
6232 -6.9122838735003072 0.83351963115046324 -3.5829515869415007 140 113 52 0.66454316954749371 13 162 14 128 12 234
6234 -7.5036963415559388 3.6402882956644729 -5.98603286115525 137 130 105 0.47844756004780448 15 315 12 415 11 628
6235 -5.2974097250968448 4.1531813410262339 -4.9409704043542799 75 47 28 0.74925521063628553 13 502 14 417 12 566 11 811
6236 -7.0067330249457127 1.8858683065714243 -3.5521645919461831 96 71 34 0.53692925570616568 14 579 16 782 24 350 11 532 18 1132
6237 -7.4419548054592619 2.8358333923255592 -5.2420838281573898 56 49 30 0.86744437425770204 14 592 15 178 16 250 17 253 11 564 13 283 10 595
6238 -7.1953269888186622 3.7454724539813729 -6.392666176392086 29 25 13 0.69594160878304656 12 411 13 820 14 662 15 742 11 625
6239 -6.6574747827235337 2.6520140914541632 -3.2242564070582125 55 49 21 0.22301044396515055 15 267 18 373 11 642
6240 -6.8837168681027494 3.1577322114656119 -4.629058607729962 29 21 3 0.83558080648494515 14 225 18 899 11 664
6241 -6.6327139633211907 3.0838656829314854 -4.3329815770378506 141 138 123 0.45310770213869284 15 321 17 427 11 669
6242 -6.4450621144717539 2.6672566619972136 -3.4138014802257541 55 33 22 0.45006303329304526 17 384 18 867 11 681
6243 -6.5914191739428514 2.7015909566831864 -3.3309425042946512 30 28 17 0.4842473760159301 15 724 16 841 17 934 18 371 11 682
6244 -5.8187766486971979 2.5564105193734767 -3.2363043577379411 108 101 87 0.32707991105373491 15 330 16 358 17 385 11 683
6245 -5.6428726997422469 2.9209044373542907 -3.8690869989375045 12 1 0 0.45841471756437024 14 699 16 923 11 743
6246 -5.906139257746033 2.9313398090255807 -3.1249101317239409 70 54 33 0.59705418646737207 17 532 11 760 15 419
6247 -6.7074649140313776 -1.9654954864790508 -4.0710219296436643 171 138 85 0.95005979840727495 15 55 17 55 11 1155
6248 -6.6060769888300053 1.3011166707467001 -3.7729562147336639 179 167 141 0.72196881305061222 13 182 15 150 11 1433
6249 -5.9743158131413718 2.1575912634582779 -4.9781321262884806 177 162 144 0.68711585538814235 12 330 14 581 11 1474
6250 -7.3425064021543784 2.8181382914295647 -5.1586369067930935 54 45 26 0.567991074968344 13 286 15 685 16 252 17 886 11 1487 10 2229
6251 -6.9508132968041467 2.7522184216017438 -5.097482805241067 109 98 70 0.71728792978299583 16 801 11 1496 10 1634
6252 -6.518503761483009 2.2355073787295967 -3.211000560032832 161 109 28 0.95709784251828323 13 775 17 258 18 258 11 1498
6253 -6.9121017213735554 2.5980515057941482 -5.0796767033664123 104 98 76 0.32021133054415113 16 1288 17 1390 11 2097
6254 -5.6328300955895703 2.6594622150877276 -3.2726835709407167 106 104 89 0.2821967929522573 14 671 15 781 16 900 11 2193 17 958 13 1149
6255 -5.2380952168535799 3.4289897774732503 -4.8770684661944275 109 82 59 0.69149585130973357 12 550 14 927 11 2200 15 1034
6256 -6.8591807684642836 3.6835191775018639 -4.0804836544421397 34 35 29 0.41678552394240254 15 1026 16 1360 11 2204
6257 -5.4949155911350793 2.6644359552205072 -2.9914529367616871 14 8 10 0.15691494436327286 14 1037 15 1165 11 2572
6258 -7.8874410198277571 -1.9187299260816035 -5.6090292348519348 189 177 157 0.71475876363307722 15 1312 17 1631 11 2883 18 1589
6259 -7.1390608460009259 3.5741211935290829 -5.0681654442421644 46 41 37 0.59915990693652998 14 1186 16 1560 11 2955 10 3153
6260 -6.0668054750879143 2.6354623214785722 -3.5079201170453631 130 35 32 0.90688828749513228 14 1110 15 1340 16 1546 11 2958 15 1244
6261 -6.9207786972901939 2.9693389652444813 -4.4257893883567174 159 152 137 0.85305861054323984 13 1658 14 1279 15 1481 17 1848 11 3237
6262 -7.63594469101767 -0.45687906275637835 -6.059582036193472 163 154 136 0.3812109118709357 14 550 16 740 17 832 11 295 15 643 10 1359
6263 -7.6359446910176487 -0.45687906275637608 -6.059582036193464 163 154 136 0.38121091187096817 14 551 15 644 16 741 17 833 11 296 10 1358
6265 -6.3874579331857024 2.5840899082721958 -5.1900145658779619 104 92 68 0.10758017153784312 15 193 11 560 16 243
6266 -6.6606268394013641 3.3637097402705947 -4.0949817329156843 12 1 0 1.5826119848523605 14 700 15 412 11 742
6267 -6.4152400881606235 -1.8135794529262521 -5.0439721479769588 180 172 153 0.53390102154868024 14 503 15 22 11 1160
6268 -6.8929941478107573 -1.7692392598235618 -4.2708394604199613 108 93 72 0.69450285077213014 15 624 11 1871 16 1059
6269 -6.7898683851947021 -1.6921982395566593 -4.2561258369373576 183 172 150 1.9088791398567511 15 898 11 2353 13 1022
6270 -6.3456978942576621 -1.3827186598501202 -5.2518190290025535 165 157 134 1.0085752996333275 14 805 15 1089 11 2364 13 1028
6271 -10.152059760845825 1.1835605990450904 11.128173753326724 11 17 13 0.56903424256423885 52 229 53 223 56 758 60 228
6272 -9.4509411176779032 0.97587279041446373 13.72196914151707 65 66 68 0.38283093596671602 51 600 53 234 54 300 55 298
6273 -9.5768878721500403 1.3691602982968656 13.393428893502612 98 82 53 0.86279382049959852 42 102 53 246 55 780 56 780 43 66
6274 -9.9037181215462997 1.5313020761908738 12.998960687030353 78 54 28 0.72566469212292117 52 455 53 268 56 336
6276 -9.841456873678478 1.7267029315196487 11.192697338908577 192 166 143 0.56138192572475465 52 261 53 284 55 345 57 605 60 700
6277 -9.790577104952316 2.0335819072091401 11.331563063655404 126 95 64 0.98986166128347686 52 272 53 302 54 661 56 639 59 355 60 339 60 341 55 377
6278 -9.728330112462368 2.2662140765560284 11.56745118961298 34 13 7 0.30253434110022748 52 586 53 311 54 670 55 649 56 645 57 725 59 836 60 720 58 584
6279 -4.497406106613421 1.9851369872711397 9.8081058917502499 115 96 79 0.76728040512646611 51 911 53 345 54 407
6280 -9.4456896374976811 -4.5994531184377978 10.054491468391062 75 70 67 0.47423837801557894 52 78 53 456 54 478 55 697 56 684 57 749 59 993 60 826 58 874
6281 -9.4456896374976811 -4.5994531184377978 10.054491468391062 75 70 67 0.47423837801557894 52 79 53 457 54 479 55 698 56 685 57 748 59 992 60 825 58 873
6282 -12.802757560977755 0.5042415839358394 15.549807189344152 144 145 142 1.3730345512573625 49 238 54 217 55 532 56 543
6283 -11.306861029048582 0.3267931946015224 14.643162393723038 195 193 195 0.30517146742570578 42 61 53 481 55 723
6284 -10.45030713913061 0.097677469934583608 14.706345065218784 58 56 50 1.1823544729692745 49 229 52 408 53 482 54 549 55 194
6285 -11.064937296374962 0.67216238272286355 14.484812452226965 70 75 79 0.69505362699299178 49 252 52 411 53 489 54 776 55 726 56 846
6286 -11.001866540957332 0.93580173392388455 13.49025579736411 97 94 82 0.6228573044507949 49 564 53 498 52 544 54 585 55 558 56 729 57 679 59 926 60 780 58 692
6287 -10.657732245623981 0.992155967699621 13.123409721331056 122 124 121 0.88444750092103119 49 269 53 499 54 587 56 745 59 798 60 787 58 815 52 545
6288 -11.116394435981269 0.86906779553108238 13.865477830602186 194 191 186 0.40831794710016944 49 251 52 419 53 501 54 589 55 734 56 731 57 680 59 800
6289 -9.3815751822651308 0.57978260181423591 13.878031819575369 132 130 128 0.88923877083949743 49 260 51 584 52 424 53 506
6290 -11.051721029707295 1.3661211081894338 11.239222045919927 37 37 36 0.42829050842516447 52 224 53 511 54 285 55 573
6291 -10.466901066052404 1.2334422239971838 11.405102135855371 7 9 10 1.7798036181679209 49 572 53 515 54 603 54 604 55 253 56 760
6292 -9.6362761776819639 0.8639589766679967 13.250785863246076 184 181 169 0.4594114396381892 41 201 53 520 54 797 55 753 56 765 43 358
6293 -10.549107717611097 1.324661127080448 11.029414413667201 160 160 150 0.72040330903106498 52 226 53 529 55 760 56 757 57 778 60 847
6294 -10.337730618467194 1.3335385884862871 10.973296242958122 58 60 58 0.88946924207460898 52 227 53 531 56 296 55 282 58 248
6295 -10.254123397265909 1.2411791311126605 11.286045724695486 156 152 124 0.38891408805023076 49 573 53 532 54 605 55 761 56 761 57 684 59 806 60 784 58 705
6296 -9.5715214191253217 1.6028929035917285 13.593685008758035 119 103 79 0.65608174633862892 42 103 53 548 54 349 55 631 56 631
6297 -9.6411106406463301 1.7213168164956953 13.074190518694286 144 117 87 0.98617576731266066 49 615 53 562 54 657 56 624 57 719 59 969 43 65
6298 -9.4690358047738439 1.7594481310787522 14.01564690514796 73 58 42 0.67347964054117071 42 116 53 566 40 489 41 242 54 359 55 639 43 77
6299 -4.1004742388164912 2.0237793963379076 9.8524941320915431 98 88 77 0.72938418879496514 51 662 53 593
6300 -4.2080230709318309 2.3651345711704872 9.6639605171557079 162 149 133 0.4496357892387679 51 400 53 597 54 702
6301 -10.894933642156124 0.66564620820424514 14.506415004830128 77 80 85 0.63481972138116505 49 556 53 624 54 565 55 738 56 848
6302 -9.6040111035326063 0.73633180649975405 13.764674055717046 203 194 179 1.238123715665373 51 845 52 636 53 633 54 595 55 582 51 288 56 750 43 361
6303 -9.8351652368349143 1.3362054169566151 11.243921483371107 75 78 87 0.40416436693900215 49 801 53 644 54 804 55 890 56 875 57 788 59 944 58 830
6304 -9.7743204469220348 1.3482356041203201 11.350660866328941 88 85 98 0.79482825420803782 49 595 53 645 54 806 55 775 57 708 59 817 59 945 58 831
6305 -9.5008337422523308 1.155591200068842 13.2802921486145 30 32 43 0.38025084081391508 42 318 53 649 55 896
6306 -10.189784735116984 1.7109212032066101 11.036945868338181 17 18 21 0.74316836796316255 52 578 53 654 54 816 55 787 57 705 60 792 58 722
6307 -9.7687502947405989 1.3940850993883505 11.446187355165574 141 143 142 0.36477093218027901 52 565 53 656 54 627 58 718
6308 -9.8847631185453846 1.5089209776453865 11.811980158053506 44 64 82 1.7756783174924811 52 568 53 659 54 822 55 893 52 569 59 955 59 956 60 795 60 796 57 711 58 837 58 838
6309 -9.4296615671011335 1.5599802851013194 12.921594589978119 103 73 40 0.52983196973702973 42 332 53 662 55 903
6310 -9.5389676518815705 1.6660110731553843 13.103376376499355 145 115 89 0.98813485356348796 52 580 53 665 55 793 42 334 56 887 48 137 43 374
6311 -10.069885273829158 2.3015259392536911 11.338648467619231 92 70 48 0.69903492554317115 52 666 53 672 55 907 54 831 56 892 57 810
6312 -3.9376422232032091 1.6461627326076727 11.402103902042713 138 128 116 0.97206337283425281 51 626 53 676 43 665
6313 -4.1135216748938355 1.9519224784252547 10.681682743529077 92 83 72 0.89736843647889941 51 643 53 683 54 954 55 922 43 97
6314 -10.816851295216836 0.73045754999607193 13.991978268516956 84 87 92 0.59586558471388662 42 71 52 546 53 716 54 907 56 938
6315 -11.647018263568045 1.1215082706830222 12.626637506959325 107 108 107 0.71942672758858728 49 1103 53 718 54 999 55 968 56 1011 57 899 58 948
6316 -10.900981898672098 1.0437556954344351 12.492295763160113 122 128 132 0.587472005601823 49 789 53 719 54 910 55 976 56 942 57 856 59 1082 58 953 48 126
6317 -10.773883901588858 1.0228217576545455 12.816511997950988 38 39 46 0.24189773871515299 49 790 53 721 55 875 56 943 57 857 59 1083
6318 -9.6716163434574032 0.81267610870727647 13.579117694022834 29 34 40 0.7361273686615919 41 519 51 1062 53 723 54 1010 55 978 43 359 40 431
6319 -9.6572582247328729 1.0764401663135583 12.702568415939307 47 43 40 0.58155752915160697 49 954 52 773 53 726 54 1009 55 981 56 950 57 918 59 1087 60 904 58 963 48 244 43 538 47 116
6320 -9.6733406058281926 1.2093782505473518 12.533543356817008 124 109 96 0.92733020951963974 49 796 52 559 53 734 54 928 57 791 48 133
6321 -10.099015402842342 1.4887223825803606 10.980746816198719 36 41 46 0.69111350034350838 52 653 53 739 54 936 55 889 56 874 59 1030 60 856 58 828
6322 -9.8460901275202826 1.5128208026264591 11.066272877867334 49 44 41 0.39448484777125448 52 655 53 740 54 937 55 986 56 957 57 865 59 1039 60 900 58 906
6323 -10.352301092952306 1.8276970821942031 11.062978912095957 80 75 67 0.33248578554570274 52 786 53 748 54 1019 55 994 56 956
6324 -4.1144837216249215 2.22311292429817 10.711023984448918 81 71 62 0.44229072351314414 52 590 53 761 54 958 55 926
6325 -4.1356911407307058 2.2898446204305616 9.8371941489637429 121 104 88 0.31389700007122007 51 917 53 763 54 963
6326 -12.017284912747606 0.92586589564736943 13.568303715286511 61 66 62 0.49311703497910092 49 947 52 758 53 772 54 995 55 966 56 1007 57 895 59 1074 59 1129 60 923 58 951 48 185
6327 -12.068530566716856 1.0560896165178975 12.794201276101013 54 55 57 0.64766770776496652 49 946 53 775 54 994 55 967 56 931
6328 -11.397647129400795 1.0440876931921867 12.806239762851993 25 34 41 0.44667806094689755 49 788 52 632 53 776 54 1000 55 969 56 932 57 855 59 1078 60 892 58 950
6329 -11.205729995157593 1.030450019447104 12.903313725335494 63 70 76 0.6501821722702511 49 1105 52 759 53 777 54 1052 55 1046 48 240
6330 -9.7927740804189849 1.0893458691034694 12.385585691837727 211 203 188 0.48750313945126406 49 952 53 785 54 1008 55 1055 56 1019 57 917 59 1141 60 931 58 962 59 1086 48 243
6331 -9.5500725318603852 1.3185484652625405 13.052528398201691 63 47 34 0.54379391451004222 49 961 52 648 53 787 54 931 55 990 56 961 43 540
6332 -9.8831761498718809 1.6142692414935682 11.193862702747673 147 132 110 0.55868523409926329 49 1125 52 882 53 790 54 1013 55 996 56 959 57 869 59 1089 60 901 58 908
6333 -9.5630619829582173 1.4100642445601177 13.217620141339566 127 97 65 0.98333710386784678 42 622 52 781 53 797 41 913 54 1062 56 1028 43 725
6334 -9.8511820664897609 2.1310851231545542 11.283838596547511 138 111 81 0.56302224790975253 52 887 53 801 54 1023 55 1004 56 965 57 808 59 968 60 871 58 851
6335 -4.2794648180312835 2.3556960334940484 9.6659101193035273 150 136 124 0.70976071561931131 51 924 53 808 54 1078 48 208 43 104
6336 -4.4182763922686261 2.4199517566309807 7.4314772678693037 159 150 135 1.0515883398379746 42 533 52 897 53 809
6337 -11.97924072414107 0.53786241160663217 14.547859351062696 151 150 143 0.9106775945779132 49 1220 52 930 53 824 54 1100 55 1132 56 1067 48 329
6338 -10.850640341172959 1.0497858492051517 11.252612849759378 85 94 103 0.45899191487740065 52 864 53 826 59 1128
6339 -11.029254861050221 1.2834353794714379 11.203189845250726 49 58 57 0.78511215835051651 52 871 53 831 55 1097 54 1109 57 960 59 1132 60 948 58 990
6340 -11.35193881327444 1.3552088041277799 11.392005511852433 49 58 57 0.84262354966430586 52 872 53 832 54 1108 55 1098 56 1103 53 851
6341 -10.540232227972455 1.1095209308164158 11.225722732850024 124 128 124 0.57173846604509637 52 934 53 833 54 1110 55 1099 56 1072 57 961 59 1134 60 949 58 991
6342 -9.7709541797194319 1.7495575514792607 11.912359136903369 138 104 66 0.2212920610164332 49 1236 53 837 56 1029 57 964
6343 -9.6950316590397385 1.6543931572956438 12.231456296522346 126 101 65 0.92278214442743633 49 1126 53 838 54 1021 55 1064 56 1026 57 926 59 1170 60 937 58 1000
6344 -4.9894109987319331 0.71607497191843383 9.7804009706705877 141 131 122 0.20915075318719301 52 953 53 840
6345 -9.672136668604093 1.8738447710362296 12.679965767600676 134 110 82 0.62412780865506734 49 1323 53 858 54 1151 55 1148 56 1113 59 1204 60 987 48 363 47 173
6346 -11.996529813244388 0.777302635188725 13.003954648860276 164 165 159 1.7202930110587837 49 1361 53 875 55 1161 56 1134 57 1041 56 1149 59 1191 58 1054 52 1057
6347 -11.30852785145469 0.55327201421537398 14.779745422788888 6 10 15 0.68114227613726741 49 1359 52 998 53 876 54 1141 55 1133 56 1101 48 374 43 796
6348 -10.403377682354662 2.3146333241884789 11.23960533279898 101 84 66 0.76090205365567509 52 1012 53 886 54 1152 55 1150 56 1111
6349 -10.229385246084727 1.1138850099040813 11.395120480903293 41 48 44 0.77040898558827708 52 1039 53 896 54 1161 55 1178 54 1180 56 1151 57 1043 59 1219 60 1007 58 1056
6350 -9.9145798911681489 1.8975769575850989 11.38011876584166 149 123 89 0.71212311165758668 52 1043 53 899 54 1170 55 1167 56 1138 57 1026 59 1221 60 1003 58 1043
6351 -11.429843562982038 1.0042328578464075 13.053920366953857 66 74 81 0.7448049877702505 49 1411 52 1058 53 911 54 1199 55 1193 56 1161 57 1064 58 1081
6352 -10.428071282990279 2.0802927563963585 11.332038736922284 5 1 0 1.4177042649579927 52 1061 53 913 54 1185 55 1184 56 1154 57 1025 59 1202 60 983 58 1042
6353 -10.558043636452167 2.1469144280375532 11.433350599927808 5 1 0 0.3714570386789029 52 1062 53 914 54 1186 55 1185
6354 -8.9796497127294099 -4.6636941611511782 10.217607979009493 65 55 53 0.096942775683793905 52 1080 53 926 54 1201
6355 -9.5322953698792343 1.3437073889412106 13.743320023598946 3 0 3 0.85880974907748386 49 1440 52 1094 53 934 54 1210 55 1206
6356 -4.0101814831240512 1.6281171184582139 9.8411609758533771 160 151 136 0.95075463271745297 52 1099 54 1223
6358 -8.969745689331635 0.91163708064865911 12.965403588347735 32 28 20 2.4326065271802819 52 1114 53 955 48 439 49 1463
6359 -9.5082144849328447 -4.6747176978351961 10.099903139517686 174 170 171 0.45531506384953402 52 77 54 82 56 468 57 640
6360 -9.0758455530025746 -4.7657960753573025 10.479850429123168 174 168 170 0.57759032680151401 52 82 54 86 57 634
6361 -4.4653551590903025 -2.5431219180317917 8.8322315650047472 242 228 224 0.59990137019418033 53 154 54 129 55 103 56 478
6362 -10.360221505921508 0.96561284084820342 11.48025505136582 73 82 88 0.3087468682591043 52 208 54 258 58 521
6363 -9.7365561949388955 1.023993513219484 12.997602597338082 193 187 191 0.46421324180817608 49 271 53 233 54 296 59 617
6364 -9.3619569277018186 0.96420016664690178 13.789084056463471 103 99 95 0.93169951819320984 51 293 54 301 55 300
6365 -9.7968755479367768 1.3959826254405363 11.2431650975309 190 190 199 0.38051717997397949 49 309 54 315 57 380 59 614 60 553 58 281
6366 -6.4049720392831526 2.4822520153793444 8.5150927059883941 56 48 45 0.96622352608302886 53 337 54 399 55 412 59 860
6367 -8.9223190976507123 -4.997778181254418 10.062665745509451 26 9 15 0.36870086485398229 53 432 54 446 55 457
6368 -7.9764825899832852 -4.5547249395706517 9.8960835634271174 41 33 31 0.77410761208259693 53 437 54 456 55 466
6369 -5.0881721632195793 -3.2835557734767491 8.9424602730503988 190 184 172 1.0616189331912476 53 81 54 463 55 689
6370 -4.45373815960727 -2.9881136986345473 8.6743775215305003 165 148 127 0.48366977760706326 53 448 54 471 55 687
6371 -4.5700677153584222 -3.0251419391601186 8.7905393842594606 163 146 127 0.51771285056596161 53 450 54 472 55 690
6372 -9.3872671655904814 -4.6119111939148905 10.092689243413806 39 34 39 0.7193671471004216 52 370 53 113 54 480 55 476 56 469 57 456 57 742 59 994 60 610
6373 -11.382213331399242 0.90239658780429333 13.440509211827194 68 64 50 0.62940125248587286 52 193 54 556 55 556 56 555 57 669
6374 -10.962184751738986 0.79376248800954108 13.843510580239299 52 57 52 1.1604463280091459 49 250 52 420 53 201 54 558 55 559 56 732 59 927
6375 -9.71012069766787 0.48844439285617297 13.624028060382049 99 100 102 0.72559965030547346 52 183 53 192 54 566
6376 -9.8953812081329033 0.62692020896607836 14.031743474825443 49 50 44 0.99749189043276343 49 259 54 590 51 580 55 564 53 207
6377 -8.8791109640784089 0.53795432082282613 13.112669273277923 39 34 18 1.2418796376643233 52 201 53 211 54 594
6378 -10.178128124046845 1.1136876555498001 11.581217236050421 50 40 28 0.27343158899799713 49 574 54 610 55 577 59 794
6379 -9.5372015374614509 0.90814868321173259 13.238530312035046 205 183 176 0.48730078602966148 41 204 54 617 55 754
6380 -9.8004651126121711 1.7625532257253951 12.879188546909299 101 69 36 0.93480145222592748 49 614 54 652 55 792 56 622 57 613 59 651 60 810 58 578
6381 -9.6584571948524012 1.7967209909860484 12.885691999202315 102 78 44 0.85466750510112 49 617 54 656 55 798 60 811 58 579 43 74
6382 -9.8252610315867503 2.3300678671500226 11.499955986322076 92 74 48 0.73281678033201358 52 585 54 668 55 648 57 724 58 735
6383 -4.2184450110335137 2.1343078464842522 9.9250512787611278 92 76 62 0.30953654803043734 53 349 54 692 55 433
6384 -4.4406828812938199 2.3826674428803494 9.8573242418946183 84 67 52 0.46682754783682467 53 595 54 697 55 826
6385 -9.7555482504762399 -5.1446136470616981 11.932985475750995 162 158 155 0.75177693901315956 52 514 53 129 54 740
6386 -11.949837396176491 0.92489769882876294 13.275062344135398 60 60 61 0.4032475226188329 52 543 53 485 54 774 49 780 56 840 57 667 57 766 59 917 58 803
6387 -10.61286379300506 0.75148291750209706 14.146661247150126 127 134 141 0.66556728184425928 49 555 54 790 55 869 56 847 48 45
6388 -9.4762084081147471 0.86297405604007238 13.839399545126257 171 158 148 0.43133056043716056 42 321 54 799 40 432 43 369
6389 -9.4938819469006646 1.0537690055565192 13.472488086662313 4 9 22 0.32852897239430928 42 319 54 809 40 927 55 770
6390 -9.4645632888360343 1.2146571456196198 13.396691001519336 70 68 43 0.9179053049160828 49 583 53 650 54 810 55 779 56 602 53 247 43 368
6391 -9.7944823972424384 1.5898432761416186 11.527663312218529 64 70 78 0.41464686189895222 49 611 54 821 56 777 59 823
6392 -9.1100438875484393 -4.7231537053282286 10.109958341599322 214 210 211 0.22142427688953975 52 692 53 701 54 868 55 838
6393 -11.627438217498955 0.97689114579619618 13.11159422737204 107 110 115 0.66572688438936978 49 781 54 905 55 866 56 933 59 1077 60 893 58 892
6394 -10.435766939015735 1.0050495368139547 12.868571647989544 66 65 61 0.52792825559960721 52 552 53 638 54 911 55 876 56 944 57 859 59 1085 60 897 58 897 48 54
6395 -9.001452161273864 -4.9947854627749129 10.079427299351108 53 41 44 0.15143003733860624 53 765 54 971 55 933
6396 -9.1133362228024115 -5.0538244889871908 10.141984178113054 53 41 44 0.2553923064463931 53 766 54 972 55 932 56 976
6397 -11.66450544097092 0.38002708782763261 14.762926295906588 71 71 72 0.47410107634846765 49 936 52 751 54 993 48 238
6398 -9.8955514363376853 1.6198215390789623 11.198952623476497 143 122 106 0.65958551801948906 52 881 54 1014 55 997 49 1124 60 902
6399 -9.517637397224135 1.5832472458808629 12.905976059373636 98 66 26 1.6469468536517415 52 657 53 745 54 1017 57 872 43 546
6400 -4.2426603518458643 1.7478175910400731 10.128469674775442 141 132 117 1.3444334324756222 53 805 54 1028 55 1009 57 941 56 973
6401 -6.1953780269645984 2.7399842706671125 8.6548273271486167 142 128 115 0.56486238777715436 53 758 54 1029 55 1073 56 1036 57 937
6402 -6.1937129364102672 2.7377680960529709 8.6535989286063657 142 128 115 0.56068467075948791 53 759 54 1030 57 938 58 978
6403 -4.1210449030596026 1.9262681998290576 10.461492182526843 153 145 126 1.8127735982816515 42 348 54 1033
6404 -4.0939324498995502 2.3000350643522034 9.799890934710719 77 64 44 1.2791185758805377 52 798 53 764 54 1036 43 394 41 298 42 147
6405 -4.5681449612937879 -2.2516808987605583 8.976815169206894 130 117 100 0.52267362987920574 52 726 54 1045 55 1086
6406 -8.9581211862248633 -4.7386079152860061 10.501947431975832 168 166 167 0.77371836820501239 52 904 53 846 54 1084 55 1120 56 1093 59 1205 57 979 58 1029
6407 -9.3893591621257144 -4.6155918764510284 10.520289664954916 169 165 162 1.1684808444775363 52 906 53 847 54 1087 55 1159 56 1044 57 981 57 1033 59 1158 58 979
6408 -10.341546602632155 0.76410346316229827 13.402779124652032 65 73 76 0.32529625789859179 52 860 53 828 54 1105
6409 -9.472546878475848 -4.7197364687835242 10.296747886995773 38 27 23 0.86786908462090462 52 902 53 870 54 1135 55 1118 56 1120 55 1156 57 1001 59 1206 58 1049
6410 -9.4341058991150391 -4.6999127998745838 10.274915310859111 38 27 23 0.74101682105519473 52 903 53 871 54 1136 55 1119 55 1157 56 1121 57 1002 59 1207
6411 -9.5944204818792223 -5.0340034576791393 11.592763801559835 61 52 47 0.46594570850871242 52 970 53 872 54 1138 56 1122
6412 -9.5944204818792223 -5.0340034576791393 11.592763801559835 61 52 47 0.46594570850871242 52 971 53 873 54 1139 56 1123
6413 -10.29123337230153 0.9521290558855936 12.80133916658364 73 72 67 0.20513067440088709 52 1000 53 878 54 1142
6414 -8.9875133401804739 1.0282394636981662 12.670629504554913 16 29 48 0.56661456699243884 52 1005 54 1148 55 1146
6415 -6.0585990221723245 2.7234273857839706 8.6661703906591203 173 159 146 1.2896286073835441 53 861 54 1154 55 1154 56 1144 57 1031 58 1045
6416 -11.014972323315623 0.53788619081434008 14.266403043746749 25 26 30 0.79855956676475681 52 1073 53 920 54 1198 55 1192 48 402
6417 -12.35992715043189 -5.3177792074578463 12.451380558796279 196 193 186 1.3642022791066457 52 1103 53 941 54 1216 55 1211 56 1182
6420 -3.9485334729278629 1.4586463419766751 9.8035285096104268 161 152 137 1.1133971011019015 53 948 54 1226
6422 -9.5863303649843363 -4.6052505581405141 9.9854909153702778 65 61 62 0.33784069767284813 53 111 54 475 55 695 57 645 59 990 60 827 58 870
6423 -9.5854616768691567 -4.6043268212053201 9.9849945418762243 65 61 62 0.36611715303350328 53 112 54 476 55 696 59 991 60 828 58 871
6424 -9.2519021441037843 -4.8286226418760414 10.127187732801037 15 5 13 0.32569145803044575 53 696 54 866 55 937 56 813
6425 -9.2870495720523305 -4.8486352163663788 10.147004653407757 15 5 13 0.4062274159413885 53 697 54 867 55 936 56 812 59 1060 58 930
6426 -9.2727252380999214 -4.799417113822936 10.197289103006261 214 210 211 0.47654336264478309 53 702 54 869 55 839 56 680
6427 -6.978381479920456 -0.78836652619682845 9.0954739091519539 200 201 193 0.080245872760043441 53 954 54 1234
6429 -10.969707933334954 1.0628795976264183 11.157864973236926 192 185 169 0.34511921319435607 53 197 55 223 57 299 58 499
6430 -9.9158278324631937 0.49950749064166666 14.530277063592102 71 70 65 0.467957656394205 49 261 51 277 55 237
6431 -11.123137132260306 1.1820984265269081 11.127916833624104 181 172 172 0.63907479027018999 52 206 55 240 56 272 60 191 58 497
6432 -10.486837900431187 1.0576536187711634 11.587093526067317 69 88 98 0.6905215967222269 49 266 55 250 56 278 57 302 59 265 60 521 58 522
6433 -9.7137845750780532 0.81212248554907651 13.856338667492343 71 65 55 0.85099263550959281 51 289 55 270 56 568
6434 -10.250594430815944 1.2010108319880963 11.341448232917616 139 131 127 0.50891027884478324 53 225 55 284 54 288 59 283 60 527 58 533 52 441
6435 -9.7150778701790177 1.3804824817288714 11.080762686061645 50 47 38 0.68978541472186938 53 543 55 315 57 595
6436 -9.560032765951803 1.2806357688234362 13.036135849651352 21 20 16 0.65689184290055569 52 235 55 325 57 382 59 625
6437 -11.693970206672226 2.1747866130916464 11.236622912866675 26 13 4 0.83599464644027022 53 279 55 337 57 368 56 325 60 255 58 273
6438 -11.763676069483472 2.4009913191492878 11.442829126807032 70 63 53 0.38502539233208583 53 282 55 340 54 351
6439 -9.7888087121758804 1.8045397122853806 12.922553793618794 126 101 70 0.79131480700737256 49 323 54 653 55 370 59 652 60 590
6440 -9.8458730554873597 2.075859464220954 11.561066151007521 152 132 99 0.37182729488304028 52 274 55 381 56 641 59 649 60 582 58 577
6441 -8.0236292766085313 -4.6512554069978744 9.9646426114661715 39 31 29 0.7089647881788993 53 66 54 459 55 460
6442 -9.0493851388771986 -4.7080334986057251 10.460668584448948 51 44 41 0.42390332207891135 53 96 54 483 55 477 56 686 57 641 59 866 58 608
6443 -4.4294204171049616 -2.3762789720908493 8.8416553228294479 239 225 216 0.43736834152086562 54 154 55 497 56 499
6444 -11.469116213434214 1.0990379447943919 11.215223843285623 70 66 67 0.86615302633769664 53 495 54 570 55 548 56 552 57 559 59 774 60 508 58 676
6445 -11.420800360692825 1.0316163719257494 11.335100786089555 64 64 56 0.46924631422457957 53 494 54 554 55 549 56 723 57 764 59 916 60 767 58 802
6446 -10.585184119304611 0.85218818689165898 13.375254225558015 56 53 48 0.83849625111399417 52 421 53 500 54 586 55 561 49 552 56 730 57 681 59 799 58 693 48 44 47 53
6447 -10.300758800662715 1.1823713217079896 11.097570106187192 60 62 48 0.68980429879090233 53 514 55 574 59 567
6448 -11.886173780006052 1.8249104146075634 11.202132989447694 93 85 79 0.56571571871289628 53 526 54 621 55 589 56 573
6449 -10.457755798724577 1.2580107783532168 11.121679665015423 124 121 117 0.44758031037764689 52 438 53 512 55 590 59 791 58 702
6450 -10.391937975347586 1.2385166365523346 11.088216988775121 124 121 117 0.42016305080330768 53 513 55 591 59 790
6451 -10.253470498706964 1.2723572023938223 11.090968565557365 50 45 34 0.6641267604376444 53 237 54 602 55 592 59 933
6452 -10.167511698831108 1.2982103194007517 11.030460762867101 170 171 160 0.73624322207191484 53 239 55 593 56 577 57 694 58 703
6453 -10.162063325613454 1.1524312065147084 11.399098376057072 90 76 71 0.66036314908767346 53 516 54 608 55 594 59 808 60 678 58 252
6454 -10.214144127045392 1.2157238356924231 11.488777709438667 20 19 6 0.40833038904246444 53 241 54 291 55 596 56 578 57 573 59 810 60 679
6456 -9.4406768840452617 0.96249112213560972 14.110934734660033 129 120 120 0.82155039187531598 42 89 53 523 55 604 40 914
6457 -9.2273565378871201 1.0248834699927554 13.989606710377787 108 102 95 0.84425675393496791 49 294 51 294 53 252 55 606
6458 -10.804886573303449 1.769301942213056 10.996025080049062 31 25 26 0.99081163632227931 53 258 54 635 55 610 59 600 60 254 60 535 58 274
6459 -9.80176802881887 1.3544530984388203 11.084441838752655 55 49 34 0.35590733008555447 53 533 55 614 57 582 59 606 60 687 58 717
6460 -11.113868193618462 2.1567260080054051 11.286622471727076 83 66 51 0.52194195040443159 53 555 54 826 55 624 56 606 58 305 60 284 59 322
6461 -10.069720118786535 1.7522939295287685 11.116978508542466 24 11 0 0.22468571343291321 53 664 54 645 55 628 56 329 57 386 59 325 58 725
6462 -9.7426388056829243 1.661963688927208 11.979539360966179 89 70 41 0.78120277721564857 53 264 55 630 59 829
6463 -9.7684244781642544 1.8171431689451452 12.777298231910237 138 111 85 0.68547694880095722 49 322 54 651 55 634 56 623 58 734 48 136
6465 -9.6949429307602966 2.0950882028782165 11.517146265597667 148 124 94 0.28241199787784083 53 567 55 645 56 790 59 834 58 582
6466 -9.7218423378965646 2.1237932125469179 11.459481320800315 144 120 86 0.50204978661661925 49 625 55 647 60 712
6467 -9.7238569654983653 2.2641871764769248 11.564978470086437 14 3 1 0.34574461532115108 53 312 54 671 55 650 56 646 59 837 60 721 58 585
6468 -6.3904290704922087 2.4673387673324902 8.4625731332645895 167 159 153 0.54045626325120399 54 840 55 666 59 1053 58 925
6469 -6.3366355771232001 2.5039432861754021 8.4677310106057053 175 167 156 0.91078979272908367 54 683 55 667 56 416 57 437 59 704 60 821 58 861
6470 -11.748942949671015 0.97971941396036599 12.97722113972676 99 104 108 0.6098051001969409 52 191 55 732 56 553 58 504
6471 -11.165750940990836 1.0663887292636884 12.825743681411756 27 32 37 0.52506049469976812 49 267 54 786 55 733 56 743 57 773 59 1022 60 843 58 812
6472 -9.7903807843598223 0.92770913316533121 13.309076146434156 50 50 53 0.89389248083051798 49 565 55 752 56 764 48 57
6473 -9.3699535562346821 0.77830304386397975 13.808547510591209 134 120 105 0.31876288502487771 51 589 53 521 54 798 55 755
6474 -10.451457245333385 1.3397112070820509 10.936887150699683 50 46 45 0.46751742959703352 53 530 55 759 57 572 59 805
6475 -9.6983908187648531 1.0407853655843913 12.825417307610051 81 82 86 0.2746056154347421 49 289 55 766 58 719
6476 -9.6412696760613255 1.2004679839072885 12.893365456884569 123 123 127 0.58123374624138402 49 581 53 534 54 628 55 768 59 825 58 728 43 366
6477 -9.7530337597616086 1.4284937084142049 11.287774271594051 65 64 74 0.30843021661916226 53 655 54 818 55 773 56 770 57 710 59 951 60 793 58 726
6478 -9.3727562576667403 1.1897452393903591 14.080133508331643 112 90 67 0.89640766865408916 42 104 52 562 53 651 55 784
6479 -11.063611760910348 1.9888853319491848 11.166511744982245 11 3 1 0.291421310580257 53 663 54 814 55 786 56 774
6480 -10.095363296124388 1.6811097486776543 10.997262216749728 13 8 8 0.56827313468857488 53 653 54 815 55 788 56 775 57 704 59 821 60 791 58 723
6481 -9.8845127385154505 1.7945736397213168 11.288598141046156 102 77 50 1.6227679757248805 49 610 55 790 56 784 53 558 54 647 57 714 60 701 60 702 58 729
6482 -9.6875511002317918 2.2049852349415513 11.438539699973168 135 111 85 0.65877992897611026 53 673 54 832 55 804 56 791 57 721 59 835 58 856
6485 -10.253458850979673 1.0745551071901651 11.703477694303427 24 22 20 0.35768427136914221 53 725 54 916 55 874 56 941 57 858 59 1081 60 896 58 896
6486 -10.551805123649242 1.891171478440572 11.064973579567013 44 24 9 0.41821134120539749 53 799 54 1018 55 898 56 880
6487 -9.7419048618035013 1.5430392331396579 11.243981563994664 27 23 13 0.33725122809916569 53 741 55 899 56 881 57 794 59 1041 60 861
6488 -9.7419048618035013 1.5430392331396579 11.243981563994664 27 23 13 0.33725122809916569 53 742 55 900 56 882 57 795 59 1042 60 862
6489 -6.2952569644121512 2.778612765179918 8.5825491544827806 162 148 137 0.51320956743916546 54 844 55 917 56 903 57 821 59 1058 60 876 58 865
6490 -11.522658692561764 0.95394678405582845 13.165004793853621 94 100 98 0.44134889304699831 49 782 52 633 55 970 56 934 57 850 59 1079 58 952 48 125
6491 -11.146774423476712 1.2650327381199802 11.074534026760197 37 38 40 0.56382987545949659 53 781 54 1004 55 975 56 940 57 853 59 1015 60 889 58 895
6492 -10.21972088148727 1.7843227676983113 10.989993556120973 73 68 62 0.15690413002909384 53 749 54 1020 55 995 56 955
6493 -4.6581423057814337 -2.0526934345714123 6.5986000538077132 182 173 156 0.83841127625413403 54 1041 55 1027 56 1040
6495 -10.870567356801926 1.3408143887669077 10.991423792422212 112 111 106 0.61732473545909183 53 830 54 1054 55 1050 56 1015 57 910 59 1131 60 924
6496 -10.102103544759094 1.175748575234429 11.734396815083992 200 193 185 0.50127977859081652 53 783 54 1005 55 1053 56 1017 57 915 59 1139 60 928 58 997
6497 -10.102103544759094 1.175748575234429 11.734396815083992 200 193 185 0.50127977859081652 53 784 54 1006 55 1054 56 1018 57 916 59 1140 60 929 58 998
6498 -11.411790802035306 2.2388486431102188 11.336892347436583 17 6 3 0.43514107779765959 53 798 54 1065 55 1061 56 954 57 868 59 1036 60 899 58 905
6499 -9.0388340228672863 1.6947961448323805 13.451354447911505 99 90 81 0.77645438396442412 51 1087 54 1067 55 1067
6500 -6.3588948152641196 2.5103847440209193 8.3222327522078157 6 0 0 0.38759230337903078 54 1025 55 1071 56 1034 57 974 58 1005
6501 -4.4558292581289107 -2.4494227260657011 8.7953635002745454 111 95 80 0.41237489515520798 54 1044 55 1085
6502 -12.185633005659279 1.2107973692862648 11.370951571455917 157 158 152 0.61669421074472452 53 850 54 1103 55 1094 56 1069 57 957 59 1125 60 945 58 988
6503 -10.790192869343208 0.8803608007943865 14.014786513758541 65 71 81 1.7732332901454764 49 1096 55 1096 56 1073 43 535
6504 -9.8910035064284507 2.1605766766952939 11.705138774350056 142 119 88 0.72363360211732974 53 860 54 1068 55 1106 53 839 56 1081 57 966 59 1173 60 956 58 1020
6505 -6.3585146565138606 2.4865251012949496 8.5369630896784514 27 22 22 0.48227605536252638 54 1123 55 1110 56 1088 57 975 53 842 59 1178 60 961 58 1024
6506 -6.3585146565138606 2.4865251012949496 8.5369630896784514 27 22 22 0.48227605536252638 54 1122 55 1111 56 1087 57 976 53 841 59 1179 60 960 58 1023
6507 -4.4043768821796121 -2.3070272873003153 8.7786803222579142 110 97 80 0.67709885952440751 54 1096 55 1126 56 1124
6508 -4.4294016680383672 -2.3027827015596243 8.891169392622162 171 158 142 0.50599551382576191 54 1097 55 1127 56 1125
6509 -12.01286818044035 1.4286462736412859 10.898294854956756 132 125 117 1.6821971882892408 53 877 55 1135 56 1102 57 1018 59 1193 60 976 58 1010 58 1035 59 1162
6510 -11.257399428289219 1.8077676731872734 11.05322785897539 122 108 95 0.4127174569584855 53 884 54 1145 55 1140 56 1106 57 994 59 1165 60 951 58 1013
6511 -9.5698532089015966 1.2148460267954651 13.218511962634759 24 33 42 0.68268897959938613 42 756 55 1145 43 761
6512 -6.3753530289987328 2.784723971941149 8.4841024961600571 123 110 101 0.74756371609429861 54 1126 55 1153 56 1116 57 1000 58 1028
6513 -12.217044160484596 1.8176667776685946 11.304373957704591 44 36 33 0.54418693279432839 53 897 54 1166 55 1162
6514 -9.2576080767523266 2.0493972244385747 13.217432622838846 129 120 105 1.4538153122513648 53 915 55 1194 52 1064 56 1165 48 398 43 804 41 1102 42 799
6515 -7.4266575536228823 2.6530701575184583 10.327749940394378 167 153 140 0.67685583373279568 54 1242 55 1227
6516 -9.6969290915559281 1.3000525319432865 12.491301099139299 164 158 142 0.34739577908402286 53 735 55 988 56 952 57 866 59 1044 60 903 58 909
6517 -9.1593880304921864 1.575126739494723 14.184137653890714 22 8 0 1.2805676409221205 53 276 55 640
6518 -5.7193099083138463 2.0153505029916929 7.8421752908908573 118 100 80 2.3289111378609686 54 1221 55 1213
6519 -5.7193099083138463 2.0153505029916929 7.8421752908908573 118 100 80 2.3289111378609686 54 1222 55 1214
6520 -8.9716255214917755 -4.687644647647442 10.262221048243855 9 0 0 0.52777064000321305 55 53 56 42 59 431
6521 -4.4736238877088388 -2.6349398504561528 8.8261832847683408 153 148 145 0.72440439300811732 55 87 56 62 57 8
6523 -15.090464849216872 -4.9855686618128114 12.246917165127284 203 199 190 1.196219834580861 52 153 56 152
6524 -11.361585404507489 -1.6973732097532657 9.0884262622597944 249 245 237 0.37777182999457337 55 519 56 197 57 234
6525 -11.361585404507489 -1.6973732097532657 9.0884262622597944 249 245 237 0.37777182999457337 55 520 56 198 57 235
6526 -11.889918388804666 1.2349293150986229 11.195579673611466 151 151 149 0.27994849985736464 54 782 56 244 53 194 59 224
6528 -10.794851093507408 1.0401578826118252 11.322823311918228 63 68 73 0.78981813459638883 54 254 55 225 56 248 57 300 58 206
6529 -11.07526485702512 0.93747298852447669 11.803263845433214 50 50 53 0.64903152980258605 54 257 55 227 56 249 57 287 58 500
6530 -11.134614692199012 1.2533290567310438 11.102938168448567 6 7 2 0.14784875070146195 55 241 56 273 57 565
6531 -10.858526806502965 1.1519010472379965 11.13373594966753 44 51 59 0.65670462207045599 53 219 56 274 59 244 60 193 58 517
6532 -10.561500741454038 1.2111440274513774 11.064989362194117 36 37 38 0.28026305179091043 54 599 55 246 56 276
6533 -10.381173826980985 1.1217406656886919 12.048806977452506 11 13 13 0.36429001766590707 53 227 56 281 57 331 59 590 60 681
6534 -10.138118880080011 1.2352869758382481 11.299941257290238 10 5 1 0.3495721026486957 54 606 56 297 55 762 57 698 59 807 60 229
6535 -11.044338690822146 1.8594417257077087 11.065919353010852 125 118 106 0.53683847897613601 53 541 56 315 57 367
6536 -9.8341924331474733 1.4540841809683493 10.997956309547474 93 87 77 0.43786141889738445 53 260 56 316 57 378 59 607 60 285 58 550
6537 -9.6998896008724138 1.1599533757665086 12.575466825823399 176 165 148 0.47865227961631024 54 317 55 297 56 318 57 585 60 556 58 555
6538 -9.6444776031633666 1.2065079140799904 13.966061731257025 10 8 6 1.0731323571079867 53 249 54 320 56 321 55 783 43 60
6539 -10.215027988065241 1.6973791471352666 10.98612280721326 13 8 7 0.27590831350005174 54 334 56 327 57 374 59 621
6540 -10.215027988065241 1.6973791471352666 10.98612280721326 13 8 7 0.27590831350005174 54 333 56 328 57 373 59 622
6541 -9.8884829933083207 1.7032868802898562 11.286170366077737 38 17 2 0.3030354606153528 55 344 56 330 59 326 60 565
6542 -9.6936452443122842 1.5522616355466681 12.165117980736888 14 11 16 0.81839881511567569 53 266 56 333 57 607
6543 -9.6200972839813748 1.5196719787852622 12.470381883072424 107 78 62 1.0043516697729638 54 346 56 335 57 390 59 348 60 573 52 454
6544 -11.070863882832434 2.4265530742158359 11.561767222485512 77 56 35 1.1839156496995951 54 365 56 354 57 612 60 707 59 637
6545 -11.254870860499217 2.743386171597372 10.137963430681289 118 99 84 0.41436925326799962 55 375 56 371 57 403 59 343
6546 -9.7331823062433624 2.0724083045425545 11.481000631666863 97 72 42 0.27883872254483799 54 368 55 382 56 373 59 663 60 585
6547 -9.7331823062433624 2.0724083045425545 11.481000631666863 97 72 42 0.27883872254483799 54 369 55 383 56 374 59 664 60 584
6548 -9.9856185783818336 2.3059036985718584 11.309056461555583 88 68 43 0.46888995834988023 54 379 56 389 60 338
6549 -6.2925653773523091 2.4435732750220538 8.5765482726993429 171 160 153 0.63836553187902023 55 812 56 418
6550 -11.49959841928275 -2.9618033845757687 8.9355781090375466 150 115 101 0.78379185294628051 54 758 55 960 56 517 57 658 59 888 58 779
6551 -11.491266434818121 -2.9618307634893721 8.9336118848422803 150 115 101 0.76157412143491043 54 757 55 959 56 518 57 657 59 887 60 739 58 780
6552 -11.433350273074314 -2.4192655568003882 9.0794188294148395 193 166 162 0.64387232322056076 54 183 56 525 55 159 59 159
6553 -10.004871202991021 0.90283821942563736 13.441150178330865 194 190 181 0.3415249771205231 53 232 54 298 55 267 56 566
6554 -10.253062340347464 1.1735835845388911 11.129811939600181 127 128 120 0.25040145819173404 54 601 55 575 56 575 59 569 60 677
6555 -10.226936132984148 1.3129446143403143 11.056656003709328 157 156 148 0.45036320193553114 53 238 56 576 57 695 58 704
6556 -9.8907186697177725 1.0657724527373802 12.65695222778767 68 63 44 0.39635742605856439 53 231 56 581 59 819 58 708
6557 -6.4966253267500633 0.34358484510323012 7.9158931480641259 10 0 0 0.25585410408940745 55 608 56 588 57 690
6558 -11.023571163634214 1.744982273192885 10.993464450630842 107 98 81 0.1091589936713865 55 609 56 591 59 279
6559 -10.479722635315682 1.5563826246564807 10.970334627291367 30 30 30 0.72743429399934367 55 611 56 592 54 311 60 257 58 275
6560 -9.82649705791518 1.3576022479763108 11.026810868332912 147 135 110 0.40580208759659736 54 624 55 613 56 596 57 580 59 815 60 685 58 716
6561 -9.8432639190677502 1.3659216169420545 11.038453972518514 147 135 110 0.28919759976720383 54 625 56 597 57 581 60 686
6562 -9.799084518914146 1.4432330520805059 11.099520248807751 120 111 106 0.66981942472020128 53 262 54 338 55 616 56 598 57 596 59 609 60 695
6563 -9.6721392730382352 1.3603847685518757 12.836565304491877 31 35 36 0.31469756646622821 54 629 55 324 56 601 57 600 59 824 60 704
6564 -9.7616007621528915 1.6448742549451201 11.302725206081409 15 7 1 0.24827578439472689 54 354 56 607 57 388 59 624
6565 -9.7538820442800436 1.4829179814962588 11.77858072744155 47 55 74 0.72308846325393683 53 263 56 609 57 597
6567 -9.807279188354153 2.0578123776970756 11.541199842750714 155 130 100 0.42544204249553663 52 273 54 367 56 640 57 617 59 650 60 583 58 576
6568 -9.781010116783925 2.0026798154492615 12.457363759093701 109 86 55 0.68909890116051076 53 306 54 662 55 367 56 642 59 665 60 586 58 338
6569 -9.1366758015224701 -4.7440771649073854 10.56317053783409 171 167 166 0.6115004056229062 53 445 54 88 56 687 57 743 59 868 58 611 58 758
6570 -9.1418802407699022 -4.7479310689164596 10.566663189315868 171 167 166 0.55953106272886743 53 446 56 688 54 87 57 744 59 867 58 759
6573 -10.487538217634471 0.9095511847301242 11.228612175858787 71 73 72 0.92446725472566071 55 551 56 724 57 675 59 918 58 889
6574 -10.335866050584206 0.91215665998782702 11.533398800700699 106 107 115 0.28809771616998103 54 576 56 725
6576 -11.429317136322128 1.2611046635177281 11.117079345940713 35 40 32 0.37950457380897878 55 572 56 739 57 673 59 781 60 769 58 675
6577 -10.384407113745329 1.0951600981396628 11.158612568348737 132 127 123 0.37940784744330097 53 636 56 740 60 774
6578 -10.197835224542699 0.98282846515612354 12.914375373336346 77 77 69 0.43814902194341743 52 219 56 746 59 935 60 851 58 824
6579 -10.609168724849889 0.96359182255687581 13.419600766754275 71 70 66 0.4009493002561576 53 203 54 270 55 581 56 747 57 569 59 802 58 694
6580 -10.174255332621653 0.92000888775394618 13.47302753463428 196 193 193 0.33270089357951393 53 504 54 791 55 750 56 748
6581 -10.117663603266928 1.1278456489534696 12.175914185559561 38 44 51 0.94915364998106944 54 613 56 762 55 598 59 1024 60 849 58 706 58 899
6582 -9.8893319797442807 1.4090968139080009 11.000899372651256 75 71 63 0.39433814152990404 54 803 55 772 56 769 57 703 52 450 59 943
6583 -9.7564693126065904 1.4292590747701277 11.289216131719426 59 60 65 0.35325939128358197 55 774 56 771 57 709 59 952 60 794 58 727
6584 -9.7657424904643992 1.2235201415137562 13.102059113158132 65 66 70 0.47493365433938395 53 535 55 769 56 772 57 700 59 958
6585 -9.9853312582945222 1.6300097016341359 11.018337928213155 86 74 62 0.36644088537443903 54 817 55 789 56 776 57 706 59 623 60 694 58 724
6586 -9.6720642932509957 1.4249009544596458 12.582665831764542 150 136 126 0.35254797465278503 53 661 54 825 56 778 59 966 55 777
6587 -9.7269564046249144 1.406124770223099 13.669605483200067 101 78 55 0.72080929182190057 53 537 54 348 55 781 56 781
6588 -9.8827464678042389 1.9270895527774534 11.211944172179283 118 97 75 0.36380484855661577 55 797 56 785 57 718 59 639 60 708
6589 -11.664317250545855 -2.9731588038572121 8.8504429303643395 170 120 99 0.35541442633578479 55 853 56 826 57 760 58 778
6590 -10.624983651330108 -2.5189589685469969 8.933881892701045 186 176 172 2.2933914892118152 55 855 56 830 57 532 60 118
6591 -11.393322883812955 0.80902281636453832 14.243790166152577 109 109 108 0.18840796670233179 53 488 54 560 55 735 56 843 57 767
6592 -11.393322883812955 0.80902281636453832 14.243790166152577 109 109 108 0.18840796670233179 53 487 54 559 55 736 56 844 57 768
6593 -11.280217458317995 0.7675849288239156 14.586183835557378 19 24 31 1.0880873388525325 52 182 53 623 56 845
6595 -10.75981058584537 1.0780281912983618 12.327351844420765 54 63 70 1.6987492295550806 49 559 56 855 60 842 48 48
6596 -10.499020036142177 0.95801311388675792 13.473679486097824 204 191 183 0.41642111641091933 53 629 54 788 55 877 56 858 57 860 59 1026
6597 -10.499020036142177 0.95801311388675792 13.473679486097824 204 191 183 0.41642111641091933 53 630 54 789 55 878 56 859 57 861 59 1027
6598 -9.8156364565434266 1.1770202404470129 11.732428847649299 196 196 171 0.32245518993660677 54 924 56 868 57 789 59 1032 60 857 58 902 48 51
6599 -9.7419255716534465 1.4771612108049661 11.920204000735922 158 152 136 0.45221097553332673 53 660 56 885 57 798 59 957 60 803 58 839
6600 -10.001248407727347 2.2664069892372849 11.295368699888581 76 56 32 0.65206502733975513 54 830 55 908 56 891 57 809 60 809 58 855
6601 -6.2645960384748438 2.7531306253655625 8.5701350395509373 166 151 144 0.2993370133478449 55 918 56 902 57 822 58 866
6602 -9.4381612454671302 -4.6679979108116436 10.54605055122626 162 158 159 0.74715080487899843 54 735 56 910 60 878
6603 -9.8761567972907915 1.0599117631039292 13.485819146322648 20 19 24 0.49039017978473259 53 727 54 918 55 982 56 951
6604 -4.4926684599133822 -0.27213557598476285 9.2904045993136481 23 4 0 0.45946154725190197 55 992 56 962 57 875
6605 -10.942812574338344 2.1877044530500656 11.226567911576607 88 73 47 0.44277960433900548 55 1002 56 963 57 800 60 866 58 911
6606 -11.705215529493469 1.1382724014065224 12.656967593725634 155 153 158 0.69082746538316386 49 1102 56 1012 57 900 58 949
6607 -11.05238298264335 0.87678209721354317 13.608205535579959 190 173 162 0.26802914729956073 53 778 54 1001 55 1048 56 1013 57 901 59 1135 58 994
6608 -11.093459016527104 0.88614999652851423 13.641420219260329 190 173 162 0.19832092881816399 53 779 54 1002 55 1047 56 1014 57 902 59 1136
6609 -6.3961389841747183 2.5411897661177947 8.3341922789087981 11 6 2 0.33029061097945106 55 1072 56 1035 57 973 59 1177 60 959 58 1004
6610 -4.6867477705846055 -1.9594486996625087 6.62065557738143 188 171 161 0.16877315225249032 55 1031 56 1042 57 945
6611 -11.42664075104822 -2.4378437619727076 8.9970385974566476 184 125 103 0.45204262251815891 55 1087 56 1059 59 1123
6612 -10.947412284100469 1.5039479097499469 10.910264007718714 34 39 43 1.0053415677800996 54 1115 55 1103 56 1075
6613 -11.508978673865375 -2.786872081569169 9.1239469707664451 235 229 228 1.2507557231928845 55 1129 56 1097 54 1140 57 1008 59 1185 60 966 58 1033
6614 -11.26504439683575 1.8097216590610621 11.056038201486437 121 109 95 0.41383941046238343 54 1146 55 1141 56 1107 57 995 59 1166 60 952 58 1014
6615 -11.590579217151578 2.5452807909509261 10.95789591385258 111 104 98 1.0213590498174285 54 1184 55 1183 56 1153 57 1046 59 1229 60 1009 58 1059
6616 -10.828944936750307 2.656914272530186 10.134576430127632 138 128 116 1.1676351491842143 55 1187 56 1155 57 1027 59 1222 60 1002 58 1061
6617 -12.551430997178736 -2.5676018897666899 10.237135765212857 183 176 170 0.93622847751595528 55 1190 56 1159 54 1197 57 1058 59 1234 60 1022 58 1075
6618 -9.1034440323325079 -4.7047763466370398 10.28434087354484 103 92 84 1.245353489615447 55 1204 56 1169 59 1239 58 1086
6619 -11.782874476122482 1.5976424710381525 10.407312294489014 124 117 111 2.1591980444911698 56 1175 57 1073 59 1245 60 1029 58 1092
6620 -5.003951358031288 -0.18613936101485301 9.1068681156484708 77 81 92 0.34217651660991422 55 1226 57 1087
6621 -11.952526049702394 1.3281404466159406 11.171767399363416 26 26 22 1.6704596929798774 54 244 55 221 56 245 53 780 55 1049 57 297 59 223 60 176
6622 -10.622186339718313 0.91874180217312285 13.359557621246585 111 106 103 0.43420934262413741 54 268 56 284 55 233 58 235
6623 -9.9357436582014049 1.0868936236259052 12.235307756643332 121 113 110 0.087264209427070805 55 293 56 300 60 542
6624 -10.119010533038111 1.048327212214577 12.554913290370052 56 57 54 0.091284449410458768 55 265 56 301 58 263
6625 -9.424708778018779 2.0682839500673018 12.073247976042078 115 102 94 0.2347309407989373 55 384 56 391
6626 -11.765827082976445 0.31885271366092233 14.999574074516078 67 63 64 0.54310905607521665 53 177 54 545 56 544
6627 -9.8063662659508033 0.97675580216312285 13.109534272204849 43 46 55 0.1951267249068161 54 616 55 266 56 582 57 341
6628 -11.338350369963573 1.0095763105357602 13.035205676968728 40 45 48 0.43049881055359468 54 584 56 728 59 784 60 771 58 683
6629 -10.626858405353007 1.0662870270455869 12.658238337346209 146 150 143 0.3558415713659453 55 749 56 744 53 518 54 787 57 779 56 857 59 925 60 850 58 813
6631 -12.037773026534518 2.2540458792901079 11.196669728324082 44 34 22 0.57373146493428173 55 1165 56 1136 57 1022 54 1181 55 1180 59 1197 58 1038
6632 -11.97524011141252 2.233039575052334 11.166621622812611 44 34 22 0.64910468855437309 55 1166 56 1137 57 1023 54 1182 55 1181 59 1198 60 979 58 1039
6633 -9.0934952036608578 -4.7111270657013797 10.539128054309348 173 168 165 0.52516976393437342 56 470 57 16 59 717
6634 -11.441936861645814 -1.6903223013763657 9.1460315772942522 99 78 61 0.6125610559303416 54 192 55 521 57 236 58 128
6635 -11.245883724644765 0.99463254098287268 11.809042097140198 54 50 44 0.3330238485247814 55 226 57 286 58 208
6636 -6.6563497402773519 0.13873345301850193 7.9267668181100559 17 1 0 0.74878751451308723 56 270 57 296 59 237
6637 -11.269557155665618 0.94386801653060026 13.008164547294685 94 103 103 0.57662646936334927 55 229 57 306 59 251
6638 -10.359871903368546 1.0783687106590458 11.478346633274358 28 43 57 1.0300722372745594 53 224 54 287 57 324 59 571 52 209 58 523
6639 -10.166383228587902 1.1109520707065028 11.178758128468223 70 84 93 1.1500815005580398 55 576 56 277 57 326 59 570 60 520 58 520 56 741
6640 -10.221017673773092 1.0679938988498228 11.606406109779325 101 98 101 0.25682896009661982 55 257 57 328 58 231
6641 -10.260723296583734 1.0383030227708157 12.44363516324689 49 53 57 0.56466600514258736 54 292 57 334 59 812 58 260
6642 -12.210323918825793 2.1288479204598074 11.038818580762026 111 104 98 1.6208649780004321 53 257 57 346 60 220 58 244
6643 -11.797784123139335 1.8013026106862835 11.156524484454419 98 89 84 0.11160202917093354 56 574 57 351 58 247
6644 -9.9174225919486965 1.164888214731798 11.831980106703096 110 104 102 0.44276168176645103 55 287 57 353 60 540
6645 -9.7146518174439844 1.0745386980041911 12.205023424184859 57 49 36 0.66197117521001303 56 302 57 354 59 616 58 264
6646 -9.8132186377665587 1.160718336204835 12.527670944382152 150 136 125 0.47614302849721535 55 296 57 355 59 309 60 543
6647 -9.8621426353141235 1.4425675032305669 10.967860925415907 40 38 34 0.35928550296409328 56 594 57 377 60 538
6648 -9.7319526503863703 1.3734871142157754 11.20958067030497 200 190 190 0.32164866202240333 54 316 57 379 59 615 60 552 58 280
6649 -9.9712511257338328 1.680132645794451 11.089536918372088 117 101 81 0.15760806661138779 54 337 57 385 58 307
6650 -9.7271169614771029 1.9900241439281263 11.459660802073332 112 86 59 0.32203799006341854 53 304 57 394 60 581
6651 -9.6801373485092945 1.8793599702834611 12.83473512932596 132 106 83 0.78839836842546962 54 357 57 397 59 666
6652 -9.7509916051770755 1.9539751894824435 12.890636148321139 109 83 60 0.59229094973592533 56 380 57 398 59 369 60 348
6653 -9.724631564020477 2.1628746801855545 11.263493113293267 149 119 88 0.32187568621074075 53 310 55 380 57 404 59 367 60 578 58 581
6654 -9.8503232804349423 2.0425094475696972 13.164319089028432 98 82 70 0.45547458806618274 55 371 57 409 58 345
6655 -6.3432715875940842 2.4629413651986782 8.5255321195550309 62 60 63 0.3484274759633168 55 418 57 436 60 605
6656 -9.384493736591331 -4.6807662169450674 10.576991497204684 30 23 17 1.0529471904352352 54 100 55 62 57 466 59 439 60 13 58 400
6657 -4.0904222187975092 -0.71362704009195477 8.2729198450139823 55 55 57 0.70885707933338371 56 550 57 560
6658 -12.089603141988043 0.76960825228797125 14.362822147009544 36 34 36 0.26449722797520703 53 186 54 233 56 549 57 561 59 547
6659 -11.705066566587677 0.8877044011535018 14.022211908724083 50 46 45 0.13494083991285971 56 556 57 562 60 666
6660 -11.63998775680826 1.3456050346348136 11.016068046507572 41 37 34 0.67218901779592677 56 271 57 564 60 514 58 495
6661 -10.889623456912739 1.1169477981066203 12.532858093098509 40 52 56 0.50716901220966581 54 583 55 578 57 575 59 796 60 671 58 525
6662 -10.219239067796131 0.93550033360980467 13.445362222639186 206 198 188 0.49634047565520867 53 205 54 271 56 286 57 577
6663 -9.7988106008404419 1.6419652273735992 11.268990538048422 124 110 88 1.0562113814672307 54 342 57 604 60 317
6664 -9.7129286717791583 1.8546207077124341 12.754829190020837 111 85 60 0.694711958042178 54 654 55 635 56 358 57 614 59 832 60 589
6665 -9.7432534998118339 1.8973469029364696 12.964845534785745 129 105 77 1.2752700201546816 55 637 56 626 57 615 60 714 60 715 58 580
6666 -4.7701299993246602 0.12165423893045074 7.2641963340746711 70 51 34 0.52387956324649942 56 386 57 619 59 677 60 602 58 590
6667 -9.7903096298575125 2.3454826828637625 11.647244760227403 125 111 101 1.2608219506898348 52 668 55 393 57 621 59 673
6668 -6.4126416078210582 2.5142875537782499 8.3125007553538754 8 1 0 0.30275403926868183 56 415 57 624 59 857 60 726
6670 -8.8743728964049833 -4.6964167840232989 10.352841727282163 37 28 29 0.4624016754831719 54 84 57 632 59 715
6671 -4.4745631651042768 -2.3753564783020726 8.9622041320673471 224 211 208 0.32425768899328145 56 702 57 651 58 768
6672 -11.493621314288418 -2.927236967990404 8.298453168834957 135 94 80 0.41656075739804577 56 706 57 656 60 737 58 640
6673 -4.6262753629536473 -0.95967530262571277 6.9073915916401027 113 95 75 0.68407229700617045 55 719 57 659 60 749
6674 -11.981393409921751 0.84398620894068566 13.852693690309438 93 82 75 0.55483232926105597 49 551 55 542 57 668 59 778 60 768 58 488
6675 -11.021227834550716 1.6240641827155982 11.029736915867081 36 35 30 0.42474964570414564 56 756 57 692 60 783 58 530
6676 -9.9199097662131734 1.3135283407763632 10.941863854079067 58 57 54 0.48300491767926379 54 623 57 696 53 240 58 548
6677 -10.253848964845121 1.2714198442913207 11.372322720825789 9 4 0 0.22561648743381713 52 558 54 607 55 763 57 697 58 822
6678 -9.7082587932146058 1.2076102833925855 13.060822525638425 50 53 61 0.5112714412794942 53 536 57 701 59 959
6679 -11.226019804748688 2.4580276884477854 10.049765676334882 60 24 1 0.50697694776892799 54 364 57 716 59 950 60 550
6680 -10.454329828026781 2.3126103609819517 10.046321106869401 125 115 106 1.2818070857803259 56 637 57 717 59 344
6681 -9.6313103278208896 2.3154648958630109 11.279619542411108 141 127 111 0.80824639103365348 54 669 56 390 57 723 60 599
6682 -6.3795501469813782 2.4703709011101762 8.5758509322840464 46 37 36 0.27689782271453228 55 807 57 726 59 983
6683 -6.3795501469813782 2.4703709011101762 8.5758509322840464 46 37 36 0.27689782271453228 55 808 57 727 59 982
6684 -6.3206889697865813 2.787434105335167 8.3239968053607019 89 74 67 0.52623690261424627 56 663 57 730 59 1057 60 874
6686 -6.1313921830854348 2.7444860269673015 8.6161785142907021 172 158 149 0.7306185567488257 53 684 55 919 57 733 58 929
6687 -11.484856220979667 -2.7896175420098857 8.968348245165302 179 118 97 0.47054227890785372 54 895 55 962 57 761 59 890 60 883
6688 -6.5955144939757266 0.096850497345499317 7.833788026046741 10 8 9 0.3329380447335385 56 842 57 769 59 1014 60 840 58 800
6689 -10.739363899521761 1.0377550957837476 11.532911063553495 111 115 114 0.052310550281746776 54 909 55 872 57 770
6690 -10.998638480630644 1.0802450707582203 12.256249364575826 62 70 71 0.65953123711310158 56 742 57 772 59 1021
6691 -10.105292927924083 1.0261739478194991 12.798475997588699 124 117 106 0.56085127139438018 53 639 57 780 59 1025 60 898
6692 -11.27497394512257 1.8731067821693428 10.034605759990818 116 106 99 2.1450109783042621 56 871 57 783 59 1023 60 846 58 995
6693 -12.033065801611727 1.9503356682092758 11.209054789363208 51 38 29 0.41203432902106868 53 789 54 922 56 867 57 784 59 803 60 676 58 701
6694 -10.011289724750299 2.1160848102883976 11.253528210611357 39 12 2 0.73757641157149156 56 638 57 805 59 967 60 806 58 850
6695 -9.8239099407303083 1.953331980604857 12.191696053875519 141 115 92 1.003550713164709 49 811 57 806 58 853
6696 -9.6612589850849258 2.0146359460216012 12.4366782711899 123 99 76 0.91337750623407321 53 670 54 943 57 811 58 857 48 142
6697 -9.8094965806240033 2.643018139535962 9.7187065914614745 170 157 140 0.88273251590237078 55 1068 57 814 54 1071 59 1049 60 909 58 973
6698 -7.0590275412299777 -2.3396689605154415 7.4011532715774981 173 164 159 0.38328469988820418 56 823 57 836
6699 -7.1613117425586381 -2.3253854204856887 7.4108216181940429 231 227 223 1.3274402968552226 56 507 57 837
6700 -5.0187901878123728 -2.2936411000108836 9.0577874174934419 139 132 122 1.5753551179945129 56 920 57 838
6701 -11.486798748469981 0.8828474845392601 13.645884410025614 179 165 154 0.26020039223505692 53 722 56 937 57 851 59 1080
6703 -6.4066720587522354 2.5431836290719083 8.2279229564131882 96 80 63 0.43007747793771944 56 972 57 877 58 923
6704 -12.049459131554512 0.75886102211387396 14.528959399276893 32 36 39 0.077153750122912201 54 996 56 1009 57 896 53 773
6705 -11.339204475173059 1.0849068316562511 11.194529586993339 76 79 74 0.42063768220881731 56 1010 57 898 59 1073 60 886 58 947
6706 -9.7413379698383959 1.3946926285721328 12.777577592140579 153 140 131 0.2658103810253219 56 1021 57 921 59 1145
6707 -9.503455521188787 1.5161678460261552 11.779064218685669 27 20 41 1.3068861132242475 52 662 53 794 57 925 59 1096 60 906 58 968 48 199
6708 -9.7255176221245083 2.1663094031017223 11.47020447597968 125 101 70 0.5007654219557568 54 1070 57 929 58 971
6709 -11.370340282882964 0.74518805741852046 12.567234429215908 148 150 140 0.065752515929456884 54 1102 57 958
6710 -10.437039568080701 1.0792518695832427 11.173271331927406 106 109 103 0.41436214601733373 55 1100 57 962 59 1133 58 992
6711 -6.4532775494255965 2.6758602574255064 8.2616900140696643 136 123 107 0.84817629861349397 56 1089 57 977 59 1180 58 1025
6712 -4.6370691508102544 -0.98836360362199527 6.890198401559827 122 104 84 1.3485854213410455 56 1131 57 1012 60 1005
6713 -9.9660196125655496 1.9323316400209254 12.444074755745566 121 94 69 0.30557383812916139 55 1186 57 1047 60 1010
6714 -11.041668555835562 -2.9163800173161136 9.2559118696849101 228 229 224 0.73096659904333572 56 1179 57 1077 60 1027 58 1094
6715 -7.9827845683562728 -1.8362937733806497 8.0059716012901578 193 129 104 0.26986078213581921 56 1183 58 1099
6716 -6.7050710497720605 0.37241002114892324 8.2315546472194967 90 47 5 0.22505646826575601 56 1190 57 1085
6717 -9.9418719577971419 1.2137594595097136 11.671967168918174 76 80 82 1.4041830959707751 52 232 55 597 57 583 49 285 52 233 53 242 56 580 59 591
6718 -11.497712207271499 -2.8829245967353887 8.2598997612710683 227 182 142 0.29419207426615129 57 212 59 148 60 113
6719 -6.6920163215633659 -0.47528526274708749 7.6485298084307098 180 171 154 0.48563664526904171 56 207 57 663 59 199
6720 -11.358985469190285 0.95558663964009638 11.294166088898825 151 150 145 0.76038522728233127 55 222 59 225 54 227 60 178
6721 -11.511556386202386 1.158864918528332 11.36702524937067 95 86 70 0.31266488186943803 57 298 59 226 58 201
6722 -11.017400186200474 1.1943713785880736 11.202019167719207 45 47 60 0.63562365199977544 56 275 59 243 60 194
6723 -10.945334262691615 1.7339705488942352 11.016893638470291 116 114 94 0.51865338246503612 55 310 59 282 54 329
6724 -10.262972815649325 1.0829024870011379 12.393354506192457 101 106 110 0.6223320313464149 55 262 59 288 58 258
6725 -9.7987757719439905 1.2546652452316973 11.897378746974361 14 12 15 0.5311161374011748 55 291 59 308 60 266 58 284
6726 -9.6995659392012961 1.502866312626681 11.439680367090688 184 188 197 0.24644044680314872 54 343 55 347 59 329
6727 -9.6995659392012961 1.502866312626681 11.439680367090688 184 188 197 0.24644044680314872 54 344 55 346 59 330
6728 -9.846961922571797 2.0936490109765926 11.237022273328117 116 92 68 0.35066176407558364 55 376 59 354 60 576
6729 -6.3945943039347481 2.512815896871726 8.2826985471323908 99 85 75 0.7163279156958412 57 431 59 405 60 725 58 372
6730 -9.046060407518004 -4.5750260263203213 10.425952461756095 71 67 64 0.92088776905737924 56 52 57 457 59 438 58 609
6731 -11.504913448060275 -2.6663142641154951 8.1364764408646764 177 115 80 0.34944319486314102 57 529 59 492 60 475 58 641
6732 -6.3995914770816666 0.084716571780542635 7.7463447908546783 136 122 109 0.21570533917311063 57 295 59 550 58 490
6733 -10.962849105400947 1.1932790028831473 11.238811604805948 78 82 94 1.3696733273923174 54 252 55 243 59 553
6734 -11.213952948393192 0.91971186875413391 13.532532762191511 72 62 47 0.2035045514711066 54 266 55 232 59 558
6735 -11.732291769769866 1.7799550928786299 11.127553588376385 85 81 73 0.26071780258693877 57 350 59 565 58 246
6736 -10.644868790148193 1.2831189569840871 11.086721499828576 39 37 42 0.54397400809253649 53 220 59 566 60 669
6737 -10.388750645021103 0.93070934213505274 13.046306462721267 77 80 75 1.065687138167386 53 200 59 577 60 531 58 527
6738 -10.347460809320488 1.2794182965029408 11.087865182794641 62 61 59 0.54986558260718554 54 286 55 283 59 588 60 526 52 439 58 532
6739 -10.162856474612536 1.1166411538388008 12.121063568833916 125 124 120 0.53149806592472915 55 288 59 592 60 682 58 257
6740 -9.9209290678982782 1.0383235720688238 12.221491342350875 50 49 46 0.38186341432505144 57 335 59 593 60 242 58 262
6741 -9.8097267385618316 1.2766509174850522 11.173603288296311 217 233 239 0.34291187265775736 55 285 59 610 60 261 58 278
6742 -9.8101604783117331 1.2642752011940224 11.206067242581467 206 219 228 0.23183178603846305 57 352 59 611 60 262 58 279
6743 -4.7946260787107136 -0.11820520273307794 7.2014699547089878 105 87 67 0.71734712151247126 57 589 59 634 60 559
6744 -9.7661832641850346 1.8268362591933893 12.972470017924417 87 64 37 0.5608539509823377 57 399 59 654 60 347
6745 -6.4406054596176405 2.602377566903693 8.3014358269719768 92 81 71 0.27030921474938602 57 432 59 700 58 376
6746 -6.4436911478612657 2.5190438395420465 8.3270881530442313 127 115 109 0.34992286057490135 57 430 59 701 60 373
6747 -6.309033261271221 2.7528906195966125 8.6556891733146504 109 95 82 0.48908838460302878 57 439 59 707 58 596 53 344
6748 -11.377670767894877 -2.4475986561888066 9.0225550159638441 173 119 98 0.42212685459681037 55 716 59 740 60 741 58 785
6749 -6.6484517754177404 -0.55952678682431078 7.6878779165019804 32 23 18 0.31893034220986849 57 256 59 754 60 752 58 659
6750 -6.7530129778859838 -0.52547039129748785 7.7287008167446309 183 166 159 0.57987301150039072 57 259 59 756 60 754 58 661
6751 -6.659067438348135 -0.19835470887361129 7.737665072888138 153 146 130 0.47811308344704184 56 717 57 665 59 770 60 658 58 671
6752 -11.944130407502836 1.0324084945032233 12.607797093796524 39 38 42 0.30137393572971499 53 496 55 730 59 775 58 679
6753 -10.502233183855427 0.95755589086385051 11.740075263088009 97 103 104 0.5994348182275846 57 677 59 782 60 775
6754 -10.127925169426071 0.99395831558042103 11.521574343845035 16 29 39 0.56181341095827009 55 255 59 793 58 689
6755 -10.121338206404602 1.1393059882559231 11.377093870190539 67 60 47 0.63403084224494455 54 609 55 595 59 809
6756 -4.7895008918978528 -0.1328021621233787 7.2124497697209486 80 61 46 0.7445652667877668 57 590 59 820 60 558 58 721
6757 -9.670750314350105 2.0862194999393533 11.497545291757142 142 121 90 0.51943009616416425 54 370 55 646 59 833 60 713 58 583
6758 -6.4248206967200456 2.4934838468633789 8.2667662300122871 134 117 107 0.31623852797907032 57 729 59 856 60 814 58 746
6759 -11.50870989619202 -2.5460433193887533 9.086639497549676 183 166 162 0.44978516220338516 55 715 59 891
6760 -6.6631312278655805 -0.53058791803214511 7.6682387467398536 181 171 162 0.60086487676848543 57 662 59 905 60 655 58 465
6761 -6.6409142906427494 -0.22744947656622633 7.761289263661201 13 6 3 0.35430159313911747 57 664 59 913 60 838 58 796
6762 -11.969457984036492 1.119608347181454 12.655697785008512 142 141 145 1.0496350169745337 55 731 59 919 53 628 54 577 52 417 60 770
6763 -10.792453697693828 1.0629412581947779 12.624386974955087 139 137 138 0.23902133576782372 53 517 55 748 59 924 48 49
6764 -6.4895452992592606 0.31016227679333147 7.8896865750763761 110 102 99 0.40821334241845042 57 688 59 930 60 781 58 819
6765 -10.027259600781679 1.0071070098582819 12.858158738951669 110 109 111 0.25012387750467452 54 614 59 936 60 859
6766 -11.224926767709642 2.7105534987925992 10.203780969322672 120 117 114 0.86396655320592119 54 666 55 642 59 962 60 698 58 732
6767 -9.5734618571992449 1.5150174441571114 12.041526192707064 17 19 21 0.44408324520330372 52 572 54 939 59 965
6768 -8.7899482060035652 -4.6770128956301997 10.30601944546251 46 37 40 0.40051814672094793 54 876 59 986 58 868
6770 -10.742441097052581 1.7284042206679051 11.011604922871696 55 49 53 0.43476092136185596 57 864 59 1029 58 901
6771 -9.9310891200586315 1.3546209232635842 11.03918198723969 130 119 98 0.25774290874591849 57 787 59 1031 58 829
6772 -9.8798250667973839 1.6247423115496193 11.096950113640652 125 106 81 0.083870777443325342 56 958 59 1040 58 907
6774 -9.6031257209849077 1.9454126041338873 12.696071671934586 123 103 86 0.55478379990774707 54 944 59 1047 58 916
6775 -6.3449284526214678 2.8116938165771082 8.3281974986845881 85 71 60 0.35412156064285266 57 731 59 1056 60 875
6776 -11.418746511842761 -2.898210428319977 8.3278821913638108 134 93 75 0.36343181170925803 57 889 59 1064 60 882 58 939
6777 -11.366597151893606 -2.8926290898032501 8.8746485802955135 185 122 100 0.23950663723456891 56 1057 59 1120 60 942 58 984
6778 -11.366597151893606 -2.8926290898032501 8.8746485802955135 185 122 100 0.23950663723456891 56 1058 59 1121 60 941 58 983
6779 -11.325472720552613 1.8397799925188238 10.065619902140323 112 104 102 1.6633890934781244 57 963 59 1138 60 950
6780 -9.7911990331331538 0.98002131419545113 12.852883917384922 120 124 127 0.41816497604052794 52 767 59 1142 48 195
6781 -11.327974324517381 1.2115127637961933 11.087165993102413 53 57 66 0.66247366531490792 54 1104 55 1136 59 1163 60 946 58 1011
6782 -6.4819037270288291 2.5753502012135843 8.065771275487954 109 96 79 0.28118305980019442 57 972 59 1175 60 957 58 1021
6783 -6.4819037270288291 2.5753502012135843 8.065771275487954 109 96 79 0.28118305980019442 57 971 59 1176 60 958 58 1022
6784 -6.4306340520838425 2.6481706460836896 8.4736127202031817 158 148 136 0.66881006687196776 57 999 59 1181 58 1026
6785 -11.250713343431395 -2.7620169311775284 9.0990209108651072 235 228 225 0.67568760823833818 56 1146 59 1213 60 993
6786 -9.0554063082965364 -2.2939778387330736 7.7256724853080589 200 144 117 1.6215336209847688 57 1035 59 1224 58 1067
6787 -11.211750345153389 -1.8584172767569558 8.9747359719616604 166 112 84 0.70193209534923418 55 1175 59 1225 60 1004 58 1076
6788 -11.148424490779393 2.5252767317333324 9.8662710122460116 68 32 7 0.19631713351134228 57 1054 59 1228 60 1008
6789 -6.3918858091359905 2.794196592983532 8.3677059777421867 107 92 87 0.5102247206366255 57 1055 59 1231 60 1012
6790 -11.46858210873301 -3.0390983631045798 8.0161486093759393 233 232 228 0.65792803983119663 57 1056 59 1233 60 1013 58 1074
6791 -9.464042509240123 -4.8824735509666493 10.438063156426638 49 39 40 0.96155090207194382 57 1069 59 1240 58 1085
6792 -9.447002095340169 2.4500079008399949 10.162739117614162 168 159 144 0.94114285416790355 57 1081 59 1248 60 1032 58 1098
6793 -9.344303395876933 -4.8509408211637641 10.752506632839632 30 27 26 0.94194759892673352 55 55 56 689 59 996 53 116 55 840 58 933
6796 -11.48744388759585 -2.8832986200258155 8.2569726393639087 221 178 133 0.20994731569662473 57 211 60 112 58 437
6798 -11.555444512373404 1.1893266901189998 11.081396370671907 52 49 45 0.44107903250162889 53 195 54 246 60 177
6799 -10.46684287415035 1.0673671749292881 11.905082932425115 69 79 88 0.39860812694264164 57 330 60 213 58 233
6800 -10.492243722835724 1.1831850864560962 12.360052170729825 33 23 24 0.43309350422417836 57 332 60 240 58 536
6801 -10.517680534950431 1.6152652062925066 10.988494691375807 70 68 56 0.24565285920897967 53 259 55 612 60 258 58 547
6802 -9.7193606324534425 1.168668674009339 12.012122783341383 8 11 11 0.48044798600106603 53 243 60 272 58 286
6803 -9.7013067845321892 1.4749588683577683 11.299357322736489 194 195 191 0.31933963154796707 54 341 60 289 58 562
6804 -9.7013067845321892 1.4749588683577683 11.299357322736489 194 195 191 0.31933963154796707 54 340 60 290 58 561
6805 -9.4955517539344623 1.4259821051372388 12.491635656276753 49 30 15 1.2595229067625415 54 345 60 322 58 731
6806 -4.8156320962131458 0.15310368098127369 7.2267416961733533 65 50 36 0.77520475595427119 59 377 60 353 58 349
6807 -4.8156320962131458 0.15310368098127369 7.2267416961733533 65 50 36 0.77520475595427119 59 378 60 354 58 350
6808 -4.7565370678892549 0.1064488170800128 7.276230255851905 149 133 117 0.51244126793499511 59 381 60 357 58 589
6809 -6.4751859987375839 2.536004339689971 8.3094213713000649 67 53 44 0.2603805930865975 59 404 60 372 58 371
6810 -6.7454002838030362 -0.20061806979270658 7.7169765625873037 144 130 117 0.32371406592860213 59 531 60 503 58 670
6811 -12.163776279479423 1.0202377775125628 13.016487648000103 53 55 58 0.74074806274129867 54 228 59 776 60 509 57 666
6812 -10.595266742996479 1.057106825018111 12.832067692677791 39 41 37 1.3532220643556527 57 576 59 797 60 530
6813 -10.010880194340171 1.0936694285367008 12.234486486837024 113 107 103 0.45218620353729172 54 293 55 289 60 541 58 707
6814 -9.6860994259704025 1.6632097621823243 11.359130469695977 107 92 81 0.78916225994406175 53 285 56 331 59 828 60 566
6815 -4.6345716178760332 -0.99700281720734496 6.918852930915663 119 101 81 0.62289549593147386 57 542 60 646 58 457 59 510
6816 -6.6799392848061432 -0.20339161362727731 7.7950644740157555 159 146 135 0.20359715514154175 59 771 60 659 58 479
6817 -6.6808610251880083 0.083748075004470873 7.858989655004625 140 124 105 0.28329444660015696 59 545 60 660 58 491
6818 -6.4672536354493184 0.22698365069455478 7.8481396687669704 29 23 19 0.62654520705758887 59 789 60 668 58 697
6819 -10.382775326127904 1.0871157588271745 11.228738478449582 81 85 88 0.81143061541508676 54 600 60 670 58 810 52 641
6820 -6.6178976652012205 0.32339866867989098 7.9016042438650471 11 4 0 0.19313302067076524 59 585 60 674 58 243
6821 -9.7319944206886806 1.0040585674760443 12.671420297619248 61 60 55 0.71420638952613813 57 584 60 689 58 539 55 599
6822 -11.608084264585154 -3.03486977049063 8.8964951576166769 240 233 221 0.40183887876457564 55 854 60 738 58 777
6823 -6.6484517754177439 -0.55952678682431023 7.6878779165019804 42 35 29 0.31893034220990651 57 255 59 755 60 753 58 660
6824 -6.7200766846352007 -0.4812712570556954 7.736635504864565 170 155 150 0.32008327270115472 59 759 60 759 58 664
6825 -6.5971816241902888 -0.19933441225926174 7.7643793772057581 39 35 24 0.31909772683598442 59 772 60 764 58 672
6826 -6.179508854055074 0.11266943601528373 7.7501644510834531 20 11 9 0.40954847793868421 59 921 60 772 58 807
6827 -11.46138041509872 1.1790180318708539 12.435881579835192 57 62 65 0.45688019546163927 57 678 60 778 58 690
6828 -11.030192339825621 2.6330211670592818 9.7377883222226753 68 40 19 0.91825576157858513 56 890 59 961 60 800 58 848
6829 -11.17627323259776 2.5835632798880619 10.23833959625798 89 79 70 0.36129157430613351 57 804 60 802 58 843
6830 -4.7764591039616731 0.12225228244794085 7.2025395787995654 131 116 103 0.2820227168562584 59 840 60 813 58 588
6831 -6.4201941408684453 2.5099212606963146 8.3815333321318235 170 152 145 0.54246277996720171 56 896 59 859 60 820 58 924 59 1052
6832 -11.428489208593216 -2.0799595556029882 9.1995598479883647 165 156 149 1.7920666776699294 57 845 60 831 58 941 60 916
6834 -6.649366248980094 0.30068619821512438 7.8978000346990838 139 122 115 0.7931740339878911 59 923 60 845 58 698
6835 -10.944294990569841 2.1866466232877699 11.224907059687798 85 73 60 0.47058879143845983 56 964 60 867 58 910
6836 -9.7987614717079623 1.7607760108028874 11.671330985199766 126 104 82 0.95818835542199476 55 901 60 870 54 650
6837 -7.7658417815952392 -2.4137703778721757 7.3860878095207561 164 160 151 2.3417242092910584 59 1003 60 881
6838 -11.402288156353123 -2.9536368821949992 8.5618246412965728 227 221 225 1.0982190234930143 56 1056 59 1008 60 915
6839 -4.7904235529917738 -0.15838638956274265 7.1421364750542562 2 2 0 0.64745657201911599 59 1088 60 932 58 904
6840 -4.7229719050906489 0.12894880716853196 7.2139580942775607 1 1 1 1.3137300956698452 59 1105 60 938 58 918
6841 -11.499537810443352 -3.0093994730560576 8.5913501131346646 234 233 239 0.34101289474659435 56 1126 59 1160 60 965 58 1032
6843 -9.8713068476552923 1.849895279829747 11.196878224771602 120 97 75 1.7601508011210794 55 795 56 621 60 564 60 807 57 876 59 1045 58 844
6844 -6.2992384131724801 2.7731792853463726 8.6582555725546086 176 161 154 1.6992188617586088 54 687 57 732 60 823 55 669 56 660 57 627 59 865 60 728 54 406 58 380
6845 -8.8694962618415136 -2.9845999225176394 8.7950919994407393 0 0 0 2.4968451518147745 56 151 59 104
6846 -10.155064271161839 -3.5073380121366413 9.9690485511796521 198 196 184 1.0077197546976975 55 142 58 65
6847 -11.743393911211847 0.67330975508832125 14.185057035383807 57 57 57 0.21704043663379308 55 202 58 191
6848 -10.856097710436469 1.1013293349346329 11.233862694157688 81 84 88 0.5474679293921918 54 251 55 244 58 205
6849 -10.646645794530444 1.0686240215361587 11.401065436226528 118 120 124 0.45833802152221281 54 256 55 247 58 228
6850 -11.421088079261839 2.3474671307901085 11.361324343263538 77 63 52 0.42300386215746255 53 556 54 352 55 361 58 303
6851 -4.5236327104409435 -0.2531593778093324 9.2965747265115315 114 96 76 1.1950137361142887 54 305 56 616 58 347
6852 -6.3087390949313766 2.4120102504617309 8.4770665039909563 50 44 39 0.38677514531939888 56 417 59 410 58 373
6853 -6.5817289650165485 0.078604069015750413 7.8949668257594086 18 2 5 0.50179019557767779 57 671 59 780 58 492
6854 -9.7904145924662913 1.0825957925861256 12.114122179734792 38 37 42 0.64052174735124168 54 295 55 290 58 537
6855 -10.747436464094541 0.046761189989038554 8.2070804782666347 82 38 3 0.58966589089309107 59 757 60 656 58 662
6856 -11.711599455870715 1.0130249662887572 12.899026699594524 53 56 59 0.70017621211422687 54 555 55 554 58 681
6857 -11.736643134445819 0.90180634490917866 12.964545555478388 88 88 89 0.48149215370013559 55 541 56 548 58 682 53 183
6858 -9.8476617886085087 2.412911711084345 11.315128778536973 135 125 113 1.2763950386877114 54 667 58 738 53 572
6859 -4.9367718266185312 -2.0901459944207259 6.804182121507913 76 57 42 0.56016821103563041 56 815 57 751 58 752
6860 -11.687925771613049 0.773209931558132 13.289393723311019 148 145 138 1.0077239956631017 54 230 55 198 58 798
6861 -9.2136681928003004 -4.5712373559316184 9.9959310556873557 178 174 175 0.61845312774406724 55 475 57 741 59 987 58 872 54 81
6862 -4.47775552463444 -0.28147147455458493 9.2737579553107548 30 12 1 0.40001540487358439 57 874 59 1106 58 972
6863 -13.583511625634594 1.1671760137690363 9.3360540878190843 138 132 116 1.0797743178407613 57 1015 59 1226 58 1052
6864 -12.465604889228496 1.1648094471219534 9.8941873673809049 0 0 0 0.97391168672362405 57 1051 59 1218
6866 -9.5421355924143469 2.5595612767283145 11.382206320729923 164 151 134 1.0369759181579585 59 1238 60 1020 58 1082
6867 -8.2960109566403624 -0.33738771075457225 8.0114241328708307 102 58 23 0.081633793987537284 57 1037 58 1090
6869 -6.3791649915877047 0.10326949679702696 7.7684044282724116 12 11 6 0.60199495469018938 55 870 56 849 57 776 58 894 59 1013 60 839
6870 -11.64533957847083 1.1674432131504369 12.40868335548892 68 71 74 1.2834520622343757 54 578 56 727 58 891 56 930 57 854 59 1018 60 890
6871 -8.8461322917087291 3.4272039271522128 9.5175147015893184 231 233 242 1.6735636280797674 59 1230 60 1021 58 1073
6872 -7.9467054629797245 0.7561706538695101 8.5244489515730848 89 46 4 2.4818034605067352 57 1084 58 1102
6873 -10.534319866634966 0.49035191570036968 14.170192165695227 40 40 49 0.43130048444967423 41 504 48 121 43 34
6874 -4.5525899900799685 3.2078241904675373 4.9816966832611831 47 35 22 0.89480419316167092 41 810 48 159 42 645 43 741 47 76
6875 -4.5575675956467752 3.2473255957287583 4.9961590037062935 91 78 66 1.3009980265671486 41 355 48 160 44 489 45 629
6876 -9.8987774454142148 0.037931282937050066 15.102144872330898 17 21 25 0.4115386377016747 40 1196 42 598 48 179
6877 -9.7993471960602232 1.1429418035573515 11.95480623897641 134 133 131 0.1584675426217847 52 646 48 192
6878 -9.6242177705502741 1.5711452635185739 11.967297055337625 0 0 0 0.12805695451634591 53 545 58 845
6879 -4.443035188716884 2.568999371820424 7.5228241527394291 97 88 73 1.8346844241617104 49 396 48 216 47 105
6880 -4.0894754361460848 3.1320029911668001 5.7573082153007986 97 96 79 0.77694182895367225 41 347 48 228 43 143 42 208 44 502
6881 -9.8829148332179688 0.47680675381036797 14.437755557833771 42 42 47 1.0928146936298095 40 1205 41 507 48 239 42 313
6882 -9.9230679646907287 0.76049602601181143 13.300152217647256 60 65 70 0.52255582190867589 42 491 48 241 43 536
6883 -10.052328609964585 0.48920100659058396 14.927535206308521 22 32 49 0.44795413388484606 40 1206 41 743 48 242 43 537
6884 -9.4783525675752891 1.0519500606596797 14.364453409425725 21 10 9 0.35886506891579056 41 761 42 502 48 245 43 645
6885 -9.4942271555605764 1.051357861912289 14.381081884881608 21 10 9 0.3913901832873915 40 1375 41 760 42 501 48 246 43 644
6886 -9.2952252764553425 1.1147375919236759 14.266480287656099 112 87 65 0.5404218805452643 40 1227 41 536 42 503 48 251 43 371
6887 -4.2984565240113186 1.4221393974176764 5.6425461609693368 137 140 128 1.665869111419916 41 565 48 258 43 80 47 99
6888 -4.1666117030533654 1.917343205020023 5.6032861795438116 10 43 40 0.99815383596198559 41 594 42 368 48 263 43 557 44 441 47 138
6889 -4.1449999424943931 1.9895615071001642 5.4513133577345849 105 93 36 0.59264689012325433 42 366 48 266 43 386
6890 -4.1449999424943931 1.9895615071001642 5.4513133577345849 105 93 36 0.59264689012325433 42 365 48 267 43 387
6891 -4.1549195899401266 2.1282344625919123 5.4501873468781392 7 27 13 0.68896498369018999 41 601 42 375 48 273 43 563 44 651 47 69
6892 -4.504625856453889 2.8583572310708609 5.27533990113713 118 106 91 1.5058661657400076 42 398 48 278 43 401 44 461 45 1193 47 159
6893 -4.1459173789726735 2.8557639435097761 5.6453801885615054 19 31 9 0.90686609206720581 41 611 42 402 48 279 43 129
6894 -9.4816165214612571 0.67831072392642222 14.566938213688706 42 46 57 0.24594771512070146 40 1506 41 898 42 604 48 298 43 718
6895 -9.0542930991262534 1.2465723680605307 14.165235238572311 88 63 36 0.51014829854797106 40 1376 48 306 43 653
6896 -5.1339539647400469 0.4159250855377345 9.8668378122073364 85 65 40 0.011923768801550456 49 1230 48 307
6897 -4.1405815322005077 2.0927489475720096 5.4696121816383263 80 75 22 0.6740640475287103 41 787 42 374 48 315 43 564 44 802 47 104
6898 -10.364849689139945 0.97470726165294741 12.866071066002705 78 69 65 0.68161929616376371 53 879 54 1143 48 331
6899 -4.3981728891841545 1.484880047230865 4.8338703835126031 171 116 61 1.0137352080251574 42 516 48 341 43 551 41 578 44 791 45 1713 47 136
6900 -4.178013119013765 2.0289286746751722 5.441224269251995 112 88 12 0.67072970788742436 42 530 48 343 41 786 43 561 44 801 47 155
6901 -4.311652514021362 2.6436295693632266 5.9988698919399885 157 154 142 1.2978367457365803 41 936 42 539 48 344 43 399 44 928
6902 -4.1168246773552175 2.9179359239761391 5.7649444053193122 121 103 34 0.56973959370127536 41 800 42 544 48 348 43 673 44 824 47 163
6903 -4.1168246773552175 2.9179359239761391 5.7649444053193122 121 103 34 0.56973959370127536 41 801 42 543 48 349 43 672 44 823 47 164
6904 -4.7441899780790093 -2.7475889232663455 6.3824544144925985 168 165 158 1.6609757292881671 42 724 48 353 43 627
6905 -10.950408444383518 0.31462109604914418 15.364709125714379 30 10 12 0.51728058140985189 40 1586 41 1093 42 748 49 1302 48 357 51 1441 52 928 43 757
6906 -4.3275132095621922 1.8933468648525387 5.7619466762739675 26 69 65 1.4865211524476147 41 1046 48 366 43 666 44 1059
6907 -4.6635485619215995 -2.7996472738734068 6.4387622046736936 136 118 108 0.50110835707110291 48 369 43 793 47 185
6908 -4.7395219577822614 0.55741080383238084 9.6224694485825832 155 146 129 0.17298065106013277 49 1325 48 376
6909 -9.5062822048720399 1.9304512888886343 14.192860693789378 116 107 92 0.75323366926025748 40 1673 41 1151 42 798 48 377 43 827
6911 -4.5217092567996318 2.4912301450716852 7.8152695175671232 148 138 126 2.293859041315184 41 1113 49 1399 48 383 43 774 47 201
6913 -4.2369545403249464 2.4315182666806989 5.8082014314651094 16 61 58 1.5401082306948166 42 817 48 401 41 1159 43 775 41 1052 44 1087 47 191
6914 -4.685931919973525 1.9438213263003579 9.8143033561312567 150 141 126 0.72112221493152795 49 1420 48 405 43 839
6915 -4.4203640508988089 2.9668123240618036 5.1504220606207198 104 65 22 1.8262113908617688 42 821 48 414 44 1109 47 211
6916 -4.3939082526396973 1.7381932804864328 5.5247828973070954 10 45 38 1.0504267276289212 41 1237 42 858 48 435 43 876 44 1166 47 237
6918 -4.2358996055404621 2.3276389083491442 9.8076784540259485 105 90 72 1.2712678242147131 34 1683 39 1901 35 1762 40 1399 28 1254 48 365 49 1332 42 710 51 1524 43 735
6919 -4.1828189941977127 2.0932207184952443 9.8575200552282212 100 84 68 1.2660102861397999 40 983 51 661 52 677 53 807 54 1035 55 1017 48 259 49 652 42 629
6920 -4.4772043644012367 -2.9670116109609177 8.780455113219336 205 192 187 1.1840217470048173 34 900 41 420 39 1339 40 703 42 450 48 290 51 1285 49 1017 52 817 53 817 54 1039 43 520
6921 -11.338654415109817 0.47649274301056982 14.56707132797246 78 82 85 0.74508566162575762 42 62 55 208 48 120 49 768 55 865 43 528
6922 -10.600384602960442 0.21796939993888226 16.820357072146439 176 183 188 0.63435476416735614 39 555 40 380 43 40 42 70
6923 -9.649600393065441 0.8087024323529618 13.400754986112211 120 119 116 0.60377868534514012 42 74 49 272 43 47
6924 -9.6646769517932096 0.69966036421687705 14.209468404206666 78 70 59 0.6008711490473414 51 846 43 50 52 548
6925 -9.6561812010618375 0.94828427540012816 13.626701384598972 16 16 19 0.42853556526974984 42 317 51 856 52 220 43 59
6926 -10.083874377045769 0.95750868935123623 16.330351315553944 24 15 9 0.92578655956297817 39 604 40 437 43 64 42 92
6927 -4.3608606217652426 1.9861287373249317 5.4042742871175005 61 71 48 0.2185372478255618 41 593 43 89 44 432
6928 -4.2063950101711347 1.9937016974246973 5.3858051185929652 60 72 44 0.44898550145522897 41 598 48 211 43 92 44 438
6929 -4.341112973233697 2.9140323714935499 5.562076682725217 48 43 23 0.38249816710509826 42 194 43 121 41 612
6930 -4.5608894013024717 3.0139509007344749 4.8153025269894387 55 46 37 1.7587867032547084 41 616 43 125 44 130
6931 -4.4903340046936018 2.9606475016401128 4.9048770703325442 42 24 8 1.8012784896753287 41 615 42 408 43 126 44 931 41 1055 45 1214 47 127 47 183
6932 -4.1256841602505867 2.8791360519022886 5.6678307024606083 53 65 48 0.76554187311260957 48 222 43 130 44 157 47 78
6933 -4.120604061241421 2.858741804248059 5.8184236136945797 10 24 1 0.6983271212403982 41 336 48 224 43 134 47 128
6934 -4.0761352075934374 2.8356799171308964 5.7862913894195902 10 24 1 0.27913981819821659 41 337 42 403 43 135
6935 -4.6591614440021241 3.521778431915997 3.8607568180744152 48 38 29 0.18570236712619886 42 230 43 172 44 516 46 951
6936 -12.730295810827663 -5.1338139643065102 14.72627288488914 141 139 127 0.34588417721555181 48 177 43 342
6937 -4.440499021479738 1.5061098448945065 4.7505447061061883 166 113 59 1.3191959617516316 41 577 42 338 43 376 44 648 47 100
6938 -4.5621776127903182 1.8997916016740419 3.7471125479257674 51 62 64 1.0986538844197387 42 140 43 380 45 1114 46 1060
6939 -4.1873750809612229 2.0250223920322568 5.3804995849886623 11 23 1 0.51360222083482421 41 600 42 155 43 391 44 96 47 122
6940 -4.3168000550271914 2.6428807816026665 5.9980582713930364 174 171 158 1.53572041680033 48 345 43 400 44 929
6941 -4.1162425458504268 2.8403894178466582 5.8669441039542249 101 100 61 0.1478545017828741 42 196 48 319 43 404
6942 -4.6505631806006029 3.0744715316885975 4.5665278064835597 143 133 121 0.99751048450771884 41 620 42 545 43 406
6943 -4.127117501768284 3.0714472999480886 5.7144990197703081 13 26 6 0.45604790532267908 41 345 43 412 44 684
6944 -4.0882846770221448 3.0901150032907743 5.6066562864295459 15 27 12 0.81368041941412228 41 805 42 417 43 413 44 685
6945 -4.1215619498790383 3.0736641478218099 5.8834191279420329 31 56 40 0.69384234952731572 41 341 43 414 47 45
6946 -4.5337760181314604 3.2816151887474159 3.8563302938407293 48 39 30 0.75197274111616697 42 551 43 419 44 832 46 1376
6947 -4.4989326498046527 3.2872191958140649 4.3453526257917741 65 58 48 0.99936199370839063 42 549 43 422 45 1546 46 1298
6948 -4.6781505554715652 3.5096212879346913 3.988357480290297 16 11 6 0.59155682252164654 42 424 43 425 44 517 45 1243 46 1143
6949 -4.6926575330292213 3.5220017773221066 3.9973379151172397 16 11 6 0.32380886925067492 42 425 43 426 44 518 45 1244
6950 -4.5968924312624591 3.5003598358564409 3.9577044494887215 80 72 64 0.40124791110231994 42 426 43 427 45 1560 44 701 46 1297
6951 -4.4664263282443928 -2.89151301672418 8.7688989539287086 210 198 184 0.81703771963821603 35 903 41 655 48 291 43 522
6952 -11.244860546438188 0.29129169050302767 15.990108211109947 130 131 126 0.49519353084000517 40 1192 41 742 42 305 43 531
6953 -4.4181004551883314 1.5886028876857614 5.3103623928491395 27 59 50 0.33690688356728887 41 579 43 554 44 649
6954 -4.2093121087972944 2.0683563791159396 5.5359688611419822 26 36 16 1.06013636826062 42 532 43 562 47 156
6955 -4.4203354176277836 2.7869102335268878 5.5156629102343144 65 62 53 0.38905488066814642 41 794 42 541 43 568
6956 -4.4544129696918073 2.8636088911629884 5.432962238434377 45 39 27 0.37403401383692786 41 793 42 401 43 570
6957 -4.1766321088472207 2.8187159377005262 5.9242180126655333 5 24 14 0.082286918699622236 41 796 43 572 44 932
6958 -4.6398105241552212 3.2192828435439509 3.9211410981571135 65 57 44 0.29595150143174354 42 420 43 574 45 1212
6959 -4.1189016584942566 3.0883043517031972 5.673992325643689 69 75 45 0.48645933461160684 41 806 42 411 43 575 44 686 48 320
6960 -4.56539786747493 3.3585135853948471 3.9730885422400033 9 4 0 0.83274874244806973 42 650 43 583 44 680 45 1543 46 1127
6961 -4.7018075504303809 3.4997342774104454 4.0377184433912268 68 64 61 0.1754557071099925 42 552 43 585 44 682
6962 -9.6437942813917363 0.42934686218830365 14.898559635176582 3 3 5 0.42757556280689896 40 1359 41 888 42 603 43 640
6963 -4.1736525103793269 2.9015605230530257 5.6279988494676481 90 70 20 0.25858109262691636 41 937 42 542 43 671
6964 -9.4677360189202293 0.67420230915311552 14.548543138494946 31 44 50 0.24423947183582687 40 1507 42 605 43 719
6965 -9.4628946940119469 0.57291590902435396 14.752394791735973 113 110 105 0.38906815255901517 40 1499 41 1028 42 693 43 720
6966 -9.6983923059776505 1.1963357445852452 13.046076660218954 71 73 74 0.57252120398111628 49 1227 52 874 43 721
6967 -9.6983923059776505 1.1963357445852452 13.046076660218954 71 73 74 0.57252120398111628 49 1228 52 873 43 722
6968 -9.6412666910661997 0.97087109067506172 15.064989604935793 12 12 11 0.59319111954004511 40 1508 41 1029 42 698 43 723
6969 -4.1549908736276082 2.9503243455161257 5.6999395192314246 7 30 18 0.62276982756160959 41 939 42 643 43 739 44 934 47 144
6970 -4.6096258448746941 3.2086546910538334 3.8336027361187246 54 45 35 0.37854505453622272 42 648 43 742 44 933 45 1864
6971 -4.5214809395398223 3.2168620394714544 3.842177817036839 115 106 97 0.14754111894964123 42 721 43 744 45 1866
6972 -10.206280861149622 0.12103917441744939 15.451523447309574 15 27 37 0.45424280452310062 40 1582 41 1090 42 750 43 758
6973 -10.206280861149622 0.12103917441744939 15.451523447309574 15 27 37 0.45424280452310062 40 1583 41 1091 42 751 43 759
6974 -9.8924897021659906 1.1856210817900033 15.282009903344775 112 91 73 0.63076317586246111 40 1592 41 1033 43 762 42 699 43 724
6975 -4.6876474722149535 2.2502638718844414 7.9348651510053392 168 156 140 1.3333592370401355 41 1109 42 763 43 768
6976 -4.4877366788736728 2.1275670966646376 3.8040961398414384 89 77 66 0.15026017437694614 42 805 43 769 46 1484
6977 -4.5969637054393697 2.2460965122112531 3.7819221784889527 3 5 2 1.2844843250927356 42 807 43 770 46 1488
6978 -4.5975839402468548 2.2468242866500998 3.7849165417061417 3 5 2 1.3044093113567459 42 806 43 771 44 1085 45 2034 46 1489 45 1944
6979 -4.4392705062297457 2.0976728365962818 3.9740582208957775 125 122 114 0.75882644868655003 42 766 43 772 44 998 45 2033 46 1487 47 175
6980 -4.4392705062297457 2.0976728365962818 3.9740582208957775 125 122 114 0.75882644868655003 42 767 43 773 44 999 45 2032 46 1486 47 176
6981 -4.2443188053802361 2.6644088579155309 7.4751749221344763 96 81 60 0.51529671155174173 41 1114 42 770 43 776
6982 -4.5164244722886551 2.9111599175516969 5.596919059337977 21 17 9 0.49240407203588754 41 1054 42 719 43 778 44 1006 47 180
6983 -4.4112185618272459 3.2758322701556097 4.2234049551716941 111 115 101 0.292424994215222 42 776 43 781 44 1018 45 2044
6984 -4.6689744455418873 3.4870513063686355 3.9244313451315023 95 85 76 0.37446384069581262 42 777 43 782 44 942 45 1973 46 1460
6985 -11.038661772307799 0.19405980883321639 15.957544563281969 141 141 134 0.73234400291350643 40 1636 41 1094 42 749 43 797
6986 -4.408907818562561 2.4394179409919685 4.8902588326637701 72 37 16 0.41410261629643641 41 1181 42 808 43 831 44 1086 45 2081
6987 -4.4538539150987475 3.2895598597895788 5.0773884816067021 89 53 19 0.45388317039196158 41 1183 42 822 43 832 44 1092 45 2104
6988 -10.275483612311676 0.27448590803807738 15.57982664907313 2 14 25 0.3606019486208224 40 1690 41 1192 42 826 43 838
6989 -4.4378804572299808 1.6228051610678862 4.7734697766995957 101 58 16 1.6083461379913027 42 847 43 849 44 1138 47 216
6990 -6.2993260466866445 -0.25002237305901964 11.268512160415002 156 156 148 1.9069884757512503 40 1737 41 1216 43 859 42 843
6991 -4.5361851842199439 3.1431311461756968 4.9423564188734943 41 31 24 1.551498516779843 41 1230 42 851 43 864 44 1142 45 2147
6993 -4.5983643521173878 1.9560741690549681 3.8673449706417906 3 10 16 0.32902900868219198 42 854 43 869 47 227
6995 -4.5290410685496516 2.7063425163367505 5.3166685967475766 85 79 63 0.88437842300192648 41 1229 42 856 43 873 44 1156
6996 -4.4399109755848247 2.4581606920493919 6.2711323785624913 144 138 122 1.8915731924244732 41 1232 42 855 43 877 41 1228 47 231
6997 -4.739132690527148 2.8189760673870272 4.5633594984389294 110 102 83 1.4966316471706085 42 861 43 879 44 1171 45 2176
6998 -4.6426797612391022 1.7384217020928139 4.2580681975627792 142 137 117 1.895094663478007 42 860 43 882 44 1165 45 2173 46 1586 47 236
6999 -3.9905622013070108 3.331057741064384 6.1166532945359497 138 132 116 0.80330959104429844 41 1238 42 862 43 884
7000 -5.0839799972697213 1.8564806922748427 9.2186865752087339 163 154 139 1.1482035628674259 40 1756 41 1242 42 864 43 885
7001 -4.4566387604165332 3.0693394487968697 4.0298068104633584 4 11 17 1.1790267819843792 42 867 43 888 44 1177
7002 -4.6851377881975216 2.1237781916253851 9.8942230448879318 106 94 78 1.0558755911081139 34 1682 39 1745 41 924 35 1604 40 1394 49 1141 42 523 43 734 51 1269 52 793 53 806 54 1031 55 1074
7003 -4.2886860452604694 2.1644849825565728 9.7561235391019814 89 76 62 1.0422192783350361 48 428 51 1617 49 1455 52 1107 53 949 54 1228
7004 -4.3752701994528218 2.7986868539800267 7.7748844168566773 151 137 124 2.0336363280277241 40 1529 48 385 43 670 41 791 49 1337 42 540
7005 -4.6230057928677413 1.5000969875844663 4.9515600976869667 113 76 36 0.52678977406767913 41 283 44 79 45 1112
7006 -4.6128935427303128 3.1692136874799695 2.6346769760243145 35 42 48 0.4365452446143781 43 149 44 147 46 1101
7007 -4.5752567286197401 3.2585835876209481 2.8869346821497239 127 117 107 0.36957763072477656 43 168 44 151 45 507 46 893
7008 -4.6514834532513749 3.2609110073215808 3.8742929575911225 52 43 30 0.52241904308768661 42 213 44 153 45 559
7009 -4.1131019268566034 2.8683868215812938 5.6601619122625948 48 61 47 0.83546290690160019 48 223 44 158 47 77
7010 -4.0224032065410382 3.3344632130597431 2.8379749459970087 53 55 58 0.23815370044751108 43 450 44 236 45 1262
7011 -3.5886296635874522 3.3013303702129049 2.6652082704032893 134 123 119 0.24715795919783659 43 253 44 276 45 707
7012 -3.4905887728531981 3.3784119189055648 2.7854821330665622 108 98 89 0.37846835429315334 43 271 44 294 45 761
7013 -3.1948329335037977 3.4191679726540136 2.942620255327657 103 93 83 0.24525518373622138 43 489 44 335 45 823
7014 -2.8949402365844854 3.2002817073825076 2.4789827064463243 181 171 162 0.9077257949346641 43 312 44 346 45 1352
7015 -2.9691920901466977 3.3848985350932757 2.7479288656692336 36 47 56 0.23926872147615466 43 318 44 372 45 1396
7016 -4.119060628808894 2.0033126750168431 5.476957280080839 19 32 8 0.47412976382696398 41 311 48 270 44 440
7017 -4.5441308156568168 3.2766703111756681 2.8919155285642488 139 136 126 0.46365038080365117 43 423 44 498 46 1111
7018 -4.138887786499823 3.2295617323356978 2.7836463259403059 72 76 79 0.25671761163140205 43 441 44 511 45 1232 46 1141
7019 -4.4968290681596477 3.387742147874186 2.9817750451372245 130 127 123 0.49494853385070053 43 429 44 513 46 1121
7020 -4.54754544431594 3.4907566469777374 3.1113834604096526 37 37 39 0.21858786473937042 43 431 44 514 45 1235 46 1296
7021 -4.0697327771402341 3.2185813582196756 2.592846435064597 59 64 67 0.28721863214309135 43 434 44 528 45 608
7022 -3.9018281980285767 3.268300347710305 2.5967578208460291 112 127 125 0.60717336083906115 43 688 44 538 45 1556
7023 -3.8726867679326085 3.2812604157178478 2.6922657200479114 66 74 73 0.93150510780863949 43 456 44 540 45 685
7024 -3.5333010232577355 3.4340336800645175 2.8658819940596714 106 96 87 0.22339087113921732 43 466 44 573 45 1311
7025 -3.4724322620773509 3.4568620580194231 2.980926834975977 159 149 135 0.27959100680850946 43 475 44 575 45 1330
7026 -3.3743155418313986 3.452173052828269 2.9853611957773181 156 146 134 0.21469110577122941 43 611 44 577 45 1334
7027 -3.067851848349191 3.2634102729414036 2.5668985705682705 170 155 148 0.34002399482930024 43 617 44 589 45 1354
7028 -3.203477525882426 3.3516139186577618 2.7385124892885209 40 52 64 1.7537950865935386 43 481 44 592 45 1328
7029 -3.2494893476664601 3.4318417167116704 2.9082487512363762 156 148 148 0.22782408739648455 43 486 44 593 45 1358
7030 -3.2639740979575649 3.4339753295371582 2.9406627469676003 83 66 56 0.31766196489227611 43 485 44 595 45 821
7031 -2.9231348578345262 3.2766173093147417 2.5848079974062861 104 94 85 0.48254473896899891 43 511 44 609 45 1375
7032 -3.0397102514245598 3.4358300398163966 2.851208985282613 115 120 126 0.15804687935505857 43 512 44 613 45 1397
7033 -3.1452561404674246 3.4314662134968779 2.9136730036247318 37 42 46 0.18464610100093362 43 624 44 614 45 1379
7034 -3.0276265967358862 3.4531491007073614 2.8571521861792988 31 33 38 0.20599247141292854 43 320 44 621 45 880
7035 -3.0276265967358862 3.4531491007073614 2.8571521861792988 31 33 38 0.20599247141292854 43 321 44 622 45 881
7036 -4.6483144480561949 3.4648942831425478 4.0146815613696134 71 63 60 0.21136224090707054 43 584 44 681 45 1545
7037 -4.6222079469917006 3.4923629754063019 4.4321043579938086 78 71 63 1.3380436255263286 43 586 44 683 45 1561
7038 -4.1850297373801197 3.1819640953136732 5.6535913165039204 82 90 101 0.50508856444177996 41 617 48 323 44 687 42 207
7039 -4.494672073319264 3.4010433737025387 2.9543733290457359 40 46 50 1.4468006130781521 43 588 44 700 46 1122 45 1234
7040 -4.1052952558300451 3.2883941606051752 2.7786572507077429 64 68 69 0.38750495435246968 43 590 44 713 45 1557 46 1304
7041 -3.5080955867338242 3.2842051374871906 2.6263422196417121 163 155 155 0.36327175404536133 43 602 44 738 45 1579
7042 -3.3641072984702358 3.2955427940596342 2.6316148131498114 36 39 45 0.13878346125175037 43 609 44 747 45 1586
7043 -3.3861499342731372 3.4572692198820238 2.942047662313628 154 142 130 0.38519302692509294 43 610 44 755 45 1333
7044 -3.0348637619415686 3.2528999732459094 2.5420876253363787 86 76 69 0.21749916859217275 43 619 44 762 45 1356
7045 -3.0338884476175987 3.2729554198811655 2.5838499652264919 87 74 66 0.3911291376567318 43 620 44 763 45 1612
7046 -3.0601304668957483 3.2997832816553374 2.6477685381410141 125 122 120 0.23859176090814738 43 705 44 764 45 1614
7047 -3.0860347147559017 3.3410653271996722 2.6885338127156477 29 36 45 0.51561651161106392 43 499 44 765 45 1615
7048 -4.5693359475659099 2.2000447991580145 4.086655518928878 20 24 28 0.55605061982258219 42 638 44 797 45 1714 42 537 46 1243
7049 -4.1744917280054823 2.0276503020988672 5.4402789272584418 115 97 39 0.63513407388053567 41 785 42 531 48 342 44 800 47 154
7050 -4.5232983997741325 2.9337047420693461 5.3138657269461751 55 46 33 0.45221527370360165 42 642 44 815 47 179
7051 -4.506469017576805 3.2038172773515976 3.8312929120433545 123 113 101 0.57744348953135249 43 743 44 821 45 1865 46 1458
7052 -4.1602300654719917 2.8921279694652511 5.7694119171104745 6 30 25 0.64466855650034727 41 795 42 404 44 822 47 145
7053 -4.3070324202938854 3.363203434880714 2.9396269727606059 113 123 125 0.4087354728996424 43 685 44 848 45 1755 46 1382
7054 -4.5609170872551754 3.5054193604735877 3.8922450651295586 58 50 37 0.72701683858365218 43 683 44 849 45 1758 46 1392
7055 -3.817768367049001 3.3047868879275186 2.7160413033462953 102 111 118 0.30013884859006934 43 689 44 865 45 1763
7056 -3.4618871719537911 3.2659360192374267 2.5953133518966878 19 25 39 0.29791579039347321 43 693 44 874 45 1578 43 603
7057 -3.5842120716347474 3.3898232388059624 2.827012915143865 157 146 144 0.24968832154567933 43 694 44 877 45 1581
7058 -3.4090238561686639 3.2928549801035003 2.6377661908335299 155 146 147 0.22316918298586344 43 697 44 883 45 1789
7059 -3.535982578245771 3.4744376512325186 2.8829509970140519 163 153 144 0.37556155743072006 43 700 44 884 45 1790
7060 -4.567132672025501 1.9098416822634032 4.0152071513570435 22 33 40 1.1164408071961254 42 709 44 920 45 1856 46 1443
7061 -4.5465904604116556 2.0986628823593794 3.6957845521195445 112 102 93 1.2132023014609883 42 712 44 921 47 153
7062 -4.0781797057145104 2.9078861228559325 5.6400187687566117 14 27 25 0.22877812316218338 41 938 42 644 44 935
7063 -4.6861795644725008 3.3590078309330376 3.0162206472786948 67 62 53 0.76639374964488138 43 746 44 941 45 1739 46 1454
7064 -3.7840440776414561 3.3673005075015934 2.8308835194095479 96 100 108 0.086448626847309806 43 749 44 958 45 1883
7065 -3.6201973217413883 3.3835804287823792 2.9551393435836539 122 117 109 1.2124595838795966 43 750 44 964 45 1784
7066 -4.5784421839326841 2.5937145309531551 3.7740226882745889 81 71 61 1.5295193634329742 42 772 44 1001 47 177
7067 -4.5816189947767549 2.7114136452289599 3.7927491490591287 96 86 76 0.65606228943732936 42 810 43 777 44 1002 45 1950 47 193
7068 -4.4523951364023517 3.2408010196403247 2.827415470509389 44 50 67 0.30165976097015307 43 813 44 1015 45 1962 46 1496
7069 -4.5688219062590916 3.3646880937715622 2.9938103250865131 147 137 131 0.37639043766401742 43 786 44 1016 45 1965 46 1500
7070 -4.5688219062590916 3.3646880937715622 2.9938103250865131 147 137 131 0.37639043766401742 43 787 44 1017 45 1964 46 1499
7071 -4.4614555215356591 3.5414979270953806 3.1264771979895358 107 100 91 0.93445858010233174 43 686 44 1029 45 1757
7072 -3.6523173422018136 3.2923977680695815 2.7452355968346556 2 7 23 0.73222611680396077 43 816 44 1037 45 2047 44 1075
7073 -3.5948833636909807 3.3334348570270635 2.7462140171907619 171 162 151 0.1954454797316918 43 819 44 1039 45 1982
7074 -3.0846716237233873 3.4217291405088415 2.8262675507573749 101 106 113 0.30640030400223212 43 792 44 1053 45 1993
7075 -4.5864017719647068 3.2659031527164477 2.9151024474507401 152 141 129 0.42389368171995023 43 812 44 1068 45 2039 46 1535
7076 -4.4533687133407192 3.4801760878761168 3.0582822451987908 33 39 50 0.33986194128632397 43 815 44 1071 45 2084 46 1551
7077 -4.4533687133407192 3.4801760878761168 3.0582822451987908 33 39 50 0.33986194128632397 43 814 44 1072 45 2085 46 1552
7078 -3.3544732226189717 3.4165073392686973 2.8107614862391364 153 147 138 0.47589310998945344 43 820 44 1077 45 2053
7079 -3.0706861217326433 3.3834065064726571 2.7613462380575284 74 81 90 0.22933293922588774 43 821 44 1080 45 2056
7080 -3.4500739924319568 3.2550341970319399 2.5588466459015047 21 34 53 0.56298572083425213 43 835 44 1099 45 2087
7081 -3.0606579609017159 3.1789300297690692 2.5187249258442623 152 141 135 0.52590554318596938 43 836 44 1104 45 2052
7082 -3.5565517599883916 3.318691528061557 2.6914226060323116 138 119 117 0.53767457787468131 43 853 44 1113 45 2106
7083 -3.5565517599883916 3.318691528061557 2.6914226060323116 138 119 117 0.53767457787468131 43 854 44 1114 45 2107
7084 -3.7136905648351424 3.4341013716273228 2.8968588769911769 26 36 48 0.33396309467561319 43 844 44 1115 45 2108
7085 -4.2730020687016728 2.8459940084127253 5.9033584390279383 18 59 50 0.98030253196485129 42 820 44 1125 41 1182 47 218
7086 -3.1469598540487849 3.3335507543322991 2.7361239487683169 21 33 47 0.61886737648931489 43 856 44 1131 45 2132
7087 -4.5020100995842016 1.5760987115525706 5.0838325504489763 136 130 114 0.61486542122337851 41 1207 42 835 44 1136 47 221
7088 -4.7840813447196346 3.2002833959042896 3.7673349515187327 97 91 75 0.81627607874119246 43 874 44 1140 45 2158 46 1580
7089 -4.5982735515980115 3.2769239862712078 4.640919907740745 66 59 49 0.63040858409700362 43 863 44 1141 45 2159
7090 -4.3393008880660151 3.334867873102016 4.8082476466055928 118 109 94 0.61118670074496639 42 840 44 1145 45 2160
7091 -4.2724449692435202 2.3122275483229959 6.1207593365125419 143 137 121 2.4212727924025002 48 436 44 1169
7092 -4.0853059501957762 -1.9805498279100124 1.3253345438601329 116 105 85 0.2571671822620773 44 398 45 96 46 91
7093 -4.5315901629633606 1.8017199178951937 3.7145655302020217 47 51 52 0.79625995698138075 44 87 45 398 46 809
7094 -4.4444489032381727 2.9213773143914108 1.5533303857994614 72 69 62 0.55592779153132943 44 114 45 431 46 832
7095 -4.1985165541463729 2.666816224191769 1.7351506356721556 183 182 181 0.46380042032515506 44 448 45 436 46 1071
7096 -4.2201873710836439 2.6638134038834349 1.7622720312857032 11 10 9 0.49645933335119619 44 107 45 438 46 825
7097 -4.2507088152130006 2.7305578658323775 1.7431307516695376 10 9 8 0.86685365476277942 44 450 45 440 46 835
7098 -4.1179623679215887 2.858030998569375 1.6619340660633377 140 137 131 0.26768095591448171 44 472 45 450 46 846
7099 -3.9306511634473358 2.6721584106784331 1.8098251149955074 114 111 116 0.27612830377799591 44 119 45 456 46 847
7100 -4.4664702166503307 3.189505954565524 2.6709224052197871 12 26 38 0.28667678857924933 43 166 45 506 46 517
7101 -3.0702140156412727 2.5007406023059158 1.8221523091145599 140 134 124 0.72056795516158234 44 217 45 530 46 928
7102 -4.2885466157542336 3.1933244963297436 2.6134431929117232 69 63 42 0.23044088155444775 43 177 45 545 46 907
7103 -4.3138261449298243 3.2303307531352927 2.6857548340531157 137 143 141 0.18070576388577395 44 175 45 549 46 550
7104 -4.2259386188418731 3.2033059785710178 2.6842324589908078 72 77 80 0.20874228972458297 43 428 45 554 46 912
7105 -4.6267389159376879 3.1890622998359262 3.8474016169680829 48 38 28 0.90531236760443934 43 137 45 558 47 110
7106 -3.17618840230049 2.5937732552764015 1.8653564259830679 154 158 148 0.67855613447106566 44 523 45 578 46 1128
7107 -4.203066204732492 3.2323915996608403 2.7626180837783418 54 58 61 0.23478539810499488 43 210 45 614 46 940
7108 -4.120444710670899 3.2526282822083399 2.7835001822284475 140 144 147 0.47818641500040687 43 212 45 618 46 601
7109 -4.4725486976897795 3.4819067034005573 3.9957535350060418 94 91 87 1.0127388531789607 44 210 45 666 46 963
7110 -3.2425585306147853 -1.897088666524082 0.9483241475492119 107 83 66 0.51341416307763266 44 633 45 927 46 659
7111 -4.2062544847521952 2.6012963350247409 1.7226207635180339 5 1 1 0.59580766955436271 44 446 45 1121 46 1067
7112 -4.2429632783062941 2.7273098215263909 1.6332773958002282 74 73 69 0.24259301158232793 44 656 45 1131 46 823
7113 -4.2429632783062941 2.7273098215263909 1.6332773958002282 74 73 69 0.24259301158232793 44 657 45 1132 46 822
7114 -4.2022515996018877 2.6779917230139976 1.781329503062173 163 159 156 0.42628404587202007 44 451 45 1137 46 1072
7115 -3.938943624383429 2.7083882172505951 1.8076045196882791 77 62 56 0.20776898477250216 44 671 45 1161 46 1088
7116 -4.0847048757150475 3.010052594488045 2.3669145648739591 14 15 12 0.53215202963755026 44 497 45 1185 46 1110
7117 -4.3799990107205842 3.1927752986163345 2.5992531015595159 43 40 51 0.35620801493267812 43 176 45 1188 46 885
7118 -4.4862069497870243 2.9080279647450054 4.8989519041455383 123 109 94 1.4589793227374825 43 120 45 1192 47 124
7119 -3.9698347688291138 2.967293167379693 2.2630822020812182 45 40 46 0.54013883537865681 44 678 45 1201 46 1108
7120 -4.5722025921896945 3.304586784098444 2.957596636452557 144 132 123 0.46092496739384714 44 178 45 1207 46 1112
7121 -4.6170215086277944 3.248010207726391 3.8217430077739647 58 48 33 0.32808760888131233 42 212 45 1211 46 894
7122 -3.0764387003350762 2.5386238741409941 1.8544042100560416 42 41 49 0.93264579856592766 44 220 45 1222 46 1287
7123 -4.6539748525571545 3.5277670533337604 3.1420585317728555 122 117 111 0.13862582934122414 43 192 45 1236 46 946
7124 -3.231314677094363 3.3400307990646088 2.7017629998152999 46 55 70 0.33519456120290642 43 612 44 576 45 1327
7125 -4.2243234786631136 2.7134453932984215 1.9780259049093376 179 176 171 0.39328367604860559 44 805 45 1494 46 1253
7126 -4.2243234786631136 2.7134453932984215 1.9780259049093376 179 176 171 0.39328367604860559 44 804 45 1495 46 1252
7127 -4.1216037256883578 2.8073506710825842 1.5202329837789403 26 32 44 0.36283891962089304 44 664 45 1501 46 1084
7128 -4.1579666207610506 2.8393228637373435 2.2054480807473618 179 176 172 0.24605626946492778 44 813 45 1510 46 1263
7129 -3.138746619899488 2.5245685589182751 1.8212313706661736 74 74 76 0.56917971790901933 44 693 45 1527 46 1285
7130 -3.3703762692544688 2.6875223459057023 1.9325816512034393 57 58 56 0.39303700907629152 44 694 45 1529 46 1288
7131 -3.342195117314291 2.7091649412044303 1.9505747673392129 123 120 92 0.64078226289800566 44 851 45 1540 46 1289
7132 -4.6031165948820032 -2.2908155489593112 1.9864707568698552 244 249 248 0.95359926740397327 44 638 45 1650 46 1183
7133 -4.6799778630729678 -1.9372760693440358 0.91353493888950532 230 233 215 0.19065329979845025 44 915 45 1651 46 1187
7134 -4.6799778630729678 -1.9372760693440358 0.91353493888950532 230 233 215 0.19065329979845025 44 916 45 1652 46 1188
7135 -4.7950945441326569 3.0406970523511565 2.2539677994485232 6 6 4 0.64892519788056469 44 807 45 1720 46 1359
7136 -4.2832777526426753 2.8605932108319991 1.5854044586427134 7 2 6 0.37074889545362538 44 810 45 1721 46 1356
7137 -4.2046890601687226 2.7461064696687121 2.0442384599294265 180 178 177 0.33353535455091093 44 667 45 1722 46 1255
7138 -4.2046890601687226 2.7461064696687121 2.0442384599294265 180 178 177 0.33353535455091093 44 668 45 1723 46 1256
7139 -4.5614653018764919 2.94876698918128 2.2596711558585261 67 62 59 0.48445459689399845 44 659 45 1724 46 1257
7140 -4.2282985481192465 2.9098507810243261 2.3557579727564435 17 12 9 0.22662464797327098 44 819 45 1731 46 1364
7141 -3.5592496386767865 2.8377121522618274 1.5002120992116765 5 14 23 0.45547163766960819 44 949 45 1740 46 1274
7142 -3.2488736652419159 2.5633475522711442 1.7911066873994308 50 60 58 0.92747967910150864 44 836 45 1741 46 1372
7143 -3.2080472941442246 2.5376183791910849 1.8346867545464236 165 161 151 0.26095224903856917 44 838 45 1742 46 1373
7144 -3.8054436162805327 2.9463982484841007 2.264671811050305 49 63 71 0.13937736580800414 44 842 45 1745 46 1374
7145 -3.5748026427849084 2.8639205754647405 2.0749616359191152 113 109 93 0.56476686549918442 44 852 45 1749 46 1378
7146 -3.626580520490752 2.9298474210308822 2.1855086719088139 40 47 48 0.58791386144683988 44 854 45 1750 46 1140
7147 -3.5953482653699047 2.9463623470675402 2.1698546349432104 103 98 84 0.38576170849409025 44 856 45 1751 46 1391
7148 -3.9241091997731825 3.0889415685089605 2.4019234206226732 51 60 57 0.39721414511388792 44 845 45 1752 46 1379
7149 -3.8057438949247193 -2.1339581777931844 1.2432330613835882 244 249 251 0.42824925488780741 44 913 45 1816 46 1179
7150 -4.5057445511596832 -1.7403755872666911 0.58258625159900768 102 69 30 0.36595577014207076 44 993 45 1825 46 1191
7151 -4.2222974247793221 2.633097866171684 1.7012855944452523 6 2 2 0.47296659591556284 44 924 45 1857 46 1445
7152 -4.2023745427135539 2.6977856147941868 1.907737495337992 10 4 1 0.33831380600413236 44 925 45 1859 46 1357
7153 -3.6089308483895599 2.6577665627728053 1.8390809624624394 73 82 88 0.37793226655568102 44 938 45 1861 46 1450
7154 -3.1693094839222531 2.6802898356820277 1.3013328076147448 134 120 111 0.26521791517395171 44 1030 45 1868 46 1300
7155 -4.1079192362288239 3.2211828376343368 2.5268711615153112 27 38 48 0.12334965233649131 44 947 45 1872 46 1459
7156 -3.2613673277081454 -1.8754518438277721 0.9118248022751928 106 84 61 0.65593758069687935 44 991 45 1911 46 1311
7157 -4.7293563484696666 -2.3176583636156756 2.0836467202710853 250 254 254 0.26565854812726536 44 914 45 1915 46 1398
7158 -4.7444070783247163 -1.8677539529800051 0.75021446671127601 100 69 27 0.28105376628308587 44 1058 45 1918 46 1402
7159 -4.6801471612536973 -1.8798914557257536 0.880312455806465 94 62 31 0.17746548586915889 44 994 45 1919 46 1323
7160 -3.863109838353862 2.8271375001909966 2.1112218998409245 45 49 55 0.47294758306522322 44 1069 45 1953 46 1492
7161 -4.1529460210893046 2.9832227546871537 2.3858431421847355 136 135 132 0.054969021993212554 44 1013 45 1954 46 1451
7162 -4.0472305438008522 3.1200016915009181 2.4400060048369765 186 186 190 0.29876575272643346 44 1020 45 1959 46 1497
7163 -4.3059967510486512 3.1688920432415419 2.5293902259601073 175 169 151 0.070490265926386034 44 1014 45 1960 46 1495
7164 -4.3201491640131389 3.2440506629519454 2.8127816065051672 115 117 121 0.29309662964592559 43 785 45 1963 46 1498
7165 -4.6227385666536209 3.4904156112147566 3.0755806101464946 167 154 140 0.23790598544634842 44 1022 45 1972 46 1501
7166 -4.7792359945122858 3.0404763639129846 2.3381813087828465 103 98 86 0.56618333992127945 44 1063 45 2037 46 1529
7167 -3.3330294336265167 2.6437768949271985 1.8998621396830895 48 63 86 0.53190107199895309 44 1070 45 2040 46 1536
7168 -3.383877481958582 2.76402236525389 2.0123896990682981 46 59 73 0.21360499926366738 44 1073 45 2043 46 1537
7169 -4.6929247881441247 -2.3646024726106285 2.0565774158969523 185 190 191 0.43796264143276842 44 1082 45 2061 46 1512
7170 -4.5463520797098429 2.8739662525642156 1.4565710447717954 81 76 68 1.1313240837950025 44 1108 45 2074 46 1527
7171 -4.1152963707525592 2.852309306286823 1.5754364816862654 143 134 123 0.15219407739095622 44 1091 45 2077 46 1530
7172 -4.1146581885622098 2.798966732200141 1.6877326789883775 7 4 3 0.14658517963856768 44 1088 45 2078 46 1532
7173 -4.1146581885622098 2.798966732200141 1.6877326789883775 7 4 3 0.14658517963856768 44 1089 45 2079 46 1533
7174 -3.6223749549577291 2.7622461738402193 1.621311561943531 23 32 40 1.3935878142311464 44 1110 45 2099 46 1567
7175 -3.3207138015956921 2.7219439434662349 1.3588466347003549 147 137 124 0.71614769296808278 44 1126 45 2124 46 1568
7176 -3.7037002731716302 2.6992954356576226 1.9616406774238875 185 179 166 0.65795288743946212 44 1144 45 2143 46 1582
7177 -4.0381965371731194 -2.1385552219126458 1.2810788187322719 254 247 218 0.60861667851175649 44 1158 45 2162 46 1583
7178 -5.2185000867139966 2.1380447284363377 3.5004891103576283 137 128 113 0.062254458475247638 44 1164 45 2172
7179 -4.4961124632018192 2.0798167931737734 3.6632279419262739 151 142 127 0.68091112694255485 43 98 45 414 46 407
7180 -4.4392590365185063 2.0459957350924762 3.7046304972467734 97 87 79 0.98866394326663898 43 99 44 91 46 409
7181 -4.1675387988426227 2.6135645803536249 1.8589191949786759 52 47 47 0.50282206747346869 44 455 45 441 46 826
7182 -4.2400170897740415 3.1715543361646339 2.7188970399295562 58 63 66 0.41603624725189764 43 181 45 1205 46 910
7183 -4.2818849072063525 3.3926926623434794 2.9634616866738313 118 121 132 0.28728295402127818 43 443 45 664 46 958
7184 -4.4076344825077562 -2.1499246995929178 1.4637870470638257 255 252 232 0.33708831890234664 44 637 45 960 46 987
7185 -4.3618064414049424 1.8079946964677454 3.8544412363931624 61 66 72 1.2369038052163035 43 382 45 1115 46 1061
7186 -3.9798356269055728 2.9849053820010045 2.331806418941937 56 60 46 0.25078799407363583 44 166 45 1202 46 1119
7187 -3.5983425815212104 2.8317774538776344 2.069953571257054 53 51 61 0.6274684690312039 44 699 45 539 46 1134
7188 -3.4146561600181453 2.8100004331373101 2.0903014388579049 114 104 87 0.2441763374513416 44 525 45 586 46 1160
7189 -4.0209474931816365 2.8101754085783517 1.5171552455946451 25 34 46 0.61943082328955601 44 817 45 1157 46 1258
7190 -4.6712360472999883 3.1832938786195668 3.8252440405705128 137 131 117 0.46187256830680862 43 675 46 1366 47 143
7191 -4.4128833630696915 3.4021139636364377 2.9922465330752481 46 56 68 0.25860546173648663 44 846 45 1754 46 1380
7192 -4.933935374640436 -2.3654767662568315 2.0964099855991858 255 253 254 1.0235461863680961 43 706 47 148
7193 -4.2378407448494437 2.0681891229136893 5.7390915237836593 17 64 56 1.4123485147590011 44 1000 48 384 47 190
7194 -4.4708048426272962 1.9441907839449846 7.6396645139680821 166 152 139 2.1438892490030863 48 380 47 200
7195 -3.3250027367231989 -0.5385785035781383 -5.9681636186596139 181 169 147 0.66300831670763483 12 123 10 145
7196 -0.97893456077928809 0.10185772190064232 -4.6281388229891665 196 191 172 0.74802084720045681 11 200 10 193
7197 -4.218046380448758 -0.44189094325625178 -8.3384742523814932 31 20 6 0.30279359039716991 11 229 12 883 10 195
7198 -4.1794759057218913 -0.39563711354381692 -8.285460969180841 36 27 8 0.21307601427881487 12 154 10 196
7199 -0.98268515112703669 0.11607055335378635 -4.6359557227525379 93 92 78 0.58612173906053333 11 222 10 221
7201 -1.9680797453806289 0.054520189761814518 -5.0713924850643171 11 9 4 0.32077554759839239 12 158 10 256
7202 -4.2725471586136372 0.44944950827869651 -8.2962729719661219 21 15 2 1.5865868395549374 11 1964 12 1373 10 340
7203 -3.9913865021859776 0.68982676461168657 -7.9597741793480719 176 174 154 0.53960581037205768 11 1336 12 925 10 359
7204 -3.9913865021859776 0.68982676461168657 -7.9597741793480719 176 174 154 0.53960581037205768 11 1335 12 926 10 360
7205 -2.3589755513727049 1.0136549806895883 -7.3727860636057621 17 18 20 1.163258958266699 11 361 10 395
7206 -3.7175369990807359 1.1000407661849654 -7.7287160335689533 178 167 151 0.6563519690085734 11 1361 12 936 10 403
7208 -2.2160543340420471 2.5045702505119447 -6.5502973205343231 102 95 89 0.73230792135526501 11 1581 10 665
7209 -2.5774837396700478 2.3935073154820099 -6.1211469377625125 161 157 147 0.52536186700162291 11 1551 10 666
7211 -6.9844642658895175 3.0541560567131545 -4.427638955473884 120 112 99 0.1750433079677961 17 372 10 694 18 362
7212 -2.7021973819606173 2.8709025690784329 -6.1701775233988174 170 166 163 0.50422546340004393 11 1633 12 1164 10 763
7213 -1.5945331958006208 2.3635103178616599 -5.461624757060445 44 29 51 0.30512752446855351 11 1645 10 784
7214 -1.5556488057828373 2.3311793229309412 -5.3841277508582204 220 215 216 0.45740070382820003 11 1646 10 785
7215 -1.4778476527717597 2.3640754711473071 -5.3898463998594641 78 43 41 0.1580381906075039 11 782 10 800
7216 -1.5072062502427162 2.3539257656364359 -5.3643979227775791 141 112 100 0.26770669894697868 11 1651 10 801
7217 -2.4713234664852091 3.1468683857406536 -5.8949005600184883 202 195 185 0.68528839781371853 11 810 10 817
7218 -2.61183731577347 3.3279397179754735 -5.9829123015084917 176 170 158 0.60208384618602084 12 1177 10 830
7219 -2.6134516916282684 3.3300229932962684 -5.9837115003978605 176 170 158 0.50168615834321262 11 1663 12 1178 10 831
7220 -1.6712674182349612 2.7391524369446709 -5.39467921756669 201 19 35 0.15891040464014772 11 823 10 845
7221 -1.7177194656485435 2.7988967168843035 -5.3549251010896368 254 149 149 0.29593272230740775 11 1683 10 849
7222 -1.5501372582343376 2.7741075027573672 -5.3567910216824695 169 50 46 0.16772518952678808 11 834 10 872
7223 -1.5275636547035343 2.8164158905733681 -5.3358898108101602 45 8 6 0.24147785911700334 11 836 10 873
7224 -1.5322572734959372 2.840880767342973 -5.3410683866727569 15 22 4 0.091164542879982324 11 1699 10 874
7225 -1.6772317356391149 2.9003735320037016 -5.3490555141340828 14 6 0 0.21678800728338396 11 1693 12 1197 10 875
7226 -2.7366911692314262 4.0087836144712803 -6.1194695964830563 130 132 131 0.18681208304811345 12 1199 10 905
7227 -2.7200221779827536 4.0586668360491238 -6.1441047062437386 221 223 218 0.15001452188082134 11 855 12 615 10 906
7228 -1.6733296657664347 3.1516287506979328 -5.3486125124031467 119 116 127 0.15126721382813252 12 623 10 914
7229 -1.671380482780388 3.1503780782518702 -5.3469978019729894 119 116 127 0.27693299042860625 11 1709 10 915 12 624
7230 -1.6495038516918907 3.1574793149024201 -5.3248596036476998 118 128 103 0.20459462866501901 11 1710 12 636 10 916
7231 -1.7411493612905777 3.2353754586186096 -5.2932560855215431 143 139 162 0.18650191057049051 11 1711 12 1215 10 917
7232 -1.7411493612905777 3.2353754586186096 -5.2932560855215431 143 139 162 0.18650191057049051 11 1712 12 1216 10 918
7233 -1.5167945940377263 3.2011534407990565 -5.2515708379854091 27 19 14 0.083458608184062533 11 896 10 927
7234 -1.5655964423022006 3.2493699857105467 -5.2948377551082393 38 21 17 0.0018645494989751336 11 877 10 929
7235 -1.5655964423022006 3.2493699857105467 -5.2948377551082393 38 21 17 0.0018645494989751336 11 876 10 930
7236 -1.7017684214678315 3.3698825175087084 -5.407041941753338 48 13 8 0.28758952301020096 12 645 10 931
7237 -1.5375336306394982 3.2544332856656721 -5.2500832172311274 198 180 173 0.039282296381554505 11 898 10 943
7238 -1.6148459663991157 3.3858798678734638 -5.2823957870808007 209 175 179 0.077731262257929465 11 1725 12 1229 10 948
7239 -2.5983783170014116 4.3792670968817733 -5.9659394602252371 173 189 176 0.27290971504715733 11 1730 12 1226 10 950
7240 -2.5485074272050317 4.277497316914098 -5.8070856649039166 228 240 232 0.17817101848834485 12 1227 10 951 11 1733
7241 -1.5805315570798328 3.4039509567716113 -5.249752710777245 29 12 12 0.22506032544508026 11 1738 10 969
7242 -1.7031325301458609 3.5179442935267891 -5.2838129006972601 20 10 10 0.11126511603984227 11 931 10 973
7243 -1.5905819013200138 3.4511909396478866 -5.2282091346369626 32 20 20 0.098493954606586054 12 677 10 974
7244 -1.7178249918579018 3.473362489162017 -5.2463691286427476 17 11 15 0.28273319659382795 11 929 12 1605 10 977
7245 -1.5069104239652447 3.447121841352967 -5.2299114746796578 23 21 24 0.22931520450007958 11 948 10 990
7246 -1.5541825920296912 3.5157786933464648 -5.2221627605084011 28 20 16 0.30183332926165501 11 950 12 707 10 992
7247 -1.516716936330236 3.5262982164901953 -5.2336372932448496 4 3 13 0.067939182874073453 11 986 10 993
7248 -1.7356716242183412 3.6244566875077955 -5.2569592243727321 144 128 143 0.11271719938243159 12 1254 10 997
7249 -2.6819879656248591 4.5433683522800878 -5.6241712749072716 203 195 185 0.25192128725235224 12 685 10 999
7250 -2.6699959485503637 4.5992592288324534 -5.5542724621367956 57 89 73 0.27301653027186673 11 963 12 1256 10 1025
7251 -1.1324448022692934 3.542999432085749 -5.2709929181336612 108 137 239 0.0076465097231388311 11 1793 10 1057
7252 -1.3920500638773294 3.680409232672019 -5.261302917876705 34 32 81 0.096608566985389555 11 1798 10 1061
7253 -0.72712732189067975 1.7506622497970588 -3.2675200275189766 20 61 117 3.7052144978035386 11 1050 10 1104
7254 -1.0240927836203164 3.7606404884285669 -5.3345814550473216 137 160 245 0.045858035719867331 11 1836 10 1115
7255 -1.0240927836203164 3.7606404884285669 -5.3345814550473216 137 160 245 0.045858035719867331 11 1835 10 1116
7256 -0.95989295305131128 3.7138865211508021 -5.3181933781431541 69 85 153 0.033207282696278428 11 2331 10 1148
7257 -0.96140720044170735 3.6137025845351096 -5.1960681183701611 50 72 157 0.40635150827056954 11 1118 10 1150
7258 -1.0391612479325574 3.8491762703057182 -5.3041213493935571 120 140 213 0.22080083840660791 11 2337 10 1155
7259 -1.094678424709483 3.8726980907113302 -5.3098297577992479 25 37 82 0.064412031142647597 11 1134 10 1157
7261 -0.9670239232582305 0.098642039145651852 -4.6494495856813582 213 202 180 0.91518248759431442 11 196 10 1317
7263 -3.4452538351451816 1.0948429355276914 -7.7147144674393493 75 76 71 0.48311416075487529 12 1388 10 1469
7264 -3.6791951267592946 2.1864592603780464 -7.5421122688144733 202 198 171 0.45122803148726004 11 2068 12 1429 10 1581
7265 -2.7183968831526331 2.3743107662680676 -6.115292193784498 135 132 127 0.44289594216639577 11 2124 12 1493 10 1664
7266 -2.5891649841202713 2.3717417167370289 -6.1152523937996692 238 233 229 0.61112000502133357 11 1550 10 1676 12 1093
7267 -1.6076461226309426 2.2207729149028856 -5.8971936884148546 62 49 39 0.26374858310031613 11 2168 10 1699
7268 -1.7454809165549001 2.2901432102607751 -5.9799780197447809 90 90 82 0.16614150223043406 11 2169 10 1700
7269 -1.6361961485704604 2.2243125957368357 -5.8164877312553234 2 1 2 0.10937711406879903 11 2170 10 1701
7270 -1.5787008303404386 2.32819907885058 -5.9885250326584227 108 100 102 0.0091820274441485449 11 1629 10 1724
7271 -1.5787008303404386 2.32819907885058 -5.9885250326584227 108 100 102 0.0091820274441485449 11 1630 10 1725
7272 -2.6666990141929507 2.8083089385813267 -6.1478572416598363 167 164 160 0.78355288499442588 11 1632 12 1561 10 1728
7273 -2.9965413381499006 3.0778511109460069 -6.07082091240878 163 154 139 0.53193859808431865 11 765 12 1562 10 1756
7274 -1.4394054572496062 2.4045845492345039 -5.3920789683969268 232 192 203 0.23185403873079868 11 1649 10 1771
7275 -1.439273976439374 2.3654073620053988 -5.3798112017327018 34 21 12 0.39797751393967534 11 2220 10 1773
7276 -1.4639461272524785 2.3962498306139528 -5.3751005990270775 253 202 200 0.2388578215429436 11 1653 10 1774
7277 -1.4273257478928616 2.440789293054078 -5.3934892253898372 234 191 134 0.23523326231159725 11 2224 10 1778
7278 -1.4595486906307455 2.4262013035085443 -5.3928011084665481 83 31 15 0.094813477554837655 11 1660 10 1781
7279 -1.4595486906307455 2.4262013035085443 -5.3928011084665481 83 31 15 0.094813477554837655 11 1661 10 1782
7280 -1.4836859977830925 2.4420039715644379 -5.3604733072765729 83 18 10 0.22784115058892113 11 2226 10 1783
7281 -1.3538373246309419 2.5708370243789447 -5.4158136749498471 81 54 68 0.0028895017670788805 11 2229 10 1792
7282 -1.5492595560918401 2.5783268086459459 -5.3640644026163553 54 36 52 0.38532937939292677 11 1668 10 1794
7283 -1.693703652125909 2.7628394632625417 -5.3645917576785171 255 162 149 0.31540556573081791 11 1680 10 1811 12 1572
7284 -1.725541613052791 2.7772822700715718 -5.366471049482918 194 42 48 0.28593129059608829 11 2237 12 1828 10 1812
7285 -1.7229825238643053 2.8073910286849428 -5.3620598442081402 255 145 145 0.26617159338942581 11 1682 12 1578 10 1813
7286 -1.5693814914538275 2.8099728234859671 -5.3634534640943725 255 166 176 0.11856437405916953 11 1692 10 1825
7287 -1.7456617963723575 2.8502363059210611 -5.3621086690543089 39 9 3 0.40561207061324717 11 1685 10 1826 12 1188
7288 -1.7473881534811779 2.8514967463304157 -5.3633005244374257 39 9 3 0.44502255665986967 12 1189 10 1827
7289 -2.9695178701366522 3.8917253503696632 -6.0936079444701887 212 201 192 0.67698059982300851 11 1695 12 1830 10 1829
7290 -1.5247474089164246 3.348423256790467 -5.2637490804425893 46 37 38 0.16730185130786979 11 2266 10 1861
7291 -1.7276365909912239 3.3725381599424136 -5.2810549463327785 26 16 21 0.19464339468646788 11 1728 12 1595 10 1862
7292 -1.7267764035554514 3.4269806160091028 -5.2723032084448098 24 13 19 0.039509851500976918 12 1600 10 1863
7293 -1.3151523745636213 3.3976740609967888 -5.2910751217645728 48 68 179 0.19374529311529001 11 2287 10 1883
7294 -1.5011003799333646 3.536672448480727 -5.2263053242053283 211 215 228 0.1465598705371785 11 2288 10 1884
7295 -2.7199681592924172 4.5582139455962336 -5.624167954675368 111 103 95 0.1855510946830011 11 1762 12 1607 10 1887
7296 -2.7425303975980042 4.5669895071404669 -5.5786275313029741 67 82 61 0.65481552228620865 11 2280 12 687 10 1888
7297 -1.8997689167406331 4.0134158181078785 -5.2568116086557781 68 83 66 1.1072268027096892 11 1782 10 1917
7298 -2.733978310564809 4.8409898191111935 -5.6461386660350108 73 123 90 0.22840278028520644 11 2292 12 1866 10 1918
7299 -0.99454245963452514 3.5329837116481668 -5.2390124355517553 153 173 254 0.77692452252749089 11 2647 10 1931
7300 -1.0509985238500021 3.6915567390807151 -5.353264005454256 57 80 175 0.29277218890168688 11 1826 10 1932
7301 -1.0579749134670071 3.5382247036775301 -5.2646078986499374 116 133 235 0.19758257710508476 11 1810 10 1933
7302 -1.1475503519320014 3.6533934303389719 -5.2972842396177704 140 162 248 0.083777058323616704 11 2314 10 1934
7303 -1.1832070564325174 3.6569184930206111 -5.267519704176987 130 150 234 0.016573239031721698 11 2316 10 1936
7304 -2.1076075552761444 1.2287215994558969 -7.1831781552552467 87 73 73 0.56387895231967555 11 1385 10 2149
7305 -1.686912211013309 1.3845370898297802 -6.2525565975015409 162 108 79 0.5059870782451843 11 2466 10 2170
7306 -1.6644442379140716 1.4022492877308566 -6.1544564286740684 139 95 76 0.57422503554373039 11 2474 10 2183
7307 -3.2016478247413196 2.1921031986949178 -7.3785791782384251 60 61 56 0.21821770709923088 12 1737 10 2202
7310 -2.4555882320966567 2.3728201364262778 -6.1439975600745074 150 146 145 0.55019249893175548 12 1783 10 2263
7311 -2.4615642995405786 2.4625754584651691 -6.1970357828494462 144 140 139 0.96083130005810757 11 2540 12 1975 10 2265
7312 -7.4412767198198111 3.7483699419920793 -6.4580048575564399 75 65 51 0.76690754298102981 11 1536 12 1478 13 1338 14 855 15 1148 10 2277
7313 -1.3492332565164016 2.395467509613419 -5.4127536693884357 206 204 190 0.24627873352758745 11 2223 10 2327
7314 -1.4691169885868414 2.4801507846434889 -5.3220472455959182 79 23 19 0.21288889070397171 11 2227 10 2330
7315 -1.3973335273699163 2.5458699332126558 -5.4615158799109178 187 123 72 0.34926197899727318 11 2586 10 2335
7316 -1.49884627042458 2.5680576414674849 -5.3632929142051511 43 17 23 0.21604974396195314 11 2591 10 2337
7317 -1.6167733906358881 2.739715053962966 -5.3715507391180175 229 26 42 0.26260864016471452 11 2235 10 2344
7318 -1.6113509243046427 2.7329908255177635 -5.3646393223331676 229 26 42 0.15831640417876791 11 2596 10 2345
7319 -1.6999613834397551 2.7614113352415468 -5.4035015761672218 212 34 40 0.33211403934863093 11 2236 10 2346
7320 -2.6469080261192319 3.5531261569243782 -5.9429779634718196 117 117 115 0.4204573263379221 11 2238 12 1829 10 2348
7321 -1.6786538628348253 2.8542501656801593 -5.3213061212993313 21 15 5 0.35123853591834386 11 2242 12 1832 10 2357
7322 -2.5792777875674431 3.5352129694612224 -5.9020448417295919 148 148 143 0.25370488912789796 11 2239 12 1574 10 2359
7323 -2.949146212359171 4.1320205226952416 -5.8967958369357278 148 139 124 0.84759775303703522 12 1835 10 2383 11 2844
7324 -1.5659046397120904 3.0679664473467918 -5.3017082648367033 182 178 131 0.11936593882936555 11 2251 10 2393
7325 -1.6045682201682181 3.1081468565873402 -5.305887190727713 210 213 178 0.0071641305472784252 11 2609 10 2394
7326 -1.7131237551837251 3.2507219577532158 -5.2838112607796219 40 28 29 0.39658186128763989 11 2257 12 1840 10 2398
7327 -1.7131237551837251 3.2507219577532158 -5.2838112607796219 40 28 29 0.39658186128763989 11 2258 12 1841 10 2399
7328 -1.6006231805046438 3.3997612138609932 -5.3057441583682481 54 36 32 0.17938736175724276 11 2267 12 1599 10 2405
7329 -1.5076957476379038 3.3940298196065357 -5.2256393357473803 49 45 46 0.15334321717812102 11 2277 10 2410
7330 -1.7237742937488354 3.5597004109858159 -5.2275489406957085 165 153 168 0.44876830677643759 11 2630 12 2021 10 2411
7331 -2.5728814881372979 4.6337071892220401 -5.738753505791367 143 140 126 0.16311516178241225 12 1859 10 2428
7332 -2.8394970662575552 5.2086374999300391 -6.0770287110508194 132 143 125 0.2703854173521823 12 1628 10 2429
7333 -1.2046449876430279 3.5328385164271006 -5.224455992302941 55 79 166 0.38940894415902705 11 2310 10 2435
7334 -2.650403126674894 4.7820785434462643 -5.6137051090680066 221 237 216 0.33554086643303394 11 2290 12 1629 10 2437
7335 -1.0573943745217411 3.6983773424727384 -5.2267758652590262 63 80 167 0.079950587093953321 11 2332 10 2452
7336 -1.103989367101242 3.7987376910545243 -5.2763160614305624 145 163 232 0.058623024827784732 11 2657 10 2462
7337 -4.7163818137424869 -0.074331357633062367 -7.7808968238291634 8 5 1 0.054894620890959991 12 1900 10 2556
7338 -4.0182748066602993 0.22244861527262239 -8.0820669433814736 205 199 179 0.64846033786721025 11 2705 12 1902 10 2563
7339 -2.4465602951128815 0.32887050524619788 -7.6054831195944281 65 69 72 0.042804398636073784 11 2391 10 2566
7340 -4.2665460493045693 1.1215608260848986 -7.628760333884224 15 12 5 0.75430683050485936 11 2437 12 1917 10 2602
7341 -3.7117016357481636 1.9096934400510581 -7.6058258951078095 189 185 158 0.39989764240643133 11 2470 12 1932 10 2634
7342 -4.3530553454233187 1.8299154177024193 -7.5390545014255723 61 61 53 0.89757142131969081 11 2761 12 1929 10 2637
7343 -1.6216221943140718 1.5149538008997823 -6.0964580653198608 113 101 103 0.37146804788245957 11 2479 10 2643
7344 -3.643612097289862 2.5857292854123113 -7.4427946858529168 197 191 166 0.042990019663511229 12 1953 10 2672
7345 -2.2914159140321275 2.3519494459916364 -6.6335468008747434 149 143 140 0.04623674320743805 11 2516 10 2690
7346 -2.2173869933259716 2.5322430097659656 -6.608119153745271 21 17 14 0.63861125270475905 11 2539 10 2703
7347 -7.3857806357479419 3.6523714977240256 -5.9505017106445415 43 36 17 0.65416100523841292 11 2136 12 1479 13 1339 14 857 15 1149 16 1323 10 2708
7348 -1.5515351717840611 2.1595585125656802 -5.9035298660388698 91 85 86 0.23424207954333975 11 2536 10 2710
7349 -1.5775028073677257 2.274425864146489 -5.9942185616182524 254 221 203 0.076564442794849308 11 2557 10 2711
7350 -1.5775028073677257 2.274425864146489 -5.9942185616182524 254 221 203 0.076564442794849308 11 2558 10 2712
7351 -1.3344685078136256 2.3564415640257796 -5.4321055110777863 190 192 203 0.26739020573477212 11 2829 10 2744
7352 -1.3344685078136256 2.3564415640257796 -5.4321055110777863 190 192 203 0.26739020573477212 11 2830 10 2745
7353 -1.5303429240822304 2.369958063733161 -5.438740078162513 220 201 205 0.32043702703578281 11 2575 10 2746
7354 -3.0139180920372173 3.2551235629879987 -5.9931738711112983 149 137 123 0.79410640033405067 11 2828 12 1998 10 2747
7355 -1.4118909203976813 2.4068424359107845 -5.403030477103461 83 59 78 0.24012117901505972 11 2834 10 2749
7356 -1.5276153245219017 2.5332717250707355 -5.4427003603342277 196 117 88 0.0030371055658501228 11 2583 10 2750
7357 -1.4136321259446831 2.5073526428333044 -5.4128567555164224 207 119 83 0.15609840549641735 11 2587 10 2754
7358 -1.4075777085303069 2.4904640605778985 -5.3394409268326379 124 55 45 0.14314676855021913 11 2588 10 2755
7359 -1.4075777085303069 2.4904640605778985 -5.3394409268326379 124 55 45 0.14314676855021913 11 2589 10 2756
7360 -1.3414270794203553 2.5992022902851 -5.4009065457194199 193 198 210 0.010628349618586462 11 2836 10 2763
7361 -1.3414270794203553 2.5992022902851 -5.4009065457194199 193 198 210 0.010628349618586462 11 2837 10 2764
7362 -2.5531994178073054 3.5191365129317278 -5.9482248125999275 149 147 148 0.42682952511814093 11 2839 12 2002 10 2765
7363 -1.7313468090358264 2.8837174786855728 -5.3289693760890371 212 214 180 1.1006803128736935 11 2600 12 2117 10 2773 11 2840
7364 -2.3516631250199231 3.3451191589177482 -5.7043238559083935 154 153 151 0.52142028724360878 11 2598 10 2774
7365 -1.5993185526750884 2.8869549276972353 -5.3555804401713898 32 29 14 0.10677925982029765 11 2841 10 2776
7366 -2.8500554008924022 3.9639338916958482 -6.0395908188813401 144 141 140 0.18331661616394265 11 2603 12 1834 10 2778
7367 -1.7632255002967225 3.1962342109147563 -5.3376948686922603 206 205 168 0.2790639884625527 11 2610 10 2783
7368 -1.544010008410841 3.1863515041447728 -5.3304821896917236 213 216 203 0.21797785498834135 11 2847 10 2784
7369 -1.544010008410841 3.1863515041447728 -5.3304821896917236 213 216 203 0.21797785498834135 11 2848 10 2785
7370 -1.9073708550493573 3.5195163893022445 -5.3572431097350499 162 166 169 0.00044841480156470963 11 2996 10 2787
7371 -3.035559033899629 4.4294076963834685 -5.9344952825011923 132 126 110 1.206309705616208 11 2612 12 2009 10 2789
7372 -1.9091786788225216 3.7730728329756249 -5.3222966155517399 125 135 132 1.0251453444789065 11 2858 10 2800
7373 -2.6094382094055844 4.572225738432981 -5.8613761658804124 140 156 145 0.3999885691618012 12 1852 10 2802 11 2269
7374 -2.6604657821025079 4.6613276825393655 -5.8106048717428394 152 155 137 0.3803528489270645 11 2631 12 1853 10 2803
7375 -1.1766743660021914 3.6498517489798648 -5.2941363666617889 49 75 176 0.0039870067706427939 11 2642 10 2823
7376 -3.3959926655802648 1.3463995041027674 -7.5814593057452333 79 80 74 0.79953451005813836 11 2911 12 2055 10 2911
7377 -2.1395240951333414 1.5002310298425554 -7.2202494967640449 81 71 69 1.4750835134622875 11 2040 10 2921
7378 -3.4651969118123773 1.787354126953185 -7.6207935697151923 70 71 66 0.91845876622734768 11 2758 12 2063 10 2923
7379 -3.3494701840943804 1.8517918779443694 -7.5481896600874672 16 17 12 0.50448384962906345 12 1931 10 2924
7380 -1.6995335164987135 1.3851314739027303 -6.1438533609630204 31 33 30 0.66305262395898801 11 2762 10 2927
7381 -2.3837344128074038 2.2507064971351691 -6.5751917329033898 136 132 122 0.040180300070333089 11 2788 10 2942
7382 -2.5405796551472997 2.5196857112904403 -6.2060443411726967 170 166 165 1.0650381555154822 11 2962 12 2104 10 2952
7383 -2.2962630806631417 2.6189140224337444 -6.6445062873826943 105 105 98 0.70142894136532585 11 2961 10 2955
7384 -2.8316312777760788 3.028364692113299 -6.2586777063749457 109 105 101 0.49407266980374215 11 3101 12 2206 10 2971
7385 -1.4553238754073989 2.4207606481007669 -5.3502833898265392 98 41 38 0.27727672131666015 11 2985 10 2980
7386 -3.130302868492965 3.6453144573746377 -6.1258358985062813 182 175 157 0.26150906687238168 11 2584 12 1823 10 2982
7387 -1.6706734346017884 2.8189266139635039 -5.3802783857368039 197 206 144 0.18706798893853815 11 2988 10 2987
7388 -1.8129513499090517 2.8054772865866489 -5.3306220779040832 181 176 172 0.84230542480552095 11 2838 10 2988
7389 -1.6064279864024928 3.0116012473789513 -5.3117565122818622 205 195 152 0.1080703484724628 11 2842 10 3000
7390 -1.2115840811811385 2.9891853491681859 -5.4062933076938613 91 90 96 0.18883356454253319 11 2846 10 3003
7391 -1.6646790909723528 3.4220995046773939 -5.3582751110996218 56 31 27 0.28353085140805784 11 2850 10 3006 12 2013
7392 -1.7066872449002295 3.4036960586485083 -5.3397485882374847 50 26 23 0.90525355962269749 11 2851 12 2012 10 3007
7393 -3.0901590546226685 4.5650443796982438 -5.8954272751510572 187 182 173 1.287678983758999 11 2617 12 2125 10 3008
7394 -3.0414496330755183 4.6786544339077833 -5.958688516811808 134 137 126 0.34599509964160347 11 2852 12 2129 10 3010
7395 -1.5527796887683818 3.3950740268358683 -5.2610761630182346 184 172 174 0.093106712035087358 11 2856 10 3011
7396 -4.6484935360607977 5.3667300061963363 -5.2486001219341158 9 11 5 0.035556753840011751 12 2011 10 3014
7397 -1.1624144285039348 3.2822259651104675 -5.2830056387223996 62 91 196 0.081110438352735098 11 3008 10 3018
7398 -2.6578823794833188 4.6742114588031969 -5.6726496341197112 62 79 97 0.30472108316776453 11 2864 12 2136 10 3026
7399 -2.6578823794833188 4.6742114588031969 -5.6726496341197112 62 79 97 0.30472108316776453 11 2863 12 2135 10 3027
7400 -1.8994057448652006 3.9785946462960777 -5.2757985391097018 144 150 138 1.4365016243240032 11 2868 12 2023 10 3030
7401 -2.6512666788099648 4.9165239116806374 -5.7582461563285854 67 143 89 0.43784546677247072 11 2634 12 2024 10 3031
7402 -3.1308658899150728 5.2008218624388665 -5.6686535721616647 136 150 118 0.27253040651287774 12 1868 10 3033
7403 -1.0757346085167021 3.6380950508702252 -5.3314745721940424 73 90 194 0.00013954233694368643 11 2873 10 3036
7404 -1.117668517383513 3.6008419963989642 -5.2973704207188277 77 108 205 0.055411335191545771 11 2874 10 3037
7405 -2.3505358901214337 1.0740232301524941 -7.3709005898367712 39 43 43 0.68674860264017523 11 3046 10 3100
7406 -3.2695379357415599 2.1673546164158668 -7.3946449047904235 18 19 14 0.34545489914003458 12 2181 10 3119
7407 -7.8338496238701687 3.7541566472348973 -6.0766746612397275 139 131 108 0.66302511760930527 12 1963 13 1463 14 1109 15 1342 16 1549 10 3144
7409 -2.7923084251100447 2.9621824749686567 -6.3170096554211481 167 163 160 0.6782297510092774 11 2976 12 2113 10 3163
7410 -1.4089399503853588 2.3346190994791849 -5.3824665974902457 197 203 210 0.28495289393315104 11 2983 10 3168
7411 -2.9054196775427039 3.2358971825132032 -6.0160716929498363 191 182 165 0.53435365760073672 11 3104 12 2207 10 3169
7412 -1.4642010914540551 2.6494821351712852 -5.5353689362993661 136 62 70 0.17893139151168758 11 2986 10 3171
7413 -1.9392617038985092 2.767583465109769 -5.4939736452063821 199 190 182 0.9269940048543337 11 3182 10 3172
7414 -2.8049598074702038 4.003319718088572 -6.0990594107985867 169 167 144 0.43660724328837847 11 2991 12 2213 10 3181 11 3107
7415 -3.0066579255834864 4.1920736648226873 -5.9780542278993769 158 149 134 0.44350245677916461 12 2216 10 3184
7416 -2.9789181074176208 4.2635849566580069 -5.913953252015685 150 141 126 0.34257082077322071 11 2993 12 2121 10 3192
7417 -2.823150676838647 4.4507010287267761 -6.0579733608022286 120 127 123 0.44484394754243023 11 2997 12 2123 10 3193
7418 -1.2734221052682322 3.3238767040254911 -5.3514077129142343 44 85 183 0.61695616529940378 11 3115 10 3197
7419 -2.6897765883828249 4.5614710844977457 -5.5596962416987612 209 204 192 0.15747249646682207 11 3003 12 2133 10 3201
7420 -1.2318771147890113 3.4652076347851568 -5.1924636082768032 45 48 91 0.35192696121425138 11 3015 10 3204
7421 -1.2318771147890113 3.4652076347851568 -5.1924636082768032 45 48 91 0.35192696121425138 11 3016 10 3205
7422 -1.9140468968788114 3.9043243035966348 -5.2998473668585904 150 156 144 1.1657424791135449 11 3009 12 2233 10 3206
7423 -2.6151575023335494 4.760687709187696 -5.688079167934128 28 60 32 0.37069881917356079 11 3011 12 2140 10 3207
7424 -2.6248669982445647 4.6848130085073239 -5.5868896189884456 234 219 220 0.13811436807950786 11 3012 12 2234 10 3208
7425 -1.0540480355382309 3.710988580735139 -5.3282499394187015 42 68 169 0.18040357412748553 11 3026 10 3223
7426 -4.0464794872132783 -0.26968665139885933 -8.2292989243182095 214 202 180 0.17844835194689104 11 3137 12 2240 10 3254
7427 -4.2862658063131454 1.8947194638301093 -7.5422064103058055 31 28 21 0.54712661730586376 12 2253 10 3274 11 3062
7428 -2.8911705094683993 2.5140558496192957 -6.5943135841037188 145 140 134 0.42242307480311192 11 3083 12 2272 10 3293
7429 -2.4085408288505086 2.3496924387016631 -6.1648687446694206 181 177 176 0.41301777514040933 11 3085 12 2275 10 3296
7430 -6.3478488315175827 3.3590608795449652 -5.3613479754462148 65 61 50 1.9941724048065632 12 2194 13 1557 14 1185 16 1623 10 3303 11 2803
7431 -3.4331037525887722 3.1344132818657982 -6.4146726280596411 24 16 10 1.0091994857822648 11 3167 12 2341 10 3305
7432 -1.3540280112845386 2.3779115947217191 -5.4322232387601641 159 163 166 0.86059194869303823 11 3178 10 3314
7433 -1.3540280112845386 2.3779115947217191 -5.4322232387601641 159 163 166 0.86059194869303823 11 3177 10 3315
7434 -1.5541028276222759 2.3787887562330616 -5.410162384697653 188 178 156 0.43587261908842712 11 3179 10 3316
7435 -1.5541028276222759 2.3787887562330616 -5.410162384697653 188 178 156 0.43587261908842712 11 3180 10 3317
7436 -1.4419452495647733 2.5945052886121687 -5.3974957276436069 130 152 169 0.24798538003554013 11 3105 10 3320
7437 -1.5405951091346068 2.8997539330539981 -5.3278807936731569 224 209 164 0.057164727456261256 11 3184 10 3325
7438 -1.7507923203597711 3.1842644960849684 -5.3555074225718888 214 215 152 0.43487596695878139 11 3109 10 3330 12 2292
7439 -1.8236062752667714 3.2811374148698547 -5.3569042044647066 28 24 50 0.1874520213006757 11 3110 12 2293 10 3331
7440 -1.8236062752667714 3.2811374148698547 -5.3569042044647066 28 24 50 0.1874520213006757 11 3111 12 2294 10 3332
7441 -1.9246185209085682 3.6700805141547947 -5.3176932789186679 176 173 164 0.71265858469368881 11 3188 10 3337 12 2351
7442 -2.6838417925050821 4.5770168368246811 -5.7615402127266107 88 95 77 0.13162440404237793 11 3113 12 2226 10 3341
7443 -1.1725084033635143 3.5416315442604458 -5.1986246580174011 122 141 214 0.15352700663135052 11 3126 10 3346
7444 -4.4095312098150101 -0.49630477855806648 -8.2180880986376312 206 200 184 0.42840033781410297 11 3211 12 2323 10 3362
7445 -4.1452160370335989 -0.35760843998931374 -8.1555165726773389 81 74 58 0.53518284934670135 11 3134 12 2324 10 3363
7446 -4.1452160370335989 -0.35760843998931374 -8.1555165726773389 81 74 58 0.53518284934670135 11 3135 12 2325 10 3364
7447 -4.8649756682607634 -0.42027364804021933 -7.8261867943887626 193 185 166 0.089697342940416203 11 3138 12 2241 10 3365
7448 -7.6450948847703595 3.5932568029243956 -6.2296901337989992 152 139 116 0.92514628358181838 11 3082 12 2188 13 1657 14 1284 15 1439 10 3393
7449 -2.8121360082221138 3.000701531873196 -6.0280682112404023 176 169 154 1.2995156819316047 11 3246 12 2344 10 3398
7450 -3.0574297641152119 3.4405369555297036 -6.0763771296857643 156 147 132 0.28884476164723311 11 3181 12 2287 10 3399
7451 -1.7935264912298545 3.0223935699825279 -5.3174377380853901 35 49 81 1.1442593648165014 11 3185 12 2347 10 3401
7452 -1.5585965384769866 3.1271668006470867 -5.3142742310157676 226 219 174 0.3690628990019742 11 3248 10 3404
7453 -3.2335583111984221 4.8526373766488664 -5.9791158147038628 73 98 70 1.149690887176015 12 2349 10 3407 11 3186
7454 -1.3211579700298712 3.3738226687575361 -5.3189160834833871 80 106 211 0.30569550200079032 11 3190 10 3408
7455 -1.094134209333222 3.6447420968515649 -5.2667644980217156 179 188 234 0.091088385081343648 11 3250 10 3416
7456 -4.6850746180801037 -0.4683891845068836 -8.0679697530239007 201 191 180 0.29481086538251194 11 3212 12 2362 10 3439
7457 -3.7159787655937637 1.6990327378317032 -7.5625002049119541 210 201 172 1.8987707612492315 11 3227 12 2372 10 3446
7458 -3.7277267503343303 2.469872999726741 -7.4834655794178326 206 200 166 2.7199459378834643 12 2409 10 3453
7459 -3.7277267503343303 2.469872999726741 -7.4834655794178326 206 200 166 2.7199459378834643 12 2410 10 3454
7460 -1.5614365037831093 3.6063860905960201 -5.2385689333059871 172 181 175 0.0015425684288508917 11 3249 10 3471
7461 -1.8847684150570674 3.8539897859509877 -5.2142548114161773 142 148 136 1.5525954838558071 12 2397 10 3472
7462 -2.3002940580970015 1.4050663910519101 -6.9831598537984751 59 63 62 1.6576915048377714 11 3314 10 3490
7463 -3.1500999027773542 2.4573897486019876 -6.4516437943594376 162 157 140 1.1312177779166399 11 3285 12 2411 10 3500
7464 -1.7368467667564376 3.7611176616916868 -5.2284459866691995 26 27 45 0.64979148678887655 11 3298 10 3509
7465 -1.7368467667564376 3.7611176616916868 -5.2284459866691995 26 27 45 0.64979148678887655 11 3299 10 3510
7466 -1.4317514549599957 3.634584618958522 -5.1811060372209061 31 31 57 1.9938669993654301 11 3323 10 3511
7467 -3.3597928198006675 2.5066389354598755 -7.3956547084706532 60 60 58 0.68064122315920395 12 2426 10 3533
7468 -1.7300216939451067 2.6102223948208327 -5.413912213090553 23 27 52 0.12218874130031329 11 3332 10 3554
7469 -1.5835123819950276 2.9472460694222473 -5.5961235826006526 35 35 65 1.2534473713262855 11 3333 10 3555
7470 -1.6517834601242241 3.1009989587099751 -5.3835699472015124 204 195 154 0.79367767763340979 11 3334 10 3556
7471 -1.73728536625097 2.3268442924295019 -5.5092433189974122 29 29 53 1.2799679888749258 11 3353 10 3569
7472 -2.2132597929804532 2.8310632112885936 -5.6488140168421026 207 200 190 2.0941686803112005 11 3354 10 3570
7473 -2.5101323565545184 2.3653852221709144 -6.1683887163383639 186 181 178 1.0381614279479099 11 3364 10 3585
7474 -3.6342623944181045 2.5335007641833069 -6.2511423113179658 42 39 32 1.8279499392501417 11 3365 12 2474 10 3592
7475 -6.8102819967456103 3.1994823712606744 -4.5176718499462112 28 21 10 0.53488214950372592 18 1540 17 1438 16 1324 15 1151 13 1341 11 2535 10 2728 18 1539 16 1160 14 1022 12 1777
7476 -6.0929526542587622 -2.0275346224840214 -7.939157013711382 142 119 45 0.96161804984778509 12 9 13 5 10 27
7477 -7.3347420493371063 -1.604463774436734 -7.1009581414218159 169 134 61 0.41626749853772071 11 151 12 118 13 79 10 127
7478 -3.2153011066854642 -0.61200489148437531 -8.4494285841940187 141 137 125 0.21709862772990457 11 156 10 154
7479 -3.6300332647221545 -0.57013136059328196 -8.3050760277905393 170 160 150 0.31452080342016547 11 178 10 177
7480 -3.6623123731424156 -0.48503018128193204 -8.3432618020382954 173 168 156 0.16324807855933754 11 205 10 178
7481 -4.4787990205030068 -0.59615848188581433 -8.1454343552193009 163 151 135 0.15476921208193545 11 209 10 181
7482 -6.2318690879956318 -0.91566602040154566 -7.5580298933331944 212 200 179 0.68809419024990304 12 146 13 671 10 184 11 1251
7483 -6.2511550076324207 -0.90577854321585893 -7.5166217370626027 212 200 178 0.2133281325768836 11 1252 12 886 13 109 10 185
7484 -6.6616605122137971 -0.73302115293193348 -7.6435804315835316 167 159 136 0.11140728439395017 12 169 10 205
7485 -6.3451992996558566 -0.76504251348659391 -7.3664967033102542 165 157 134 0.37988119912531049 12 167 10 206
7486 -5.6677244797215449 -0.02240717051385395 -7.6748180999298539 189 183 170 0.32405465218889651 12 912 10 299 11 1306 13 1055
7487 -5.6677244797215725 -0.022407170513855948 -7.6748180999298778 189 183 170 0.32405465218886836 11 1305 12 913 10 300 13 1056
7488 -3.1859515479400482 0.33128300323700466 -8.2239224196464829 39 42 35 0.18444943414705295 11 1309 10 313
7489 -3.4000769418437362 0.2822721511601648 -8.2100590602038146 102 103 98 0.31745213173801134 11 301 10 316
7490 -2.9985296542996811 0.75448416932340134 -7.8183569828725714 27 29 24 0.68193521415732639 11 1332 10 372
7491 -4.8631702542575725 1.4852991869431924 -7.5690650840799467 51 32 31 0.19707976373433372 11 433 10 432
7492 -4.9268439307342868 1.5231497870209176 -7.6196790691861294 187 164 164 0.4587070286513954 11 436 12 258 10 433
7493 -4.9268439307342868 1.5231497870209176 -7.6196790691861294 187 164 164 0.4587070286513954 11 437 12 259 10 434
7494 -6.1461683797127415 1.5745323973549743 -8.0341447062006193 42 28 25 0.31578620265128404 12 236 10 437
7495 -5.864951632469019 1.5411605896218235 -7.7557933023404591 169 151 149 0.29695038432565729 12 237 10 438
7496 -6.0007370716620265 1.5557564203329763 -7.7230805396197342 168 150 144 0.59983300888131885 11 445 12 263 13 718 10 441
7497 -6.0007370716620265 1.5557564203329763 -7.7230805396197342 168 150 144 0.59983300888131885 11 444 12 264 13 717 10 442
7498 -6.9000206568313924 1.5453392339003442 -7.4092447068404335 29 21 4 0.4438339129367016 11 408 12 244 13 169 10 444
7499 -4.8089868847273554 1.6735610460475445 -7.6959628076619389 71 62 61 0.45309083140856232 12 969 10 463
7500 -4.9428493783820704 1.6222283633199841 -7.5611012602027152 77 51 52 0.62103975300487813 12 957 10 465 11 468
7501 -5.0526208377331923 1.5933759521743955 -7.6108303192708382 66 42 42 0.50060370386552955 12 960 10 467
7502 -5.1028185862970208 1.6043139894961351 -7.6511351862783572 66 42 42 0.79046904570585097 12 959 10 468 11 1405
7503 -5.8137171060965063 1.6501853384150298 -7.6062939847793798 185 156 161 0.15271166902423647 11 451 12 965 10 471
7504 -5.8137171060965063 1.6501853384150298 -7.6062939847793798 185 156 161 0.15271166902423647 11 452 12 966 10 472
7505 -4.8048727904381447 1.7415952247248794 -7.6780931421924894 87 86 81 0.65620397987215029 11 465 12 970 10 485
7506 -5.1762904000091998 1.8726817817464168 -7.635275947306905 194 172 174 0.42038869466906198 12 996 10 486 11 1441
7507 -5.1762904000091812 1.872681781746411 -7.6352759473068872 194 172 174 0.42038869466919637 11 1442 12 997 10 487
7508 -5.4582000112434335 2.3338654494472095 -7.5955002316710134 33 40 29 0.43049144277215878 12 1004 10 510 11 1460 13 1083
7509 -5.1122355566653956 2.4916983229870699 -7.5817803366544769 120 130 122 0.26087252901335795 11 527 12 307 10 529
7510 -5.1122355566653956 2.4916983229870699 -7.5817803366544769 120 130 122 0.26087252901335795 11 526 12 308 10 530
7511 -5.6511975208142173 2.4851062787917657 -7.5433598320861517 32 42 31 0.47834688140576731 11 528 12 311 13 212 10 533
7512 -5.5051946195402843 2.5520301335474369 -7.4916166958910013 119 126 114 0.26306200422284937 11 530 13 251 10 554
7513 -7.1150044417081908 3.4397010736439486 -7.2260848857435551 145 133 110 0.14415225604862567 12 359 13 302 10 584
7514 -7.1051631157896047 3.3287199498766817 -7.0727385824129714 165 157 139 0.38005216246882279 12 358 13 777 14 170 10 586
7515 -6.137440920984643 3.7279346212002262 -7.6133006030239176 65 60 54 0.36260562421905229 11 614 12 397 10 642
7516 -5.4309032669597403 3.3083598203237221 -6.8826864670464003 160 155 136 1.1574362342924469 11 617 13 371 10 643
7517 -3.0167525273777143 2.6926352796232078 -6.3007754652992398 139 136 131 0.24528620052387587 11 1585 10 706
7518 -4.8597616610579166 3.6454754247650127 -7.372636520112744 6 3 0 0.33049986207232163 12 471 10 709
7519 -5.1692194291728688 3.7542584080141839 -7.3500335226060081 144 133 115 0.42964587646896746 13 914 10 710
7520 -5.1692194291728688 3.7542584080141839 -7.3500335226060081 144 133 115 0.42964587646896746 13 913 10 711
7521 -6.7842531916531748 4.0066825594123747 -7.0102964313220735 135 43 33 0.0051240051774319728 12 438 10 716
7522 -6.1239531173340733 3.6180143580361332 -6.4031159646949503 136 46 28 0.70621586318672036 12 441 13 892 14 693 10 718
7523 -4.2360741253417613 3.6730800430166215 -7.1308970010332899 109 100 89 0.69503645882583243 11 728 12 546 10 745
7524 -5.890553028999963 4.0016789017459002 -6.9198902842219399 97 82 72 0.35551234085861999 11 701 12 521 10 747
7525 -2.4949388940133019 3.1685565861874987 -5.9542426710881706 249 242 232 0.48817890206722758 11 808 10 815
7526 -2.5275929114234996 3.2015096132954755 -5.9915326909529689 249 242 232 0.49444188258868255 11 809 10 816 12 1176
7527 -2.4643138569402363 3.4559287112131827 -5.9683920275830191 132 130 123 0.45410918395775834 11 1686 10 851
7528 -2.5374437357467841 3.4214276117296758 -5.8545869147190528 236 236 231 0.31339888851559822 11 828 10 853 12 577
7529 -2.7898061763757407 4.3380751041752124 -6.0060144936477595 169 168 164 0.42975793066542989 11 1713 10 932
7530 -4.8356737677509773 5.6129056109808246 -6.3391494394836032 105 99 85 0.63782975178761359 11 864 13 522 10 935
7531 -2.5623452248954854 4.5244341955701906 -5.5568554652680131 55 75 100 0.37283364367227206 11 962 10 1024 12 1255
7532 -4.3576934289908884 6.1196998242880376 -6.1586025647033109 55 85 56 0.76244141199260895 13 981 10 1032
7533 -4.9004195831783539 6.2096465512165517 -5.8407526056909473 8 38 25 0.97046081156042885 11 1750 13 1216 10 1035
7534 -4.6738051201359907 5.8283812836737887 -5.3311750399728899 55 85 86 0.26411076341964917 12 673 10 1041
7535 -4.7953157281062735 6.1031219719410474 -5.3736909786251319 105 138 125 0.6140569451440373 11 976 13 552 10 1073
7536 -4.7512377023802177 5.998659901737347 -5.3090600697068817 100 140 107 0.13829023272897523 13 551 10 1075
7537 -4.12533825694703 6.0216621474319645 -5.617973233547203 132 194 144 0.11591334931077701 11 1786 12 1258 10 1096
7538 -4.5135933328172522 6.46894395773145 -5.7944036503960064 135 191 149 0.77550342821194196 11 1029 12 725 13 579 10 1103
7539 -3.4346204121697435 6.3479252790565797 -6.1467328981068539 31 54 34 0.0041679516428307899 11 1816 10 1159
7540 -7.0759402227223109 -2.0751191394771604 -8.3301348450608081 197 176 124 0.69688100021651267 12 49 10 1243
7541 -6.7557891677717077 -1.7092847090328513 -7.4402632553466086 151 118 50 0.48997484810741532 11 1195 12 858 13 637 10 1258
7542 -7.0816983415645787 -1.5519191664822292 -7.3225159820034058 156 128 35 0.93121712796022593 11 1215 12 869 13 78 14 525 10 1272
7543 -7.3326767878512298 -1.5676733353403749 -7.462066874918075 194 176 149 0.84351983516491857 12 113 14 526 10 1273
7544 -7.5008691714194109 -1.6095513662314569 -7.3507759224823852 169 129 32 0.74866538517547476 11 1216 12 870 14 528 10 1275
7545 -6.3762715256446132 -0.84111283511836277 -7.3023654951744561 227 215 193 0.24269986763735388 12 150 13 672 10 1311
7546 -3.1952620770035796 -0.16860318922108453 -8.3399178372138376 97 97 97 0.06540083580285487 11 1266 10 1331
7547 -3.5218477275370539 -0.31610101283865233 -8.5241039554321993 70 69 63 0.018262834094594629 11 1256 10 1332
7548 -3.2283151641043997 -0.15119803351626909 -8.2205471689668759 98 100 97 0.12142570225192756 11 1938 10 1333
7549 -4.8773690409258244 -0.40950156642329655 -8.0474406226987973 155 147 132 0.26189910084340384 12 892 10 1338
7550 -4.0186877489836075 -0.13961286042985804 -8.2596206813616746 199 191 179 0.067600841253346963 11 1943 10 1353
7551 -5.7434232514072976 -0.26840029642168001 -7.9700474256757943 50 43 24 0.52207111125899874 12 902 10 1356
7553 -3.5861690305887906 0.30482968520701137 -8.015827132708635 76 77 72 0.29355707036529288 11 1958 10 1407
7554 -5.7564007944120164 0.25871589011834722 -7.9015512750677148 57 49 38 0.87195329526935506 12 920 13 692 10 1413
7555 -6.0880506116651185 1.2113174527481476 -7.9908185851021845 31 23 10 0.39857547521180775 11 1365 12 940 10 1472
7556 -2.5670948156028257 1.134533609587608 -7.3738650851169076 5 5 5 0.1941175790288574 11 2006 10 1484
7557 -6.9157599312009168 1.4537364660350611 -7.4953983418606001 24 12 4 0.47728224888098619 11 1381 12 949 13 722 10 1488
7558 -4.8760405114780134 1.4646457439025506 -7.618548833962997 177 163 160 0.56878369096863357 11 1399 12 953 10 1497
7559 -4.8760405114780134 1.4646457439025506 -7.618548833962997 177 163 160 0.56878369096863357 11 1400 12 954 10 1498
7560 -5.024970834358621 1.5156323207431659 -7.6059177506470093 69 49 48 0.50577830240279986 12 958 10 1499
7561 -6.2782058435641828 1.608290158795308 -7.8663857745006913 27 10 3 0.20024193520860709 11 1409 12 1407 10 1501
7562 -6.0494715914628934 1.6134522901407979 -7.6948626832295348 176 157 151 0.52044302157902878 12 964 13 1071 10 1502 11 1410
7563 -6.5974938802499743 1.4976779795222352 -7.7254498801911575 202 191 171 0.091661925975445077 12 948 10 1503
7564 -4.8934696613698048 1.5759304982658806 -7.5285846704505621 195 169 170 0.42651048866004865 11 1402 12 955 10 1512
7565 -5.0487877412490523 1.5835157657731194 -7.5539329191335076 71 47 47 0.40432512738929538 12 962 10 1513
7566 -5.0487877412490523 1.5835157657731194 -7.5539329191335076 71 47 47 0.40432512738929538 12 961 10 1514
7567 -6.1163344731629987 1.744251063223377 -7.709625123559837 66 42 40 0.65891349946485722 11 1428 12 968 13 1072 10 1521
7568 -6.0380349371469926 1.8035759271195639 -7.6195296034768596 87 64 61 0.64401054618836384 11 1429 12 984 13 1074 10 1522
7569 -6.0380349371469926 1.8035759271195639 -7.6195296034768596 87 64 61 0.64401054618836384 11 1430 12 983 13 1075 10 1523
7570 -4.9792098179816069 1.9211217687403574 -7.7025327326693338 99 84 82 0.65980766269956204 11 2044 12 1412 10 1528
7571 -4.9792098179816069 1.9211217687403574 -7.7025327326693338 99 84 82 0.65980766269956204 11 2045 12 1413 10 1529
7572 -4.8801285584267839 1.7176344979770217 -7.4983136428508175 200 170 178 0.35345735278212204 11 1417 12 975 10 1530
7573 -5.0877242977323016 1.7438673103496718 -7.5922344995785895 80 53 57 0.32480529919764151 12 979 10 1532
7574 -4.9758365216584206 1.818631308089816 -7.5825813707530676 197 170 177 0.38850089619537753 11 1435 12 990 10 1538
7575 -4.9758365216584206 1.818631308089816 -7.5825813707530676 197 170 177 0.38850089619537753 11 1436 12 991 10 1539
7576 -5.0780727146444331 1.9220802025092361 -7.6541601154475636 193 171 174 0.56701334070990039 11 2047 12 1414 10 1540
7577 -5.1233293098456461 1.8923470026324007 -7.5747920939856463 72 50 52 0.26951734370118052 12 998 10 1544
7578 -5.1233293098456461 1.8923470026324007 -7.5747920939856463 72 50 52 0.26951734370118052 12 999 10 1545
7579 -4.973889180649981 1.9983701247978225 -7.675027529351973 133 126 120 0.43450270108485883 11 2046 12 1420 10 1561
7580 -5.0924459581310488 1.9562562616335586 -7.6127127486548343 36 17 13 0.13964277602482031 11 1443 12 1000 10 1562
7581 -4.0504959268823759 2.3773275402816041 -7.789446017833872 174 166 151 0.0015177634056466097 11 2070 10 1582
7582 -5.5806050759849271 2.4267127187404629 -7.5869421064025602 24 40 29 0.24933038938367758 12 1425 10 1591
7583 -5.6784365627946123 2.4540845139730965 -7.5581026758318952 140 145 138 0.3174028038295284 12 1015 13 759 10 1592
7584 -5.6834808378276147 2.5772008385437384 -7.607160775789807 41 53 41 0.021286996986519299 12 1016 10 1594
7585 -4.9196951066078274 2.5001685736779615 -7.5652901142087892 63 67 60 0.28846068461874502 11 2073 12 1442 10 1605
7586 -5.0845149688471825 2.7289736375036897 -7.3957758376395084 2 2 0 0.24213263314657496 11 2095 12 1451 13 1096 10 1612 12 1748
7587 -5.9604226846403101 2.8849184844009508 -7.6308407460453234 15 15 3 0.36993788328782534 12 1026 10 1613 13 1097
7588 -5.199615290983961 3.0523865151070364 -7.2214667984652348 7 4 0 0.63152178279901949 13 1331 10 1647 12 1755
7589 -6.8564624423495681 3.5331237396739095 -7.1809539420702881 130 106 80 0.64219280371658716 11 1510 12 1060 10 1652 13 1110
7590 -6.8805089835499702 3.4802690776286034 -7.0582452464501175 120 95 67 0.25506587555404187 11 1512 12 380 14 611 10 1653
7591 -6.7728966801919848 3.4036149678980365 -6.9345893754612398 178 141 98 0.28216118433607329 11 2117 12 1062 14 836 10 1654
7592 -6.9738156844515435 3.4150173841219673 -7.0004874439381144 171 142 105 0.53159338121261734 11 1493 12 1047 13 796 14 837 10 1655
7593 -2.792602098737158 2.4626053288705863 -6.3323015019748503 162 158 155 0.47981017281429467 11 2123 10 1661 12 1092
7594 -5.9989897449507925 3.7667013783664953 -7.4257436981884242 17 12 2 0.70527498534449151 11 1528 12 1102 13 847 10 1680
7595 -6.1256857273785439 3.8741479328790813 -7.3775298948381751 82 121 73 1.5497148630446189 11 1558 12 1498 13 886 10 1682
7596 -5.9488537117935971 3.8149239138391389 -7.1736123395138316 84 146 85 0.16664664756041711 11 651 12 1499 10 1683
7597 -6.4692182224945638 3.5271944640666586 -6.0392141992936983 20 20 8 0.57009859614993907 11 657 12 1109 14 286 10 1686 13 380
7598 -2.9225632254363401 2.6361204315058719 -6.1669495609924159 110 107 102 0.44883337930796918 11 691 10 1708
7599 -5.4258549381821881 3.7482886626529046 -7.1404055059643889 0 11 0 0.56675209194985665 11 1589 12 1522 13 1173 10 1710
7600 -5.5903735343882603 3.8328258345508925 -7.2006197563198322 37 70 27 0.85402872714582678 12 1523 13 917 10 1712
7601 -6.4292783960093365 4.1665570121934694 -7.182104801723888 55 51 42 0.25647042303979561 12 1526 10 1714
7602 -4.6003625064290423 3.6521000917833542 -7.1598268585909128 130 122 108 0.7961617345756743 11 1587 12 1534 10 1731
7603 -4.3795579587457123 3.7932387165176009 -7.2154774953071339 96 87 71 0.72615896139557545 11 1612 12 1160 10 1746
7605 -5.2917691059122358 4.3323611899765115 -4.7332727012787368 124 101 67 0.4242658925418259 12 1182 10 1837
7606 -4.9075349121443796 5.6140286263545391 -6.2937216554795823 102 95 80 0.33432282975865668 12 1203 10 1855
7607 -4.8435005948967369 5.7741351613034775 -6.2811911285551876 158 160 157 0.60847900331704219 11 871 12 1210 13 1211 10 1859
7608 -4.8594889585684502 5.726309943111616 -6.2210904874218018 145 147 144 0.50088265968512535 11 872 12 1211 13 1210 10 1860
7609 -4.8721254822718416 5.8496916432352206 -6.3082769485898753 26 27 22 0.92327183540202695 12 627 10 1866 13 527
7610 -4.4446283153627233 6.2509019966556805 -6.3500321539961178 69 98 75 0.045200230753760319 13 1231 10 1890
7611 -4.9997102187568068 5.8653116375054433 -5.3373372406821105 82 99 70 0.34945606781385286 13 958 10 1892
7612 -4.3393850880258586 6.3127423789363144 -6.3096216933409908 75 102 70 1.0278275732763049 11 968 13 1237 10 1904 12 691
7613 -4.444132403378072 5.9304247402631525 -5.782717313383392 94 125 89 0.073521864773452392 12 669 13 1224 10 1905
7614 -4.5931410744366339 6.1947072972737649 -5.8289074708739053 61 110 53 0.61537472371770796 11 1767 13 983 10 1906
7615 -4.6419613407266098 5.8638269991127521 -5.2737717941467777 57 91 68 0.27203324740702828 12 1243 10 1921
7616 -3.4251321122352878 6.1579444379875961 -6.3494050863467644 80 137 92 0.340644016448019 11 1044 10 1937
7617 -4.6295842424164135 6.6998317738586248 -5.7315523936562425 0 19 0 0.023907758957972383 12 1630 10 1957
7618 -5.2459390005826183 6.0432001399170865 -4.4236484723936425 86 60 41 1.5497624566497568 11 1010 12 701 13 977 10 1960 14 755 15 1063 16 1017
7619 -5.4161218169817129 6.182840768772242 -4.44623161804651 38 9 0 1.0963155191325922 11 1011 12 1618 10 1962 14 953 13 1226 15 1064 17 1324
7620 -5.263487669576846 6.1296448829701147 -4.4389745983172118 56 40 19 0.89432264259187599 11 2304 12 1262 10 1963
7621 -3.711149776672841 6.220315540049099 -5.4822398285237126 6 5 0 1.394874142838372 12 808 10 1978
7622 -6.9228459564625915 -1.7774231305819226 -7.8591003678819744 158 145 126 0.4617912674927428 11 1887 12 1323 10 2019 13 1018
7623 -6.944193576291239 -1.5474712685038814 -7.5536767418055408 219 208 179 0.38521219851566357 11 1908 12 1336 13 1026 10 2027
7624 -7.312280607978308 -1.3042884243412063 -7.2563137702864795 173 161 139 1.0213669038946442 11 1237 12 1346 13 1042 10 2033 14 807
7625 -6.3931318769990835 -0.86197141006858569 -7.2653632173197416 89 77 53 0.2862327832078107 11 1929 12 888 13 673 10 2046
7626 -3.6603909926942593 -0.40979476020186523 -8.2053219471375947 201 195 182 0.10586190727583991 11 1932 10 2047
7627 -5.6930716687219487 -0.31564849332056355 -7.8314580390722117 39 32 13 0.23696290504964371 12 1362 10 2066 13 1288
7628 -3.1624730466282087 0.26446901989107041 -8.1650290199022812 9 10 5 0.039093751023052688 11 2394 10 2080
7629 -5.9133862363193144 0.69518764374840569 -7.9115669643362878 117 115 103 0.37481976466127259 11 1993 12 1384 10 2122
7630 -5.8783155524779032 0.78498569635611948 -7.8696816916148968 108 106 94 0.46968140115933776 12 1385 10 2123 13 1295
7631 -2.4802440806843729 0.93958681758803109 -7.5388152002456579 27 31 30 0.58179129263753493 11 2428 10 2130
7632 -2.4485323355171689 0.97767508170953976 -7.5293666502527676 36 37 39 0.19065465948667809 11 2002 10 2134
7633 -6.0870572341853055 1.2083925768865345 -8.0340258779580029 33 25 14 0.57998187280186675 12 1709 13 1296 10 2139
7634 -6.0870572341853055 1.2083925768865345 -8.0340258779580029 33 25 14 0.57998187280186675 12 1710 13 1297 10 2140
7635 -2.425812497519686 1.3115348178990591 -7.426335615542949 47 51 54 0.20772528720989891 11 1388 10 2151
7636 -2.5454243572252504 1.234761200487958 -7.3805627260754401 2 6 6 0.12790953925020226 11 2442 10 2152
7637 -4.7222168055008344 1.8636543804213477 -7.5927640042525315 96 95 90 0.54412133928029349 11 2042 12 1726 10 2164 12 1411
7638 -6.4592888491616947 2.0820819714668422 -7.8003904001908113 29 20 5 0.48233064474343557 11 2049 12 1416 13 1076 10 2165
7639 -6.4592888491616947 2.0820819714668422 -7.8003904001908113 29 20 5 0.48233064474343557 11 2048 12 1415 13 1077 10 2166
7640 -4.9362735776830622 2.2842877715134784 -7.6120935726625794 62 59 52 0.60601850291650017 11 2058 12 1423 10 2187
7641 -4.7425848943331355 2.2542303889839106 -7.5688984941643547 61 58 51 0.26844401284657443 12 1729 10 2197
7642 -5.4099449775542867 2.7848563400125088 -7.6958331228012273 10 10 2 0.18780431142043952 11 2085 12 1443 10 2211
7643 -3.9011016772175413 2.6674768054219511 -7.569399208512622 188 181 152 0.41939382773703154 11 2088 10 2222 12 1452
7644 -6.8360127774011277 3.1293039025339517 -6.9675432367397443 174 165 150 0.26562898919082584 12 1033 14 993 10 2225
7645 -6.8834380707860996 3.1499745631617175 -6.9931702092129573 174 165 150 0.51900566348641164 12 1034 14 992 10 2226 13 1321
7646 -4.7163859891963735 3.0147030707990004 -7.2943371215989306 48 45 38 0.62824564949796491 12 1464 10 2238
7649 -6.2499186845847765 3.707058539787162 -7.370419554185605 33 28 5 0.64481311994398505 11 2129 12 1477 13 1350 10 2249
7650 -6.2499186845847765 3.707058539787162 -7.370419554185605 33 28 5 0.64481311994398505 11 2128 12 1476 13 1351 10 2250
7651 -6.9533393865751894 3.575802128326742 -6.5430971696898066 119 113 101 0.60529815090537864 12 405 10 2254 13 336
7652 -6.0992424424954894 4.1929232981847404 -8.3840741347794783 65 62 55 0.2565700984501616 12 1773 10 2271 11 2145
7653 -6.6771714382618494 3.7472395002014811 -6.6466728977930147 171 80 29 0.45089915717147083 11 1562 12 1501 13 1141 14 889 10 2273
7654 -7.1471089098549916 3.9257634842439755 -6.7960692489096877 59 60 54 0.96739122121321852 12 1503 14 872 10 2274
7655 -6.9944045138799043 3.8537456889488286 -6.7113581323759117 59 60 54 1.0205462307213737 11 1531 12 1502 13 1142 14 871 10 2275
7656 -5.7133290169065276 3.9576269777748432 -7.357521465212141 206 202 187 0.28394469906685854 11 2160 12 1524 10 2282
7657 -5.6971153990783101 3.8211233570380756 -7.2279469426871881 80 148 82 0.62531047469854817 12 1787 13 1373 10 2283
7658 -5.4563924040129805 3.6833912267178954 -7.0454981574230402 80 148 82 0.45195586547081101 13 1372 10 2284
7659 -5.4054206610788693 3.5854888393887148 -6.8981520349839549 56 132 72 0.27762011201161785 13 1157 10 2285
7660 -5.806469113247239 3.7457638855069622 -6.8630477632300932 149 134 110 0.66362488387898966 12 1789 13 1361 10 2286 11 2801
7661 -6.2770074139618783 3.9444425556439486 -7.0512570264030989 161 148 128 0.83689492836340551 11 1559 12 1525 13 887 10 2287
7662 -6.4837884249924178 3.729645143883229 -6.1498204069354623 87 85 73 1.1086056539419926 11 1566 12 1108 13 1162 14 894 10 2292 13 897
7663 -2.7773560833814441 2.7652920380680279 -6.2498005266717493 155 151 150 0.39703445452526837 11 2173 10 2301
7664 -4.2989346891916185 3.6195116221862706 -7.246798634745943 177 165 155 0.66574875126063882 11 2175 10 2302 12 1801
7665 -6.8705639516562238 4.2871454843691152 -6.9290900699971161 47 21 7 0.93518716722072981 11 2161 12 1527 10 2304
7666 -6.1311509026231121 3.8813453926404144 -6.1922263747123365 63 62 57 0.32475727408628691 11 2180 12 1540 10 2306
7667 -5.5026120993282408 3.2091498548189161 -4.1919874133407236 45 38 28 0.72130952168495888 12 1559 10 2321 11 1638
7668 -2.9482416492332151 4.06102039031496 -5.9676879955116764 163 154 139 0.47458464650565324 11 2246 10 2381
7669 -4.8836153971367509 5.5353901885855503 -5.2286880660700348 41 30 1 0.90251818724763544 11 2621 12 1593 13 1212 10 2413 14 1070
7670 -4.2995174302793542 6.0699032640655766 -6.318495916173247 76 111 78 1.0199815539720292 11 2271 12 1601 13 1415 10 2422
7671 -3.4367878021865592 6.2829972416395954 -6.1583552532519956 35 48 32 0.53611692800307997 12 1877 10 2464 11 2643
7672 -3.5137570956240176 6.3983823882430473 -6.1715734445844399 40 52 36 0.80508182541445861 11 2317 10 2465
7673 -3.184184383943002 5.8499968154921769 -5.5436608007779906 32 53 25 1.8223857799849641 11 2651 10 2475
7674 -4.1616387420668186 6.9228450634643117 -5.9571027890604729 105 101 78 1.0178038289556177 12 1290 10 2476 11 2325
7675 -5.3398927882729108 6.0846278447511022 -3.7307901486964337 68 40 12 2.2671427799856239 12 1631 13 991 10 2477
7676 -3.2509004455773267 6.1212662025211468 -5.6547873554990735 130 114 98 1.3276558741069431 11 2660 12 1885 10 2480
7677 -7.4386185587190123 -1.7979445817779027 -7.2141254514674849 167 151 134 0.75489466239705139 12 1664 13 1267 14 1085 10 2502
7678 -6.8471366239568709 -1.5163884957255613 -7.3726395607269302 166 148 133 0.41781528883554725 11 1909 12 1337 10 2505
7679 -6.3918950074392979 -0.79458056468520499 -7.493520125686274 184 176 151 0.80827406596314821 11 2375 12 1678 13 1285 10 2529
7680 -5.9885434238137236 -0.063226096018777669 -7.7786643535051532 38 29 12 0.13822256519719398 11 2397 12 1685 13 1290 10 2564
7681 -3.1405358846678122 0.34385065435888973 -7.9183143406661181 60 61 56 0.031077167251565889 11 2708 10 2568
7682 -5.6497701063880994 0.35323007481829105 -7.7931717642705554 36 34 20 0.67768675581456062 11 1968 12 1692 10 2580
7683 -3.0169516713321403 0.78157653872917798 -7.8583893712120902 41 43 39 0.59597088971192802 11 2718 10 2586
7684 -2.980890959283748 0.88114599660347126 -7.7980730711239774 37 39 34 0.23353446238160036 11 2724 10 2592
7685 -3.0025302720754463 0.98987659725181854 -7.7247201111408872 89 90 85 0.86282505029264112 11 2729 10 2597
7686 -6.3188014363380391 1.2556260343206829 -8.338443374210545 26 22 13 0.53330337132967387 11 2439 12 1393 10 2604
7687 -6.3450460488696407 1.2583670082105096 -8.3587733016054706 26 22 13 0.61869118839078674 12 1394 10 2605
7688 -2.8666049236975715 1.2751623592744812 -7.5645787340518291 28 30 27 0.74393849773217491 11 2747 10 2611
7689 -3.3385521015002282 1.3263446503092813 -7.60383615206473 24 25 20 0.52481318783979702 11 2444 10 2615
7690 -6.1040064720865663 1.4657681382504191 -7.8789325729666606 14 8 0 0.81156677534690524 11 2447 12 1713 13 1443 10 2619
7691 -6.3077664373142097 1.5924645530337873 -7.7751186231213154 36 27 12 0.66072345499160645 11 2459 12 1722 13 1444 10 2620
7692 -6.2624135352385784 2.1171150502869014 -7.9159201972668143 13 4 0 0.50582350096468076 11 2464 12 1930 13 1450 10 2639
7693 -5.7370224351921637 2.406123568967852 -7.7071786676141665 142 147 140 0.014156375438494212 12 1937 10 2642
7694 -5.7976611028550806 2.6525568510409325 -7.5291532780433092 84 87 75 0.50999000884658452 11 2487 13 1455 10 2657 12 1734
7695 -6.1748464297547825 2.8485215287217884 -7.7315885473636659 8 8 4 0.55110283518949099 12 1944 13 1456 10 2658
7696 -6.4670890484376438 2.3747151491367102 -4.9716098290989397 155 144 122 0.72440616908469735 12 1445 13 1094 10 2669
7697 -3.3470103951128229 2.5443472227910608 -7.4616072457316021 17 19 16 0.52670787944622321 11 2506 10 2670
7698 -3.3470103951128229 2.5443472227910608 -7.4616072457316021 17 19 16 0.52670787944622321 11 2507 10 2671
7699 -6.965366559995239 3.2845073671639211 -6.9634889855269737 167 159 138 0.19479629176192526 12 1752 13 1325 10 2677
7700 -2.6979215111425323 2.3737667921282588 -6.0410550860601981 148 145 140 0.77724848451190665 11 2525 10 2704 12 1766
7701 -3.3006673619928657 2.7977463776972584 -6.4083298390424792 151 147 139 0.012627610951349734 11 2528 10 2706
7702 -4.7407752548777076 3.7015779961922344 -7.3995511670499505 140 134 120 0.68384927600708723 11 2543 12 1802 10 2717
7703 -4.7407752548777076 3.7015779961922344 -7.3995511670499505 140 134 120 0.68384927600708723 11 2544 12 1803 10 2718
7704 -4.7954749408904318 3.6462064867851027 -7.3360050093821059 20 16 6 0.68753189597836695 11 2542 12 1976 10 2719
7705 -4.8961006580451283 3.6723441625912967 -7.3296858983904372 148 142 127 0.51898252078880924 11 2545 12 1786 10 2720
7706 -6.2771899221115692 4.0171801227833219 -7.0942608460371952 52 40 26 0.74069834399498247 11 2811 12 1979 13 1485 10 2722
7707 -5.3153373809786686 3.8935928439109038 -7.2624692391574062 97 97 77 0.61272534879013352 11 2546 12 1805 10 2732 13 1382
7708 -2.6366603163721472 4.5059194079084222 -5.7815531154793112 141 151 140 0.17093741903507439 11 2623 10 2796 12 1847
7709 -4.3940501109767114 6.1585427012445297 -6.5272017969846061 85 116 78 0.82647856813576215 11 2857 12 2015 10 2804 13 1581
7710 -4.5172138642850026 5.8018707516025003 -5.662996106194238 67 91 66 0.80129140387169429 11 2627 12 1849 13 1412 10 2805
7711 -3.9152227586495494 5.2501015763444734 -5.3448625412812358 82 113 81 1.6070802783960738 12 2016 10 2814 11 3005 13 1633
7712 -4.4439293926698822 5.8038074311569039 -5.6062383937489111 0 18 12 0.56765078425659765 12 2018 10 2815
7713 -5.4084394142692895 6.3505158181968273 -5.1607725744786581 47 26 6 0.62708544593886062 12 2019 10 2820
7714 -5.323611685729758 6.7159024167647559 -5.427994124647662 90 76 63 1.1318924351534609 11 2866 13 1233 10 2824 14 761
7715 -6.7402102313206713 -1.7898567543503072 -7.6646106802265237 214 157 14 0.58704773673469735 12 1890 13 1430 10 2846
7716 -3.2624581871747078 -0.62735312109954955 -8.4262362351463338 54 47 41 0.29485370928597643 11 2885 10 2854
7717 -3.2624581871747078 -0.62735312109954955 -8.4262362351463338 54 47 41 0.29485370928597643 11 2884 10 2855
7718 -3.6539137987237567 -0.60922092904988567 -8.2931177455783516 60 51 45 0.05250082722878166 11 2676 10 2857
7719 -3.581630078391139 -0.53500594858006201 -8.0893234524268127 205 198 191 0.067231522078956385 11 2678 10 2858
7720 -6.8707176645683843 -0.7803420030229633 -7.8013485852009028 174 166 143 0.42739911249530715 11 2376 12 1679 13 1440 10 2866
7721 -3.2910853360132553 -0.27622087448080795 -8.5342949291497039 96 96 97 0.26167335083758125 11 2685 10 2868
7722 -3.2211306437375185 -0.18195606044615642 -8.2790185056449026 8 10 7 0.084524597706965771 11 2692 10 2869
7723 -3.6221974057046928 -0.2167298221868233 -8.1094229195325216 78 79 75 0.1796668599037283 11 2697 10 2871
7724 -3.5788980083031565 -0.1528463027038699 -8.1135232452811952 6 5 3 0.005060446291591433 11 2696 10 2874
7725 -3.1722803203491483 0.17316298833590316 -8.5867651261145461 98 100 99 0.073934731766694184 11 2702 10 2878
7726 -3.3427929582517679 0.3685733932187909 -7.7467938819528097 37 38 33 1.2582714067124767 11 2709 10 2882
7727 -3.30859865550475 0.57228503198905978 -8.0673798427776244 89 90 85 1.1368734112176289 11 2905 10 2890
7728 -3.4150249033808024 0.64559875059028293 -7.7935512934108901 14 15 11 0.51328967165128336 11 2717 10 2891
7729 -3.0542246223717893 1.0125649376319561 -7.9981539649647253 88 89 84 0.29408279759835132 11 2727 10 2897
7730 -3.3113384577811007 1.0610835092664621 -7.6098817455097496 14 14 11 0.67321117323939039 11 2909 10 2899
7731 -3.3716413715524358 1.1103027398047958 -7.7719456210499844 72 72 70 1.7301316666229909 11 2008 10 2900
7732 -6.8545324832325347 1.4530169899412519 -7.5277014463469989 182 174 153 0.54825079201255678 11 2448 12 1714 13 1447 10 2910
7733 -5.0547696874181574 2.2390478142968404 -7.484862194225447 51 48 41 0.49192277535168838 11 2770 12 2069 10 2929
7734 -6.4578470313333991 2.6764803502939505 -7.884592552215703 177 168 153 1.4277312474144215 11 2930 12 2073 13 1534 10 2930
7735 -6.1508677595173111 2.7346545831941955 -7.7192531627807464 30 30 22 0.49588354169594834 11 2773 12 1943 13 1535 10 2934
7736 -4.3959319072104668 2.7699038017739577 -7.5544688265615259 11 7 4 0.69970959468753868 12 2078 10 2937 11 2937
7737 -4.7961612034736421 3.1450575484802887 -7.4218182896814335 11 8 1 0.49138371258088459 11 2792 12 2083 10 2944
7738 -5.7730899715522961 3.2550730358824524 -7.5446634825570014 21 18 11 0.26729460948110556 11 2782 12 2080 13 1609 10 2945
7739 -5.8189896908703682 3.5286673886515301 -7.4408442674538442 46 43 34 0.54199342300563258 12 1960 13 1554 10 2948
7740 -6.0429504258752607 3.7681800043298068 -7.3630874387688765 172 167 144 0.73952896732677809 12 1967 13 1471 10 2953
7741 -5.1122736924236376 3.7779768094784081 -7.2740349100541737 42 45 31 0.64280665381927327 11 2808 12 1977 13 1573 10 2958
7742 -5.810517219225571 3.906602876272415 -7.2348406258325237 40 106 45 0.57882165603417779 11 2810 12 1978 13 1569 10 2960
7743 -6.1467511977284328 3.8171144658916001 -6.4246905012983744 92 72 58 0.92739479474488395 11 2548 12 1982 13 1571 14 1199 10 2962
7744 -2.6618323397395507 2.8617766373608546 -6.2775273365623567 148 144 142 0.3923139289663557 11 2822 10 2970 12 1992
7745 -4.3692324977877197 3.7523326117040923 -7.0691919017347997 198 190 171 0.8909510124356832 12 2112 10 2972
7746 -5.707388472624694 4.6291380894528604 -6.9522167703803124 187 170 148 0.20518210721243371 12 1995 10 2977
7748 -3.0364059834813513 4.6739523568401902 -5.953071471271735 134 137 126 0.32460544608697839 11 2853 10 3009
7749 -4.988800751283506 5.6882173479999079 -5.3469045945131075 80 100 73 0.87945669935004012 11 2855 12 2127 10 3015 14 1210
7750 -4.2348724872918426 5.9806883281762939 -5.6535658353459057 47 113 54 0.17034463293173485 12 2022 10 3034
7751 -4.8266614918038169 6.5391094148797189 -5.8920579029516373 33 100 47 0.078235557878379131 13 1506 10 3035
7752 -3.47395404296803 6.2671101030147272 -6.370822257423792 2 32 4 0.98707460556154247 12 2143 10 3042
7753 -5.0577371045150086 6.7293810393672322 -5.2590043914374167 102 94 73 0.23162748111571713 12 2025 10 3045
7754 -3.5358017382526046 6.639971743397008 -6.1684472326348034 95 100 85 1.180396878008352 11 3027 12 2151 10 3048
7755 -3.2740700094120334 6.0810196326632635 -5.6119193809043635 22 31 7 0.91385906031260367 11 2661 10 3053 12 2035
7756 -7.5521777218404624 -1.894976931348356 -7.2361692350178259 233 226 210 0.39312794361403236 11 2673 12 1891 13 1517 14 1161 10 3063
7757 -6.713900308088002 -1.567675665438174 -7.5807313066850872 223 212 193 1.0470408126842814 12 2154 13 1515 10 3065
7758 -3.2391716226685432 -0.38962523914397557 -8.240616900695187 218 207 187 0.15013188114171022 11 2887 10 3070
7759 -5.7618455048832775 -0.14864957733241974 -7.7580384442229429 185 180 159 0.69563337410194748 11 2894 12 2044 13 1595 10 3078 12 2161
7760 -3.3331713344024254 0.19158462441740465 -7.8821760527097116 87 88 82 0.67236985993092357 11 3036 10 3080
7761 -5.6940392495551277 -0.050359165633099792 -7.7588865708284285 22 16 10 0.25636567020334744 11 2898 12 2045 13 1527 10 3082
7762 -3.0788981363177341 0.39867906927779495 -8.1353032782350958 75 76 70 0.037755172473388374 11 2900 10 3083
7763 -2.8890412282414668 1.0384685831800458 -7.6390061211803584 17 18 13 0.64500678393647271 11 3043 10 3095
7764 -4.8516676689545415 1.5151592740228936 -7.692852108627986 17 11 6 0.010118095506701692 12 2170 10 3103
7765 -2.9028727738142188 1.3922515764311969 -7.6074327107674273 15 15 15 0.56601797770398465 11 3056 10 3105
7766 -3.3175518578017313 1.4127328796138314 -7.564699995059379 10 10 8 0.51061032258784089 11 3058 10 3107
7767 -4.854641621597179 1.932370715675594 -7.6417474464505979 29 22 16 0.4928621786057053 11 2917 12 2061 10 3109
7768 -2.8018614414702929 1.7811983825800486 -7.4020388625723799 22 22 20 0.3756347660637584 11 2921 10 3113
7769 -5.3575110393286325 2.5443671337970639 -7.5178422644272667 69 73 64 0.62891019548075033 11 2929 13 1607 10 3120
7770 -4.9458357892217375 2.8165324483986662 -7.6186657878364388 13 10 5 0.36333949703828983 11 2940 12 2185 10 3121 11 3074
7771 -6.9245185357886374 3.2709935811478035 -7.0522344237106278 27 21 10 0.40186963347028459 11 2783 12 2081 13 1540 14 1173 10 3129
7772 -6.9245185357886374 3.2709935811478035 -7.0522344237106278 27 21 10 0.40186963347028459 11 2784 12 2082 13 1541 14 1174 10 3130
7773 -2.8422304626562234 2.5839175106686496 -7.3731670626961208 19 18 13 0.45759024906079165 11 2787 10 3133
7774 -6.5396116781864526 3.8070852777565962 -7.7569993454934112 176 170 148 0.98622003831206162 11 2944 12 2087 13 1661 10 3139 12 2189
7775 -5.5426412668459983 3.7256483678343471 -7.3242724689322944 126 129 105 1.0213844847324043 11 2950 12 2093 13 1563 10 3142
7776 -3.0789381569357062 2.6854586287958653 -6.1891797768454664 153 150 141 0.65303033128552646 11 3088 10 3148 12 2196
7777 -5.3261069381899961 3.7455748828206574 -7.3537865251760604 153 146 127 0.54423363738967923 11 2949 13 1624 10 3149
7778 -5.3848045104280553 3.7632590019380152 -7.2357365300261813 33 24 23 0.63236825574644895 11 2968 12 2101 13 1625 10 3150
7779 -4.4826905131807608 3.7370276853076536 -7.162731898787472 32 20 7 0.50706161902171776 11 2971 12 2111 10 3154
7780 -2.7764824665711467 3.0851268875877595 -6.3962826599462748 143 139 137 0.34994450051058074 11 3100 10 3164 12 2205
7781 -5.6347415001257337 4.0677998808574225 -6.857203633624116 119 77 49 0.80533377317113142 11 2972 12 2107 13 1626 10 3165
7782 -4.2678333243748714 5.295440619245948 -5.383127967513377 15 19 13 0.73367813831459272 11 2999 12 2130 13 1631 10 3202
7783 -4.2165479306601963 6.1676920603028229 -6.0105908957508429 22 73 28 1.1157485452717726 11 3121 12 2137 13 1692 10 3216
7784 -5.9178019996845821 7.0011866723414817 -5.4441653553018856 104 96 75 1.6276977402975961 11 3007 12 2230 14 1212 10 3217
7785 -5.2476569358432208 6.1674252870633559 -4.984619201584275 53 32 8 0.9866462784030432 12 2020 10 3218 13 1504
7786 -3.4149370653927984 6.2004129687774121 -6.1933136199865668 122 126 112 0.33959022261072014 11 3024 12 2147 10 3224
7787 -5.0863298862701383 6.0179821329812118 -4.3773547474167849 122 113 98 0.93461762708633433 12 1864 13 1584 10 3226
7788 -3.4225938574764645 6.1408536305202572 -5.8502591092576566 105 106 85 0.35147377777803657 11 3028 10 3230
7789 -5.1341555314513947 -1.5096796276342717 -7.1703134291856694 221 213 192 0.35033856395703394 13 1593 10 3241
7790 -3.1758972011589313 -0.42222517343094063 -8.4630563864162394 217 207 183 0.17707030056857517 11 3032 10 3248
7791 -3.3947051186941524 -0.57633692706270501 -8.4661509982575147 213 215 202 0.058943020427013687 11 3131 10 3249
7792 -3.4185377873866343 0.047099070464242769 -8.0195682948997504 89 90 85 1.476077173785046 11 3034 10 3256
7793 -5.686564537317869 0.062409154468769164 -7.629345889562047 187 175 161 1.546708252128409 11 2899 12 2162 13 1646 10 3258
7794 -2.5469975405007066 1.048824774996171 -7.5440273347285549 13 14 16 0.17607522927697747 11 3145 10 3264
7795 -2.5678639217410852 1.1316710421438496 -7.3648326059184148 1 1 1 0.23109243890672959 11 3146 10 3266
7796 -2.7336524817681829 1.2732542206720481 -7.5157188191312825 73 75 72 0.64225686162019913 11 3147 10 3269
7797 -6.2659917447839772 1.4801220725512634 -7.8734262487909952 188 180 159 1.0370296445416978 11 3051 12 2168 13 1649 10 3271
7798 -6.2713783476640597 2.1983250616246752 -7.770563616020894 187 179 158 0.50559816238353805 11 3063 12 2174 13 1651 10 3276
7799 -4.9051445281729862 2.3431626374894621 -7.6324554683519255 19 18 13 0.53969416701060224 11 3065 12 2179 10 3280
7800 -3.2782877272428128 2.5476904740137893 -7.3608429668857127 49 51 46 0.075497421630465578 11 3077 10 3287
7801 -4.1674076295157318 2.822690657028756 -7.768158962325912 21 17 4 0.62941204972342002 11 3155 10 3288 12 2332
7802 -4.1674076295157318 2.822690657028756 -7.768158962325912 21 17 4 0.62941204972342002 11 3156 10 3289 12 2333
7803 -6.721130430219989 3.7769915299435124 -6.7813933551771832 164 127 116 0.45149468744959781 11 3084 12 2192 13 1615 14 1287 10 3298
7804 -6.3360826251891522 3.7681220684120165 -6.4910512705813437 56 22 5 0.68322535462184353 11 3086 12 2193 14 1292 10 3300
7805 -5.5165676040147806 6.5814166228801838 -5.4149703070905089 92 82 75 0.93298454037617817 11 3118 12 2225 13 1632 10 3345 14 1256
7806 -4.9087160095149152 5.7081535550640767 -4.2778929806850607 59 37 20 1.2252566548059536 11 3123 12 2231 13 1635 10 3349 14 1305 15 1460 16 1635
7807 -6.7712322184084659 -1.6831294520848104 -7.2394248464263669 230 222 210 0.80916196066502744 11 3209 12 2321 13 1704 10 3357
7808 -3.2315699546511669 -0.58684927592676606 -8.5836829065532196 219 214 210 0.20351884870783024 11 3130 10 3359
7809 -3.9221160960017825 0.15553995062426057 -8.0272331614218864 216 206 179 1.044371556624446 11 3214 10 3368 12 2328
7810 -3.745324156481467 0.50446587969487666 -7.7568008587435386 211 203 174 2.283234799535284 11 3216 10 3372 12 2363
7811 -3.7631510702560065 0.94860870701905542 -7.7239604414807799 214 201 175 1.8505992121504407 11 3220 10 3374
7812 -6.8336122625130873 1.3916610552729014 -7.3784273210741516 36 32 28 0.41335259753000009 11 3052 12 2249 13 1647 10 3375
7813 -6.8336122625130873 1.3916610552729014 -7.3784273210741516 36 32 28 0.41335259753000009 11 3053 12 2250 13 1648 10 3376
7814 -3.9240515538851 1.6292780412550791 -7.8379972924127284 209 202 171 0.64671397947322906 11 3223 10 3379
7815 -3.9240515538851 1.6292780412550791 -7.8379972924127284 209 202 171 0.64671397947322906 11 3224 10 3380
7816 -6.1604154927883314 2.5003926051551302 -7.8259271275367288 24 21 12 0.55599327348263505 11 3150 12 2257 13 1709 10 3383
7817 -6.1975133567279208 3.795730610082352 -7.6256024197819237 21 16 10 0.53238275061542251 11 3161 12 2268 13 1667 10 3390
7818 -6.8725563906576896 3.7612369538790023 -7.072626154085877 174 46 34 0.35077425394065181 11 3162 12 2270 13 1662 10 3391
7819 -6.6587314357176064 4.0416523594464611 -6.5006270958544627 101 89 73 0.71411518652466832 11 3242 12 2338 13 1723 14 1325 10 3395
7820 -4.3022340415672815 6.1697822587168583 -6.2050912797018576 61 104 57 1.3611171905213537 12 2300 13 1727 10 3410
7821 -4.4842415373868327 6.2774506420515426 -6.0911612042729208 58 125 63 0.7263010624502747 11 3193 12 2301 13 1690 10 3411
7822 -5.2153713583823507 6.1147410958849804 -5.3617737177079405 53 29 7 0.32206898772908998 11 3189 12 2295 13 1687 10 3412 14 1304
7823 -4.8683472012501721 6.1380006008418508 -5.4024996794553042 66 102 68 0.92573859584489893 11 3194 12 2302 13 1688 10 3415 14 1329
7824 -5.1527316145900155 6.7455571290691969 -5.2808353107672774 101 90 68 1.2920810900297686 11 3122 12 2306 13 1693 10 3418
7825 -3.2439627901449604 6.0100645111482907 -5.637514549924302 26 36 14 1.5764853060836959 11 3197 12 2311 10 3422
7826 -3.2439627901449604 6.0100645111482907 -5.637514549924302 26 36 14 1.5764853060836959 11 3198 12 2310 10 3423
7827 -4.5387804810048529 6.9677353442224801 -5.5486608946483207 95 88 64 0.88135817753055223 11 3196 12 2355 10 3424
7828 -5.547061848486754 -1.7574281248961379 -7.4876020045585285 174 125 37 0.44219610049794983 11 3203 12 2313 13 1695 10 3430
7829 -5.547061848486754 -1.7574281248961379 -7.4876020045585285 174 125 37 0.44219610049794983 11 3204 12 2314 13 1696 10 3431
7830 -6.7958717570064344 -1.889663339142275 -7.9372514879196361 197 164 114 0.44419574261566191 12 2316 13 1699 10 3432
7831 -6.7958717570064344 -1.889663339142275 -7.9372514879196361 197 164 114 0.44419574261566191 12 2317 13 1700 10 3433
7832 -7.126791664092142 -1.7306597770869732 -7.7124340346410749 141 99 0 0.4725802681920151 11 3207 12 2319 13 1702 10 3435
7833 -7.126791664092142 -1.7306597770869732 -7.7124340346410749 141 99 0 0.4725802681920151 11 3208 12 2320 13 1703 10 3436
7834 -4.6832429424745836 1.6787396569235049 -7.7798104233423482 65 62 55 1.148476966543349 11 3225 12 2370 10 3444
7835 -3.8790840466081518 1.7660960000029164 -7.7594322584479807 210 201 172 0.80699589611788147 11 3226 10 3445
7836 -4.4320236292053341 2.8276699915689187 -7.3272591855167279 51 48 41 0.78741982864685178 11 3232 12 2381 10 3455
7837 -5.5458961763858436 3.0137517760740717 -7.5590980195256412 107 109 101 1.1451912152509138 12 2380 13 1761 10 3457
7838 -6.5799665004982968 3.9678956558799583 -6.8437827341487081 54 22 7 0.66560684101488787 11 3240 12 2337 13 1741 10 3461
7839 -3.3078322873320105 4.946682221613071 -5.6194545746417806 59 107 59 0.20163365018647339 11 3295 10 3470
7840 -6.5893850500971336 -2.2216348604998739 -6.9153593359901491 230 223 213 1.4277646410756735 11 3302 12 2398 13 1750 10 3478
7841 -3.6963474647115691 -0.6529514891630146 -8.3364741810424086 122 116 102 0.11059968058843067 11 3255 10 3481
7842 -6.8179037690025401 -0.96781570373913905 -7.7462734523849637 169 156 122 0.59006877376405042 11 3256 12 2361 13 1753 10 3482
7843 -5.0165047937306371 0.91407640442937366 -7.6931060644273783 61 59 47 0.84488261310631618 11 3266 12 2403 10 3486
7844 -5.0165047937306371 0.91407640442937366 -7.6931060644273783 61 59 47 0.84488261310631618 11 3265 12 2402 10 3487
7845 -6.6543621970201388 1.368234981962932 -7.6488628628445579 198 194 169 1.3570992457019175 11 3271 12 2368 13 1756 10 3489
7846 -2.9763444341527663 1.5431606373362978 -7.4236099938846296 69 74 68 0.3670586224562295 11 3313 10 3492
7847 -5.1312019959360686 2.4110382948143942 -7.5258669355617753 56 66 57 0.38610848753206511 11 3279 12 2378 10 3497
7848 -2.8543659198353959 2.2296407208162328 -7.1539574130562444 62 63 58 0.027463152213824227 11 3282 10 3498
7849 -6.4990730371721641 3.6746119417621848 -5.7856821066130859 37 34 28 0.54269994326677995 11 3288 12 2387 13 1742 14 1357 10 3501 15 1523
7850 -3.6869976413082264 5.1653436396678414 -6.2060717676238957 181 174 158 2.1478688936538899 11 3292 10 3507 12 2393
7851 -4.5048983276670826 6.0551924920270741 -5.5835343224356215 2 12 46 0.14990252002021354 12 2395 10 3514
7852 -7.3205108138998085 -1.6015442658551242 -7.290449597600718 171 120 35 0.39460974457494236 11 3303 12 2399 13 1751 10 3521
7853 -3.2205871922049267 0.8741781195739059 -7.8661535536634313 86 88 83 0.55752023190142519 11 3309 10 3528
7854 -6.3125793743816372 2.3842896570503509 -8.0680954489092187 66 57 50 0.84237986623194139 11 3273 12 2408 10 3531
7855 -4.8160388394247988 2.664561484843794 -7.3748142790123428 52 49 44 0.68160363489247633 11 3317 12 2425 10 3532
7856 -6.604255642674616 3.9041432204329238 -7.198710799484215 176 158 138 0.75864728417584282 11 3287 12 2412 13 1764 10 3538
7857 -2.5136968406828726 4.0539839765625496 -5.913437597460292 196 192 189 1.862303551724215 11 3335 10 3542
7858 -3.9005450240652424 -0.43098289114805605 -8.1848422985199853 150 138 125 0.1384246938105263 11 3326 10 3545
7859 -3.4913758883912402 -0.16774671347731718 -8.0054780905603256 42 43 38 0.24303197167480847 11 3327 10 3547
7860 -4.9354091004866349 1.703123167230445 -7.3817699040306257 130 106 106 0.71024174436555843 12 2443 10 3550
7861 -4.6101809435874062 5.7138899169771316 -5.3157053856849288 72 101 105 0.38772825247592901 11 3337 12 2435 13 1773 10 3558
7862 -3.4820974637671225 5.9768406731345864 -6.0267409837376169 128 121 110 1.246957080007012 11 3346 12 2448 10 3559
7863 -3.4820974637671225 5.9768406731345864 -6.0267409837376169 128 121 110 1.246957080007012 11 3347 12 2449 10 3560
7864 -4.0160084932658915 6.4269729911318256 -5.6147171063016987 9 14 8 0.38584629441232821 11 3338 12 2438 10 3561
7865 -6.6609317282680562 -1.3999163110923412 -7.8585917036353967 224 218 203 0.81723400419628289 11 3339 12 2441 10 3562
7866 -7.3993600869230916 1.943796467988177 -8.2295484081810599 176 168 147 1.8415968588754918 12 2444 13 1774 10 3567
7867 -4.9517003908135253 5.4189419798996781 -6.4565006760073889 171 158 141 0.88034765875019161 11 3343 12 2460 10 3571
7868 -4.9714075183603104 6.9154469844897166 -5.6379710238968404 8 9 4 0.41524310715356694 11 3348 12 2447 10 3572
7869 -2.9134253666689083 5.7790408028824878 -5.8424856877194697 7 41 17 0.29933664638999624 11 3349 10 3575
7870 -6.8654368073822063 3.6814673191428593 -7.5936940970544136 160 152 133 1.250363239962744 11 3351 12 2456 13 1788 10 3577
7871 -6.8654368073822063 3.6814673191428593 -7.5936940970544136 160 152 133 1.250363239962744 11 3352 12 2457 13 1789 10 3578
7872 -4.1323107009171522 5.4256696410192227 -5.9904069281631944 26 27 22 0.39765846707247882 11 3356 12 2461 10 3583
7873 -7.3142343703287018 0.61575433953748737 -8.1188552396427962 202 194 171 1.4949537833567017 11 3368 12 2471 10 3591
7874 -2.625007034890201 3.2018681768588553 -5.4829016041104772 198 190 174 0.99275724107783248 11 3373 10 3604
7875 -2.625007034890201 3.2018681768588553 -5.4829016041104772 198 190 174 0.99275724107783248 11 3374 10 3605
7876 -6.6261917234722745 2.5226352802306753 -5.1442903496131178 43 33 21 0.63670374441435806 11 557 14 589 15 175 17 247 10 591 13 765
7878 -7.1178988199029023 4.1777508312105267 -6.7702433260462165 51 42 27 0.62539859285754884 11 706 12 484 10 720
7879 -6.7253091081177558 3.8995879401987215 -5.5048643746506185 8 3 1 0.66099653108226175 12 1548 14 914 10 770
7881 -7.177524436567829 3.6821846362808821 -6.5569456146669092 106 101 79 0.71948082913006561 11 1534 12 1080 13 818 14 851 10 1666
7882 -7.0537039101125876 4.0079351528842553 -6.9447559661201845 127 36 4 0.78655068997509681 11 1561 12 440 10 1684
7884 -7.1576938743920184 4.0333984401781926 -6.7751186844902316 39 42 35 0.78139900239542048 12 442 13 854 14 695 10 1715
7885 -4.6953131737421767 1.434274198857191 -7.6264842324693793 64 60 53 0.73793527244072521 11 2020 10 2156 12 1712
7887 -6.95573835597299 3.3592498219713702 -5.8401083505683227 148 135 116 0.23978455591687298 12 1469 13 799 10 2258
7888 -7.0463327611964957 4.3114782953544282 -6.546961306050803 46 39 31 1.0244080881863489 11 2183 12 1541 13 1176 14 1046 10 2307
7889 -6.8770400519913757 4.26690810755915 -6.3843775685501933 52 50 41 1.2438374273804191 12 1543 13 1177 10 2308
7890 -4.7602723327258394 2.2569292825275027 -7.5930857732023123 61 58 50 0.30638601813898647 11 2769 10 2651
7891 -7.1923527244870815 3.5734125338459783 -7.3112390410922332 100 89 71 0.45460525671812119 11 2785 12 1957 13 1546 10 3135
7892 -7.0507986828567537 3.7826342014443961 -6.7590334473257219 29 30 26 0.46203895420814545 11 2945 12 2088 14 1238 10 3143
7893 -6.7976481782912499 4.3142716250752979 -7.1149817449194952 64 55 38 1.293962943901918 11 2812 12 1981 13 1570 10 3155
7895 -7.5682339643913359 3.6608069315866261 -6.4781440572991444 135 128 102 0.57816243163926073 11 3081 12 2187 13 1610 14 1283 10 3294 15 1438
7896 -7.7836128249823551 -1.5511791658462699 -7.4449946014265276 199 187 161 0.40731513794980906 12 2239 13 1642 14 1267 10 3358
7898 -7.1869742740408755 3.6796534329563921 -6.8671637478532634 154 148 128 0.65914208911808636 11 3158 12 2186 13 1663 14 1282 10 3392
7902 -7.0832436778389116 3.8428591072087008 -6.6366933499148013 43 44 39 0.74238240069749384 11 3319 12 2413 13 1765 10 3539 14 1356
7904 -5.5012042417105604 3.5712547053321559 -4.8872507267574026 93 70 44 1.8335613998341413 12 1558 13 1186 10 1759 14 1053 15 1182 16 1363 11 2573 12 2115 13 1576 10 2978 15 1412
